Date,Day,Slot Time,Venue,Court,Status,Price,Last checked
2026-09-13,Sun,10:00 pm to 10:30 pm,Anandmay Sports Club | Sector 128,Court 1,Not Booked,250,13 Sep 21:58
2026-09-13,Sun,10:30 pm to 11:00 pm,Anandmay Sports Club | Sector 128,Court 1,Not Booked,250,13 Sep 21:58
2026-09-13,Sun,11:00 pm to 11:30 pm,Anandmay Sports Club | Sector 128,Court 1,Not Booked,250,13 Sep 21:58
2026-09-13,Sun,11:30 pm to 12:00 am,Anandmay Sports Club | Sector 128,Court 1,Not Booked,250,13 Sep 21:58
2026-09-13,Sun,9:30 pm to 10:00 pm,Anandmay Sports Club | Sector 128,Court 1,Not Booked,250,13 Sep 21:58
2026-09-13,Sun,11:00 pm to 11:30 pm,Anandmay Sports Club | Sector 128,Court 2,Not Booked,250,13 Sep 23:14
2026-09-13,Sun,11:30 pm to 12:00 am,Anandmay Sports Club | Sector 128,Court 2,Not Booked,250,13 Sep 23:59
2026-09-13,Sun,10:00 pm to 10:30 pm,Arena 44,Court 2 (Outdoor),Not Booked,450,13 Sep 22:17
2026-09-13,Sun,10:30 pm to 11:00 pm,Arena 44,Court 2 (Outdoor),Not Booked,450,13 Sep 22:17
2026-09-13,Sun,10:30 pm to 11:00 pm,CoPlay RISE | Sec 73 Noida,Court 1,Not Booked,200,13 Sep 22:48
2026-09-13,Sun,11:00 pm to 11:30 pm,CoPlay RISE | Sec 73 Noida,Court 1,Not Booked,200,13 Sep 22:48
2026-09-13,Sun,11:30 pm to 12:00 am,CoPlay RISE | Sec 73 Noida,Court 1,Not Booked,200,13 Sep 23:59
2026-09-13,Sun,11:00 pm to 11:30 pm,CoPlay RISE | Sec 73 Noida,Court 2,Not Booked,200,13 Sep 23:14
2026-09-13,Sun,11:30 pm to 12:00 am,CoPlay RISE | Sec 73 Noida,Court 2,Not Booked,200,13 Sep 23:59
2026-09-13,Sun,11:00 pm to 11:30 pm,Crickdome,Court 1,Not Booked,400,13 Sep 23:14
2026-09-13,Sun,11:30 pm to 12:00 am,Crickdome,Court 1,Not Booked,400,13 Sep 23:14
2026-09-13,Sun,10:00 pm to 10:30 pm,Crickdome,Court 2,Not Booked,400,13 Sep 22:17
2026-09-13,Sun,10:30 pm to 11:00 pm,Crickdome,Court 2,Not Booked,400,13 Sep 22:17
2026-09-13,Sun,11:00 pm to 11:30 pm,Crickdome,Court 2,Not Booked,400,13 Sep 22:17
2026-09-13,Sun,11:30 pm to 12:00 am,Crickdome,Court 2,Not Booked,400,13 Sep 23:59
2026-09-13,Sun,11:00 pm to 11:30 pm,Dinking Zone One29,Court 1,Not Booked,450,13 Sep 23:14
2026-09-13,Sun,11:30 pm to 12:00 am,Dinking Zone One29,Court 1,Not Booked,450,13 Sep 23:59
2026-09-13,Sun,10:00 pm to 10:30 pm,Dinking Zone One29,Court 2,Not Booked,450,13 Sep 22:17
2026-09-13,Sun,10:30 pm to 11:00 pm,Dinking Zone One29,Court 2,Not Booked,450,13 Sep 22:17
2026-09-13,Sun,11:00 pm to 11:30 pm,Dinking Zone One29,Court 2,Not Booked,450,13 Sep 22:17
2026-09-13,Sun,11:30 pm to 12:00 am,Dinking Zone One29,Court 2,Not Booked,450,13 Sep 23:59
2026-09-13,Sun,11:00 pm to 11:30 pm,Dinking Zone One29,Court 3,Not Booked,450,13 Sep 23:14
2026-09-13,Sun,11:30 pm to 12:00 am,Dinking Zone One29,Court 3,Not Booked,450,13 Sep 23:14
2026-09-13,Sun,11:00 pm to 11:30 pm,Heat Sports Arena 150,Court 1,Not Booked,450,13 Sep 23:14
2026-09-13,Sun,11:30 pm to 12:00 am,Heat Sports Arena 150,Court 1,Not Booked,450,13 Sep 23:59
2026-09-13,Sun,10:00 pm to 10:30 pm,Heat Sports Arena 150,Court 2,Not Booked,450,13 Sep 21:58
2026-09-13,Sun,10:30 pm to 11:00 pm,Heat Sports Arena 150,Court 2,Not Booked,450,13 Sep 21:58
2026-09-13,Sun,11:00 pm to 11:30 pm,Heat Sports Arena 150,Court 2,Not Booked,450,13 Sep 21:58
2026-09-13,Sun,11:30 pm to 12:00 am,Heat Sports Arena 150,Court 2,Not Booked,450,13 Sep 23:59
2026-09-13,Sun,9:30 pm to 10:00 pm,Heat Sports Arena 150,Court 2,Not Booked,450,13 Sep 21:58
2026-09-13,Sun,11:00 pm to 12:00 am,Noida Indoor Stadium,Court 1,Not Booked,944,13 Sep 23:59
2026-09-13,Sun,10:00 pm to 11:00 pm,Noida Indoor Stadium,Court 2,Not Booked,944,13 Sep 22:17
2026-09-13,Sun,11:00 pm to 12:00 am,Noida Indoor Stadium,Court 2,Not Booked,944,13 Sep 22:17
2026-09-13,Sun,11:00 pm to 12:00 am,Noida Indoor Stadium,Court 3,Not Booked,944,13 Sep 23:59
2026-09-13,Sun,10:30 pm to 11:00 pm,Noida Pickleball Courts | Sec-100,Court 1,Not Booked,450,13 Sep 22:48
2026-09-13,Sun,11:00 pm to 11:30 pm,Noida Pickleball Courts | Sec-100,Court 1,Not Booked,450,13 Sep 22:48
2026-09-13,Sun,11:30 pm to 12:00 am,Noida Pickleball Courts | Sec-100,Court 1,Not Booked,450,13 Sep 23:59
2026-09-13,Sun,11:00 pm to 11:30 pm,Noida Pickleball Courts | Sec-100,Court 2,Not Booked,450,13 Sep 23:14
2026-09-13,Sun,11:30 pm to 12:00 am,Noida Pickleball Courts | Sec-100,Court 2,Not Booked,450,13 Sep 23:14
2026-09-13,Sun,10:00 pm to 11:00 pm,Pickit | Vijay Sri Academy,Court 1,Not Booked,750,13 Sep 22:48
2026-09-13,Sun,11:00 pm to 12:00 am,Pickit | Vijay Sri Academy,Court 1,Not Booked,750,13 Sep 23:59
2026-09-13,Sun,11:00 pm to 12:00 am,Pickit | Vijay Sri Academy,Court 2,Not Booked,750,13 Sep 23:59
2026-09-13,Sun,11:00 pm to 12:00 am,Pickit | Vijay Sri Academy,Court 3,Not Booked,750,13 Sep 23:14
2026-09-13,Sun,10:00 pm to 10:30 pm,Pickle Pros | Noida,Pickleball Court 1,Booked,400,13 Sep 21:44
2026-09-13,Sun,9:30 pm to 10:00 pm,Pickle Pros | Noida,Pickleball Court 1,Booked,400,13 Sep 21:44
2026-09-13,Sun,10:30 pm to 11:00 pm,Pickleflow Social,Court 1,Not Booked,500,13 Sep 22:48
2026-09-13,Sun,11:00 pm to 11:30 pm,Pickleflow Social,Court 1,Not Booked,500,13 Sep 22:48
2026-09-13,Sun,11:30 pm to 12:00 am,Pickleflow Social,Court 1,Not Booked,500,13 Sep 23:59
2026-09-13,Sun,11:00 pm to 11:30 pm,Pickleflow Social,Court 2,Not Booked,500,13 Sep 23:14
2026-09-13,Sun,11:30 pm to 12:00 am,Pickleflow Social,Court 2,Not Booked,500,13 Sep 23:14
2026-09-13,Sun,10:30 pm to 11:00 pm,Pickleflow Social,Court 3,Not Booked,500,13 Sep 22:48
2026-09-13,Sun,11:00 pm to 11:30 pm,Pickleflow Social,Court 3,Not Booked,500,13 Sep 22:48
2026-09-13,Sun,11:30 pm to 12:00 am,Pickleflow Social,Court 3,Not Booked,500,13 Sep 23:59
2026-09-13,Sun,11:00 pm to 12:00 am,Pickleplay 121 | Indoor Arena,Court 1,Not Booked,700,13 Sep 23:59
2026-09-13,Sun,10:00 pm to 11:00 pm,Pickleplay 121 | Indoor Arena,Court 2,Not Booked,700,13 Sep 22:48
2026-09-13,Sun,11:00 pm to 12:00 am,Pickleplay 121 | Indoor Arena,Court 2,Not Booked,700,13 Sep 23:59
2026-09-13,Sun,11:00 pm to 12:00 am,Pickleplay 121 | Indoor Arena,Court 3,Not Booked,700,13 Sep 23:59
2026-09-13,Sun,11:00 pm to 11:30 pm,Pitch Please X TSG Sports Arena,Court 1,Not Booked,350,13 Sep 23:14
2026-09-13,Sun,11:30 pm to 12:00 am,Pitch Please X TSG Sports Arena,Court 1,Not Booked,350,13 Sep 23:59
2026-09-13,Sun,10:00 pm to 10:30 pm,Pitch Please X TSG Sports Arena,Court 2,Not Booked,350,13 Sep 21:44
2026-09-13,Sun,10:30 pm to 11:00 pm,Pitch Please X TSG Sports Arena,Court 2,Not Booked,350,13 Sep 21:44
2026-09-13,Sun,11:00 pm to 11:30 pm,Pitch Please X TSG Sports Arena,Court 2,Not Booked,350,13 Sep 21:44
2026-09-13,Sun,11:30 pm to 12:00 am,Pitch Please X TSG Sports Arena,Court 2,Not Booked,350,13 Sep 21:44
2026-09-13,Sun,9:30 pm to 10:00 pm,Pitch Please X TSG Sports Arena,Court 2,Not Booked,350,13 Sep 21:44
2026-09-13,Sun,11:00 pm to 12:00 am,PlayAll MPS Noida 11,Court 2,Not Booked,175,13 Sep 23:14
2026-09-13,Sun,11:30 pm to 12:30 am,PlayAll MPS Noida 11,Court 2,Not Booked,175,13 Sep 23:59
2026-09-13,Sun,11:00 pm to 12:00 am,PlayAll MPS Noida 11,Court 3,Not Booked,175,13 Sep 23:14
2026-09-13,Sun,11:30 pm to 12:30 am,PlayAll MPS Noida 11,Court 3,Not Booked,175,13 Sep 23:14
2026-09-13,Sun,10:30 pm to 11:30 pm,PlayAll Noida 105,Court 2,Not Booked,300,13 Sep 22:48
2026-09-13,Sun,11:00 pm to 12:00 am,PlayAll Noida 105,Court 2,Not Booked,300,13 Sep 22:48
2026-09-13,Sun,11:30 pm to 12:30 am,PlayAll Noida 105,Court 2,Not Booked,300,13 Sep 23:59
2026-09-13,Sun,11:00 pm to 12:00 am,PlayAll Noida 105,Court 3,Not Booked,300,13 Sep 23:14
2026-09-13,Sun,11:30 pm to 12:30 am,PlayAll Noida 105,Court 3,Not Booked,300,13 Sep 23:14
2026-09-13,Sun,11:00 pm to 12:00 am,PlayAll Noida 73,Court 1,Not Booked,200,13 Sep 23:14
2026-09-13,Sun,11:30 pm to 12:30 am,PlayAll Noida 73,Court 1,Not Booked,200,13 Sep 23:14
2026-09-13,Sun,10:00 pm to 11:00 pm,PlayAll Noida 73,Court 2,Not Booked,250,13 Sep 21:44
2026-09-13,Sun,10:30 pm to 11:30 pm,PlayAll Noida 73,Court 2,Not Booked,250,13 Sep 21:44
2026-09-13,Sun,11:00 pm to 12:00 am,PlayAll Noida 73,Court 2,Not Booked,200,13 Sep 21:44
2026-09-13,Sun,11:30 pm to 12:30 am,PlayAll Noida 73,Court 2,Not Booked,200,13 Sep 23:59
2026-09-13,Sun,9:30 pm to 10:30 pm,PlayAll Noida 73,Court 2,Not Booked,250,13 Sep 21:44
2026-09-13,Sun,11:00 pm to 12:00 am,PlayAll Noida 73,Court 3,Not Booked,200,13 Sep 23:14
2026-09-13,Sun,11:30 pm to 12:30 am,PlayAll Noida 73,Court 3,Not Booked,200,13 Sep 23:14
2026-09-13,Sun,10:00 pm to 10:30 pm,PlayLife | Sector 163,Pickleball Court 3,Not Booked,200,13 Sep 21:58
2026-09-13,Sun,10:30 pm to 11:00 pm,PlayLife | Sector 163,Pickleball Court 3,Not Booked,200,13 Sep 21:58
2026-09-13,Sun,9:30 pm to 10:00 pm,PlayLife | Sector 163,Pickleball Court 3,Not Booked,200,13 Sep 21:58
2026-09-13,Sun,10:30 pm to 11:00 pm,Rally N Roast | Sector 141,Court 2 (Pink),Not Booked,500,13 Sep 22:48
2026-09-13,Sun,11:00 pm to 11:30 pm,Sky Nine Rackets,Court 2,Not Booked,270,13 Sep 23:14
2026-09-13,Sun,11:30 pm to 12:00 am,Sky Nine Rackets,Court 2,Not Booked,270,13 Sep 23:59
2026-09-13,Sun,11:00 pm to 11:30 pm,Sky Nine Rackets,Court 3,Not Booked,270,13 Sep 23:14
2026-09-13,Sun,11:30 pm to 12:00 am,Sky Nine Rackets,Court 3,Not Booked,270,13 Sep 23:59
2026-09-13,Sun,10:00 pm to 10:30 pm,Sky Nine Rackets,Court 4,Not Booked,270,13 Sep 21:44
2026-09-13,Sun,10:30 pm to 11:00 pm,Sky Nine Rackets,Court 4,Not Booked,270,13 Sep 21:44
2026-09-13,Sun,11:00 pm to 11:30 pm,Sky Nine Rackets,Court 4,Not Booked,270,13 Sep 21:44
2026-09-13,Sun,11:30 pm to 12:00 am,Sky Nine Rackets,Court 4,Not Booked,270,13 Sep 21:44
2026-09-13,Sun,9:30 pm to 10:00 pm,Sky Nine Rackets,Court 4,Not Booked,270,13 Sep 21:44
2026-09-13,Sun,11:00 pm to 11:30 pm,Sky Nine Rackets,Court 5,Not Booked,270,13 Sep 23:14
2026-09-13,Sun,11:30 pm to 12:00 am,Sky Nine Rackets,Court 5,Not Booked,270,13 Sep 23:59
2026-09-13,Sun,11:00 pm to 11:30 pm,Spodium Arena | Sector 29,Court 2,Not Booked,399,13 Sep 23:14
2026-09-13,Sun,11:30 pm to 12:00 am,Spodium Arena | Sector 29,Court 2,Not Booked,399,13 Sep 23:59
2026-09-13,Sun,11:00 pm to 11:30 pm,Spodium Arena | Sector 29,Court 3,Booked,399,13 Sep 23:14
2026-09-13,Sun,11:30 pm to 12:00 am,Spodium Arena | Sector 29,Court 3,Booked,399,13 Sep 23:59
2026-09-13,Sun,10:00 pm to 10:30 pm,Spodium Arena | Sector 29,Court 4,Not Booked,399,13 Sep 21:58
2026-09-13,Sun,10:30 pm to 11:00 pm,Spodium Arena | Sector 29,Court 4,Not Booked,399,13 Sep 21:58
2026-09-13,Sun,11:00 pm to 11:30 pm,Spodium Arena | Sector 29,Court 4,Not Booked,399,13 Sep 21:58
2026-09-13,Sun,11:30 pm to 12:00 am,Spodium Arena | Sector 29,Court 4,Not Booked,399,13 Sep 21:58
2026-09-13,Sun,9:30 pm to 10:00 pm,Spodium Arena | Sector 29,Court 4,Not Booked,399,13 Sep 21:58
2026-09-13,Sun,11:00 pm to 12:00 am,Spuddy Multisports Academy | Noida,Pickleball (Indoor),Not Booked,500,13 Sep 23:59
2026-09-13,Sun,10:00 pm to 10:30 pm,The Box Cage,Court 1,Not Booked,300,13 Sep 21:44
2026-09-13,Sun,10:30 pm to 11:00 pm,The Box Cage,Court 1,Not Booked,300,13 Sep 21:44
2026-09-13,Sun,11:00 pm to 11:30 pm,The Box Cage,Court 1,Not Booked,300,13 Sep 21:44
2026-09-13,Sun,11:30 pm to 12:00 am,The Box Cage,Court 1,Not Booked,300,13 Sep 23:59
2026-09-13,Sun,9:30 pm to 10:00 pm,The Box Cage,Court 1,Not Booked,300,13 Sep 21:44
2026-09-13,Sun,11:00 pm to 11:30 pm,The Box Cage,Court 2,Not Booked,300,13 Sep 23:14
2026-09-13,Sun,11:30 pm to 12:00 am,The Box Cage,Court 2,Not Booked,300,13 Sep 23:14
2026-09-13,Sun,10:30 pm to 11:00 pm,The Box Cage,Court 3,Not Booked,300,13 Sep 22:48
2026-09-13,Sun,11:00 pm to 11:30 pm,The Box Cage,Court 3,Not Booked,300,13 Sep 22:48
2026-09-13,Sun,11:30 pm to 12:00 am,The Box Cage,Court 3,Not Booked,300,13 Sep 23:59
2026-09-13,Sun,11:00 pm to 11:30 pm,The Box Cage,Court 4,Not Booked,300,13 Sep 23:14
2026-09-13,Sun,11:30 pm to 12:00 am,The Box Cage,Court 4,Not Booked,300,13 Sep 23:14
2026-09-14,Mon,10:00 am to 10:30 am,Anandmay Sports Club | Sector 128,Court 1,Not Booked,250,14 Sep 10:34
2026-09-14,Mon,10:00 pm to 10:30 pm,Anandmay Sports Club | Sector 128,Court 1,Not Booked,250,14 Sep 22:05
2026-09-14,Mon,10:30 am to 11:00 am,Anandmay Sports Club | Sector 128,Court 1,Not Booked,250,14 Sep 10:34
2026-09-14,Mon,10:30 pm to 11:00 pm,Anandmay Sports Club | Sector 128,Court 1,Not Booked,250,14 Sep 22:35
2026-09-14,Mon,11:00 am to 11:30 am,Anandmay Sports Club | Sector 128,Court 1,Not Booked,250,14 Sep 11:32
2026-09-14,Mon,11:00 pm to 11:30 pm,Anandmay Sports Club | Sector 128,Court 1,Not Booked,250,14 Sep 22:35
2026-09-14,Mon,11:30 am to 12:00 pm,Anandmay Sports Club | Sector 128,Court 1,Not Booked,250,14 Sep 12:10
2026-09-14,Mon,11:30 pm to 12:00 am,Anandmay Sports Club | Sector 128,Court 1,Not Booked,250,14 Sep 23:31
2026-09-14,Mon,12:00 pm to 12:30 pm,Anandmay Sports Club | Sector 128,Court 1,Not Booked,250,14 Sep 12:10
2026-09-14,Mon,12:30 pm to 1:00 pm,Anandmay Sports Club | Sector 128,Court 1,Not Booked,250,14 Sep 12:36
2026-09-14,Mon,1:00 pm to 1:30 pm,Anandmay Sports Club | Sector 128,Court 1,Not Booked,250,14 Sep 13:11
2026-09-14,Mon,1:30 pm to 2:00 pm,Anandmay Sports Club | Sector 128,Court 1,Not Booked,250,14 Sep 13:34
2026-09-14,Mon,2:00 am to 2:30 am,Anandmay Sports Club | Sector 128,Court 1,Not Booked,250,14 Sep 02:23
2026-09-14,Mon,2:00 pm to 2:30 pm,Anandmay Sports Club | Sector 128,Court 1,Not Booked,250,14 Sep 14:08
2026-09-14,Mon,2:30 am to 3:00 am,Anandmay Sports Club | Sector 128,Court 1,Not Booked,250,14 Sep 02:56
2026-09-14,Mon,2:30 pm to 3:00 pm,Anandmay Sports Club | Sector 128,Court 1,Not Booked,250,14 Sep 14:34
2026-09-14,Mon,3:00 am to 3:30 am,Anandmay Sports Club | Sector 128,Court 1,Not Booked,250,14 Sep 03:22
2026-09-14,Mon,3:00 pm to 3:30 pm,Anandmay Sports Club | Sector 128,Court 1,Not Booked,250,14 Sep 15:08
2026-09-14,Mon,3:30 am to 4:00 am,Anandmay Sports Club | Sector 128,Court 1,Not Booked,250,14 Sep 03:57
2026-09-14,Mon,3:30 pm to 4:00 pm,Anandmay Sports Club | Sector 128,Court 1,Not Booked,250,14 Sep 15:33
2026-09-14,Mon,4:00 am to 4:30 am,Anandmay Sports Club | Sector 128,Court 1,Not Booked,250,14 Sep 03:57
2026-09-14,Mon,4:00 pm to 4:30 pm,Anandmay Sports Club | Sector 128,Court 1,Not Booked,250,14 Sep 16:04
2026-09-14,Mon,4:30 am to 5:00 am,Anandmay Sports Club | Sector 128,Court 1,Not Booked,250,14 Sep 03:57
2026-09-14,Mon,4:30 pm to 5:00 pm,Anandmay Sports Club | Sector 128,Court 1,Not Booked,250,14 Sep 16:34
2026-09-14,Mon,5:00 am to 5:30 am,Anandmay Sports Club | Sector 128,Court 1,Not Booked,250,14 Sep 05:22
2026-09-14,Mon,5:00 pm to 5:30 pm,Anandmay Sports Club | Sector 128,Court 1,Not Booked,250,14 Sep 17:05
2026-09-14,Mon,5:30 am to 6:00 am,Anandmay Sports Club | Sector 128,Court 1,Not Booked,250,14 Sep 05:22
2026-09-14,Mon,5:30 pm to 6:00 pm,Anandmay Sports Club | Sector 128,Court 1,Not Booked,250,14 Sep 17:32
2026-09-14,Mon,6:00 am to 6:30 am,Anandmay Sports Club | Sector 128,Court 1,Not Booked,250,14 Sep 06:30
2026-09-14,Mon,6:00 pm to 6:30 pm,Anandmay Sports Club | Sector 128,Court 1,Not Booked,250,14 Sep 18:12
2026-09-14,Mon,6:30 am to 7:00 am,Anandmay Sports Club | Sector 128,Court 1,Not Booked,250,14 Sep 06:30
2026-09-14,Mon,6:30 pm to 7:00 pm,Anandmay Sports Club | Sector 128,Court 1,Not Booked,250,14 Sep 18:39
2026-09-14,Mon,7:00 am to 7:30 am,Anandmay Sports Club | Sector 128,Court 1,Not Booked,250,14 Sep 06:30
2026-09-14,Mon,7:00 pm to 7:30 pm,Anandmay Sports Club | Sector 128,Court 1,Not Booked,250,14 Sep 19:08
2026-09-14,Mon,7:30 am to 8:00 am,Anandmay Sports Club | Sector 128,Court 1,Not Booked,250,14 Sep 06:30
2026-09-14,Mon,7:30 pm to 8:00 pm,Anandmay Sports Club | Sector 128,Court 1,Not Booked,250,14 Sep 19:34
2026-09-14,Mon,8:00 am to 8:30 am,Anandmay Sports Club | Sector 128,Court 1,Not Booked,250,14 Sep 06:30
2026-09-14,Mon,8:00 pm to 8:30 pm,Anandmay Sports Club | Sector 128,Court 1,Not Booked,250,14 Sep 20:08
2026-09-14,Mon,8:30 am to 9:00 am,Anandmay Sports Club | Sector 128,Court 1,Not Booked,250,14 Sep 09:06
2026-09-14,Mon,8:30 pm to 9:00 pm,Anandmay Sports Club | Sector 128,Court 1,Not Booked,250,14 Sep 20:38
2026-09-14,Mon,9:00 am to 9:30 am,Anandmay Sports Club | Sector 128,Court 1,Not Booked,250,14 Sep 09:34
2026-09-14,Mon,9:00 pm to 9:30 pm,Anandmay Sports Club | Sector 128,Court 1,Not Booked,250,14 Sep 21:07
2026-09-14,Mon,9:30 am to 10:00 am,Anandmay Sports Club | Sector 128,Court 1,Not Booked,250,14 Sep 10:05
2026-09-14,Mon,9:30 pm to 10:00 pm,Anandmay Sports Club | Sector 128,Court 1,Not Booked,250,14 Sep 21:34
2026-09-14,Mon,10:00 am to 10:30 am,Anandmay Sports Club | Sector 128,Court 2,Not Booked,250,14 Sep 10:34
2026-09-14,Mon,10:00 pm to 10:30 pm,Anandmay Sports Club | Sector 128,Court 2,Not Booked,250,14 Sep 21:34
2026-09-14,Mon,10:30 am to 11:00 am,Anandmay Sports Club | Sector 128,Court 2,Not Booked,250,14 Sep 11:04
2026-09-14,Mon,10:30 pm to 11:00 pm,Anandmay Sports Club | Sector 128,Court 2,Not Booked,250,14 Sep 22:35
2026-09-14,Mon,11:00 am to 11:30 am,Anandmay Sports Club | Sector 128,Court 2,Not Booked,250,14 Sep 11:32
2026-09-14,Mon,11:00 pm to 11:30 pm,Anandmay Sports Club | Sector 128,Court 2,Not Booked,250,14 Sep 23:04
2026-09-14,Mon,11:30 am to 12:00 pm,Anandmay Sports Club | Sector 128,Court 2,Not Booked,250,14 Sep 11:32
2026-09-14,Mon,11:30 pm to 12:00 am,Anandmay Sports Club | Sector 128,Court 2,Not Booked,250,14 Sep 23:04
2026-09-14,Mon,12:00 am to 12:30 am,Anandmay Sports Club | Sector 128,Court 2,Not Booked,250,14 Sep 00:25
2026-09-14,Mon,12:00 pm to 12:30 pm,Anandmay Sports Club | Sector 128,Court 2,Not Booked,250,14 Sep 11:32
2026-09-14,Mon,12:30 am to 1:00 am,Anandmay Sports Club | Sector 128,Court 2,Not Booked,250,14 Sep 00:55
2026-09-14,Mon,12:30 pm to 1:00 pm,Anandmay Sports Club | Sector 128,Court 2,Not Booked,250,14 Sep 11:32
2026-09-14,Mon,1:00 am to 1:30 am,Anandmay Sports Club | Sector 128,Court 2,Not Booked,250,14 Sep 01:21
2026-09-14,Mon,1:00 pm to 1:30 pm,Anandmay Sports Club | Sector 128,Court 2,Not Booked,250,14 Sep 11:32
2026-09-14,Mon,1:30 am to 2:00 am,Anandmay Sports Club | Sector 128,Court 2,Not Booked,250,14 Sep 01:58
2026-09-14,Mon,1:30 pm to 2:00 pm,Anandmay Sports Club | Sector 128,Court 2,Not Booked,250,14 Sep 11:32
2026-09-14,Mon,2:00 am to 2:30 am,Anandmay Sports Club | Sector 128,Court 2,Not Booked,250,14 Sep 01:58
2026-09-14,Mon,2:00 pm to 2:30 pm,Anandmay Sports Club | Sector 128,Court 2,Not Booked,250,14 Sep 14:08
2026-09-14,Mon,2:30 am to 3:00 am,Anandmay Sports Club | Sector 128,Court 2,Not Booked,250,14 Sep 01:58
2026-09-14,Mon,2:30 pm to 3:00 pm,Anandmay Sports Club | Sector 128,Court 2,Not Booked,250,14 Sep 14:08
2026-09-14,Mon,3:00 am to 3:30 am,Anandmay Sports Club | Sector 128,Court 2,Not Booked,250,14 Sep 01:58
2026-09-14,Mon,3:00 pm to 3:30 pm,Anandmay Sports Club | Sector 128,Court 2,Not Booked,250,14 Sep 15:08
2026-09-14,Mon,3:30 am to 4:00 am,Anandmay Sports Club | Sector 128,Court 2,Not Booked,250,14 Sep 01:58
2026-09-14,Mon,3:30 pm to 4:00 pm,Anandmay Sports Club | Sector 128,Court 2,Not Booked,250,14 Sep 15:08
2026-09-14,Mon,4:00 am to 4:30 am,Anandmay Sports Club | Sector 128,Court 2,Not Booked,250,14 Sep 04:23
2026-09-14,Mon,4:00 pm to 4:30 pm,Anandmay Sports Club | Sector 128,Court 2,Not Booked,250,14 Sep 15:08
2026-09-14,Mon,4:30 am to 5:00 am,Anandmay Sports Club | Sector 128,Court 2,Not Booked,250,14 Sep 04:56
2026-09-14,Mon,4:30 pm to 5:00 pm,Anandmay Sports Club | Sector 128,Court 2,Not Booked,250,14 Sep 15:08
2026-09-14,Mon,5:00 am to 5:30 am,Anandmay Sports Club | Sector 128,Court 2,Not Booked,250,14 Sep 04:56
2026-09-14,Mon,5:00 pm to 5:30 pm,Anandmay Sports Club | Sector 128,Court 2,Not Booked,250,14 Sep 17:05
2026-09-14,Mon,5:30 am to 6:00 am,Anandmay Sports Club | Sector 128,Court 2,Not Booked,250,14 Sep 06:06
2026-09-14,Mon,5:30 pm to 6:00 pm,Anandmay Sports Club | Sector 128,Court 2,Not Booked,250,14 Sep 17:05
2026-09-14,Mon,6:00 am to 6:30 am,Anandmay Sports Club | Sector 128,Court 2,Not Booked,250,14 Sep 06:06
2026-09-14,Mon,6:00 pm to 6:30 pm,Anandmay Sports Club | Sector 128,Court 2,Not Booked,250,14 Sep 18:12
2026-09-14,Mon,6:30 am to 7:00 am,Anandmay Sports Club | Sector 128,Court 2,Not Booked,250,14 Sep 06:57
2026-09-14,Mon,6:30 pm to 7:00 pm,Anandmay Sports Club | Sector 128,Court 2,Not Booked,250,14 Sep 18:39
2026-09-14,Mon,7:00 am to 7:30 am,Anandmay Sports Club | Sector 128,Court 2,Not Booked,250,14 Sep 07:25
2026-09-14,Mon,7:00 pm to 7:30 pm,Anandmay Sports Club | Sector 128,Court 2,Not Booked,250,14 Sep 19:08
2026-09-14,Mon,7:30 am to 8:00 am,Anandmay Sports Club | Sector 128,Court 2,Not Booked,250,14 Sep 07:58
2026-09-14,Mon,7:30 pm to 8:00 pm,Anandmay Sports Club | Sector 128,Court 2,Not Booked,250,14 Sep 19:08
2026-09-14,Mon,8:00 am to 8:30 am,Anandmay Sports Club | Sector 128,Court 2,Not Booked,250,14 Sep 08:25
2026-09-14,Mon,8:00 pm to 8:30 pm,Anandmay Sports Club | Sector 128,Court 2,Not Booked,250,14 Sep 19:08
2026-09-14,Mon,8:30 am to 9:00 am,Anandmay Sports Club | Sector 128,Court 2,Not Booked,250,14 Sep 09:06
2026-09-14,Mon,8:30 pm to 9:00 pm,Anandmay Sports Club | Sector 128,Court 2,Not Booked,250,14 Sep 19:08
2026-09-14,Mon,9:00 am to 9:30 am,Anandmay Sports Club | Sector 128,Court 2,Not Booked,250,14 Sep 09:06
2026-09-14,Mon,9:00 pm to 9:30 pm,Anandmay Sports Club | Sector 128,Court 2,Not Booked,250,14 Sep 19:08
2026-09-14,Mon,9:30 am to 10:00 am,Anandmay Sports Club | Sector 128,Court 2,Not Booked,250,14 Sep 09:06
2026-09-14,Mon,9:30 pm to 10:00 pm,Anandmay Sports Club | Sector 128,Court 2,Not Booked,250,14 Sep 21:34
2026-09-14,Mon,10:00 pm to 10:30 pm,Arena 44,Court 1,Booked,550,14 Sep 22:05
2026-09-14,Mon,10:30 pm to 11:00 pm,Arena 44,Court 1,Booked,550,14 Sep 22:35
2026-09-14,Mon,6:00 pm to 6:30 pm,Arena 44,Court 1,Not Booked,550,14 Sep 18:39
2026-09-14,Mon,6:30 pm to 7:00 pm,Arena 44,Court 1,Not Booked,550,14 Sep 18:39
2026-09-14,Mon,7:00 pm to 7:30 pm,Arena 44,Court 1,Booked,550,14 Sep 19:08
2026-09-14,Mon,7:30 pm to 8:00 pm,Arena 44,Court 1,Booked,550,14 Sep 19:34
2026-09-14,Mon,8:00 pm to 8:30 pm,Arena 44,Court 1,Not Booked,550,14 Sep 20:08
2026-09-14,Mon,8:30 pm to 9:00 pm,Arena 44,Court 1,Not Booked,550,14 Sep 20:38
2026-09-14,Mon,9:00 pm to 9:30 pm,Arena 44,Court 1,Booked,550,14 Sep 21:07
2026-09-14,Mon,9:30 pm to 10:00 pm,Arena 44,Court 1,Booked,550,14 Sep 21:34
2026-09-14,Mon,10:00 am to 10:30 am,Arena 44,Court 1 (Indoor),Not Booked,550,14 Sep 10:34
2026-09-14,Mon,10:00 pm to 10:30 pm,Arena 44,Court 1 (Indoor),Not Booked,550,14 Sep 17:32
2026-09-14,Mon,10:30 am to 11:00 am,Arena 44,Court 1 (Indoor),Not Booked,550,14 Sep 11:04
2026-09-14,Mon,10:30 pm to 11:00 pm,Arena 44,Court 1 (Indoor),Not Booked,550,14 Sep 17:32
2026-09-14,Mon,3:00 pm to 3:30 pm,Arena 44,Court 1 (Indoor),Not Booked,550,14 Sep 15:08
2026-09-14,Mon,3:30 pm to 4:00 pm,Arena 44,Court 1 (Indoor),Not Booked,550,14 Sep 15:33
2026-09-14,Mon,4:00 pm to 4:30 pm,Arena 44,Court 1 (Indoor),Not Booked,550,14 Sep 16:04
2026-09-14,Mon,4:30 pm to 5:00 pm,Arena 44,Court 1 (Indoor),Not Booked,550,14 Sep 16:34
2026-09-14,Mon,5:00 pm to 5:30 pm,Arena 44,Court 1 (Indoor),Not Booked,550,14 Sep 17:05
2026-09-14,Mon,5:30 pm to 6:00 pm,Arena 44,Court 1 (Indoor),Not Booked,550,14 Sep 17:32
2026-09-14,Mon,6:00 pm to 6:30 pm,Arena 44,Court 1 (Indoor),Not Booked,550,14 Sep 17:32
2026-09-14,Mon,6:30 pm to 7:00 pm,Arena 44,Court 1 (Indoor),Not Booked,550,14 Sep 17:32
2026-09-14,Mon,7:00 pm to 7:30 pm,Arena 44,Court 1 (Indoor),Booked,550,14 Sep 17:32
2026-09-14,Mon,7:30 pm to 8:00 pm,Arena 44,Court 1 (Indoor),Booked,550,14 Sep 17:32
2026-09-14,Mon,8:00 pm to 8:30 pm,Arena 44,Court 1 (Indoor),Not Booked,550,14 Sep 17:32
2026-09-14,Mon,8:30 am to 9:00 am,Arena 44,Court 1 (Indoor),Not Booked,550,14 Sep 09:06
2026-09-14,Mon,8:30 pm to 9:00 pm,Arena 44,Court 1 (Indoor),Not Booked,550,14 Sep 17:32
2026-09-14,Mon,9:00 am to 9:30 am,Arena 44,Court 1 (Indoor),Not Booked,550,14 Sep 09:34
2026-09-14,Mon,9:00 pm to 9:30 pm,Arena 44,Court 1 (Indoor),Not Booked,550,14 Sep 17:32
2026-09-14,Mon,9:30 am to 10:00 am,Arena 44,Court 1 (Indoor),Not Booked,550,14 Sep 10:05
2026-09-14,Mon,9:30 pm to 10:00 pm,Arena 44,Court 1 (Indoor),Not Booked,550,14 Sep 17:32
2026-09-14,Mon,10:00 am to 10:30 am,Arena 44,Court 1 (Outdoor),Not Booked,450,14 Sep 10:34
2026-09-14,Mon,10:00 pm to 10:30 pm,Arena 44,Court 1 (Outdoor),Booked,450,14 Sep 18:12
2026-09-14,Mon,10:30 am to 11:00 am,Arena 44,Court 1 (Outdoor),Not Booked,450,14 Sep 11:04
2026-09-14,Mon,10:30 pm to 11:00 pm,Arena 44,Court 1 (Outdoor),Booked,450,14 Sep 18:12
2026-09-14,Mon,3:00 pm to 3:30 pm,Arena 44,Court 1 (Outdoor),Not Booked,450,14 Sep 15:08
2026-09-14,Mon,3:30 pm to 4:00 pm,Arena 44,Court 1 (Outdoor),Not Booked,450,14 Sep 15:33
2026-09-14,Mon,4:00 pm to 4:30 pm,Arena 44,Court 1 (Outdoor),Not Booked,450,14 Sep 16:04
2026-09-14,Mon,4:30 pm to 5:00 pm,Arena 44,Court 1 (Outdoor),Not Booked,450,14 Sep 16:34
2026-09-14,Mon,5:00 pm to 5:30 pm,Arena 44,Court 1 (Outdoor),Not Booked,450,14 Sep 17:05
2026-09-14,Mon,5:30 pm to 6:00 pm,Arena 44,Court 1 (Outdoor),Booked,450,14 Sep 17:32
2026-09-14,Mon,6:00 pm to 6:30 pm,Arena 44,Court 1 (Outdoor),Booked,450,14 Sep 18:12
2026-09-14,Mon,6:30 pm to 7:00 pm,Arena 44,Court 1 (Outdoor),Not Booked,450,14 Sep 18:12
2026-09-14,Mon,7:00 am to 7:30 am,Arena 44,Court 1 (Outdoor),Not Booked,450,14 Sep 07:25
2026-09-14,Mon,7:00 pm to 7:30 pm,Arena 44,Court 1 (Outdoor),Not Booked,450,14 Sep 18:12
2026-09-14,Mon,7:30 am to 8:00 am,Arena 44,Court 1 (Outdoor),Not Booked,450,14 Sep 07:58
2026-09-14,Mon,7:30 pm to 8:00 pm,Arena 44,Court 1 (Outdoor),Not Booked,450,14 Sep 18:12
2026-09-14,Mon,8:00 am to 8:30 am,Arena 44,Court 1 (Outdoor),Not Booked,450,14 Sep 08:25
2026-09-14,Mon,8:00 pm to 8:30 pm,Arena 44,Court 1 (Outdoor),Booked,450,14 Sep 18:12
2026-09-14,Mon,8:30 am to 9:00 am,Arena 44,Court 1 (Outdoor),Not Booked,450,14 Sep 09:06
2026-09-14,Mon,8:30 pm to 9:00 pm,Arena 44,Court 1 (Outdoor),Booked,450,14 Sep 18:12
2026-09-14,Mon,9:00 am to 9:30 am,Arena 44,Court 1 (Outdoor),Not Booked,450,14 Sep 09:34
2026-09-14,Mon,9:00 pm to 9:30 pm,Arena 44,Court 1 (Outdoor),Not Booked,450,14 Sep 18:12
2026-09-14,Mon,9:30 am to 10:00 am,Arena 44,Court 1 (Outdoor),Not Booked,450,14 Sep 10:05
2026-09-14,Mon,9:30 pm to 10:00 pm,Arena 44,Court 1 (Outdoor),Not Booked,450,14 Sep 18:12
2026-09-14,Mon,10:00 pm to 10:30 pm,Arena 44,Court 2,Not Booked,550,14 Sep 21:34
2026-09-14,Mon,10:30 pm to 11:00 pm,Arena 44,Court 2,Not Booked,550,14 Sep 22:35
2026-09-14,Mon,6:30 pm to 7:00 pm,Arena 44,Court 2,Not Booked,550,14 Sep 19:08
2026-09-14,Mon,7:00 pm to 7:30 pm,Arena 44,Court 2,Not Booked,550,14 Sep 19:08
2026-09-14,Mon,7:30 pm to 8:00 pm,Arena 44,Court 2,Not Booked,550,14 Sep 19:34
2026-09-14,Mon,8:00 pm to 8:30 pm,Arena 44,Court 2,Not Booked,550,14 Sep 19:34
2026-09-14,Mon,8:30 pm to 9:00 pm,Arena 44,Court 2,Not Booked,550,14 Sep 19:34
2026-09-14,Mon,9:00 pm to 9:30 pm,Arena 44,Court 2,Not Booked,550,14 Sep 19:34
2026-09-14,Mon,9:30 pm to 10:00 pm,Arena 44,Court 2,Not Booked,550,14 Sep 21:34
2026-09-14,Mon,10:00 am to 10:30 am,Arena 44,Court 2 (Indoor),Not Booked,550,14 Sep 10:34
2026-09-14,Mon,10:00 pm to 10:30 pm,Arena 44,Court 2 (Indoor),Not Booked,550,14 Sep 18:12
2026-09-14,Mon,10:30 am to 11:00 am,Arena 44,Court 2 (Indoor),Not Booked,550,14 Sep 11:04
2026-09-14,Mon,10:30 pm to 11:00 pm,Arena 44,Court 2 (Indoor),Not Booked,550,14 Sep 18:12
2026-09-14,Mon,3:00 pm to 3:30 pm,Arena 44,Court 2 (Indoor),Not Booked,550,14 Sep 13:11
2026-09-14,Mon,3:30 pm to 4:00 pm,Arena 44,Court 2 (Indoor),Not Booked,550,14 Sep 13:11
2026-09-14,Mon,4:00 pm to 4:30 pm,Arena 44,Court 2 (Indoor),Not Booked,550,14 Sep 13:11
2026-09-14,Mon,4:30 pm to 5:00 pm,Arena 44,Court 2 (Indoor),Not Booked,550,14 Sep 13:11
2026-09-14,Mon,5:00 pm to 5:30 pm,Arena 44,Court 2 (Indoor),Not Booked,550,14 Sep 17:05
2026-09-14,Mon,5:30 pm to 6:00 pm,Arena 44,Court 2 (Indoor),Not Booked,550,14 Sep 17:32
2026-09-14,Mon,6:00 pm to 6:30 pm,Arena 44,Court 2 (Indoor),Not Booked,550,14 Sep 18:12
2026-09-14,Mon,6:30 pm to 7:00 pm,Arena 44,Court 2 (Indoor),Not Booked,550,14 Sep 18:12
2026-09-14,Mon,7:00 am to 7:30 am,Arena 44,Court 2 (Indoor),Not Booked,550,14 Sep 07:25
2026-09-14,Mon,7:00 pm to 7:30 pm,Arena 44,Court 2 (Indoor),Not Booked,550,14 Sep 18:12
2026-09-14,Mon,7:30 am to 8:00 am,Arena 44,Court 2 (Indoor),Not Booked,550,14 Sep 07:58
2026-09-14,Mon,7:30 pm to 8:00 pm,Arena 44,Court 2 (Indoor),Not Booked,550,14 Sep 18:12
2026-09-14,Mon,8:00 am to 8:30 am,Arena 44,Court 2 (Indoor),Not Booked,550,14 Sep 08:25
2026-09-14,Mon,8:00 pm to 8:30 pm,Arena 44,Court 2 (Indoor),Not Booked,550,14 Sep 18:12
2026-09-14,Mon,8:30 am to 9:00 am,Arena 44,Court 2 (Indoor),Not Booked,550,14 Sep 08:25
2026-09-14,Mon,8:30 pm to 9:00 pm,Arena 44,Court 2 (Indoor),Not Booked,550,14 Sep 18:12
2026-09-14,Mon,9:00 am to 9:30 am,Arena 44,Court 2 (Indoor),Not Booked,550,14 Sep 08:25
2026-09-14,Mon,9:00 pm to 9:30 pm,Arena 44,Court 2 (Indoor),Not Booked,550,14 Sep 18:12
2026-09-14,Mon,9:30 am to 10:00 am,Arena 44,Court 2 (Indoor),Not Booked,550,14 Sep 08:25
2026-09-14,Mon,9:30 pm to 10:00 pm,Arena 44,Court 2 (Indoor),Not Booked,550,14 Sep 18:12
2026-09-14,Mon,10:00 am to 10:30 am,Arena 44,Court 2 (Outdoor),Not Booked,450,14 Sep 10:34
2026-09-14,Mon,10:00 pm to 10:30 pm,Arena 44,Court 2 (Outdoor),Not Booked,450,14 Sep 18:12
2026-09-14,Mon,10:30 am to 11:00 am,Arena 44,Court 2 (Outdoor),Not Booked,450,14 Sep 11:04
2026-09-14,Mon,10:30 pm to 11:00 pm,Arena 44,Court 2 (Outdoor),Not Booked,450,14 Sep 18:12
2026-09-14,Mon,3:00 pm to 3:30 pm,Arena 44,Court 2 (Outdoor),Not Booked,450,14 Sep 15:08
2026-09-14,Mon,3:30 pm to 4:00 pm,Arena 44,Court 2 (Outdoor),Not Booked,450,14 Sep 15:33
2026-09-14,Mon,4:00 pm to 4:30 pm,Arena 44,Court 2 (Outdoor),Not Booked,450,14 Sep 16:04
2026-09-14,Mon,4:30 pm to 5:00 pm,Arena 44,Court 2 (Outdoor),Not Booked,450,14 Sep 16:34
2026-09-14,Mon,5:00 pm to 5:30 pm,Arena 44,Court 2 (Outdoor),Not Booked,450,14 Sep 17:05
2026-09-14,Mon,5:30 pm to 6:00 pm,Arena 44,Court 2 (Outdoor),Not Booked,450,14 Sep 17:32
2026-09-14,Mon,6:00 pm to 6:30 pm,Arena 44,Court 2 (Outdoor),Booked,450,14 Sep 18:12
2026-09-14,Mon,6:30 pm to 7:00 pm,Arena 44,Court 2 (Outdoor),Booked,450,14 Sep 18:12
2026-09-14,Mon,7:00 am to 7:30 am,Arena 44,Court 2 (Outdoor),Not Booked,450,14 Sep 06:06
2026-09-14,Mon,7:00 pm to 7:30 pm,Arena 44,Court 2 (Outdoor),Booked,450,14 Sep 18:12
2026-09-14,Mon,7:30 am to 8:00 am,Arena 44,Court 2 (Outdoor),Not Booked,450,14 Sep 07:58
2026-09-14,Mon,7:30 pm to 8:00 pm,Arena 44,Court 2 (Outdoor),Booked,450,14 Sep 18:12
2026-09-14,Mon,8:00 am to 8:30 am,Arena 44,Court 2 (Outdoor),Not Booked,450,14 Sep 07:58
2026-09-14,Mon,8:00 pm to 8:30 pm,Arena 44,Court 2 (Outdoor),Booked,450,14 Sep 18:12
2026-09-14,Mon,8:30 am to 9:00 am,Arena 44,Court 2 (Outdoor),Not Booked,450,14 Sep 09:06
2026-09-14,Mon,8:30 pm to 9:00 pm,Arena 44,Court 2 (Outdoor),Booked,450,14 Sep 18:12
2026-09-14,Mon,9:00 am to 9:30 am,Arena 44,Court 2 (Outdoor),Not Booked,450,14 Sep 09:34
2026-09-14,Mon,9:00 pm to 9:30 pm,Arena 44,Court 2 (Outdoor),Booked,450,14 Sep 18:12
2026-09-14,Mon,9:30 am to 10:00 am,Arena 44,Court 2 (Outdoor),Not Booked,450,14 Sep 10:05
2026-09-14,Mon,9:30 pm to 10:00 pm,Arena 44,Court 2 (Outdoor),Booked,450,14 Sep 18:12
2026-09-14,Mon,10:00 pm to 10:30 pm,Arena 44,Court 3,Not Booked,550,14 Sep 22:05
2026-09-14,Mon,10:30 pm to 11:00 pm,Arena 44,Court 3,Not Booked,550,14 Sep 22:35
2026-09-14,Mon,6:00 pm to 6:30 pm,Arena 44,Court 3,Not Booked,550,14 Sep 18:39
2026-09-14,Mon,6:30 pm to 7:00 pm,Arena 44,Court 3,Not Booked,550,14 Sep 18:39
2026-09-14,Mon,7:00 pm to 7:30 pm,Arena 44,Court 3,Not Booked,550,14 Sep 19:08
2026-09-14,Mon,7:30 pm to 8:00 pm,Arena 44,Court 3,Not Booked,550,14 Sep 19:34
2026-09-14,Mon,8:00 pm to 8:30 pm,Arena 44,Court 3,Not Booked,550,14 Sep 20:08
2026-09-14,Mon,8:30 pm to 9:00 pm,Arena 44,Court 3,Booked,550,14 Sep 20:38
2026-09-14,Mon,9:00 pm to 9:30 pm,Arena 44,Court 3,Booked,550,14 Sep 21:07
2026-09-14,Mon,9:30 pm to 10:00 pm,Arena 44,Court 3,Booked,550,14 Sep 21:34
2026-09-14,Mon,10:00 am to 10:30 am,Arena 44,Court 3 (Indoor),Not Booked,550,14 Sep 10:34
2026-09-14,Mon,10:00 pm to 10:30 pm,Arena 44,Court 3 (Indoor),Not Booked,550,14 Sep 18:12
2026-09-14,Mon,10:30 am to 11:00 am,Arena 44,Court 3 (Indoor),Not Booked,550,14 Sep 11:04
2026-09-14,Mon,10:30 pm to 11:00 pm,Arena 44,Court 3 (Indoor),Not Booked,550,14 Sep 18:12
2026-09-14,Mon,3:00 pm to 3:30 pm,Arena 44,Court 3 (Indoor),Not Booked,550,14 Sep 14:34
2026-09-14,Mon,3:30 pm to 4:00 pm,Arena 44,Court 3 (Indoor),Not Booked,550,14 Sep 15:33
2026-09-14,Mon,4:00 pm to 4:30 pm,Arena 44,Court 3 (Indoor),Not Booked,550,14 Sep 16:04
2026-09-14,Mon,4:30 pm to 5:00 pm,Arena 44,Court 3 (Indoor),Not Booked,550,14 Sep 16:34
2026-09-14,Mon,5:00 pm to 5:30 pm,Arena 44,Court 3 (Indoor),Not Booked,550,14 Sep 16:34
2026-09-14,Mon,5:30 pm to 6:00 pm,Arena 44,Court 3 (Indoor),Not Booked,550,14 Sep 17:32
2026-09-14,Mon,6:00 pm to 6:30 pm,Arena 44,Court 3 (Indoor),Not Booked,550,14 Sep 18:12
2026-09-14,Mon,6:30 pm to 7:00 pm,Arena 44,Court 3 (Indoor),Not Booked,550,14 Sep 18:12
2026-09-14,Mon,7:00 am to 7:30 am,Arena 44,Court 3 (Indoor),Not Booked,550,14 Sep 06:57
2026-09-14,Mon,7:00 pm to 7:30 pm,Arena 44,Court 3 (Indoor),Not Booked,550,14 Sep 18:12
2026-09-14,Mon,7:30 am to 8:00 am,Arena 44,Court 3 (Indoor),Not Booked,550,14 Sep 07:58
2026-09-14,Mon,7:30 pm to 8:00 pm,Arena 44,Court 3 (Indoor),Not Booked,550,14 Sep 18:12
2026-09-14,Mon,8:00 am to 8:30 am,Arena 44,Court 3 (Indoor),Not Booked,550,14 Sep 07:58
2026-09-14,Mon,8:00 pm to 8:30 pm,Arena 44,Court 3 (Indoor),Not Booked,550,14 Sep 18:12
2026-09-14,Mon,8:30 am to 9:00 am,Arena 44,Court 3 (Indoor),Not Booked,550,14 Sep 09:06
2026-09-14,Mon,8:30 pm to 9:00 pm,Arena 44,Court 3 (Indoor),Not Booked,550,14 Sep 18:12
2026-09-14,Mon,9:00 am to 9:30 am,Arena 44,Court 3 (Indoor),Not Booked,550,14 Sep 09:34
2026-09-14,Mon,9:00 pm to 9:30 pm,Arena 44,Court 3 (Indoor),Not Booked,550,14 Sep 18:12
2026-09-14,Mon,9:30 am to 10:00 am,Arena 44,Court 3 (Indoor),Not Booked,550,14 Sep 10:05
2026-09-14,Mon,9:30 pm to 10:00 pm,Arena 44,Court 3 (Indoor),Not Booked,550,14 Sep 18:12
2026-09-14,Mon,10:00 am to 10:30 am,Arena 44,Court 3 (Outdoor),Not Booked,450,14 Sep 10:34
2026-09-14,Mon,10:00 pm to 10:30 pm,Arena 44,Court 3 (Outdoor),Not Booked,450,14 Sep 17:32
2026-09-14,Mon,10:30 am to 11:00 am,Arena 44,Court 3 (Outdoor),Not Booked,450,14 Sep 11:04
2026-09-14,Mon,10:30 pm to 11:00 pm,Arena 44,Court 3 (Outdoor),Not Booked,450,14 Sep 17:32
2026-09-14,Mon,3:00 pm to 3:30 pm,Arena 44,Court 3 (Outdoor),Not Booked,450,14 Sep 15:08
2026-09-14,Mon,3:30 pm to 4:00 pm,Arena 44,Court 3 (Outdoor),Not Booked,450,14 Sep 15:33
2026-09-14,Mon,4:00 pm to 4:30 pm,Arena 44,Court 3 (Outdoor),Not Booked,450,14 Sep 16:04
2026-09-14,Mon,4:30 pm to 5:00 pm,Arena 44,Court 3 (Outdoor),Not Booked,450,14 Sep 16:34
2026-09-14,Mon,5:00 pm to 5:30 pm,Arena 44,Court 3 (Outdoor),Not Booked,450,14 Sep 17:05
2026-09-14,Mon,5:30 pm to 6:00 pm,Arena 44,Court 3 (Outdoor),Not Booked,450,14 Sep 17:32
2026-09-14,Mon,6:00 pm to 6:30 pm,Arena 44,Court 3 (Outdoor),Booked,450,14 Sep 17:32
2026-09-14,Mon,6:30 pm to 7:00 pm,Arena 44,Court 3 (Outdoor),Booked,450,14 Sep 17:32
2026-09-14,Mon,7:00 am to 7:30 am,Arena 44,Court 3 (Outdoor),Not Booked,450,14 Sep 07:25
2026-09-14,Mon,7:00 pm to 7:30 pm,Arena 44,Court 3 (Outdoor),Booked,450,14 Sep 17:32
2026-09-14,Mon,7:30 am to 8:00 am,Arena 44,Court 3 (Outdoor),Not Booked,450,14 Sep 07:25
2026-09-14,Mon,7:30 pm to 8:00 pm,Arena 44,Court 3 (Outdoor),Booked,450,14 Sep 17:32
2026-09-14,Mon,8:00 am to 8:30 am,Arena 44,Court 3 (Outdoor),Not Booked,450,14 Sep 08:25
2026-09-14,Mon,8:00 pm to 8:30 pm,Arena 44,Court 3 (Outdoor),Booked,450,14 Sep 17:32
2026-09-14,Mon,8:30 am to 9:00 am,Arena 44,Court 3 (Outdoor),Not Booked,450,14 Sep 09:06
2026-09-14,Mon,8:30 pm to 9:00 pm,Arena 44,Court 3 (Outdoor),Booked,450,14 Sep 17:32
2026-09-14,Mon,9:00 am to 9:30 am,Arena 44,Court 3 (Outdoor),Not Booked,450,14 Sep 09:34
2026-09-14,Mon,9:00 pm to 9:30 pm,Arena 44,Court 3 (Outdoor),Booked,450,14 Sep 17:32
2026-09-14,Mon,9:30 am to 10:00 am,Arena 44,Court 3 (Outdoor),Not Booked,450,14 Sep 10:05
2026-09-14,Mon,9:30 pm to 10:00 pm,Arena 44,Court 3 (Outdoor),Not Booked,450,14 Sep 17:32
2026-09-14,Mon,10:00 am to 10:30 am,Arena 44,Court 4 (Outdoor),Not Booked,450,14 Sep 10:05
2026-09-14,Mon,10:00 pm to 10:30 pm,Arena 44,Court 4 (Outdoor),Not Booked,450,14 Sep 18:12
2026-09-14,Mon,10:30 am to 11:00 am,Arena 44,Court 4 (Outdoor),Not Booked,450,14 Sep 11:04
2026-09-14,Mon,10:30 pm to 11:00 pm,Arena 44,Court 4 (Outdoor),Not Booked,450,14 Sep 18:12
2026-09-14,Mon,3:00 pm to 3:30 pm,Arena 44,Court 4 (Outdoor),Not Booked,450,14 Sep 15:08
2026-09-14,Mon,3:30 pm to 4:00 pm,Arena 44,Court 4 (Outdoor),Not Booked,450,14 Sep 15:33
2026-09-14,Mon,4:00 pm to 4:30 pm,Arena 44,Court 4 (Outdoor),Not Booked,450,14 Sep 16:04
2026-09-14,Mon,4:30 pm to 5:00 pm,Arena 44,Court 4 (Outdoor),Not Booked,450,14 Sep 16:34
2026-09-14,Mon,5:00 pm to 5:30 pm,Arena 44,Court 4 (Outdoor),Not Booked,450,14 Sep 17:05
2026-09-14,Mon,5:30 pm to 6:00 pm,Arena 44,Court 4 (Outdoor),Not Booked,450,14 Sep 17:32
2026-09-14,Mon,6:00 pm to 6:30 pm,Arena 44,Court 4 (Outdoor),Booked,450,14 Sep 18:12
2026-09-14,Mon,6:30 pm to 7:00 pm,Arena 44,Court 4 (Outdoor),Booked,450,14 Sep 18:12
2026-09-14,Mon,7:00 am to 7:30 am,Arena 44,Court 4 (Outdoor),Not Booked,450,14 Sep 07:25
2026-09-14,Mon,7:00 pm to 7:30 pm,Arena 44,Court 4 (Outdoor),Booked,450,14 Sep 18:12
2026-09-14,Mon,7:30 am to 8:00 am,Arena 44,Court 4 (Outdoor),Not Booked,450,14 Sep 07:58
2026-09-14,Mon,7:30 pm to 8:00 pm,Arena 44,Court 4 (Outdoor),Booked,450,14 Sep 18:12
2026-09-14,Mon,8:00 am to 8:30 am,Arena 44,Court 4 (Outdoor),Not Booked,450,14 Sep 08:25
2026-09-14,Mon,8:00 pm to 8:30 pm,Arena 44,Court 4 (Outdoor),Booked,450,14 Sep 18:12
2026-09-14,Mon,8:30 am to 9:00 am,Arena 44,Court 4 (Outdoor),Not Booked,450,14 Sep 09:06
2026-09-14,Mon,8:30 pm to 9:00 pm,Arena 44,Court 4 (Outdoor),Booked,450,14 Sep 18:12
2026-09-14,Mon,9:00 am to 9:30 am,Arena 44,Court 4 (Outdoor),Not Booked,450,14 Sep 09:34
2026-09-14,Mon,9:00 pm to 9:30 pm,Arena 44,Court 4 (Outdoor),Not Booked,450,14 Sep 18:12
2026-09-14,Mon,9:30 am to 10:00 am,Arena 44,Court 4 (Outdoor),Not Booked,450,14 Sep 10:05
2026-09-14,Mon,9:30 pm to 10:00 pm,Arena 44,Court 4 (Outdoor),Not Booked,450,14 Sep 18:12
2026-09-14,Mon,10:00 pm to 10:30 pm,Arena 44,Hardy's Court 1,Not Booked,450,14 Sep 22:05
2026-09-14,Mon,10:30 pm to 11:00 pm,Arena 44,Hardy's Court 1,Not Booked,450,14 Sep 22:35
2026-09-14,Mon,6:00 pm to 6:30 pm,Arena 44,Hardy's Court 1,Booked,450,14 Sep 18:39
2026-09-14,Mon,6:30 pm to 7:00 pm,Arena 44,Hardy's Court 1,Not Booked,450,14 Sep 18:39
2026-09-14,Mon,7:00 pm to 7:30 pm,Arena 44,Hardy's Court 1,Booked,450,14 Sep 19:08
2026-09-14,Mon,7:30 pm to 8:00 pm,Arena 44,Hardy's Court 1,Not Booked,450,14 Sep 19:34
2026-09-14,Mon,8:00 pm to 8:30 pm,Arena 44,Hardy's Court 1,Booked,450,14 Sep 20:08
2026-09-14,Mon,8:30 pm to 9:00 pm,Arena 44,Hardy's Court 1,Booked,450,14 Sep 20:38
2026-09-14,Mon,9:00 pm to 9:30 pm,Arena 44,Hardy's Court 1,Booked,450,14 Sep 21:07
2026-09-14,Mon,9:30 pm to 10:00 pm,Arena 44,Hardy's Court 1,Booked,450,14 Sep 21:34
2026-09-14,Mon,10:00 pm to 10:30 pm,Arena 44,Hardy's Court 2,Not Booked,450,14 Sep 22:05
2026-09-14,Mon,10:30 pm to 11:00 pm,Arena 44,Hardy's Court 2,Not Booked,450,14 Sep 22:35
2026-09-14,Mon,6:00 pm to 6:30 pm,Arena 44,Hardy's Court 2,Booked,450,14 Sep 18:39
2026-09-14,Mon,6:30 pm to 7:00 pm,Arena 44,Hardy's Court 2,Booked,450,14 Sep 18:39
2026-09-14,Mon,7:00 pm to 7:30 pm,Arena 44,Hardy's Court 2,Booked,450,14 Sep 19:08
2026-09-14,Mon,7:30 pm to 8:00 pm,Arena 44,Hardy's Court 2,Booked,450,14 Sep 19:34
2026-09-14,Mon,8:00 pm to 8:30 pm,Arena 44,Hardy's Court 2,Booked,450,14 Sep 20:08
2026-09-14,Mon,8:30 pm to 9:00 pm,Arena 44,Hardy's Court 2,Booked,450,14 Sep 20:38
2026-09-14,Mon,9:00 pm to 9:30 pm,Arena 44,Hardy's Court 2,Booked,450,14 Sep 21:07
2026-09-14,Mon,9:30 pm to 10:00 pm,Arena 44,Hardy's Court 2,Booked,450,14 Sep 21:34
2026-09-14,Mon,10:00 pm to 10:30 pm,Arena 44,Hardy's Court 3,Not Booked,450,14 Sep 22:05
2026-09-14,Mon,10:30 pm to 11:00 pm,Arena 44,Hardy's Court 3,Not Booked,450,14 Sep 22:35
2026-09-14,Mon,6:00 pm to 6:30 pm,Arena 44,Hardy's Court 3,Booked,450,14 Sep 18:39
2026-09-14,Mon,6:30 pm to 7:00 pm,Arena 44,Hardy's Court 3,Booked,450,14 Sep 18:39
2026-09-14,Mon,7:00 pm to 7:30 pm,Arena 44,Hardy's Court 3,Booked,450,14 Sep 19:08
2026-09-14,Mon,7:30 pm to 8:00 pm,Arena 44,Hardy's Court 3,Booked,450,14 Sep 19:34
2026-09-14,Mon,8:00 pm to 8:30 pm,Arena 44,Hardy's Court 3,Filling Fast,450,14 Sep 20:08
2026-09-14,Mon,8:30 pm to 9:00 pm,Arena 44,Hardy's Court 3,Filling Fast,450,14 Sep 20:38
2026-09-14,Mon,9:00 pm to 9:30 pm,Arena 44,Hardy's Court 3,Booked,450,14 Sep 21:07
2026-09-14,Mon,9:30 pm to 10:00 pm,Arena 44,Hardy's Court 3,Booked,450,14 Sep 21:07
2026-09-14,Mon,10:00 pm to 10:30 pm,Arena 44,Hardy's Court 4,Booked,450,14 Sep 21:34
2026-09-14,Mon,10:30 pm to 11:00 pm,Arena 44,Hardy's Court 4,Not Booked,450,14 Sep 22:35
2026-09-14,Mon,6:00 pm to 6:30 pm,Arena 44,Hardy's Court 4,Booked,450,14 Sep 18:39
2026-09-14,Mon,6:30 pm to 7:00 pm,Arena 44,Hardy's Court 4,Booked,450,14 Sep 18:39
2026-09-14,Mon,7:00 pm to 7:30 pm,Arena 44,Hardy's Court 4,Booked,450,14 Sep 18:39
2026-09-14,Mon,7:30 pm to 8:00 pm,Arena 44,Hardy's Court 4,Booked,450,14 Sep 19:34
2026-09-14,Mon,8:00 pm to 8:30 pm,Arena 44,Hardy's Court 4,Booked,450,14 Sep 20:08
2026-09-14,Mon,8:30 pm to 9:00 pm,Arena 44,Hardy's Court 4,Booked,450,14 Sep 20:38
2026-09-14,Mon,9:00 pm to 9:30 pm,Arena 44,Hardy's Court 4,Not Booked,450,14 Sep 21:07
2026-09-14,Mon,9:30 pm to 10:00 pm,Arena 44,Hardy's Court 4,Booked,450,14 Sep 21:34
2026-09-14,Mon,10:00 pm to 10:30 pm,CoPlay RISE | Sec 73 Noida,Court 1,Booked,200,14 Sep 22:05
2026-09-14,Mon,10:30 pm to 11:00 pm,CoPlay RISE | Sec 73 Noida,Court 1,Not Booked,200,14 Sep 22:35
2026-09-14,Mon,11:00 pm to 11:30 pm,CoPlay RISE | Sec 73 Noida,Court 1,Not Booked,200,14 Sep 23:04
2026-09-14,Mon,11:30 pm to 12:00 am,CoPlay RISE | Sec 73 Noida,Court 1,Not Booked,200,14 Sep 23:31
2026-09-14,Mon,5:00 am to 5:30 am,CoPlay RISE | Sec 73 Noida,Court 1,Not Booked,200,14 Sep 05:22
2026-09-14,Mon,5:30 am to 6:00 am,CoPlay RISE | Sec 73 Noida,Court 1,Not Booked,200,14 Sep 05:22
2026-09-14,Mon,6:00 am to 6:30 am,CoPlay RISE | Sec 73 Noida,Court 1,Not Booked,200,14 Sep 06:30
2026-09-14,Mon,6:30 am to 7:00 am,CoPlay RISE | Sec 73 Noida,Court 1,Not Booked,200,14 Sep 06:57
2026-09-14,Mon,7:00 am to 7:30 am,CoPlay RISE | Sec 73 Noida,Court 1,Not Booked,200,14 Sep 07:25
2026-09-14,Mon,7:00 pm to 7:30 pm,CoPlay RISE | Sec 73 Noida,Court 1,Not Booked,200,14 Sep 19:08
2026-09-14,Mon,7:30 am to 8:00 am,CoPlay RISE | Sec 73 Noida,Court 1,Not Booked,200,14 Sep 07:58
2026-09-14,Mon,7:30 pm to 8:00 pm,CoPlay RISE | Sec 73 Noida,Court 1,Not Booked,200,14 Sep 19:34
2026-09-14,Mon,8:00 am to 8:30 am,CoPlay RISE | Sec 73 Noida,Court 1,Not Booked,200,14 Sep 08:25
2026-09-14,Mon,8:00 pm to 8:30 pm,CoPlay RISE | Sec 73 Noida,Court 1,Not Booked,200,14 Sep 20:08
2026-09-14,Mon,8:30 am to 9:00 am,CoPlay RISE | Sec 73 Noida,Court 1,Not Booked,200,14 Sep 08:25
2026-09-14,Mon,8:30 pm to 9:00 pm,CoPlay RISE | Sec 73 Noida,Court 1,Not Booked,200,14 Sep 20:38
2026-09-14,Mon,9:00 pm to 9:30 pm,CoPlay RISE | Sec 73 Noida,Court 1,Not Booked,200,14 Sep 21:07
2026-09-14,Mon,9:30 pm to 10:00 pm,CoPlay RISE | Sec 73 Noida,Court 1,Not Booked,200,14 Sep 21:34
2026-09-14,Mon,10:00 pm to 10:30 pm,CoPlay RISE | Sec 73 Noida,Court 2,Not Booked,200,14 Sep 22:05
2026-09-14,Mon,10:30 pm to 11:00 pm,CoPlay RISE | Sec 73 Noida,Court 2,Not Booked,200,14 Sep 22:35
2026-09-14,Mon,11:00 pm to 11:30 pm,CoPlay RISE | Sec 73 Noida,Court 2,Not Booked,200,14 Sep 23:04
2026-09-14,Mon,11:30 pm to 12:00 am,CoPlay RISE | Sec 73 Noida,Court 2,Not Booked,200,14 Sep 23:31
2026-09-14,Mon,5:00 am to 5:30 am,CoPlay RISE | Sec 73 Noida,Court 2,Not Booked,200,14 Sep 05:22
2026-09-14,Mon,5:30 am to 6:00 am,CoPlay RISE | Sec 73 Noida,Court 2,Not Booked,200,14 Sep 05:22
2026-09-14,Mon,6:00 am to 6:30 am,CoPlay RISE | Sec 73 Noida,Court 2,Not Booked,200,14 Sep 06:30
2026-09-14,Mon,6:30 am to 7:00 am,CoPlay RISE | Sec 73 Noida,Court 2,Not Booked,200,14 Sep 06:57
2026-09-14,Mon,7:00 am to 7:30 am,CoPlay RISE | Sec 73 Noida,Court 2,Not Booked,200,14 Sep 07:25
2026-09-14,Mon,7:00 pm to 7:30 pm,CoPlay RISE | Sec 73 Noida,Court 2,Not Booked,200,14 Sep 19:08
2026-09-14,Mon,7:30 am to 8:00 am,CoPlay RISE | Sec 73 Noida,Court 2,Not Booked,200,14 Sep 07:58
2026-09-14,Mon,7:30 pm to 8:00 pm,CoPlay RISE | Sec 73 Noida,Court 2,Not Booked,200,14 Sep 19:34
2026-09-14,Mon,8:00 am to 8:30 am,CoPlay RISE | Sec 73 Noida,Court 2,Not Booked,200,14 Sep 08:25
2026-09-14,Mon,8:00 pm to 8:30 pm,CoPlay RISE | Sec 73 Noida,Court 2,Not Booked,200,14 Sep 20:08
2026-09-14,Mon,8:30 am to 9:00 am,CoPlay RISE | Sec 73 Noida,Court 2,Not Booked,200,14 Sep 08:25
2026-09-14,Mon,8:30 pm to 9:00 pm,CoPlay RISE | Sec 73 Noida,Court 2,Not Booked,200,14 Sep 20:38
2026-09-14,Mon,9:00 pm to 9:30 pm,CoPlay RISE | Sec 73 Noida,Court 2,Not Booked,200,14 Sep 21:07
2026-09-14,Mon,9:30 pm to 10:00 pm,CoPlay RISE | Sec 73 Noida,Court 2,Not Booked,200,14 Sep 21:34
2026-09-14,Mon,4:00 pm to 4:30 pm,CoPlay | Sec 50 Noida,Court 1,Not Booked,350,14 Sep 15:08
2026-09-14,Mon,4:30 pm to 5:00 pm,CoPlay | Sec 50 Noida,Court 1,Not Booked,350,14 Sep 16:34
2026-09-14,Mon,7:00 pm to 7:30 pm,CoPlay | Sec 50 Noida,Court 1,Not Booked,350,14 Sep 19:08
2026-09-14,Mon,7:30 pm to 8:00 pm,CoPlay | Sec 50 Noida,Court 1,Not Booked,350,14 Sep 19:08
2026-09-14,Mon,8:00 pm to 8:30 pm,CoPlay | Sec 50 Noida,Court 1,Not Booked,350,14 Sep 19:08
2026-09-14,Mon,8:30 pm to 9:00 pm,CoPlay | Sec 50 Noida,Court 1,Not Booked,350,14 Sep 20:38
2026-09-14,Mon,4:00 pm to 4:30 pm,CoPlay | Sec 50 Noida,Court 2,Not Booked,350,14 Sep 16:04
2026-09-14,Mon,4:30 pm to 5:00 pm,CoPlay | Sec 50 Noida,Court 2,Not Booked,350,14 Sep 16:34
2026-09-14,Mon,7:00 pm to 7:30 pm,CoPlay | Sec 50 Noida,Court 2,Not Booked,350,14 Sep 19:08
2026-09-14,Mon,7:30 pm to 8:00 pm,CoPlay | Sec 50 Noida,Court 2,Not Booked,350,14 Sep 19:34
2026-09-14,Mon,8:00 pm to 8:30 pm,CoPlay | Sec 50 Noida,Court 2,Not Booked,350,14 Sep 20:08
2026-09-14,Mon,8:30 pm to 9:00 pm,CoPlay | Sec 50 Noida,Court 2,Not Booked,350,14 Sep 20:38
2026-09-14,Mon,4:00 pm to 4:30 pm,CoPlay | Sec 50 Noida,Court 3,Not Booked,350,14 Sep 16:04
2026-09-14,Mon,4:30 pm to 5:00 pm,CoPlay | Sec 50 Noida,Court 3,Not Booked,350,14 Sep 16:34
2026-09-14,Mon,7:00 pm to 7:30 pm,CoPlay | Sec 50 Noida,Court 3,Not Booked,350,14 Sep 18:39
2026-09-14,Mon,7:30 pm to 8:00 pm,CoPlay | Sec 50 Noida,Court 3,Not Booked,350,14 Sep 18:39
2026-09-14,Mon,8:00 pm to 8:30 pm,CoPlay | Sec 50 Noida,Court 3,Not Booked,350,14 Sep 20:08
2026-09-14,Mon,8:30 pm to 9:00 pm,CoPlay | Sec 50 Noida,Court 3,Not Booked,350,14 Sep 20:38
2026-09-14,Mon,10:00 am to 10:30 am,Crickdome,Court 1,Not Booked,400,14 Sep 10:34
2026-09-14,Mon,10:00 pm to 10:30 pm,Crickdome,Court 1,Not Booked,400,14 Sep 22:05
2026-09-14,Mon,10:30 am to 11:00 am,Crickdome,Court 1,Not Booked,400,14 Sep 10:34
2026-09-14,Mon,10:30 pm to 11:00 pm,Crickdome,Court 1,Not Booked,400,14 Sep 22:05
2026-09-14,Mon,11:00 am to 11:30 am,Crickdome,Court 1,Not Booked,400,14 Sep 10:34
2026-09-14,Mon,11:00 pm to 11:30 pm,Crickdome,Court 1,Not Booked,400,14 Sep 22:05
2026-09-14,Mon,11:30 am to 12:00 pm,Crickdome,Court 1,Not Booked,400,14 Sep 10:34
2026-09-14,Mon,11:30 pm to 12:00 am,Crickdome,Court 1,Not Booked,400,14 Sep 22:05
2026-09-14,Mon,12:00 am to 12:30 am,Crickdome,Court 1,Not Booked,400,14 Sep 00:25
2026-09-14,Mon,12:00 pm to 12:30 pm,Crickdome,Court 1,Not Booked,400,14 Sep 10:34
2026-09-14,Mon,12:30 am to 1:00 am,Crickdome,Court 1,Not Booked,400,14 Sep 00:25
2026-09-14,Mon,12:30 pm to 1:00 pm,Crickdome,Court 1,Not Booked,400,14 Sep 10:34
2026-09-14,Mon,1:00 pm to 1:30 pm,Crickdome,Court 1,Not Booked,400,14 Sep 10:34
2026-09-14,Mon,1:30 pm to 2:00 pm,Crickdome,Court 1,Not Booked,400,14 Sep 10:34
2026-09-14,Mon,2:00 pm to 2:30 pm,Crickdome,Court 1,Not Booked,400,14 Sep 14:08
2026-09-14,Mon,2:30 pm to 3:00 pm,Crickdome,Court 1,Not Booked,400,14 Sep 14:08
2026-09-14,Mon,3:00 pm to 3:30 pm,Crickdome,Court 1,Not Booked,400,14 Sep 15:08
2026-09-14,Mon,3:30 pm to 4:00 pm,Crickdome,Court 1,Not Booked,400,14 Sep 15:08
2026-09-14,Mon,4:00 pm to 4:30 pm,Crickdome,Court 1,Not Booked,400,14 Sep 15:08
2026-09-14,Mon,4:30 pm to 5:00 pm,Crickdome,Court 1,Not Booked,400,14 Sep 15:08
2026-09-14,Mon,5:00 am to 5:30 am,Crickdome,Court 1,Not Booked,400,14 Sep 05:22
2026-09-14,Mon,5:00 pm to 5:30 pm,Crickdome,Court 1,Not Booked,400,14 Sep 15:08
2026-09-14,Mon,5:30 am to 6:00 am,Crickdome,Court 1,Not Booked,400,14 Sep 05:22
2026-09-14,Mon,5:30 pm to 6:00 pm,Crickdome,Court 1,Not Booked,400,14 Sep 17:32
2026-09-14,Mon,6:00 am to 6:30 am,Crickdome,Court 1,Not Booked,400,14 Sep 06:30
2026-09-14,Mon,6:00 pm to 6:30 pm,Crickdome,Court 1,Not Booked,400,14 Sep 18:12
2026-09-14,Mon,6:30 am to 7:00 am,Crickdome,Court 1,Not Booked,400,14 Sep 06:57
2026-09-14,Mon,6:30 pm to 7:00 pm,Crickdome,Court 1,Not Booked,400,14 Sep 18:12
2026-09-14,Mon,7:00 am to 7:30 am,Crickdome,Court 1,Not Booked,400,14 Sep 07:25
2026-09-14,Mon,7:00 pm to 7:30 pm,Crickdome,Court 1,Not Booked,400,14 Sep 19:08
2026-09-14,Mon,7:30 am to 8:00 am,Crickdome,Court 1,Not Booked,400,14 Sep 07:25
2026-09-14,Mon,7:30 pm to 8:00 pm,Crickdome,Court 1,Not Booked,400,14 Sep 19:34
2026-09-14,Mon,8:00 am to 8:30 am,Crickdome,Court 1,Not Booked,400,14 Sep 08:25
2026-09-14,Mon,8:00 pm to 8:30 pm,Crickdome,Court 1,Not Booked,400,14 Sep 19:34
2026-09-14,Mon,8:30 am to 9:00 am,Crickdome,Court 1,Not Booked,400,14 Sep 08:25
2026-09-14,Mon,8:30 pm to 9:00 pm,Crickdome,Court 1,Not Booked,400,14 Sep 19:34
2026-09-14,Mon,9:00 am to 9:30 am,Crickdome,Court 1,Not Booked,400,14 Sep 09:34
2026-09-14,Mon,9:00 pm to 9:30 pm,Crickdome,Court 1,Not Booked,400,14 Sep 19:34
2026-09-14,Mon,9:30 am to 10:00 am,Crickdome,Court 1,Not Booked,400,14 Sep 10:05
2026-09-14,Mon,9:30 pm to 10:00 pm,Crickdome,Court 1,Not Booked,400,14 Sep 19:34
2026-09-14,Mon,10:00 am to 10:30 am,Crickdome,Court 2,Not Booked,400,14 Sep 10:34
2026-09-14,Mon,10:00 pm to 10:30 pm,Crickdome,Court 2,Not Booked,400,14 Sep 22:05
2026-09-14,Mon,10:30 am to 11:00 am,Crickdome,Court 2,Not Booked,400,14 Sep 11:04
2026-09-14,Mon,10:30 pm to 11:00 pm,Crickdome,Court 2,Not Booked,400,14 Sep 22:35
2026-09-14,Mon,11:00 am to 11:30 am,Crickdome,Court 2,Not Booked,400,14 Sep 11:32
2026-09-14,Mon,11:00 pm to 11:30 pm,Crickdome,Court 2,Not Booked,400,14 Sep 23:04
2026-09-14,Mon,11:30 am to 12:00 pm,Crickdome,Court 2,Not Booked,400,14 Sep 12:10
2026-09-14,Mon,11:30 pm to 12:00 am,Crickdome,Court 2,Not Booked,400,14 Sep 23:31
2026-09-14,Mon,12:00 pm to 12:30 pm,Crickdome,Court 2,Not Booked,400,14 Sep 12:10
2026-09-14,Mon,12:30 am to 1:00 am,Crickdome,Court 2,Not Booked,400,14 Sep 00:55
2026-09-14,Mon,12:30 pm to 1:00 pm,Crickdome,Court 2,Not Booked,400,14 Sep 12:36
2026-09-14,Mon,1:00 pm to 1:30 pm,Crickdome,Court 2,Not Booked,400,14 Sep 13:11
2026-09-14,Mon,1:30 pm to 2:00 pm,Crickdome,Court 2,Not Booked,400,14 Sep 13:34
2026-09-14,Mon,2:00 pm to 2:30 pm,Crickdome,Court 2,Not Booked,400,14 Sep 13:34
2026-09-14,Mon,2:30 pm to 3:00 pm,Crickdome,Court 2,Not Booked,400,14 Sep 14:34
2026-09-14,Mon,3:00 pm to 3:30 pm,Crickdome,Court 2,Not Booked,400,14 Sep 14:34
2026-09-14,Mon,3:30 pm to 4:00 pm,Crickdome,Court 2,Not Booked,400,14 Sep 15:33
2026-09-14,Mon,4:00 pm to 4:30 pm,Crickdome,Court 2,Not Booked,400,14 Sep 16:04
2026-09-14,Mon,4:30 pm to 5:00 pm,Crickdome,Court 2,Not Booked,400,14 Sep 16:34
2026-09-14,Mon,5:00 am to 5:30 am,Crickdome,Court 2,Not Booked,400,14 Sep 04:56
2026-09-14,Mon,5:00 pm to 5:30 pm,Crickdome,Court 2,Not Booked,400,14 Sep 17:05
2026-09-14,Mon,5:30 am to 6:00 am,Crickdome,Court 2,Not Booked,400,14 Sep 06:06
2026-09-14,Mon,5:30 pm to 6:00 pm,Crickdome,Court 2,Not Booked,400,14 Sep 17:05
2026-09-14,Mon,6:00 am to 6:30 am,Crickdome,Court 2,Not Booked,400,14 Sep 06:06
2026-09-14,Mon,6:00 pm to 6:30 pm,Crickdome,Court 2,Not Booked,400,14 Sep 17:05
2026-09-14,Mon,6:30 am to 7:00 am,Crickdome,Court 2,Not Booked,400,14 Sep 06:06
2026-09-14,Mon,6:30 pm to 7:00 pm,Crickdome,Court 2,Not Booked,400,14 Sep 18:39
2026-09-14,Mon,7:00 am to 7:30 am,Crickdome,Court 2,Not Booked,400,14 Sep 06:06
2026-09-14,Mon,7:00 pm to 7:30 pm,Crickdome,Court 2,Not Booked,400,14 Sep 18:39
2026-09-14,Mon,7:30 am to 8:00 am,Crickdome,Court 2,Not Booked,400,14 Sep 07:58
2026-09-14,Mon,7:30 pm to 8:00 pm,Crickdome,Court 2,Not Booked,400,14 Sep 18:39
2026-09-14,Mon,8:00 am to 8:30 am,Crickdome,Court 2,Not Booked,400,14 Sep 07:58
2026-09-14,Mon,8:00 pm to 8:30 pm,Crickdome,Court 2,Not Booked,400,14 Sep 20:08
2026-09-14,Mon,8:30 am to 9:00 am,Crickdome,Court 2,Not Booked,400,14 Sep 09:06
2026-09-14,Mon,8:30 pm to 9:00 pm,Crickdome,Court 2,Not Booked,400,14 Sep 20:38
2026-09-14,Mon,9:00 am to 9:30 am,Crickdome,Court 2,Not Booked,400,14 Sep 09:06
2026-09-14,Mon,9:00 pm to 9:30 pm,Crickdome,Court 2,Not Booked,400,14 Sep 21:07
2026-09-14,Mon,9:30 am to 10:00 am,Crickdome,Court 2,Not Booked,400,14 Sep 09:06
2026-09-14,Mon,9:30 pm to 10:00 pm,Crickdome,Court 2,Not Booked,400,14 Sep 21:34
2026-09-14,Mon,10:00 am to 10:30 am,Dinking Zone One29,Court 1,Not Booked,300,14 Sep 10:34
2026-09-14,Mon,10:00 pm to 10:30 pm,Dinking Zone One29,Court 1,Not Booked,400,14 Sep 22:05
2026-09-14,Mon,10:30 am to 11:00 am,Dinking Zone One29,Court 1,Not Booked,300,14 Sep 11:04
2026-09-14,Mon,10:30 pm to 11:00 pm,Dinking Zone One29,Court 1,Not Booked,400,14 Sep 22:35
2026-09-14,Mon,11:00 am to 11:30 am,Dinking Zone One29,Court 1,Not Booked,300,14 Sep 11:32
2026-09-14,Mon,11:00 pm to 11:30 pm,Dinking Zone One29,Court 1,Not Booked,400,14 Sep 23:04
2026-09-14,Mon,11:30 am to 12:00 pm,Dinking Zone One29,Court 1,Not Booked,300,14 Sep 11:32
2026-09-14,Mon,11:30 pm to 12:00 am,Dinking Zone One29,Court 1,Not Booked,400,14 Sep 23:04
2026-09-14,Mon,12:00 am to 12:30 am,Dinking Zone One29,Court 1,Not Booked,400,14 Sep 00:25
2026-09-14,Mon,12:00 pm to 12:30 pm,Dinking Zone One29,Court 1,Not Booked,300,14 Sep 12:10
2026-09-14,Mon,12:30 am to 1:00 am,Dinking Zone One29,Court 1,Not Booked,400,14 Sep 00:55
2026-09-14,Mon,12:30 pm to 1:00 pm,Dinking Zone One29,Court 1,Not Booked,300,14 Sep 12:36
2026-09-14,Mon,1:00 am to 1:30 am,Dinking Zone One29,Court 1,Not Booked,400,14 Sep 01:21
2026-09-14,Mon,1:00 pm to 1:30 pm,Dinking Zone One29,Court 1,Not Booked,300,14 Sep 13:11
2026-09-14,Mon,1:30 am to 2:00 am,Dinking Zone One29,Court 1,Not Booked,400,14 Sep 01:58
2026-09-14,Mon,1:30 pm to 2:00 pm,Dinking Zone One29,Court 1,Not Booked,300,14 Sep 13:34
2026-09-14,Mon,2:00 am to 2:30 am,Dinking Zone One29,Court 1,Not Booked,400,14 Sep 02:23
2026-09-14,Mon,2:00 pm to 2:30 pm,Dinking Zone One29,Court 1,Not Booked,300,14 Sep 14:08
2026-09-14,Mon,2:30 am to 3:00 am,Dinking Zone One29,Court 1,Not Booked,400,14 Sep 02:56
2026-09-14,Mon,2:30 pm to 3:00 pm,Dinking Zone One29,Court 1,Not Booked,300,14 Sep 14:34
2026-09-14,Mon,3:00 am to 3:30 am,Dinking Zone One29,Court 1,Not Booked,400,14 Sep 03:22
2026-09-14,Mon,3:00 pm to 3:30 pm,Dinking Zone One29,Court 1,Not Booked,300,14 Sep 15:08
2026-09-14,Mon,3:30 am to 4:00 am,Dinking Zone One29,Court 1,Not Booked,400,14 Sep 03:57
2026-09-14,Mon,3:30 pm to 4:00 pm,Dinking Zone One29,Court 1,Not Booked,300,14 Sep 15:33
2026-09-14,Mon,4:00 am to 4:30 am,Dinking Zone One29,Court 1,Not Booked,400,14 Sep 04:23
2026-09-14,Mon,4:00 pm to 4:30 pm,Dinking Zone One29,Court 1,Not Booked,400,14 Sep 16:04
2026-09-14,Mon,4:30 am to 5:00 am,Dinking Zone One29,Court 1,Not Booked,400,14 Sep 04:56
2026-09-14,Mon,4:30 pm to 5:00 pm,Dinking Zone One29,Court 1,Not Booked,400,14 Sep 16:34
2026-09-14,Mon,5:00 am to 5:30 am,Dinking Zone One29,Court 1,Not Booked,350,14 Sep 05:22
2026-09-14,Mon,5:00 pm to 5:30 pm,Dinking Zone One29,Court 1,Not Booked,400,14 Sep 17:05
2026-09-14,Mon,5:30 am to 6:00 am,Dinking Zone One29,Court 1,Not Booked,350,14 Sep 05:22
2026-09-14,Mon,5:30 pm to 6:00 pm,Dinking Zone One29,Court 1,Not Booked,400,14 Sep 17:32
2026-09-14,Mon,6:00 am to 6:30 am,Dinking Zone One29,Court 1,Not Booked,350,14 Sep 06:30
2026-09-14,Mon,6:00 pm to 6:30 pm,Dinking Zone One29,Court 1,Not Booked,400,14 Sep 18:12
2026-09-14,Mon,6:30 am to 7:00 am,Dinking Zone One29,Court 1,Not Booked,350,14 Sep 06:57
2026-09-14,Mon,6:30 pm to 7:00 pm,Dinking Zone One29,Court 1,Not Booked,400,14 Sep 18:39
2026-09-14,Mon,7:00 am to 7:30 am,Dinking Zone One29,Court 1,Not Booked,350,14 Sep 07:25
2026-09-14,Mon,7:00 pm to 7:30 pm,Dinking Zone One29,Court 1,Not Booked,400,14 Sep 19:08
2026-09-14,Mon,7:30 am to 8:00 am,Dinking Zone One29,Court 1,Not Booked,350,14 Sep 07:58
2026-09-14,Mon,7:30 pm to 8:00 pm,Dinking Zone One29,Court 1,Not Booked,400,14 Sep 19:34
2026-09-14,Mon,8:00 am to 8:30 am,Dinking Zone One29,Court 1,Not Booked,350,14 Sep 08:25
2026-09-14,Mon,8:00 pm to 8:30 pm,Dinking Zone One29,Court 1,Not Booked,400,14 Sep 20:08
2026-09-14,Mon,8:30 am to 9:00 am,Dinking Zone One29,Court 1,Not Booked,350,14 Sep 09:06
2026-09-14,Mon,8:30 pm to 9:00 pm,Dinking Zone One29,Court 1,Not Booked,400,14 Sep 20:38
2026-09-14,Mon,9:00 am to 9:30 am,Dinking Zone One29,Court 1,Not Booked,350,14 Sep 09:34
2026-09-14,Mon,9:00 pm to 9:30 pm,Dinking Zone One29,Court 1,Not Booked,400,14 Sep 21:07
2026-09-14,Mon,9:30 am to 10:00 am,Dinking Zone One29,Court 1,Not Booked,350,14 Sep 10:05
2026-09-14,Mon,9:30 pm to 10:00 pm,Dinking Zone One29,Court 1,Not Booked,400,14 Sep 21:34
2026-09-14,Mon,10:00 am to 10:30 am,Dinking Zone One29,Court 2,Not Booked,300,14 Sep 10:34
2026-09-14,Mon,10:00 pm to 10:30 pm,Dinking Zone One29,Court 2,Not Booked,400,14 Sep 22:05
2026-09-14,Mon,10:30 am to 11:00 am,Dinking Zone One29,Court 2,Not Booked,300,14 Sep 11:04
2026-09-14,Mon,10:30 pm to 11:00 pm,Dinking Zone One29,Court 2,Not Booked,400,14 Sep 22:35
2026-09-14,Mon,11:00 am to 11:30 am,Dinking Zone One29,Court 2,Not Booked,300,14 Sep 11:32
2026-09-14,Mon,11:00 pm to 11:30 pm,Dinking Zone One29,Court 2,Not Booked,400,14 Sep 23:04
2026-09-14,Mon,11:30 am to 12:00 pm,Dinking Zone One29,Court 2,Not Booked,300,14 Sep 11:32
2026-09-14,Mon,11:30 pm to 12:00 am,Dinking Zone One29,Court 2,Not Booked,400,14 Sep 23:31
2026-09-14,Mon,12:00 am to 12:30 am,Dinking Zone One29,Court 2,Not Booked,400,14 Sep 00:25
2026-09-14,Mon,12:00 pm to 12:30 pm,Dinking Zone One29,Court 2,Not Booked,300,14 Sep 12:10
2026-09-14,Mon,12:30 am to 1:00 am,Dinking Zone One29,Court 2,Not Booked,400,14 Sep 00:25
2026-09-14,Mon,12:30 pm to 1:00 pm,Dinking Zone One29,Court 2,Not Booked,300,14 Sep 12:36
2026-09-14,Mon,1:00 am to 1:30 am,Dinking Zone One29,Court 2,Not Booked,400,14 Sep 00:25
2026-09-14,Mon,1:00 pm to 1:30 pm,Dinking Zone One29,Court 2,Not Booked,300,14 Sep 13:11
2026-09-14,Mon,1:30 am to 2:00 am,Dinking Zone One29,Court 2,Not Booked,400,14 Sep 00:25
2026-09-14,Mon,1:30 pm to 2:00 pm,Dinking Zone One29,Court 2,Not Booked,300,14 Sep 13:34
2026-09-14,Mon,2:00 am to 2:30 am,Dinking Zone One29,Court 2,Not Booked,400,14 Sep 00:25
2026-09-14,Mon,2:00 pm to 2:30 pm,Dinking Zone One29,Court 2,Not Booked,300,14 Sep 14:08
2026-09-14,Mon,2:30 am to 3:00 am,Dinking Zone One29,Court 2,Not Booked,400,14 Sep 00:25
2026-09-14,Mon,2:30 pm to 3:00 pm,Dinking Zone One29,Court 2,Not Booked,300,14 Sep 14:34
2026-09-14,Mon,3:00 am to 3:30 am,Dinking Zone One29,Court 2,Not Booked,400,14 Sep 00:25
2026-09-14,Mon,3:00 pm to 3:30 pm,Dinking Zone One29,Court 2,Not Booked,300,14 Sep 15:08
2026-09-14,Mon,3:30 am to 4:00 am,Dinking Zone One29,Court 2,Not Booked,400,14 Sep 00:25
2026-09-14,Mon,3:30 pm to 4:00 pm,Dinking Zone One29,Court 2,Not Booked,300,14 Sep 15:33
2026-09-14,Mon,4:00 am to 4:30 am,Dinking Zone One29,Court 2,Not Booked,400,14 Sep 00:25
2026-09-14,Mon,4:00 pm to 4:30 pm,Dinking Zone One29,Court 2,Not Booked,400,14 Sep 15:33
2026-09-14,Mon,4:30 am to 5:00 am,Dinking Zone One29,Court 2,Not Booked,400,14 Sep 00:25
2026-09-14,Mon,4:30 pm to 5:00 pm,Dinking Zone One29,Court 2,Not Booked,400,14 Sep 15:33
2026-09-14,Mon,5:00 am to 5:30 am,Dinking Zone One29,Court 2,Not Booked,350,14 Sep 00:25
2026-09-14,Mon,5:00 pm to 5:30 pm,Dinking Zone One29,Court 2,Not Booked,400,14 Sep 17:05
2026-09-14,Mon,5:30 am to 6:00 am,Dinking Zone One29,Court 2,Not Booked,350,14 Sep 00:25
2026-09-14,Mon,5:30 pm to 6:00 pm,Dinking Zone One29,Court 2,Not Booked,400,14 Sep 17:32
2026-09-14,Mon,6:00 am to 6:30 am,Dinking Zone One29,Court 2,Not Booked,350,14 Sep 06:30
2026-09-14,Mon,6:00 pm to 6:30 pm,Dinking Zone One29,Court 2,Not Booked,400,14 Sep 18:12
2026-09-14,Mon,6:30 am to 7:00 am,Dinking Zone One29,Court 2,Not Booked,350,14 Sep 06:57
2026-09-14,Mon,6:30 pm to 7:00 pm,Dinking Zone One29,Court 2,Not Booked,400,14 Sep 18:39
2026-09-14,Mon,7:00 am to 7:30 am,Dinking Zone One29,Court 2,Not Booked,350,14 Sep 06:57
2026-09-14,Mon,7:00 pm to 7:30 pm,Dinking Zone One29,Court 2,Not Booked,400,14 Sep 19:08
2026-09-14,Mon,7:30 am to 8:00 am,Dinking Zone One29,Court 2,Not Booked,350,14 Sep 06:57
2026-09-14,Mon,7:30 pm to 8:00 pm,Dinking Zone One29,Court 2,Not Booked,400,14 Sep 19:34
2026-09-14,Mon,8:00 am to 8:30 am,Dinking Zone One29,Court 2,Not Booked,350,14 Sep 08:25
2026-09-14,Mon,8:00 pm to 8:30 pm,Dinking Zone One29,Court 2,Not Booked,400,14 Sep 20:08
2026-09-14,Mon,8:30 am to 9:00 am,Dinking Zone One29,Court 2,Not Booked,350,14 Sep 08:25
2026-09-14,Mon,8:30 pm to 9:00 pm,Dinking Zone One29,Court 2,Booked,400,14 Sep 20:38
2026-09-14,Mon,9:00 am to 9:30 am,Dinking Zone One29,Court 2,Not Booked,350,14 Sep 09:34
2026-09-14,Mon,9:00 pm to 9:30 pm,Dinking Zone One29,Court 2,Not Booked,400,14 Sep 21:07
2026-09-14,Mon,9:30 am to 10:00 am,Dinking Zone One29,Court 2,Not Booked,350,14 Sep 09:34
2026-09-14,Mon,9:30 pm to 10:00 pm,Dinking Zone One29,Court 2,Not Booked,400,14 Sep 21:34
2026-09-14,Mon,10:00 am to 10:30 am,Dinking Zone One29,Court 3,Not Booked,300,14 Sep 10:34
2026-09-14,Mon,10:00 pm to 10:30 pm,Dinking Zone One29,Court 3,Not Booked,400,14 Sep 22:05
2026-09-14,Mon,10:30 am to 11:00 am,Dinking Zone One29,Court 3,Not Booked,300,14 Sep 10:34
2026-09-14,Mon,10:30 pm to 11:00 pm,Dinking Zone One29,Court 3,Not Booked,400,14 Sep 22:35
2026-09-14,Mon,11:00 am to 11:30 am,Dinking Zone One29,Court 3,Not Booked,300,14 Sep 10:34
2026-09-14,Mon,11:00 pm to 11:30 pm,Dinking Zone One29,Court 3,Not Booked,400,14 Sep 23:04
2026-09-14,Mon,11:30 am to 12:00 pm,Dinking Zone One29,Court 3,Not Booked,300,14 Sep 10:34
2026-09-14,Mon,11:30 pm to 12:00 am,Dinking Zone One29,Court 3,Not Booked,400,14 Sep 23:31
2026-09-14,Mon,12:00 pm to 12:30 pm,Dinking Zone One29,Court 3,Not Booked,300,14 Sep 12:10
2026-09-14,Mon,12:30 am to 1:00 am,Dinking Zone One29,Court 3,Not Booked,400,14 Sep 00:55
2026-09-14,Mon,12:30 pm to 1:00 pm,Dinking Zone One29,Court 3,Not Booked,300,14 Sep 12:36
2026-09-14,Mon,1:00 am to 1:30 am,Dinking Zone One29,Court 3,Not Booked,400,14 Sep 01:21
2026-09-14,Mon,1:00 pm to 1:30 pm,Dinking Zone One29,Court 3,Not Booked,300,14 Sep 13:11
2026-09-14,Mon,1:30 am to 2:00 am,Dinking Zone One29,Court 3,Not Booked,400,14 Sep 01:58
2026-09-14,Mon,1:30 pm to 2:00 pm,Dinking Zone One29,Court 3,Not Booked,300,14 Sep 13:11
2026-09-14,Mon,2:00 am to 2:30 am,Dinking Zone One29,Court 3,Not Booked,400,14 Sep 02:23
2026-09-14,Mon,2:00 pm to 2:30 pm,Dinking Zone One29,Court 3,Not Booked,300,14 Sep 13:11
2026-09-14,Mon,2:30 am to 3:00 am,Dinking Zone One29,Court 3,Not Booked,400,14 Sep 02:56
2026-09-14,Mon,2:30 pm to 3:00 pm,Dinking Zone One29,Court 3,Not Booked,300,14 Sep 14:34
2026-09-14,Mon,3:00 am to 3:30 am,Dinking Zone One29,Court 3,Not Booked,400,14 Sep 03:22
2026-09-14,Mon,3:00 pm to 3:30 pm,Dinking Zone One29,Court 3,Not Booked,300,14 Sep 15:08
2026-09-14,Mon,3:30 am to 4:00 am,Dinking Zone One29,Court 3,Not Booked,400,14 Sep 03:57
2026-09-14,Mon,3:30 pm to 4:00 pm,Dinking Zone One29,Court 3,Not Booked,300,14 Sep 15:33
2026-09-14,Mon,4:00 am to 4:30 am,Dinking Zone One29,Court 3,Not Booked,400,14 Sep 04:23
2026-09-14,Mon,4:00 pm to 4:30 pm,Dinking Zone One29,Court 3,Not Booked,400,14 Sep 16:04
2026-09-14,Mon,4:30 am to 5:00 am,Dinking Zone One29,Court 3,Not Booked,400,14 Sep 04:56
2026-09-14,Mon,4:30 pm to 5:00 pm,Dinking Zone One29,Court 3,Not Booked,400,14 Sep 16:34
2026-09-14,Mon,5:00 am to 5:30 am,Dinking Zone One29,Court 3,Not Booked,350,14 Sep 05:22
2026-09-14,Mon,5:00 pm to 5:30 pm,Dinking Zone One29,Court 3,Not Booked,400,14 Sep 17:05
2026-09-14,Mon,5:30 am to 6:00 am,Dinking Zone One29,Court 3,Not Booked,350,14 Sep 05:22
2026-09-14,Mon,5:30 pm to 6:00 pm,Dinking Zone One29,Court 3,Not Booked,400,14 Sep 17:32
2026-09-14,Mon,6:00 am to 6:30 am,Dinking Zone One29,Court 3,Not Booked,350,14 Sep 05:22
2026-09-14,Mon,6:00 pm to 6:30 pm,Dinking Zone One29,Court 3,Not Booked,400,14 Sep 18:12
2026-09-14,Mon,6:30 am to 7:00 am,Dinking Zone One29,Court 3,Not Booked,350,14 Sep 05:22
2026-09-14,Mon,6:30 pm to 7:00 pm,Dinking Zone One29,Court 3,Not Booked,400,14 Sep 18:39
2026-09-14,Mon,7:00 am to 7:30 am,Dinking Zone One29,Court 3,Not Booked,350,14 Sep 07:25
2026-09-14,Mon,7:00 pm to 7:30 pm,Dinking Zone One29,Court 3,Not Booked,400,14 Sep 19:08
2026-09-14,Mon,7:30 am to 8:00 am,Dinking Zone One29,Court 3,Not Booked,350,14 Sep 07:58
2026-09-14,Mon,7:30 pm to 8:00 pm,Dinking Zone One29,Court 3,Not Booked,400,14 Sep 19:34
2026-09-14,Mon,8:00 am to 8:30 am,Dinking Zone One29,Court 3,Not Booked,350,14 Sep 07:58
2026-09-14,Mon,8:00 pm to 8:30 pm,Dinking Zone One29,Court 3,Not Booked,400,14 Sep 20:08
2026-09-14,Mon,8:30 am to 9:00 am,Dinking Zone One29,Court 3,Not Booked,350,14 Sep 07:58
2026-09-14,Mon,8:30 pm to 9:00 pm,Dinking Zone One29,Court 3,Not Booked,400,14 Sep 20:38
2026-09-14,Mon,9:00 am to 9:30 am,Dinking Zone One29,Court 3,Not Booked,350,14 Sep 09:34
2026-09-14,Mon,9:00 pm to 9:30 pm,Dinking Zone One29,Court 3,Not Booked,400,14 Sep 20:38
2026-09-14,Mon,9:30 am to 10:00 am,Dinking Zone One29,Court 3,Not Booked,350,14 Sep 09:34
2026-09-14,Mon,9:30 pm to 10:00 pm,Dinking Zone One29,Court 3,Not Booked,400,14 Sep 21:34
2026-09-14,Mon,3:00 pm to 4:00 pm,Downtown Pickleball | Sector 37,Pickleball Court,Not Booked,800,14 Sep 15:33
2026-09-14,Mon,4:00 pm to 5:00 pm,Downtown Pickleball | Sector 37,Pickleball Court,Not Booked,800,14 Sep 16:34
2026-09-14,Mon,5:00 pm to 6:00 pm,Downtown Pickleball | Sector 37,Pickleball Court,Booked,800,14 Sep 17:32
2026-09-14,Mon,6:00 pm to 7:00 pm,Downtown Pickleball | Sector 37,Pickleball Court,Not Booked,800,14 Sep 18:39
2026-09-14,Mon,7:00 pm to 8:00 pm,Downtown Pickleball | Sector 37,Pickleball Court,Not Booked,800,14 Sep 19:34
2026-09-14,Mon,8:00 pm to 9:00 pm,Downtown Pickleball | Sector 37,Pickleball Court,Not Booked,800,14 Sep 20:38
2026-09-14,Mon,9:00 pm to 10:00 pm,Downtown Pickleball | Sector 37,Pickleball Court,Not Booked,800,14 Sep 21:34
2026-09-14,Mon,10:00 am to 10:30 am,Heat Sports Arena 150,Court 1,Not Booked,450,14 Sep 10:05
2026-09-14,Mon,10:00 pm to 10:30 pm,Heat Sports Arena 150,Court 1,Not Booked,450,14 Sep 22:05
2026-09-14,Mon,10:30 am to 11:00 am,Heat Sports Arena 150,Court 1,Not Booked,450,14 Sep 10:34
2026-09-14,Mon,10:30 pm to 11:00 pm,Heat Sports Arena 150,Court 1,Not Booked,450,14 Sep 22:35
2026-09-14,Mon,11:00 am to 11:30 am,Heat Sports Arena 150,Court 1,Not Booked,450,14 Sep 11:04
2026-09-14,Mon,11:00 pm to 11:30 pm,Heat Sports Arena 150,Court 1,Not Booked,450,14 Sep 23:04
2026-09-14,Mon,11:30 am to 12:00 pm,Heat Sports Arena 150,Court 1,Not Booked,450,14 Sep 11:32
2026-09-14,Mon,11:30 pm to 12:00 am,Heat Sports Arena 150,Court 1,Not Booked,450,14 Sep 23:31
2026-09-14,Mon,12:00 am to 12:30 am,Heat Sports Arena 150,Court 1,Not Booked,450,14 Sep 00:25
2026-09-14,Mon,12:00 pm to 12:30 pm,Heat Sports Arena 150,Court 1,Not Booked,450,14 Sep 12:10
2026-09-14,Mon,12:30 am to 1:00 am,Heat Sports Arena 150,Court 1,Not Booked,450,14 Sep 00:55
2026-09-14,Mon,12:30 pm to 1:00 pm,Heat Sports Arena 150,Court 1,Not Booked,450,14 Sep 12:36
2026-09-14,Mon,1:00 am to 1:30 am,Heat Sports Arena 150,Court 1,Not Booked,450,14 Sep 01:21
2026-09-14,Mon,1:00 pm to 1:30 pm,Heat Sports Arena 150,Court 1,Not Booked,450,14 Sep 13:11
2026-09-14,Mon,1:30 am to 2:00 am,Heat Sports Arena 150,Court 1,Not Booked,450,14 Sep 01:58
2026-09-14,Mon,1:30 pm to 2:00 pm,Heat Sports Arena 150,Court 1,Not Booked,450,14 Sep 13:34
2026-09-14,Mon,2:00 am to 2:30 am,Heat Sports Arena 150,Court 1,Not Booked,450,14 Sep 01:58
2026-09-14,Mon,2:00 pm to 2:30 pm,Heat Sports Arena 150,Court 1,Not Booked,450,14 Sep 14:08
2026-09-14,Mon,2:30 am to 3:00 am,Heat Sports Arena 150,Court 1,Not Booked,450,14 Sep 01:58
2026-09-14,Mon,2:30 pm to 3:00 pm,Heat Sports Arena 150,Court 1,Not Booked,450,14 Sep 14:34
2026-09-14,Mon,3:00 am to 3:30 am,Heat Sports Arena 150,Court 1,Not Booked,450,14 Sep 03:22
2026-09-14,Mon,3:00 pm to 3:30 pm,Heat Sports Arena 150,Court 1,Not Booked,450,14 Sep 15:08
2026-09-14,Mon,3:30 am to 4:00 am,Heat Sports Arena 150,Court 1,Not Booked,450,14 Sep 03:57
2026-09-14,Mon,3:30 pm to 4:00 pm,Heat Sports Arena 150,Court 1,Not Booked,450,14 Sep 15:33
2026-09-14,Mon,4:00 am to 4:30 am,Heat Sports Arena 150,Court 1,Not Booked,450,14 Sep 04:23
2026-09-14,Mon,4:00 pm to 4:30 pm,Heat Sports Arena 150,Court 1,Not Booked,450,14 Sep 16:04
2026-09-14,Mon,4:30 am to 5:00 am,Heat Sports Arena 150,Court 1,Not Booked,450,14 Sep 04:56
2026-09-14,Mon,4:30 pm to 5:00 pm,Heat Sports Arena 150,Court 1,Not Booked,450,14 Sep 16:34
2026-09-14,Mon,5:00 am to 5:30 am,Heat Sports Arena 150,Court 1,Not Booked,450,14 Sep 05:22
2026-09-14,Mon,5:00 pm to 5:30 pm,Heat Sports Arena 150,Court 1,Not Booked,450,14 Sep 17:05
2026-09-14,Mon,5:30 am to 6:00 am,Heat Sports Arena 150,Court 1,Not Booked,450,14 Sep 05:22
2026-09-14,Mon,5:30 pm to 6:00 pm,Heat Sports Arena 150,Court 1,Not Booked,450,14 Sep 17:32
2026-09-14,Mon,6:00 am to 6:30 am,Heat Sports Arena 150,Court 1,Not Booked,450,14 Sep 06:30
2026-09-14,Mon,6:00 pm to 6:30 pm,Heat Sports Arena 150,Court 1,Not Booked,450,14 Sep 18:12
2026-09-14,Mon,6:30 am to 7:00 am,Heat Sports Arena 150,Court 1,Not Booked,450,14 Sep 06:57
2026-09-14,Mon,6:30 pm to 7:00 pm,Heat Sports Arena 150,Court 1,Not Booked,450,14 Sep 18:39
2026-09-14,Mon,7:00 am to 7:30 am,Heat Sports Arena 150,Court 1,Not Booked,450,14 Sep 07:25
2026-09-14,Mon,7:00 pm to 7:30 pm,Heat Sports Arena 150,Court 1,Not Booked,450,14 Sep 19:08
2026-09-14,Mon,7:30 am to 8:00 am,Heat Sports Arena 150,Court 1,Not Booked,450,14 Sep 07:58
2026-09-14,Mon,7:30 pm to 8:00 pm,Heat Sports Arena 150,Court 1,Not Booked,450,14 Sep 19:34
2026-09-14,Mon,8:00 am to 8:30 am,Heat Sports Arena 150,Court 1,Not Booked,450,14 Sep 08:25
2026-09-14,Mon,8:00 pm to 8:30 pm,Heat Sports Arena 150,Court 1,Not Booked,450,14 Sep 20:08
2026-09-14,Mon,8:30 am to 9:00 am,Heat Sports Arena 150,Court 1,Not Booked,450,14 Sep 08:25
2026-09-14,Mon,8:30 pm to 9:00 pm,Heat Sports Arena 150,Court 1,Not Booked,450,14 Sep 20:38
2026-09-14,Mon,9:00 am to 9:30 am,Heat Sports Arena 150,Court 1,Not Booked,450,14 Sep 09:06
2026-09-14,Mon,9:00 pm to 9:30 pm,Heat Sports Arena 150,Court 1,Not Booked,450,14 Sep 21:07
2026-09-14,Mon,9:30 am to 10:00 am,Heat Sports Arena 150,Court 1,Not Booked,450,14 Sep 09:34
2026-09-14,Mon,9:30 pm to 10:00 pm,Heat Sports Arena 150,Court 1,Not Booked,450,14 Sep 21:34
2026-09-14,Mon,10:00 am to 10:30 am,Heat Sports Arena 150,Court 2,Not Booked,450,14 Sep 10:05
2026-09-14,Mon,10:00 pm to 10:30 pm,Heat Sports Arena 150,Court 2,Not Booked,450,14 Sep 22:05
2026-09-14,Mon,10:30 am to 11:00 am,Heat Sports Arena 150,Court 2,Not Booked,450,14 Sep 10:34
2026-09-14,Mon,10:30 pm to 11:00 pm,Heat Sports Arena 150,Court 2,Not Booked,450,14 Sep 22:35
2026-09-14,Mon,11:00 am to 11:30 am,Heat Sports Arena 150,Court 2,Not Booked,450,14 Sep 11:04
2026-09-14,Mon,11:00 pm to 11:30 pm,Heat Sports Arena 150,Court 2,Not Booked,450,14 Sep 23:04
2026-09-14,Mon,11:30 am to 12:00 pm,Heat Sports Arena 150,Court 2,Not Booked,450,14 Sep 11:32
2026-09-14,Mon,11:30 pm to 12:00 am,Heat Sports Arena 150,Court 2,Not Booked,450,14 Sep 23:31
2026-09-14,Mon,12:00 am to 12:30 am,Heat Sports Arena 150,Court 2,Not Booked,450,14 Sep 00:25
2026-09-14,Mon,12:00 pm to 12:30 pm,Heat Sports Arena 150,Court 2,Not Booked,450,14 Sep 12:10
2026-09-14,Mon,12:30 am to 1:00 am,Heat Sports Arena 150,Court 2,Not Booked,450,14 Sep 00:25
2026-09-14,Mon,12:30 pm to 1:00 pm,Heat Sports Arena 150,Court 2,Not Booked,450,14 Sep 12:36
2026-09-14,Mon,1:00 am to 1:30 am,Heat Sports Arena 150,Court 2,Not Booked,450,14 Sep 00:25
2026-09-14,Mon,1:00 pm to 1:30 pm,Heat Sports Arena 150,Court 2,Not Booked,450,14 Sep 13:11
2026-09-14,Mon,1:30 am to 2:00 am,Heat Sports Arena 150,Court 2,Not Booked,450,14 Sep 00:25
2026-09-14,Mon,1:30 pm to 2:00 pm,Heat Sports Arena 150,Court 2,Not Booked,450,14 Sep 13:34
2026-09-14,Mon,2:00 am to 2:30 am,Heat Sports Arena 150,Court 2,Not Booked,450,14 Sep 02:23
2026-09-14,Mon,2:00 pm to 2:30 pm,Heat Sports Arena 150,Court 2,Not Booked,450,14 Sep 14:08
2026-09-14,Mon,2:30 am to 3:00 am,Heat Sports Arena 150,Court 2,Not Booked,450,14 Sep 02:56
2026-09-14,Mon,2:30 pm to 3:00 pm,Heat Sports Arena 150,Court 2,Not Booked,450,14 Sep 14:34
2026-09-14,Mon,3:00 am to 3:30 am,Heat Sports Arena 150,Court 2,Not Booked,450,14 Sep 02:56
2026-09-14,Mon,3:00 pm to 3:30 pm,Heat Sports Arena 150,Court 2,Not Booked,450,14 Sep 15:08
2026-09-14,Mon,3:30 am to 4:00 am,Heat Sports Arena 150,Court 2,Not Booked,450,14 Sep 02:56
2026-09-14,Mon,3:30 pm to 4:00 pm,Heat Sports Arena 150,Court 2,Not Booked,450,14 Sep 15:33
2026-09-14,Mon,4:00 am to 4:30 am,Heat Sports Arena 150,Court 2,Not Booked,450,14 Sep 02:56
2026-09-14,Mon,4:00 pm to 4:30 pm,Heat Sports Arena 150,Court 2,Not Booked,450,14 Sep 16:04
2026-09-14,Mon,4:30 am to 5:00 am,Heat Sports Arena 150,Court 2,Not Booked,450,14 Sep 02:56
2026-09-14,Mon,4:30 pm to 5:00 pm,Heat Sports Arena 150,Court 2,Not Booked,450,14 Sep 16:34
2026-09-14,Mon,5:00 am to 5:30 am,Heat Sports Arena 150,Court 2,Not Booked,450,14 Sep 02:56
2026-09-14,Mon,5:00 pm to 5:30 pm,Heat Sports Arena 150,Court 2,Not Booked,450,14 Sep 17:05
2026-09-14,Mon,5:30 am to 6:00 am,Heat Sports Arena 150,Court 2,Not Booked,450,14 Sep 02:56
2026-09-14,Mon,5:30 pm to 6:00 pm,Heat Sports Arena 150,Court 2,Not Booked,450,14 Sep 17:32
2026-09-14,Mon,6:00 am to 6:30 am,Heat Sports Arena 150,Court 2,Not Booked,450,14 Sep 02:56
2026-09-14,Mon,6:00 pm to 6:30 pm,Heat Sports Arena 150,Court 2,Not Booked,450,14 Sep 18:12
2026-09-14,Mon,6:30 am to 7:00 am,Heat Sports Arena 150,Court 2,Not Booked,450,14 Sep 02:56
2026-09-14,Mon,6:30 pm to 7:00 pm,Heat Sports Arena 150,Court 2,Not Booked,450,14 Sep 18:39
2026-09-14,Mon,7:00 am to 7:30 am,Heat Sports Arena 150,Court 2,Not Booked,450,14 Sep 02:56
2026-09-14,Mon,7:00 pm to 7:30 pm,Heat Sports Arena 150,Court 2,Not Booked,450,14 Sep 19:08
2026-09-14,Mon,7:30 am to 8:00 am,Heat Sports Arena 150,Court 2,Not Booked,450,14 Sep 02:56
2026-09-14,Mon,7:30 pm to 8:00 pm,Heat Sports Arena 150,Court 2,Not Booked,450,14 Sep 19:34
2026-09-14,Mon,8:00 am to 8:30 am,Heat Sports Arena 150,Court 2,Not Booked,450,14 Sep 02:56
2026-09-14,Mon,8:00 pm to 8:30 pm,Heat Sports Arena 150,Court 2,Not Booked,450,14 Sep 20:08
2026-09-14,Mon,8:30 am to 9:00 am,Heat Sports Arena 150,Court 2,Not Booked,450,14 Sep 02:56
2026-09-14,Mon,8:30 pm to 9:00 pm,Heat Sports Arena 150,Court 2,Not Booked,450,14 Sep 20:38
2026-09-14,Mon,9:00 am to 9:30 am,Heat Sports Arena 150,Court 2,Not Booked,450,14 Sep 09:06
2026-09-14,Mon,9:00 pm to 9:30 pm,Heat Sports Arena 150,Court 2,Not Booked,450,14 Sep 21:07
2026-09-14,Mon,9:30 am to 10:00 am,Heat Sports Arena 150,Court 2,Not Booked,450,14 Sep 09:34
2026-09-14,Mon,9:30 pm to 10:00 pm,Heat Sports Arena 150,Court 2,Not Booked,450,14 Sep 21:34
2026-09-14,Mon,10:00 am to 11:00 am,Noida Indoor Stadium,Court 1,Not Booked,944,14 Sep 11:04
2026-09-14,Mon,10:00 pm to 11:00 pm,Noida Indoor Stadium,Court 1,Not Booked,944,14 Sep 22:35
2026-09-14,Mon,11:00 am to 12:00 pm,Noida Indoor Stadium,Court 1,Not Booked,944,14 Sep 11:32
2026-09-14,Mon,11:00 pm to 12:00 am,Noida Indoor Stadium,Court 1,Not Booked,944,14 Sep 23:31
2026-09-14,Mon,12:00 pm to 1:00 pm,Noida Indoor Stadium,Court 1,Not Booked,944,14 Sep 12:36
2026-09-14,Mon,1:00 pm to 2:00 pm,Noida Indoor Stadium,Court 1,Not Booked,944,14 Sep 13:34
2026-09-14,Mon,2:00 pm to 3:00 pm,Noida Indoor Stadium,Court 1,Not Booked,944,14 Sep 14:34
2026-09-14,Mon,3:00 pm to 4:00 pm,Noida Indoor Stadium,Court 1,Not Booked,944,14 Sep 15:33
2026-09-14,Mon,6:00 am to 7:00 am,Noida Indoor Stadium,Court 1,Not Booked,944,14 Sep 06:30
2026-09-14,Mon,7:00 am to 8:00 am,Noida Indoor Stadium,Court 1,Not Booked,944,14 Sep 07:58
2026-09-14,Mon,8:00 am to 9:00 am,Noida Indoor Stadium,Court 1,Not Booked,944,14 Sep 09:06
2026-09-14,Mon,9:00 am to 10:00 am,Noida Indoor Stadium,Court 1,Not Booked,944,14 Sep 10:05
2026-09-14,Mon,9:00 pm to 10:00 pm,Noida Indoor Stadium,Court 1,Not Booked,944,14 Sep 21:34
2026-09-14,Mon,10:00 am to 11:00 am,Noida Indoor Stadium,Court 2,Not Booked,944,14 Sep 10:34
2026-09-14,Mon,10:00 pm to 11:00 pm,Noida Indoor Stadium,Court 2,Not Booked,944,14 Sep 22:35
2026-09-14,Mon,11:00 am to 12:00 pm,Noida Indoor Stadium,Court 2,Not Booked,944,14 Sep 12:10
2026-09-14,Mon,11:00 pm to 12:00 am,Noida Indoor Stadium,Court 2,Not Booked,944,14 Sep 23:04
2026-09-14,Mon,12:00 pm to 1:00 pm,Noida Indoor Stadium,Court 2,Not Booked,944,14 Sep 12:10
2026-09-14,Mon,1:00 pm to 2:00 pm,Noida Indoor Stadium,Court 2,Not Booked,944,14 Sep 13:11
2026-09-14,Mon,2:00 pm to 3:00 pm,Noida Indoor Stadium,Court 2,Not Booked,944,14 Sep 14:34
2026-09-14,Mon,3:00 pm to 4:00 pm,Noida Indoor Stadium,Court 2,Not Booked,944,14 Sep 15:33
2026-09-14,Mon,6:00 am to 7:00 am,Noida Indoor Stadium,Court 2,Not Booked,944,14 Sep 06:57
2026-09-14,Mon,7:00 am to 8:00 am,Noida Indoor Stadium,Court 2,Not Booked,944,14 Sep 06:57
2026-09-14,Mon,8:00 am to 9:00 am,Noida Indoor Stadium,Court 2,Not Booked,944,14 Sep 09:06
2026-09-14,Mon,9:00 am to 10:00 am,Noida Indoor Stadium,Court 2,Not Booked,944,14 Sep 09:34
2026-09-14,Mon,9:00 pm to 10:00 pm,Noida Indoor Stadium,Court 2,Not Booked,944,14 Sep 21:34
2026-09-14,Mon,10:00 am to 11:00 am,Noida Indoor Stadium,Court 3,Not Booked,944,14 Sep 11:04
2026-09-14,Mon,10:00 pm to 11:00 pm,Noida Indoor Stadium,Court 3,Not Booked,944,14 Sep 22:35
2026-09-14,Mon,11:00 am to 12:00 pm,Noida Indoor Stadium,Court 3,Not Booked,944,14 Sep 11:32
2026-09-14,Mon,11:00 pm to 12:00 am,Noida Indoor Stadium,Court 3,Not Booked,944,14 Sep 23:31
2026-09-14,Mon,12:00 pm to 1:00 pm,Noida Indoor Stadium,Court 3,Not Booked,944,14 Sep 12:36
2026-09-14,Mon,1:00 pm to 2:00 pm,Noida Indoor Stadium,Court 3,Not Booked,944,14 Sep 13:34
2026-09-14,Mon,2:00 pm to 3:00 pm,Noida Indoor Stadium,Court 3,Not Booked,944,14 Sep 14:34
2026-09-14,Mon,3:00 pm to 4:00 pm,Noida Indoor Stadium,Court 3,Not Booked,944,14 Sep 15:33
2026-09-14,Mon,6:00 am to 7:00 am,Noida Indoor Stadium,Court 3,Not Booked,944,14 Sep 06:57
2026-09-14,Mon,7:00 am to 8:00 am,Noida Indoor Stadium,Court 3,Not Booked,944,14 Sep 07:58
2026-09-14,Mon,8:00 am to 9:00 am,Noida Indoor Stadium,Court 3,Not Booked,944,14 Sep 09:06
2026-09-14,Mon,9:00 am to 10:00 am,Noida Indoor Stadium,Court 3,Not Booked,944,14 Sep 10:05
2026-09-14,Mon,9:00 pm to 10:00 pm,Noida Indoor Stadium,Court 3,Not Booked,944,14 Sep 21:34
2026-09-14,Mon,10:00 am to 10:30 am,Noida Pickleball Courts | Sec-100,Court 1,Not Booked,400,14 Sep 10:34
2026-09-14,Mon,10:00 pm to 10:30 pm,Noida Pickleball Courts | Sec-100,Court 1,Not Booked,400,14 Sep 22:05
2026-09-14,Mon,10:30 am to 11:00 am,Noida Pickleball Courts | Sec-100,Court 1,Not Booked,400,14 Sep 10:34
2026-09-14,Mon,10:30 pm to 11:00 pm,Noida Pickleball Courts | Sec-100,Court 1,Not Booked,400,14 Sep 22:05
2026-09-14,Mon,11:00 am to 11:30 am,Noida Pickleball Courts | Sec-100,Court 1,Not Booked,400,14 Sep 10:34
2026-09-14,Mon,11:00 pm to 11:30 pm,Noida Pickleball Courts | Sec-100,Court 1,Not Booked,400,14 Sep 23:04
2026-09-14,Mon,11:30 am to 12:00 pm,Noida Pickleball Courts | Sec-100,Court 1,Not Booked,400,14 Sep 12:10
2026-09-14,Mon,11:30 pm to 12:00 am,Noida Pickleball Courts | Sec-100,Court 1,Not Booked,400,14 Sep 23:04
2026-09-14,Mon,12:00 pm to 12:30 pm,Noida Pickleball Courts | Sec-100,Court 1,Not Booked,400,14 Sep 12:10
2026-09-14,Mon,12:30 pm to 1:00 pm,Noida Pickleball Courts | Sec-100,Court 1,Not Booked,400,14 Sep 12:36
2026-09-14,Mon,1:00 pm to 1:30 pm,Noida Pickleball Courts | Sec-100,Court 1,Not Booked,400,14 Sep 13:11
2026-09-14,Mon,1:30 pm to 2:00 pm,Noida Pickleball Courts | Sec-100,Court 1,Not Booked,400,14 Sep 13:34
2026-09-14,Mon,2:00 pm to 2:30 pm,Noida Pickleball Courts | Sec-100,Court 1,Not Booked,400,14 Sep 14:08
2026-09-14,Mon,2:30 pm to 3:00 pm,Noida Pickleball Courts | Sec-100,Court 1,Not Booked,400,14 Sep 14:34
2026-09-14,Mon,3:00 pm to 3:30 pm,Noida Pickleball Courts | Sec-100,Court 1,Not Booked,400,14 Sep 15:08
2026-09-14,Mon,3:30 pm to 4:00 pm,Noida Pickleball Courts | Sec-100,Court 1,Not Booked,400,14 Sep 15:08
2026-09-14,Mon,4:00 pm to 4:30 pm,Noida Pickleball Courts | Sec-100,Court 1,Not Booked,400,14 Sep 15:08
2026-09-14,Mon,4:30 pm to 5:00 pm,Noida Pickleball Courts | Sec-100,Court 1,Not Booked,400,14 Sep 16:34
2026-09-14,Mon,5:00 pm to 5:30 pm,Noida Pickleball Courts | Sec-100,Court 1,Not Booked,400,14 Sep 17:05
2026-09-14,Mon,5:30 pm to 6:00 pm,Noida Pickleball Courts | Sec-100,Court 1,Not Booked,400,14 Sep 17:05
2026-09-14,Mon,6:00 am to 6:30 am,Noida Pickleball Courts | Sec-100,Court 1,Not Booked,400,14 Sep 06:30
2026-09-14,Mon,6:00 pm to 6:30 pm,Noida Pickleball Courts | Sec-100,Court 1,Not Booked,400,14 Sep 18:12
2026-09-14,Mon,6:30 am to 7:00 am,Noida Pickleball Courts | Sec-100,Court 1,Not Booked,400,14 Sep 06:30
2026-09-14,Mon,6:30 pm to 7:00 pm,Noida Pickleball Courts | Sec-100,Court 1,Not Booked,400,14 Sep 18:39
2026-09-14,Mon,7:00 am to 7:30 am,Noida Pickleball Courts | Sec-100,Court 1,Not Booked,400,14 Sep 07:25
2026-09-14,Mon,7:00 pm to 7:30 pm,Noida Pickleball Courts | Sec-100,Court 1,Not Booked,400,14 Sep 19:08
2026-09-14,Mon,7:30 am to 8:00 am,Noida Pickleball Courts | Sec-100,Court 1,Not Booked,400,14 Sep 07:25
2026-09-14,Mon,7:30 pm to 8:00 pm,Noida Pickleball Courts | Sec-100,Court 1,Not Booked,400,14 Sep 19:08
2026-09-14,Mon,8:00 am to 8:30 am,Noida Pickleball Courts | Sec-100,Court 1,Not Booked,400,14 Sep 08:25
2026-09-14,Mon,8:00 pm to 8:30 pm,Noida Pickleball Courts | Sec-100,Court 1,Not Booked,400,14 Sep 19:08
2026-09-14,Mon,8:30 am to 9:00 am,Noida Pickleball Courts | Sec-100,Court 1,Not Booked,400,14 Sep 08:25
2026-09-14,Mon,8:30 pm to 9:00 pm,Noida Pickleball Courts | Sec-100,Court 1,Not Booked,400,14 Sep 19:08
2026-09-14,Mon,9:00 am to 9:30 am,Noida Pickleball Courts | Sec-100,Court 1,Not Booked,400,14 Sep 09:34
2026-09-14,Mon,9:00 pm to 9:30 pm,Noida Pickleball Courts | Sec-100,Court 1,Not Booked,400,14 Sep 19:08
2026-09-14,Mon,9:30 am to 10:00 am,Noida Pickleball Courts | Sec-100,Court 1,Not Booked,400,14 Sep 10:05
2026-09-14,Mon,9:30 pm to 10:00 pm,Noida Pickleball Courts | Sec-100,Court 1,Not Booked,400,14 Sep 21:34
2026-09-14,Mon,10:00 am to 10:30 am,Noida Pickleball Courts | Sec-100,Court 2,Not Booked,400,14 Sep 10:34
2026-09-14,Mon,10:00 pm to 10:30 pm,Noida Pickleball Courts | Sec-100,Court 2,Not Booked,400,14 Sep 22:05
2026-09-14,Mon,10:30 am to 11:00 am,Noida Pickleball Courts | Sec-100,Court 2,Not Booked,400,14 Sep 11:04
2026-09-14,Mon,10:30 pm to 11:00 pm,Noida Pickleball Courts | Sec-100,Court 2,Not Booked,400,14 Sep 22:35
2026-09-14,Mon,11:00 am to 11:30 am,Noida Pickleball Courts | Sec-100,Court 2,Not Booked,400,14 Sep 11:32
2026-09-14,Mon,11:00 pm to 11:30 pm,Noida Pickleball Courts | Sec-100,Court 2,Not Booked,400,14 Sep 23:04
2026-09-14,Mon,11:30 am to 12:00 pm,Noida Pickleball Courts | Sec-100,Court 2,Not Booked,400,14 Sep 11:32
2026-09-14,Mon,11:30 pm to 12:00 am,Noida Pickleball Courts | Sec-100,Court 2,Not Booked,400,14 Sep 23:31
2026-09-14,Mon,12:00 pm to 12:30 pm,Noida Pickleball Courts | Sec-100,Court 2,Not Booked,400,14 Sep 12:10
2026-09-14,Mon,12:30 pm to 1:00 pm,Noida Pickleball Courts | Sec-100,Court 2,Not Booked,400,14 Sep 12:36
2026-09-14,Mon,1:00 pm to 1:30 pm,Noida Pickleball Courts | Sec-100,Court 2,Not Booked,400,14 Sep 13:11
2026-09-14,Mon,1:30 pm to 2:00 pm,Noida Pickleball Courts | Sec-100,Court 2,Not Booked,400,14 Sep 13:34
2026-09-14,Mon,2:00 pm to 2:30 pm,Noida Pickleball Courts | Sec-100,Court 2,Not Booked,400,14 Sep 14:08
2026-09-14,Mon,2:30 pm to 3:00 pm,Noida Pickleball Courts | Sec-100,Court 2,Not Booked,400,14 Sep 14:34
2026-09-14,Mon,3:00 pm to 3:30 pm,Noida Pickleball Courts | Sec-100,Court 2,Not Booked,400,14 Sep 15:08
2026-09-14,Mon,3:30 pm to 4:00 pm,Noida Pickleball Courts | Sec-100,Court 2,Not Booked,400,14 Sep 15:33
2026-09-14,Mon,4:00 pm to 4:30 pm,Noida Pickleball Courts | Sec-100,Court 2,Not Booked,400,14 Sep 16:04
2026-09-14,Mon,4:30 pm to 5:00 pm,Noida Pickleball Courts | Sec-100,Court 2,Not Booked,400,14 Sep 16:34
2026-09-14,Mon,5:00 pm to 5:30 pm,Noida Pickleball Courts | Sec-100,Court 2,Not Booked,400,14 Sep 17:05
2026-09-14,Mon,5:30 pm to 6:00 pm,Noida Pickleball Courts | Sec-100,Court 2,Not Booked,400,14 Sep 17:32
2026-09-14,Mon,6:00 am to 6:30 am,Noida Pickleball Courts | Sec-100,Court 2,Not Booked,400,14 Sep 06:30
2026-09-14,Mon,6:00 pm to 6:30 pm,Noida Pickleball Courts | Sec-100,Court 2,Not Booked,400,14 Sep 18:12
2026-09-14,Mon,6:30 am to 7:00 am,Noida Pickleball Courts | Sec-100,Court 2,Not Booked,400,14 Sep 06:57
2026-09-14,Mon,6:30 pm to 7:00 pm,Noida Pickleball Courts | Sec-100,Court 2,Not Booked,400,14 Sep 18:39
2026-09-14,Mon,7:00 am to 7:30 am,Noida Pickleball Courts | Sec-100,Court 2,Not Booked,400,14 Sep 07:25
2026-09-14,Mon,7:00 pm to 7:30 pm,Noida Pickleball Courts | Sec-100,Court 2,Not Booked,400,14 Sep 19:08
2026-09-14,Mon,7:30 am to 8:00 am,Noida Pickleball Courts | Sec-100,Court 2,Not Booked,400,14 Sep 07:58
2026-09-14,Mon,7:30 pm to 8:00 pm,Noida Pickleball Courts | Sec-100,Court 2,Not Booked,400,14 Sep 19:34
2026-09-14,Mon,8:00 am to 8:30 am,Noida Pickleball Courts | Sec-100,Court 2,Not Booked,400,14 Sep 08:25
2026-09-14,Mon,8:00 pm to 8:30 pm,Noida Pickleball Courts | Sec-100,Court 2,Not Booked,400,14 Sep 20:08
2026-09-14,Mon,8:30 am to 9:00 am,Noida Pickleball Courts | Sec-100,Court 2,Not Booked,400,14 Sep 09:06
2026-09-14,Mon,8:30 pm to 9:00 pm,Noida Pickleball Courts | Sec-100,Court 2,Not Booked,400,14 Sep 20:38
2026-09-14,Mon,9:00 am to 9:30 am,Noida Pickleball Courts | Sec-100,Court 2,Not Booked,400,14 Sep 09:34
2026-09-14,Mon,9:00 pm to 9:30 pm,Noida Pickleball Courts | Sec-100,Court 2,Not Booked,400,14 Sep 21:07
2026-09-14,Mon,9:30 am to 10:00 am,Noida Pickleball Courts | Sec-100,Court 2,Not Booked,400,14 Sep 10:05
2026-09-14,Mon,9:30 pm to 10:00 pm,Noida Pickleball Courts | Sec-100,Court 2,Not Booked,400,14 Sep 21:34
2026-09-14,Mon,10:00 am to 11:00 am,Pickit | Vijay Sri Academy,Court 1,Not Booked,600,14 Sep 11:04
2026-09-14,Mon,10:00 pm to 11:00 pm,Pickit | Vijay Sri Academy,Court 1,Not Booked,600,14 Sep 22:05
2026-09-14,Mon,11:00 am to 12:00 pm,Pickit | Vijay Sri Academy,Court 1,Not Booked,600,14 Sep 11:32
2026-09-14,Mon,11:00 pm to 12:00 am,Pickit | Vijay Sri Academy,Court 1,Not Booked,600,14 Sep 23:31
2026-09-14,Mon,12:00 pm to 1:00 pm,Pickit | Vijay Sri Academy,Court 1,Not Booked,600,14 Sep 12:36
2026-09-14,Mon,1:00 pm to 2:00 pm,Pickit | Vijay Sri Academy,Court 1,Not Booked,600,14 Sep 13:34
2026-09-14,Mon,2:00 pm to 3:00 pm,Pickit | Vijay Sri Academy,Court 1,Not Booked,600,14 Sep 14:34
2026-09-14,Mon,3:00 pm to 4:00 pm,Pickit | Vijay Sri Academy,Court 1,Not Booked,600,14 Sep 15:33
2026-09-14,Mon,4:00 pm to 5:00 pm,Pickit | Vijay Sri Academy,Court 1,Not Booked,600,14 Sep 16:34
2026-09-14,Mon,5:00 pm to 6:00 pm,Pickit | Vijay Sri Academy,Court 1,Not Booked,600,14 Sep 17:32
2026-09-14,Mon,6:00 am to 7:00 am,Pickit | Vijay Sri Academy,Court 1,Not Booked,600,14 Sep 06:57
2026-09-14,Mon,6:00 pm to 7:00 pm,Pickit | Vijay Sri Academy,Court 1,Not Booked,600,14 Sep 18:39
2026-09-14,Mon,7:00 am to 8:00 am,Pickit | Vijay Sri Academy,Court 1,Not Booked,600,14 Sep 07:58
2026-09-14,Mon,7:00 pm to 8:00 pm,Pickit | Vijay Sri Academy,Court 1,Not Booked,600,14 Sep 19:34
2026-09-14,Mon,8:00 am to 9:00 am,Pickit | Vijay Sri Academy,Court 1,Not Booked,600,14 Sep 08:25
2026-09-14,Mon,8:00 pm to 9:00 pm,Pickit | Vijay Sri Academy,Court 1,Not Booked,600,14 Sep 20:38
2026-09-14,Mon,9:00 am to 10:00 am,Pickit | Vijay Sri Academy,Court 1,Not Booked,600,14 Sep 09:34
2026-09-14,Mon,9:00 pm to 10:00 pm,Pickit | Vijay Sri Academy,Court 1,Not Booked,600,14 Sep 21:34
2026-09-14,Mon,10:00 am to 11:00 am,Pickit | Vijay Sri Academy,Court 2,Not Booked,600,14 Sep 11:04
2026-09-14,Mon,10:00 pm to 11:00 pm,Pickit | Vijay Sri Academy,Court 2,Not Booked,600,14 Sep 22:35
2026-09-14,Mon,11:00 am to 12:00 pm,Pickit | Vijay Sri Academy,Court 2,Not Booked,600,14 Sep 11:32
2026-09-14,Mon,11:00 pm to 12:00 am,Pickit | Vijay Sri Academy,Court 2,Not Booked,600,14 Sep 23:31
2026-09-14,Mon,12:00 pm to 1:00 pm,Pickit | Vijay Sri Academy,Court 2,Not Booked,600,14 Sep 12:36
2026-09-14,Mon,1:00 pm to 2:00 pm,Pickit | Vijay Sri Academy,Court 2,Not Booked,600,14 Sep 13:34
2026-09-14,Mon,2:00 pm to 3:00 pm,Pickit | Vijay Sri Academy,Court 2,Not Booked,600,14 Sep 14:34
2026-09-14,Mon,3:00 pm to 4:00 pm,Pickit | Vijay Sri Academy,Court 2,Not Booked,600,14 Sep 15:33
2026-09-14,Mon,4:00 pm to 5:00 pm,Pickit | Vijay Sri Academy,Court 2,Not Booked,600,14 Sep 16:34
2026-09-14,Mon,5:00 pm to 6:00 pm,Pickit | Vijay Sri Academy,Court 2,Not Booked,600,14 Sep 17:05
2026-09-14,Mon,6:00 am to 7:00 am,Pickit | Vijay Sri Academy,Court 2,Not Booked,600,14 Sep 04:56
2026-09-14,Mon,6:00 pm to 7:00 pm,Pickit | Vijay Sri Academy,Court 2,Not Booked,600,14 Sep 18:39
2026-09-14,Mon,7:00 am to 8:00 am,Pickit | Vijay Sri Academy,Court 2,Not Booked,600,14 Sep 07:25
2026-09-14,Mon,7:00 pm to 8:00 pm,Pickit | Vijay Sri Academy,Court 2,Not Booked,600,14 Sep 19:34
2026-09-14,Mon,8:00 am to 9:00 am,Pickit | Vijay Sri Academy,Court 2,Not Booked,600,14 Sep 07:25
2026-09-14,Mon,8:00 pm to 9:00 pm,Pickit | Vijay Sri Academy,Court 2,Not Booked,600,14 Sep 20:38
2026-09-14,Mon,9:00 am to 10:00 am,Pickit | Vijay Sri Academy,Court 2,Not Booked,600,14 Sep 09:34
2026-09-14,Mon,9:00 pm to 10:00 pm,Pickit | Vijay Sri Academy,Court 2,Not Booked,600,14 Sep 21:34
2026-09-14,Mon,10:00 am to 11:00 am,Pickit | Vijay Sri Academy,Court 3,Not Booked,600,14 Sep 11:04
2026-09-14,Mon,10:00 pm to 11:00 pm,Pickit | Vijay Sri Academy,Court 3,Not Booked,600,14 Sep 22:35
2026-09-14,Mon,11:00 am to 12:00 pm,Pickit | Vijay Sri Academy,Court 3,Not Booked,600,14 Sep 11:32
2026-09-14,Mon,11:00 pm to 12:00 am,Pickit | Vijay Sri Academy,Court 3,Not Booked,600,14 Sep 23:31
2026-09-14,Mon,12:00 pm to 1:00 pm,Pickit | Vijay Sri Academy,Court 3,Not Booked,600,14 Sep 12:36
2026-09-14,Mon,1:00 pm to 2:00 pm,Pickit | Vijay Sri Academy,Court 3,Not Booked,600,14 Sep 13:34
2026-09-14,Mon,2:00 pm to 3:00 pm,Pickit | Vijay Sri Academy,Court 3,Not Booked,600,14 Sep 14:34
2026-09-14,Mon,3:00 pm to 4:00 pm,Pickit | Vijay Sri Academy,Court 3,Not Booked,600,14 Sep 15:33
2026-09-14,Mon,4:00 pm to 5:00 pm,Pickit | Vijay Sri Academy,Court 3,Not Booked,600,14 Sep 16:34
2026-09-14,Mon,5:00 pm to 6:00 pm,Pickit | Vijay Sri Academy,Court 3,Not Booked,600,14 Sep 17:32
2026-09-14,Mon,6:00 am to 7:00 am,Pickit | Vijay Sri Academy,Court 3,Not Booked,600,14 Sep 06:57
2026-09-14,Mon,6:00 pm to 7:00 pm,Pickit | Vijay Sri Academy,Court 3,Not Booked,600,14 Sep 18:39
2026-09-14,Mon,7:00 am to 8:00 am,Pickit | Vijay Sri Academy,Court 3,Not Booked,600,14 Sep 07:58
2026-09-14,Mon,7:00 pm to 8:00 pm,Pickit | Vijay Sri Academy,Court 3,Not Booked,600,14 Sep 19:34
2026-09-14,Mon,8:00 am to 9:00 am,Pickit | Vijay Sri Academy,Court 3,Not Booked,600,14 Sep 08:25
2026-09-14,Mon,8:00 pm to 9:00 pm,Pickit | Vijay Sri Academy,Court 3,Not Booked,600,14 Sep 20:38
2026-09-14,Mon,9:00 am to 10:00 am,Pickit | Vijay Sri Academy,Court 3,Not Booked,600,14 Sep 09:34
2026-09-14,Mon,9:00 pm to 10:00 pm,Pickit | Vijay Sri Academy,Court 3,Not Booked,600,14 Sep 21:34
2026-09-14,Mon,10:00 pm to 10:30 pm,Pickle Pros | Noida,Pickleball Court 1,Not Booked,400,14 Sep 22:05
2026-09-14,Mon,3:30 pm to 4:00 pm,Pickle Pros | Noida,Pickleball Court 1,Not Booked,400,14 Sep 15:33
2026-09-14,Mon,4:00 pm to 4:30 pm,Pickle Pros | Noida,Pickleball Court 1,Not Booked,400,14 Sep 16:04
2026-09-14,Mon,4:30 pm to 5:00 pm,Pickle Pros | Noida,Pickleball Court 1,Not Booked,400,14 Sep 16:34
2026-09-14,Mon,5:00 pm to 5:30 pm,Pickle Pros | Noida,Pickleball Court 1,Not Booked,400,14 Sep 16:34
2026-09-14,Mon,5:30 pm to 6:00 pm,Pickle Pros | Noida,Pickleball Court 1,Not Booked,400,14 Sep 17:32
2026-09-14,Mon,6:00 pm to 6:30 pm,Pickle Pros | Noida,Pickleball Court 1,Not Booked,400,14 Sep 18:12
2026-09-14,Mon,6:30 pm to 7:00 pm,Pickle Pros | Noida,Pickleball Court 1,Not Booked,400,14 Sep 18:39
2026-09-14,Mon,7:00 pm to 7:30 pm,Pickle Pros | Noida,Pickleball Court 1,Booked,400,14 Sep 18:39
2026-09-14,Mon,7:30 pm to 8:00 pm,Pickle Pros | Noida,Pickleball Court 1,Booked,400,14 Sep 19:34
2026-09-14,Mon,8:00 pm to 8:30 pm,Pickle Pros | Noida,Pickleball Court 1,Not Booked,400,14 Sep 20:08
2026-09-14,Mon,8:30 pm to 9:00 pm,Pickle Pros | Noida,Pickleball Court 1,Not Booked,400,14 Sep 20:38
2026-09-14,Mon,9:00 pm to 9:30 pm,Pickle Pros | Noida,Pickleball Court 1,Not Booked,400,14 Sep 21:07
2026-09-14,Mon,9:30 pm to 10:00 pm,Pickle Pros | Noida,Pickleball Court 1,Not Booked,400,14 Sep 21:07
2026-09-14,Mon,10:00 pm to 10:30 pm,Pickle Pros | Noida,Pickleball Court 2,Not Booked,400,14 Sep 22:05
2026-09-14,Mon,3:30 pm to 4:00 pm,Pickle Pros | Noida,Pickleball Court 2,Not Booked,400,14 Sep 15:33
2026-09-14,Mon,4:00 pm to 4:30 pm,Pickle Pros | Noida,Pickleball Court 2,Not Booked,400,14 Sep 16:04
2026-09-14,Mon,4:30 pm to 5:00 pm,Pickle Pros | Noida,Pickleball Court 2,Not Booked,400,14 Sep 16:34
2026-09-14,Mon,5:00 pm to 5:30 pm,Pickle Pros | Noida,Pickleball Court 2,Not Booked,400,14 Sep 17:05
2026-09-14,Mon,5:30 pm to 6:00 pm,Pickle Pros | Noida,Pickleball Court 2,Not Booked,400,14 Sep 17:32
2026-09-14,Mon,6:00 pm to 6:30 pm,Pickle Pros | Noida,Pickleball Court 2,Not Booked,400,14 Sep 18:12
2026-09-14,Mon,6:30 pm to 7:00 pm,Pickle Pros | Noida,Pickleball Court 2,Not Booked,400,14 Sep 18:39
2026-09-14,Mon,7:00 pm to 7:30 pm,Pickle Pros | Noida,Pickleball Court 2,Not Booked,400,14 Sep 19:08
2026-09-14,Mon,7:30 pm to 8:00 pm,Pickle Pros | Noida,Pickleball Court 2,Not Booked,400,14 Sep 19:34
2026-09-14,Mon,8:00 pm to 8:30 pm,Pickle Pros | Noida,Pickleball Court 2,Not Booked,400,14 Sep 20:08
2026-09-14,Mon,8:30 pm to 9:00 pm,Pickle Pros | Noida,Pickleball Court 2,Not Booked,400,14 Sep 20:38
2026-09-14,Mon,9:00 pm to 9:30 pm,Pickle Pros | Noida,Pickleball Court 2,Not Booked,400,14 Sep 21:07
2026-09-14,Mon,9:30 pm to 10:00 pm,Pickle Pros | Noida,Pickleball Court 2,Not Booked,400,14 Sep 21:34
2026-09-14,Mon,10:00 pm to 10:30 pm,Pickle Pros | Noida,Pickleball Court 3,Not Booked,400,14 Sep 21:34
2026-09-14,Mon,3:30 pm to 4:00 pm,Pickle Pros | Noida,Pickleball Court 3,Not Booked,400,14 Sep 15:33
2026-09-14,Mon,4:00 pm to 4:30 pm,Pickle Pros | Noida,Pickleball Court 3,Not Booked,400,14 Sep 15:33
2026-09-14,Mon,4:30 pm to 5:00 pm,Pickle Pros | Noida,Pickleball Court 3,Not Booked,400,14 Sep 16:34
2026-09-14,Mon,5:00 pm to 5:30 pm,Pickle Pros | Noida,Pickleball Court 3,Not Booked,400,14 Sep 16:34
2026-09-14,Mon,5:30 pm to 6:00 pm,Pickle Pros | Noida,Pickleball Court 3,Not Booked,400,14 Sep 17:32
2026-09-14,Mon,6:00 pm to 6:30 pm,Pickle Pros | Noida,Pickleball Court 3,Not Booked,400,14 Sep 18:12
2026-09-14,Mon,6:30 pm to 7:00 pm,Pickle Pros | Noida,Pickleball Court 3,Not Booked,400,14 Sep 18:39
2026-09-14,Mon,7:00 pm to 7:30 pm,Pickle Pros | Noida,Pickleball Court 3,Not Booked,400,14 Sep 19:08
2026-09-14,Mon,7:30 pm to 8:00 pm,Pickle Pros | Noida,Pickleball Court 3,Not Booked,400,14 Sep 19:08
2026-09-14,Mon,8:00 pm to 8:30 pm,Pickle Pros | Noida,Pickleball Court 3,Not Booked,400,14 Sep 20:08
2026-09-14,Mon,8:30 pm to 9:00 pm,Pickle Pros | Noida,Pickleball Court 3,Not Booked,400,14 Sep 20:38
2026-09-14,Mon,9:00 pm to 9:30 pm,Pickle Pros | Noida,Pickleball Court 3,Not Booked,400,14 Sep 20:38
2026-09-14,Mon,9:30 pm to 10:00 pm,Pickle Pros | Noida,Pickleball Court 3,Not Booked,400,14 Sep 21:34
2026-09-14,Mon,10:00 pm to 10:30 pm,Pickle Pros | Noida,Pickleball Court 4,Not Booked,400,14 Sep 22:05
2026-09-14,Mon,3:30 pm to 4:00 pm,Pickle Pros | Noida,Pickleball Court 4,Not Booked,400,14 Sep 15:33
2026-09-14,Mon,4:00 pm to 4:30 pm,Pickle Pros | Noida,Pickleball Court 4,Not Booked,400,14 Sep 16:04
2026-09-14,Mon,4:30 pm to 5:00 pm,Pickle Pros | Noida,Pickleball Court 4,Not Booked,400,14 Sep 16:34
2026-09-14,Mon,5:00 pm to 5:30 pm,Pickle Pros | Noida,Pickleball Court 4,Not Booked,400,14 Sep 17:05
2026-09-14,Mon,5:30 pm to 6:00 pm,Pickle Pros | Noida,Pickleball Court 4,Not Booked,400,14 Sep 17:32
2026-09-14,Mon,6:00 pm to 6:30 pm,Pickle Pros | Noida,Pickleball Court 4,Not Booked,400,14 Sep 18:12
2026-09-14,Mon,6:30 pm to 7:00 pm,Pickle Pros | Noida,Pickleball Court 4,Not Booked,400,14 Sep 18:39
2026-09-14,Mon,7:00 pm to 7:30 pm,Pickle Pros | Noida,Pickleball Court 4,Not Booked,400,14 Sep 18:39
2026-09-14,Mon,7:30 pm to 8:00 pm,Pickle Pros | Noida,Pickleball Court 4,Not Booked,400,14 Sep 19:34
2026-09-14,Mon,8:00 pm to 8:30 pm,Pickle Pros | Noida,Pickleball Court 4,Not Booked,400,14 Sep 20:08
2026-09-14,Mon,8:30 pm to 9:00 pm,Pickle Pros | Noida,Pickleball Court 4,Not Booked,400,14 Sep 20:38
2026-09-14,Mon,9:00 pm to 9:30 pm,Pickle Pros | Noida,Pickleball Court 4,Not Booked,400,14 Sep 21:07
2026-09-14,Mon,9:30 pm to 10:00 pm,Pickle Pros | Noida,Pickleball Court 4,Not Booked,400,14 Sep 21:34
2026-09-14,Mon,10:00 am to 10:30 am,Pickleflow Social,Court 1,Not Booked,500,14 Sep 10:05
2026-09-14,Mon,10:00 pm to 10:30 pm,Pickleflow Social,Court 1,Not Booked,500,14 Sep 22:05
2026-09-14,Mon,10:30 am to 11:00 am,Pickleflow Social,Court 1,Not Booked,500,14 Sep 11:04
2026-09-14,Mon,10:30 pm to 11:00 pm,Pickleflow Social,Court 1,Not Booked,500,14 Sep 22:35
2026-09-14,Mon,11:00 am to 11:30 am,Pickleflow Social,Court 1,Not Booked,500,14 Sep 11:32
2026-09-14,Mon,11:00 pm to 11:30 pm,Pickleflow Social,Court 1,Not Booked,500,14 Sep 23:04
2026-09-14,Mon,11:30 am to 12:00 pm,Pickleflow Social,Court 1,Not Booked,500,14 Sep 11:32
2026-09-14,Mon,11:30 pm to 12:00 am,Pickleflow Social,Court 1,Not Booked,500,14 Sep 23:31
2026-09-14,Mon,12:00 am to 12:30 am,Pickleflow Social,Court 1,Not Booked,400,14 Sep 00:25
2026-09-14,Mon,12:00 pm to 12:30 pm,Pickleflow Social,Court 1,Not Booked,500,14 Sep 11:32
2026-09-14,Mon,12:30 am to 1:00 am,Pickleflow Social,Court 1,Not Booked,400,14 Sep 00:55
2026-09-14,Mon,12:30 pm to 1:00 pm,Pickleflow Social,Court 1,Not Booked,500,14 Sep 11:32
2026-09-14,Mon,1:00 am to 1:30 am,Pickleflow Social,Court 1,Not Booked,400,14 Sep 01:21
2026-09-14,Mon,1:00 pm to 1:30 pm,Pickleflow Social,Court 1,Not Booked,500,14 Sep 11:32
2026-09-14,Mon,1:30 am to 2:00 am,Pickleflow Social,Court 1,Not Booked,400,14 Sep 01:58
2026-09-14,Mon,1:30 pm to 2:00 pm,Pickleflow Social,Court 1,Not Booked,500,14 Sep 13:34
2026-09-14,Mon,2:00 pm to 2:30 pm,Pickleflow Social,Court 1,Not Booked,500,14 Sep 14:08
2026-09-14,Mon,2:30 pm to 3:00 pm,Pickleflow Social,Court 1,Not Booked,500,14 Sep 14:34
2026-09-14,Mon,3:00 pm to 3:30 pm,Pickleflow Social,Court 1,Not Booked,500,14 Sep 15:08
2026-09-14,Mon,3:30 pm to 4:00 pm,Pickleflow Social,Court 1,Not Booked,500,14 Sep 15:33
2026-09-14,Mon,4:00 pm to 4:30 pm,Pickleflow Social,Court 1,Not Booked,500,14 Sep 16:04
2026-09-14,Mon,4:30 pm to 5:00 pm,Pickleflow Social,Court 1,Not Booked,500,14 Sep 16:34
2026-09-14,Mon,5:00 pm to 5:30 pm,Pickleflow Social,Court 1,Not Booked,500,14 Sep 16:34
2026-09-14,Mon,5:30 pm to 6:00 pm,Pickleflow Social,Court 1,Not Booked,500,14 Sep 16:34
2026-09-14,Mon,6:00 pm to 6:30 pm,Pickleflow Social,Court 1,Not Booked,500,14 Sep 16:34
2026-09-14,Mon,6:30 pm to 7:00 pm,Pickleflow Social,Court 1,Not Booked,500,14 Sep 16:34
2026-09-14,Mon,7:00 am to 7:30 am,Pickleflow Social,Court 1,Not Booked,500,14 Sep 07:25
2026-09-14,Mon,7:00 pm to 7:30 pm,Pickleflow Social,Court 1,Booked,500,14 Sep 19:08
2026-09-14,Mon,7:30 am to 8:00 am,Pickleflow Social,Court 1,Not Booked,500,14 Sep 07:58
2026-09-14,Mon,7:30 pm to 8:00 pm,Pickleflow Social,Court 1,Booked,500,14 Sep 19:34
2026-09-14,Mon,8:00 am to 8:30 am,Pickleflow Social,Court 1,Not Booked,500,14 Sep 08:25
2026-09-14,Mon,8:00 pm to 8:30 pm,Pickleflow Social,Court 1,Booked,500,14 Sep 20:08
2026-09-14,Mon,8:30 am to 9:00 am,Pickleflow Social,Court 1,Not Booked,500,14 Sep 09:06
2026-09-14,Mon,8:30 pm to 9:00 pm,Pickleflow Social,Court 1,Booked,500,14 Sep 20:38
2026-09-14,Mon,9:00 am to 9:30 am,Pickleflow Social,Court 1,Not Booked,500,14 Sep 09:34
2026-09-14,Mon,9:00 pm to 9:30 pm,Pickleflow Social,Court 1,Not Booked,500,14 Sep 20:38
2026-09-14,Mon,9:30 am to 10:00 am,Pickleflow Social,Court 1,Not Booked,500,14 Sep 10:05
2026-09-14,Mon,9:30 pm to 10:00 pm,Pickleflow Social,Court 1,Not Booked,500,14 Sep 21:34
2026-09-14,Mon,10:00 am to 10:30 am,Pickleflow Social,Court 2,Not Booked,500,14 Sep 10:34
2026-09-14,Mon,10:00 pm to 10:30 pm,Pickleflow Social,Court 2,Not Booked,500,14 Sep 22:05
2026-09-14,Mon,10:30 am to 11:00 am,Pickleflow Social,Court 2,Not Booked,500,14 Sep 11:04
2026-09-14,Mon,10:30 pm to 11:00 pm,Pickleflow Social,Court 2,Not Booked,500,14 Sep 22:05
2026-09-14,Mon,11:00 am to 11:30 am,Pickleflow Social,Court 2,Not Booked,500,14 Sep 11:32
2026-09-14,Mon,11:00 pm to 11:30 pm,Pickleflow Social,Court 2,Not Booked,500,14 Sep 23:04
2026-09-14,Mon,11:30 am to 12:00 pm,Pickleflow Social,Court 2,Not Booked,500,14 Sep 11:32
2026-09-14,Mon,11:30 pm to 12:00 am,Pickleflow Social,Court 2,Not Booked,500,14 Sep 23:31
2026-09-14,Mon,12:00 pm to 12:30 pm,Pickleflow Social,Court 2,Not Booked,500,14 Sep 12:10
2026-09-14,Mon,12:30 pm to 1:00 pm,Pickleflow Social,Court 2,Not Booked,500,14 Sep 12:36
2026-09-14,Mon,1:00 am to 1:30 am,Pickleflow Social,Court 2,Not Booked,400,14 Sep 01:21
2026-09-14,Mon,1:00 pm to 1:30 pm,Pickleflow Social,Court 2,Not Booked,500,14 Sep 13:11
2026-09-14,Mon,1:30 am to 2:00 am,Pickleflow Social,Court 2,Not Booked,400,14 Sep 01:58
2026-09-14,Mon,1:30 pm to 2:00 pm,Pickleflow Social,Court 2,Not Booked,500,14 Sep 13:34
2026-09-14,Mon,2:00 pm to 2:30 pm,Pickleflow Social,Court 2,Not Booked,500,14 Sep 13:34
2026-09-14,Mon,2:30 pm to 3:00 pm,Pickleflow Social,Court 2,Not Booked,500,14 Sep 14:34
2026-09-14,Mon,3:00 pm to 3:30 pm,Pickleflow Social,Court 2,Not Booked,500,14 Sep 15:08
2026-09-14,Mon,3:30 pm to 4:00 pm,Pickleflow Social,Court 2,Not Booked,500,14 Sep 15:33
2026-09-14,Mon,4:00 pm to 4:30 pm,Pickleflow Social,Court 2,Not Booked,500,14 Sep 16:04
2026-09-14,Mon,4:30 pm to 5:00 pm,Pickleflow Social,Court 2,Not Booked,500,14 Sep 16:34
2026-09-14,Mon,5:00 pm to 5:30 pm,Pickleflow Social,Court 2,Not Booked,500,14 Sep 17:05
2026-09-14,Mon,5:30 pm to 6:00 pm,Pickleflow Social,Court 2,Not Booked,500,14 Sep 17:32
2026-09-14,Mon,6:00 pm to 6:30 pm,Pickleflow Social,Court 2,Not Booked,500,14 Sep 18:12
2026-09-14,Mon,6:30 pm to 7:00 pm,Pickleflow Social,Court 2,Not Booked,500,14 Sep 18:39
2026-09-14,Mon,7:00 am to 7:30 am,Pickleflow Social,Court 2,Not Booked,500,14 Sep 07:25
2026-09-14,Mon,7:00 pm to 7:30 pm,Pickleflow Social,Court 2,Booked,500,14 Sep 19:08
2026-09-14,Mon,7:30 am to 8:00 am,Pickleflow Social,Court 2,Not Booked,500,14 Sep 07:58
2026-09-14,Mon,7:30 pm to 8:00 pm,Pickleflow Social,Court 2,Booked,500,14 Sep 19:34
2026-09-14,Mon,8:00 am to 8:30 am,Pickleflow Social,Court 2,Not Booked,500,14 Sep 07:58
2026-09-14,Mon,8:00 pm to 8:30 pm,Pickleflow Social,Court 2,Not Booked,500,14 Sep 20:08
2026-09-14,Mon,8:30 am to 9:00 am,Pickleflow Social,Court 2,Not Booked,500,14 Sep 07:58
2026-09-14,Mon,8:30 pm to 9:00 pm,Pickleflow Social,Court 2,Not Booked,500,14 Sep 20:38
2026-09-14,Mon,9:00 am to 9:30 am,Pickleflow Social,Court 2,Not Booked,500,14 Sep 09:34
2026-09-14,Mon,9:00 pm to 9:30 pm,Pickleflow Social,Court 2,Not Booked,500,14 Sep 21:07
2026-09-14,Mon,9:30 am to 10:00 am,Pickleflow Social,Court 2,Not Booked,500,14 Sep 09:34
2026-09-14,Mon,9:30 pm to 10:00 pm,Pickleflow Social,Court 2,Not Booked,500,14 Sep 21:07
2026-09-14,Mon,10:00 am to 10:30 am,Pickleflow Social,Court 3,Not Booked,500,14 Sep 10:34
2026-09-14,Mon,10:00 pm to 10:30 pm,Pickleflow Social,Court 3,Not Booked,500,14 Sep 22:05
2026-09-14,Mon,10:30 am to 11:00 am,Pickleflow Social,Court 3,Not Booked,500,14 Sep 11:04
2026-09-14,Mon,10:30 pm to 11:00 pm,Pickleflow Social,Court 3,Not Booked,500,14 Sep 22:35
2026-09-14,Mon,11:00 am to 11:30 am,Pickleflow Social,Court 3,Not Booked,500,14 Sep 11:32
2026-09-14,Mon,11:00 pm to 11:30 pm,Pickleflow Social,Court 3,Not Booked,500,14 Sep 22:35
2026-09-14,Mon,11:30 am to 12:00 pm,Pickleflow Social,Court 3,Not Booked,500,14 Sep 11:32
2026-09-14,Mon,11:30 pm to 12:00 am,Pickleflow Social,Court 3,Not Booked,500,14 Sep 23:31
2026-09-14,Mon,12:00 am to 12:30 am,Pickleflow Social,Court 3,Not Booked,400,14 Sep 00:25
2026-09-14,Mon,12:00 pm to 12:30 pm,Pickleflow Social,Court 3,Not Booked,500,14 Sep 11:32
2026-09-14,Mon,12:30 am to 1:00 am,Pickleflow Social,Court 3,Not Booked,400,14 Sep 00:55
2026-09-14,Mon,12:30 pm to 1:00 pm,Pickleflow Social,Court 3,Not Booked,500,14 Sep 12:36
2026-09-14,Mon,1:00 am to 1:30 am,Pickleflow Social,Court 3,Not Booked,400,14 Sep 00:55
2026-09-14,Mon,1:00 pm to 1:30 pm,Pickleflow Social,Court 3,Not Booked,500,14 Sep 13:11
2026-09-14,Mon,1:30 am to 2:00 am,Pickleflow Social,Court 3,Not Booked,400,14 Sep 00:55
2026-09-14,Mon,1:30 pm to 2:00 pm,Pickleflow Social,Court 3,Not Booked,500,14 Sep 13:34
2026-09-14,Mon,2:00 pm to 2:30 pm,Pickleflow Social,Court 3,Not Booked,500,14 Sep 14:08
2026-09-14,Mon,2:30 pm to 3:00 pm,Pickleflow Social,Court 3,Not Booked,500,14 Sep 14:08
2026-09-14,Mon,3:00 pm to 3:30 pm,Pickleflow Social,Court 3,Not Booked,500,14 Sep 15:08
2026-09-14,Mon,3:30 pm to 4:00 pm,Pickleflow Social,Court 3,Not Booked,500,14 Sep 15:33
2026-09-14,Mon,4:00 pm to 4:30 pm,Pickleflow Social,Court 3,Not Booked,500,14 Sep 16:04
2026-09-14,Mon,4:30 pm to 5:00 pm,Pickleflow Social,Court 3,Not Booked,500,14 Sep 16:34
2026-09-14,Mon,5:00 pm to 5:30 pm,Pickleflow Social,Court 3,Not Booked,500,14 Sep 16:34
2026-09-14,Mon,5:30 pm to 6:00 pm,Pickleflow Social,Court 3,Not Booked,500,14 Sep 17:32
2026-09-14,Mon,6:00 pm to 6:30 pm,Pickleflow Social,Court 3,Not Booked,500,14 Sep 18:12
2026-09-14,Mon,6:30 pm to 7:00 pm,Pickleflow Social,Court 3,Not Booked,500,14 Sep 18:39
2026-09-14,Mon,7:00 am to 7:30 am,Pickleflow Social,Court 3,Not Booked,500,14 Sep 06:57
2026-09-14,Mon,7:00 pm to 7:30 pm,Pickleflow Social,Court 3,Not Booked,500,14 Sep 19:08
2026-09-14,Mon,7:30 am to 8:00 am,Pickleflow Social,Court 3,Not Booked,500,14 Sep 06:57
2026-09-14,Mon,7:30 pm to 8:00 pm,Pickleflow Social,Court 3,Not Booked,500,14 Sep 19:34
2026-09-14,Mon,8:00 am to 8:30 am,Pickleflow Social,Court 3,Not Booked,500,14 Sep 08:25
2026-09-14,Mon,8:00 pm to 8:30 pm,Pickleflow Social,Court 3,Not Booked,500,14 Sep 20:08
2026-09-14,Mon,8:30 am to 9:00 am,Pickleflow Social,Court 3,Not Booked,500,14 Sep 08:25
2026-09-14,Mon,8:30 pm to 9:00 pm,Pickleflow Social,Court 3,Not Booked,500,14 Sep 20:38
2026-09-14,Mon,9:00 am to 9:30 am,Pickleflow Social,Court 3,Not Booked,500,14 Sep 09:34
2026-09-14,Mon,9:00 pm to 9:30 pm,Pickleflow Social,Court 3,Not Booked,500,14 Sep 21:07
2026-09-14,Mon,9:30 am to 10:00 am,Pickleflow Social,Court 3,Not Booked,500,14 Sep 09:34
2026-09-14,Mon,9:30 pm to 10:00 pm,Pickleflow Social,Court 3,Not Booked,500,14 Sep 21:34
2026-09-14,Mon,10:00 am to 11:00 am,Pickleplay 121 | Indoor Arena,Court 1,Not Booked,700,14 Sep 10:34
2026-09-14,Mon,10:00 pm to 11:00 pm,Pickleplay 121 | Indoor Arena,Court 1,Not Booked,700,14 Sep 12:36
2026-09-14,Mon,11:00 am to 12:00 pm,Pickleplay 121 | Indoor Arena,Court 1,Not Booked,700,14 Sep 11:32
2026-09-14,Mon,11:00 pm to 12:00 am,Pickleplay 121 | Indoor Arena,Court 1,Not Booked,700,14 Sep 23:31
2026-09-14,Mon,12:00 am to 1:00 am,Pickleplay 121 | Indoor Arena,Court 1,Not Booked,700,14 Sep 00:55
2026-09-14,Mon,12:00 pm to 1:00 pm,Pickleplay 121 | Indoor Arena,Court 1,Not Booked,700,14 Sep 12:36
2026-09-14,Mon,1:00 pm to 2:00 pm,Pickleplay 121 | Indoor Arena,Court 1,Not Booked,700,14 Sep 13:34
2026-09-14,Mon,2:00 pm to 3:00 pm,Pickleplay 121 | Indoor Arena,Court 1,Not Booked,700,14 Sep 14:34
2026-09-14,Mon,3:00 pm to 4:00 pm,Pickleplay 121 | Indoor Arena,Court 1,Not Booked,700,14 Sep 15:33
2026-09-14,Mon,4:00 pm to 5:00 pm,Pickleplay 121 | Indoor Arena,Court 1,Not Booked,700,14 Sep 16:34
2026-09-14,Mon,5:00 pm to 6:00 pm,Pickleplay 121 | Indoor Arena,Court 1,Not Booked,700,14 Sep 17:32
2026-09-14,Mon,6:00 am to 7:00 am,Pickleplay 121 | Indoor Arena,Court 1,Not Booked,700,14 Sep 05:22
2026-09-14,Mon,6:00 pm to 7:00 pm,Pickleplay 121 | Indoor Arena,Court 1,Not Booked,700,14 Sep 18:39
2026-09-14,Mon,7:00 am to 8:00 am,Pickleplay 121 | Indoor Arena,Court 1,Not Booked,700,14 Sep 07:58
2026-09-14,Mon,7:00 pm to 8:00 pm,Pickleplay 121 | Indoor Arena,Court 1,Not Booked,700,14 Sep 19:34
2026-09-14,Mon,8:00 pm to 9:00 pm,Pickleplay 121 | Indoor Arena,Court 1,Not Booked,700,14 Sep 13:34
2026-09-14,Mon,9:00 pm to 10:00 pm,Pickleplay 121 | Indoor Arena,Court 1,Not Booked,700,14 Sep 12:36
2026-09-14,Mon,10:00 am to 11:00 am,Pickleplay 121 | Indoor Arena,Court 2,Not Booked,700,14 Sep 10:34
2026-09-14,Mon,10:00 pm to 11:00 pm,Pickleplay 121 | Indoor Arena,Court 2,Not Booked,700,14 Sep 19:34
2026-09-14,Mon,11:00 am to 12:00 pm,Pickleplay 121 | Indoor Arena,Court 2,Not Booked,700,14 Sep 11:32
2026-09-14,Mon,11:00 pm to 12:00 am,Pickleplay 121 | Indoor Arena,Court 2,Not Booked,700,14 Sep 23:31
2026-09-14,Mon,12:00 am to 1:00 am,Pickleplay 121 | Indoor Arena,Court 2,Not Booked,700,14 Sep 00:25
2026-09-14,Mon,12:00 pm to 1:00 pm,Pickleplay 121 | Indoor Arena,Court 2,Not Booked,700,14 Sep 12:36
2026-09-14,Mon,1:00 pm to 2:00 pm,Pickleplay 121 | Indoor Arena,Court 2,Not Booked,700,14 Sep 13:34
2026-09-14,Mon,2:00 pm to 3:00 pm,Pickleplay 121 | Indoor Arena,Court 2,Not Booked,700,14 Sep 14:34
2026-09-14,Mon,3:00 pm to 4:00 pm,Pickleplay 121 | Indoor Arena,Court 2,Not Booked,700,14 Sep 15:33
2026-09-14,Mon,4:00 pm to 5:00 pm,Pickleplay 121 | Indoor Arena,Court 2,Not Booked,700,14 Sep 16:34
2026-09-14,Mon,5:00 pm to 6:00 pm,Pickleplay 121 | Indoor Arena,Court 2,Not Booked,700,14 Sep 17:32
2026-09-14,Mon,6:00 am to 7:00 am,Pickleplay 121 | Indoor Arena,Court 2,Not Booked,700,14 Sep 06:57
2026-09-14,Mon,6:00 pm to 7:00 pm,Pickleplay 121 | Indoor Arena,Court 2,Not Booked,700,14 Sep 18:39
2026-09-14,Mon,7:00 am to 8:00 am,Pickleplay 121 | Indoor Arena,Court 2,Not Booked,700,14 Sep 07:25
2026-09-14,Mon,7:00 pm to 8:00 pm,Pickleplay 121 | Indoor Arena,Court 2,Not Booked,700,14 Sep 19:34
2026-09-14,Mon,8:00 am to 9:00 am,Pickleplay 121 | Indoor Arena,Court 2,Not Booked,700,14 Sep 08:25
2026-09-14,Mon,8:00 pm to 9:00 pm,Pickleplay 121 | Indoor Arena,Court 2,Not Booked,700,14 Sep 20:38
2026-09-14,Mon,9:00 am to 10:00 am,Pickleplay 121 | Indoor Arena,Court 2,Not Booked,700,14 Sep 09:34
2026-09-14,Mon,9:00 pm to 10:00 pm,Pickleplay 121 | Indoor Arena,Court 2,Not Booked,700,14 Sep 13:34
2026-09-14,Mon,10:00 am to 11:00 am,Pickleplay 121 | Indoor Arena,Court 3,Not Booked,700,14 Sep 10:34
2026-09-14,Mon,10:00 pm to 11:00 pm,Pickleplay 121 | Indoor Arena,Court 3,Not Booked,700,14 Sep 22:35
2026-09-14,Mon,11:00 am to 12:00 pm,Pickleplay 121 | Indoor Arena,Court 3,Not Booked,700,14 Sep 11:32
2026-09-14,Mon,11:00 pm to 12:00 am,Pickleplay 121 | Indoor Arena,Court 3,Not Booked,700,14 Sep 23:31
2026-09-14,Mon,12:00 am to 1:00 am,Pickleplay 121 | Indoor Arena,Court 3,Not Booked,700,14 Sep 00:55
2026-09-14,Mon,12:00 pm to 1:00 pm,Pickleplay 121 | Indoor Arena,Court 3,Not Booked,700,14 Sep 12:36
2026-09-14,Mon,1:00 pm to 2:00 pm,Pickleplay 121 | Indoor Arena,Court 3,Not Booked,700,14 Sep 13:34
2026-09-14,Mon,2:00 pm to 3:00 pm,Pickleplay 121 | Indoor Arena,Court 3,Not Booked,700,14 Sep 14:34
2026-09-14,Mon,3:00 pm to 4:00 pm,Pickleplay 121 | Indoor Arena,Court 3,Not Booked,700,14 Sep 15:33
2026-09-14,Mon,4:00 pm to 5:00 pm,Pickleplay 121 | Indoor Arena,Court 3,Not Booked,700,14 Sep 15:33
2026-09-14,Mon,5:00 pm to 6:00 pm,Pickleplay 121 | Indoor Arena,Court 3,Not Booked,700,14 Sep 17:32
2026-09-14,Mon,6:00 am to 7:00 am,Pickleplay 121 | Indoor Arena,Court 3,Not Booked,700,14 Sep 06:57
2026-09-14,Mon,6:00 pm to 7:00 pm,Pickleplay 121 | Indoor Arena,Court 3,Not Booked,700,14 Sep 18:39
2026-09-14,Mon,7:00 am to 8:00 am,Pickleplay 121 | Indoor Arena,Court 3,Not Booked,700,14 Sep 07:58
2026-09-14,Mon,7:00 pm to 8:00 pm,Pickleplay 121 | Indoor Arena,Court 3,Not Booked,700,14 Sep 19:34
2026-09-14,Mon,8:00 am to 9:00 am,Pickleplay 121 | Indoor Arena,Court 3,Not Booked,700,14 Sep 08:25
2026-09-14,Mon,8:00 pm to 9:00 pm,Pickleplay 121 | Indoor Arena,Court 3,Not Booked,700,14 Sep 20:38
2026-09-14,Mon,9:00 am to 10:00 am,Pickleplay 121 | Indoor Arena,Court 3,Not Booked,700,14 Sep 09:34
2026-09-14,Mon,9:00 pm to 10:00 pm,Pickleplay 121 | Indoor Arena,Court 3,Not Booked,700,14 Sep 18:39
2026-09-14,Mon,10:00 am to 10:30 am,Pitch Please X TSG Sports Arena,Court 1,Not Booked,300,14 Sep 10:05
2026-09-14,Mon,10:00 pm to 10:30 pm,Pitch Please X TSG Sports Arena,Court 1,Not Booked,300,14 Sep 22:05
2026-09-14,Mon,10:30 am to 11:00 am,Pitch Please X TSG Sports Arena,Court 1,Not Booked,300,14 Sep 11:04
2026-09-14,Mon,10:30 pm to 11:00 pm,Pitch Please X TSG Sports Arena,Court 1,Not Booked,300,14 Sep 22:35
2026-09-14,Mon,11:00 am to 11:30 am,Pitch Please X TSG Sports Arena,Court 1,Not Booked,300,14 Sep 11:32
2026-09-14,Mon,11:00 pm to 11:30 pm,Pitch Please X TSG Sports Arena,Court 1,Not Booked,300,14 Sep 23:04
2026-09-14,Mon,11:30 am to 12:00 pm,Pitch Please X TSG Sports Arena,Court 1,Not Booked,300,14 Sep 11:32
2026-09-14,Mon,11:30 pm to 12:00 am,Pitch Please X TSG Sports Arena,Court 1,Not Booked,300,14 Sep 23:31
2026-09-14,Mon,12:00 am to 12:30 am,Pitch Please X TSG Sports Arena,Court 1,Not Booked,300,14 Sep 00:25
2026-09-14,Mon,12:00 pm to 12:30 pm,Pitch Please X TSG Sports Arena,Court 1,Not Booked,300,14 Sep 12:10
2026-09-14,Mon,12:30 am to 1:00 am,Pitch Please X TSG Sports Arena,Court 1,Not Booked,300,14 Sep 00:25
2026-09-14,Mon,12:30 pm to 1:00 pm,Pitch Please X TSG Sports Arena,Court 1,Not Booked,300,14 Sep 12:36
2026-09-14,Mon,1:00 am to 1:30 am,Pitch Please X TSG Sports Arena,Court 1,Not Booked,300,14 Sep 01:21
2026-09-14,Mon,1:00 pm to 1:30 pm,Pitch Please X TSG Sports Arena,Court 1,Not Booked,300,14 Sep 13:11
2026-09-14,Mon,1:30 am to 2:00 am,Pitch Please X TSG Sports Arena,Court 1,Not Booked,300,14 Sep 01:58
2026-09-14,Mon,1:30 pm to 2:00 pm,Pitch Please X TSG Sports Arena,Court 1,Not Booked,300,14 Sep 13:34
2026-09-14,Mon,2:00 am to 2:30 am,Pitch Please X TSG Sports Arena,Court 1,Not Booked,300,14 Sep 01:58
2026-09-14,Mon,2:00 pm to 2:30 pm,Pitch Please X TSG Sports Arena,Court 1,Not Booked,300,14 Sep 14:08
2026-09-14,Mon,2:30 am to 3:00 am,Pitch Please X TSG Sports Arena,Court 1,Not Booked,300,14 Sep 02:56
2026-09-14,Mon,2:30 pm to 3:00 pm,Pitch Please X TSG Sports Arena,Court 1,Not Booked,300,14 Sep 14:34
2026-09-14,Mon,3:00 pm to 3:30 pm,Pitch Please X TSG Sports Arena,Court 1,Not Booked,300,14 Sep 15:08
2026-09-14,Mon,3:30 pm to 4:00 pm,Pitch Please X TSG Sports Arena,Court 1,Not Booked,300,14 Sep 15:33
2026-09-14,Mon,4:00 pm to 4:30 pm,Pitch Please X TSG Sports Arena,Court 1,Not Booked,300,14 Sep 16:04
2026-09-14,Mon,4:30 pm to 5:00 pm,Pitch Please X TSG Sports Arena,Court 1,Not Booked,300,14 Sep 16:34
2026-09-14,Mon,5:00 am to 5:30 am,Pitch Please X TSG Sports Arena,Court 1,Not Booked,300,14 Sep 05:22
2026-09-14,Mon,5:00 pm to 5:30 pm,Pitch Please X TSG Sports Arena,Court 1,Not Booked,300,14 Sep 17:05
2026-09-14,Mon,5:30 am to 6:00 am,Pitch Please X TSG Sports Arena,Court 1,Not Booked,300,14 Sep 05:22
2026-09-14,Mon,5:30 pm to 6:00 pm,Pitch Please X TSG Sports Arena,Court 1,Not Booked,300,14 Sep 17:32
2026-09-14,Mon,6:00 am to 6:30 am,Pitch Please X TSG Sports Arena,Court 1,Not Booked,300,14 Sep 06:30
2026-09-14,Mon,6:00 pm to 6:30 pm,Pitch Please X TSG Sports Arena,Court 1,Not Booked,300,14 Sep 17:32
2026-09-14,Mon,6:30 am to 7:00 am,Pitch Please X TSG Sports Arena,Court 1,Not Booked,300,14 Sep 06:57
2026-09-14,Mon,6:30 pm to 7:00 pm,Pitch Please X TSG Sports Arena,Court 1,Not Booked,300,14 Sep 18:39
2026-09-14,Mon,7:00 am to 7:30 am,Pitch Please X TSG Sports Arena,Court 1,Not Booked,300,14 Sep 07:25
2026-09-14,Mon,7:00 pm to 7:30 pm,Pitch Please X TSG Sports Arena,Court 1,Not Booked,300,14 Sep 19:08
2026-09-14,Mon,7:30 am to 8:00 am,Pitch Please X TSG Sports Arena,Court 1,Booked,300,14 Sep 07:58
2026-09-14,Mon,7:30 pm to 8:00 pm,Pitch Please X TSG Sports Arena,Court 1,Not Booked,300,14 Sep 19:34
2026-09-14,Mon,8:00 am to 8:30 am,Pitch Please X TSG Sports Arena,Court 1,Booked,300,14 Sep 08:25
2026-09-14,Mon,8:00 pm to 8:30 pm,Pitch Please X TSG Sports Arena,Court 1,Not Booked,300,14 Sep 20:08
2026-09-14,Mon,8:30 am to 9:00 am,Pitch Please X TSG Sports Arena,Court 1,Not Booked,300,14 Sep 08:25
2026-09-14,Mon,8:30 pm to 9:00 pm,Pitch Please X TSG Sports Arena,Court 1,Not Booked,300,14 Sep 20:38
2026-09-14,Mon,9:00 am to 9:30 am,Pitch Please X TSG Sports Arena,Court 1,Not Booked,300,14 Sep 09:06
2026-09-14,Mon,9:00 pm to 9:30 pm,Pitch Please X TSG Sports Arena,Court 1,Not Booked,300,14 Sep 21:07
2026-09-14,Mon,9:30 am to 10:00 am,Pitch Please X TSG Sports Arena,Court 1,Not Booked,300,14 Sep 09:34
2026-09-14,Mon,9:30 pm to 10:00 pm,Pitch Please X TSG Sports Arena,Court 1,Not Booked,300,14 Sep 21:07
2026-09-14,Mon,10:00 am to 10:30 am,Pitch Please X TSG Sports Arena,Court 2,Not Booked,300,14 Sep 10:05
2026-09-14,Mon,10:00 pm to 10:30 pm,Pitch Please X TSG Sports Arena,Court 2,Not Booked,300,14 Sep 22:05
2026-09-14,Mon,10:30 am to 11:00 am,Pitch Please X TSG Sports Arena,Court 2,Not Booked,300,14 Sep 11:04
2026-09-14,Mon,10:30 pm to 11:00 pm,Pitch Please X TSG Sports Arena,Court 2,Not Booked,300,14 Sep 22:35
2026-09-14,Mon,11:00 am to 11:30 am,Pitch Please X TSG Sports Arena,Court 2,Not Booked,300,14 Sep 11:32
2026-09-14,Mon,11:00 pm to 11:30 pm,Pitch Please X TSG Sports Arena,Court 2,Not Booked,300,14 Sep 23:04
2026-09-14,Mon,11:30 am to 12:00 pm,Pitch Please X TSG Sports Arena,Court 2,Not Booked,300,14 Sep 11:32
2026-09-14,Mon,11:30 pm to 12:00 am,Pitch Please X TSG Sports Arena,Court 2,Not Booked,300,14 Sep 23:31
2026-09-14,Mon,12:00 pm to 12:30 pm,Pitch Please X TSG Sports Arena,Court 2,Not Booked,300,14 Sep 11:32
2026-09-14,Mon,12:30 am to 1:00 am,Pitch Please X TSG Sports Arena,Court 2,Not Booked,300,14 Sep 00:55
2026-09-14,Mon,12:30 pm to 1:00 pm,Pitch Please X TSG Sports Arena,Court 2,Not Booked,300,14 Sep 12:36
2026-09-14,Mon,1:00 am to 1:30 am,Pitch Please X TSG Sports Arena,Court 2,Not Booked,300,14 Sep 00:55
2026-09-14,Mon,1:00 pm to 1:30 pm,Pitch Please X TSG Sports Arena,Court 2,Not Booked,300,14 Sep 13:11
2026-09-14,Mon,1:30 am to 2:00 am,Pitch Please X TSG Sports Arena,Court 2,Not Booked,300,14 Sep 00:55
2026-09-14,Mon,1:30 pm to 2:00 pm,Pitch Please X TSG Sports Arena,Court 2,Not Booked,300,14 Sep 13:34
2026-09-14,Mon,2:00 am to 2:30 am,Pitch Please X TSG Sports Arena,Court 2,Not Booked,300,14 Sep 02:23
2026-09-14,Mon,2:00 pm to 2:30 pm,Pitch Please X TSG Sports Arena,Court 2,Not Booked,300,14 Sep 14:08
2026-09-14,Mon,2:30 am to 3:00 am,Pitch Please X TSG Sports Arena,Court 2,Not Booked,300,14 Sep 02:56
2026-09-14,Mon,2:30 pm to 3:00 pm,Pitch Please X TSG Sports Arena,Court 2,Not Booked,300,14 Sep 14:34
2026-09-14,Mon,3:00 pm to 3:30 pm,Pitch Please X TSG Sports Arena,Court 2,Not Booked,300,14 Sep 15:08
2026-09-14,Mon,3:30 pm to 4:00 pm,Pitch Please X TSG Sports Arena,Court 2,Not Booked,300,14 Sep 15:33
2026-09-14,Mon,4:00 pm to 4:30 pm,Pitch Please X TSG Sports Arena,Court 2,Not Booked,300,14 Sep 16:04
2026-09-14,Mon,4:30 pm to 5:00 pm,Pitch Please X TSG Sports Arena,Court 2,Not Booked,300,14 Sep 16:34
2026-09-14,Mon,5:00 am to 5:30 am,Pitch Please X TSG Sports Arena,Court 2,Not Booked,300,14 Sep 04:23
2026-09-14,Mon,5:00 pm to 5:30 pm,Pitch Please X TSG Sports Arena,Court 2,Not Booked,300,14 Sep 17:05
2026-09-14,Mon,5:30 am to 6:00 am,Pitch Please X TSG Sports Arena,Court 2,Not Booked,300,14 Sep 04:23
2026-09-14,Mon,5:30 pm to 6:00 pm,Pitch Please X TSG Sports Arena,Court 2,Not Booked,300,14 Sep 17:32
2026-09-14,Mon,6:00 am to 6:30 am,Pitch Please X TSG Sports Arena,Court 2,Not Booked,300,14 Sep 06:06
2026-09-14,Mon,6:00 pm to 6:30 pm,Pitch Please X TSG Sports Arena,Court 2,Not Booked,300,14 Sep 18:12
2026-09-14,Mon,6:30 am to 7:00 am,Pitch Please X TSG Sports Arena,Court 2,Not Booked,300,14 Sep 06:06
2026-09-14,Mon,6:30 pm to 7:00 pm,Pitch Please X TSG Sports Arena,Court 2,Not Booked,300,14 Sep 18:39
2026-09-14,Mon,7:00 am to 7:30 am,Pitch Please X TSG Sports Arena,Court 2,Not Booked,300,14 Sep 07:25
2026-09-14,Mon,7:00 pm to 7:30 pm,Pitch Please X TSG Sports Arena,Court 2,Not Booked,300,14 Sep 19:08
2026-09-14,Mon,7:30 am to 8:00 am,Pitch Please X TSG Sports Arena,Court 2,Not Booked,300,14 Sep 07:25
2026-09-14,Mon,7:30 pm to 8:00 pm,Pitch Please X TSG Sports Arena,Court 2,Not Booked,300,14 Sep 19:34
2026-09-14,Mon,8:00 am to 8:30 am,Pitch Please X TSG Sports Arena,Court 2,Not Booked,300,14 Sep 07:25
2026-09-14,Mon,8:00 pm to 8:30 pm,Pitch Please X TSG Sports Arena,Court 2,Not Booked,300,14 Sep 20:08
2026-09-14,Mon,8:30 am to 9:00 am,Pitch Please X TSG Sports Arena,Court 2,Not Booked,300,14 Sep 07:25
2026-09-14,Mon,8:30 pm to 9:00 pm,Pitch Please X TSG Sports Arena,Court 2,Not Booked,300,14 Sep 20:38
2026-09-14,Mon,9:00 am to 9:30 am,Pitch Please X TSG Sports Arena,Court 2,Not Booked,300,14 Sep 09:06
2026-09-14,Mon,9:00 pm to 9:30 pm,Pitch Please X TSG Sports Arena,Court 2,Not Booked,300,14 Sep 21:07
2026-09-14,Mon,9:30 am to 10:00 am,Pitch Please X TSG Sports Arena,Court 2,Not Booked,300,14 Sep 09:34
2026-09-14,Mon,9:30 pm to 10:00 pm,Pitch Please X TSG Sports Arena,Court 2,Not Booked,300,14 Sep 21:34
2026-09-14,Mon,10:00 pm to 10:30 pm,PlayAll BSIC Noida 46,Court 1,Not Booked,300,14 Sep 22:05
2026-09-14,Mon,10:30 pm to 11:00 pm,PlayAll BSIC Noida 46,Court 1,Not Booked,300,14 Sep 22:35
2026-09-14,Mon,3:00 pm to 3:30 pm,PlayAll BSIC Noida 46,Court 1,Not Booked,150,14 Sep 15:08
2026-09-14,Mon,3:30 pm to 4:00 pm,PlayAll BSIC Noida 46,Court 1,Not Booked,150,14 Sep 15:33
2026-09-14,Mon,4:00 pm to 4:30 pm,PlayAll BSIC Noida 46,Court 1,Not Booked,150,14 Sep 16:04
2026-09-14,Mon,4:30 pm to 5:00 pm,PlayAll BSIC Noida 46,Court 1,Not Booked,150,14 Sep 16:34
2026-09-14,Mon,5:00 pm to 5:30 pm,PlayAll BSIC Noida 46,Court 1,Not Booked,150,14 Sep 17:05
2026-09-14,Mon,5:30 pm to 6:00 pm,PlayAll BSIC Noida 46,Court 1,Not Booked,150,14 Sep 17:32
2026-09-14,Mon,6:00 pm to 6:30 pm,PlayAll BSIC Noida 46,Court 1,Not Booked,200,14 Sep 18:12
2026-09-14,Mon,6:30 pm to 7:00 pm,PlayAll BSIC Noida 46,Court 1,Not Booked,200,14 Sep 18:39
2026-09-14,Mon,7:00 pm to 7:30 pm,PlayAll BSIC Noida 46,Court 1,Not Booked,300,14 Sep 19:08
2026-09-14,Mon,7:30 pm to 8:00 pm,PlayAll BSIC Noida 46,Court 1,Not Booked,300,14 Sep 19:34
2026-09-14,Mon,8:00 pm to 8:30 pm,PlayAll BSIC Noida 46,Court 1,Not Booked,300,14 Sep 20:08
2026-09-14,Mon,8:30 pm to 9:00 pm,PlayAll BSIC Noida 46,Court 1,Not Booked,300,14 Sep 20:38
2026-09-14,Mon,9:00 pm to 9:30 pm,PlayAll BSIC Noida 46,Court 1,Not Booked,300,14 Sep 21:07
2026-09-14,Mon,9:30 pm to 10:00 pm,PlayAll BSIC Noida 46,Court 1,Not Booked,300,14 Sep 21:34
2026-09-14,Mon,10:00 pm to 10:30 pm,PlayAll BSIC Noida 46,Court 2,Not Booked,300,14 Sep 22:05
2026-09-14,Mon,10:30 pm to 11:00 pm,PlayAll BSIC Noida 46,Court 2,Not Booked,300,14 Sep 22:35
2026-09-14,Mon,3:00 pm to 3:30 pm,PlayAll BSIC Noida 46,Court 2,Not Booked,150,14 Sep 15:08
2026-09-14,Mon,3:30 pm to 4:00 pm,PlayAll BSIC Noida 46,Court 2,Not Booked,150,14 Sep 15:33
2026-09-14,Mon,4:00 pm to 4:30 pm,PlayAll BSIC Noida 46,Court 2,Not Booked,150,14 Sep 16:04
2026-09-14,Mon,4:30 pm to 5:00 pm,PlayAll BSIC Noida 46,Court 2,Not Booked,150,14 Sep 16:34
2026-09-14,Mon,5:00 pm to 5:30 pm,PlayAll BSIC Noida 46,Court 2,Not Booked,150,14 Sep 17:05
2026-09-14,Mon,5:30 pm to 6:00 pm,PlayAll BSIC Noida 46,Court 2,Not Booked,150,14 Sep 17:32
2026-09-14,Mon,6:00 pm to 6:30 pm,PlayAll BSIC Noida 46,Court 2,Not Booked,200,14 Sep 18:12
2026-09-14,Mon,6:30 pm to 7:00 pm,PlayAll BSIC Noida 46,Court 2,Not Booked,200,14 Sep 18:39
2026-09-14,Mon,7:00 pm to 7:30 pm,PlayAll BSIC Noida 46,Court 2,Not Booked,300,14 Sep 19:08
2026-09-14,Mon,7:30 pm to 8:00 pm,PlayAll BSIC Noida 46,Court 2,Not Booked,300,14 Sep 19:34
2026-09-14,Mon,8:00 pm to 8:30 pm,PlayAll BSIC Noida 46,Court 2,Not Booked,300,14 Sep 20:08
2026-09-14,Mon,8:30 pm to 9:00 pm,PlayAll BSIC Noida 46,Court 2,Not Booked,300,14 Sep 20:38
2026-09-14,Mon,9:00 pm to 9:30 pm,PlayAll BSIC Noida 46,Court 2,Not Booked,300,14 Sep 21:07
2026-09-14,Mon,9:30 pm to 10:00 pm,PlayAll BSIC Noida 46,Court 2,Not Booked,300,14 Sep 21:34
2026-09-14,Mon,10:00 pm to 10:30 pm,PlayAll BSIC Noida 46,Court 3,Not Booked,300,14 Sep 16:34
2026-09-14,Mon,10:30 pm to 11:00 pm,PlayAll BSIC Noida 46,Court 3,Not Booked,300,14 Sep 16:34
2026-09-14,Mon,3:00 pm to 3:30 pm,PlayAll BSIC Noida 46,Court 3,Not Booked,150,14 Sep 15:08
2026-09-14,Mon,3:30 pm to 4:00 pm,PlayAll BSIC Noida 46,Court 3,Not Booked,150,14 Sep 15:33
2026-09-14,Mon,4:00 pm to 4:30 pm,PlayAll BSIC Noida 46,Court 3,Not Booked,150,14 Sep 16:04
2026-09-14,Mon,4:30 pm to 5:00 pm,PlayAll BSIC Noida 46,Court 3,Not Booked,150,14 Sep 16:34
2026-09-14,Mon,5:00 pm to 5:30 pm,PlayAll BSIC Noida 46,Court 3,Not Booked,150,14 Sep 16:34
2026-09-14,Mon,5:30 pm to 6:00 pm,PlayAll BSIC Noida 46,Court 3,Not Booked,150,14 Sep 16:34
2026-09-14,Mon,6:00 pm to 6:30 pm,PlayAll BSIC Noida 46,Court 3,Not Booked,200,14 Sep 16:34
2026-09-14,Mon,6:30 pm to 7:00 pm,PlayAll BSIC Noida 46,Court 3,Not Booked,200,14 Sep 16:34
2026-09-14,Mon,7:00 pm to 7:30 pm,PlayAll BSIC Noida 46,Court 3,Not Booked,300,14 Sep 16:34
2026-09-14,Mon,7:30 pm to 8:00 pm,PlayAll BSIC Noida 46,Court 3,Not Booked,300,14 Sep 16:34
2026-09-14,Mon,8:00 pm to 8:30 pm,PlayAll BSIC Noida 46,Court 3,Not Booked,300,14 Sep 16:34
2026-09-14,Mon,8:30 pm to 9:00 pm,PlayAll BSIC Noida 46,Court 3,Not Booked,300,14 Sep 16:34
2026-09-14,Mon,9:00 pm to 9:30 pm,PlayAll BSIC Noida 46,Court 3,Not Booked,300,14 Sep 16:34
2026-09-14,Mon,9:30 pm to 10:00 pm,PlayAll BSIC Noida 46,Court 3,Not Booked,300,14 Sep 16:34
2026-09-14,Mon,10:00 pm to 11:00 pm,PlayAll MPS Noida 11,Court 1,Not Booked,200,14 Sep 22:35
2026-09-14,Mon,10:30 pm to 11:30 pm,PlayAll MPS Noida 11,Court 1,Not Booked,200,14 Sep 22:05
2026-09-14,Mon,11:00 pm to 12:00 am,PlayAll MPS Noida 11,Court 1,Not Booked,175,14 Sep 22:05
2026-09-14,Mon,11:30 pm to 12:30 am,PlayAll MPS Noida 11,Court 1,Not Booked,175,15 Sep 00:12
2026-09-14,Mon,3:00 pm to 4:00 pm,PlayAll MPS Noida 11,Court 1,Not Booked,150,14 Sep 15:08
2026-09-14,Mon,3:30 pm to 4:30 pm,PlayAll MPS Noida 11,Court 1,Not Booked,150,14 Sep 15:08
2026-09-14,Mon,4:00 pm to 5:00 pm,PlayAll MPS Noida 11,Court 1,Not Booked,150,14 Sep 16:34
2026-09-14,Mon,4:30 pm to 5:30 pm,PlayAll MPS Noida 11,Court 1,Not Booked,150,14 Sep 17:05
2026-09-14,Mon,6:00 pm to 7:00 pm,PlayAll MPS Noida 11,Court 1,Not Booked,200,14 Sep 18:39
2026-09-14,Mon,6:30 pm to 7:30 pm,PlayAll MPS Noida 11,Court 1,Not Booked,200,14 Sep 19:08
2026-09-14,Mon,7:00 pm to 8:00 pm,PlayAll MPS Noida 11,Court 1,Not Booked,200,14 Sep 13:11
2026-09-14,Mon,7:30 pm to 8:30 pm,PlayAll MPS Noida 11,Court 1,Not Booked,200,14 Sep 13:11
2026-09-14,Mon,8:00 pm to 9:00 pm,PlayAll MPS Noida 11,Court 1,Not Booked,200,14 Sep 13:11
2026-09-14,Mon,8:30 pm to 9:30 pm,PlayAll MPS Noida 11,Court 1,Not Booked,200,14 Sep 20:38
2026-09-14,Mon,9:00 pm to 10:00 pm,PlayAll MPS Noida 11,Court 1,Not Booked,200,14 Sep 21:34
2026-09-14,Mon,9:30 pm to 10:30 pm,PlayAll MPS Noida 11,Court 1,Not Booked,200,14 Sep 22:05
2026-09-14,Mon,10:00 pm to 11:00 pm,PlayAll MPS Noida 11,Court 2,Not Booked,200,14 Sep 22:35
2026-09-14,Mon,10:30 pm to 11:30 pm,PlayAll MPS Noida 11,Court 2,Not Booked,200,14 Sep 23:04
2026-09-14,Mon,11:00 pm to 12:00 am,PlayAll MPS Noida 11,Court 2,Not Booked,175,14 Sep 23:31
2026-09-14,Mon,11:30 pm to 12:30 am,PlayAll MPS Noida 11,Court 2,Not Booked,175,15 Sep 00:12
2026-09-14,Mon,3:00 pm to 4:00 pm,PlayAll MPS Noida 11,Court 2,Not Booked,150,14 Sep 15:33
2026-09-14,Mon,3:30 pm to 4:30 pm,PlayAll MPS Noida 11,Court 2,Not Booked,150,14 Sep 16:04
2026-09-14,Mon,4:00 pm to 5:00 pm,PlayAll MPS Noida 11,Court 2,Not Booked,150,14 Sep 16:34
2026-09-14,Mon,4:30 pm to 5:30 pm,PlayAll MPS Noida 11,Court 2,Not Booked,150,14 Sep 16:34
2026-09-14,Mon,5:00 pm to 6:00 pm,PlayAll MPS Noida 11,Court 2,Not Booked,150,14 Sep 17:32
2026-09-14,Mon,5:30 pm to 6:30 pm,PlayAll MPS Noida 11,Court 2,Not Booked,150,14 Sep 17:32
2026-09-14,Mon,6:00 pm to 7:00 pm,PlayAll MPS Noida 11,Court 2,Not Booked,200,14 Sep 12:10
2026-09-14,Mon,6:30 pm to 7:30 pm,PlayAll MPS Noida 11,Court 2,Not Booked,200,14 Sep 12:10
2026-09-14,Mon,7:00 pm to 8:00 pm,PlayAll MPS Noida 11,Court 2,Not Booked,200,14 Sep 19:08
2026-09-14,Mon,7:30 pm to 8:30 pm,PlayAll MPS Noida 11,Court 2,Not Booked,200,14 Sep 20:08
2026-09-14,Mon,8:00 pm to 9:00 pm,PlayAll MPS Noida 11,Court 2,Not Booked,200,14 Sep 20:38
2026-09-14,Mon,8:30 pm to 9:30 pm,PlayAll MPS Noida 11,Court 2,Not Booked,200,14 Sep 21:07
2026-09-14,Mon,9:00 pm to 10:00 pm,PlayAll MPS Noida 11,Court 2,Not Booked,200,14 Sep 20:08
2026-09-14,Mon,9:30 pm to 10:30 pm,PlayAll MPS Noida 11,Court 2,Not Booked,200,14 Sep 20:08
2026-09-14,Mon,10:00 pm to 11:00 pm,PlayAll MPS Noida 11,Court 3,Not Booked,200,14 Sep 22:35
2026-09-14,Mon,10:30 pm to 11:30 pm,PlayAll MPS Noida 11,Court 3,Not Booked,200,14 Sep 22:35
2026-09-14,Mon,11:00 pm to 12:00 am,PlayAll MPS Noida 11,Court 3,Not Booked,175,14 Sep 23:31
2026-09-14,Mon,11:30 pm to 12:30 am,PlayAll MPS Noida 11,Court 3,Not Booked,175,15 Sep 00:12
2026-09-14,Mon,3:00 pm to 4:00 pm,PlayAll MPS Noida 11,Court 3,Not Booked,150,14 Sep 15:08
2026-09-14,Mon,3:30 pm to 4:30 pm,PlayAll MPS Noida 11,Court 3,Not Booked,150,14 Sep 15:08
2026-09-14,Mon,4:00 pm to 5:00 pm,PlayAll MPS Noida 11,Court 3,Not Booked,150,14 Sep 16:34
2026-09-14,Mon,4:30 pm to 5:30 pm,PlayAll MPS Noida 11,Court 3,Not Booked,150,14 Sep 17:05
2026-09-14,Mon,5:00 pm to 6:00 pm,PlayAll MPS Noida 11,Court 3,Not Booked,150,14 Sep 17:32
2026-09-14,Mon,5:30 pm to 6:30 pm,PlayAll MPS Noida 11,Court 3,Not Booked,150,14 Sep 17:32
2026-09-14,Mon,6:00 pm to 7:00 pm,PlayAll MPS Noida 11,Court 3,Not Booked,200,14 Sep 18:39
2026-09-14,Mon,6:30 pm to 7:30 pm,PlayAll MPS Noida 11,Court 3,Not Booked,200,14 Sep 18:39
2026-09-14,Mon,7:00 pm to 8:00 pm,PlayAll MPS Noida 11,Court 3,Not Booked,200,14 Sep 19:34
2026-09-14,Mon,7:30 pm to 8:30 pm,PlayAll MPS Noida 11,Court 3,Not Booked,200,14 Sep 20:08
2026-09-14,Mon,8:00 pm to 9:00 pm,PlayAll MPS Noida 11,Court 3,Not Booked,200,14 Sep 20:38
2026-09-14,Mon,8:30 pm to 9:30 pm,PlayAll MPS Noida 11,Court 3,Not Booked,200,14 Sep 21:07
2026-09-14,Mon,9:00 pm to 10:00 pm,PlayAll MPS Noida 11,Court 3,Not Booked,200,14 Sep 21:34
2026-09-14,Mon,9:30 pm to 10:30 pm,PlayAll MPS Noida 11,Court 3,Not Booked,200,14 Sep 22:05
2026-09-14,Mon,10:00 pm to 11:00 pm,PlayAll Noida 105,Court 1,Not Booked,300,14 Sep 21:34
2026-09-14,Mon,10:30 pm to 11:30 pm,PlayAll Noida 105,Court 1,Not Booked,300,14 Sep 23:04
2026-09-14,Mon,11:00 pm to 12:00 am,PlayAll Noida 105,Court 1,Not Booked,300,14 Sep 23:04
2026-09-14,Mon,11:30 pm to 12:30 am,PlayAll Noida 105,Court 1,Not Booked,300,14 Sep 23:04
2026-09-14,Mon,2:30 pm to 3:30 pm,PlayAll Noida 105,Court 1,Not Booked,150,14 Sep 15:08
2026-09-14,Mon,3:00 pm to 4:00 pm,PlayAll Noida 105,Court 1,Not Booked,150,14 Sep 15:33
2026-09-14,Mon,3:30 pm to 4:30 pm,PlayAll Noida 105,Court 1,Not Booked,150,14 Sep 15:33
2026-09-14,Mon,4:00 pm to 5:00 pm,PlayAll Noida 105,Court 1,Not Booked,150,14 Sep 15:33
2026-09-14,Mon,4:30 pm to 5:30 pm,PlayAll Noida 105,Court 1,Not Booked,150,14 Sep 15:33
2026-09-14,Mon,5:00 pm to 6:00 pm,PlayAll Noida 105,Court 1,Not Booked,150,14 Sep 17:32
2026-09-14,Mon,5:30 pm to 6:30 pm,PlayAll Noida 105,Court 1,Not Booked,150,14 Sep 18:12
2026-09-14,Mon,6:00 pm to 7:00 pm,PlayAll Noida 105,Court 1,Not Booked,200,14 Sep 18:12
2026-09-14,Mon,6:30 pm to 7:30 pm,PlayAll Noida 105,Court 1,Not Booked,200,14 Sep 18:12
2026-09-14,Mon,7:00 pm to 8:00 pm,PlayAll Noida 105,Court 1,Not Booked,300,14 Sep 18:12
2026-09-14,Mon,7:30 pm to 8:30 pm,PlayAll Noida 105,Court 1,Not Booked,300,14 Sep 18:12
2026-09-14,Mon,8:00 pm to 9:00 pm,PlayAll Noida 105,Court 1,Not Booked,300,14 Sep 20:38
2026-09-14,Mon,8:30 pm to 9:30 pm,PlayAll Noida 105,Court 1,Not Booked,300,14 Sep 17:32
2026-09-14,Mon,9:00 pm to 10:00 pm,PlayAll Noida 105,Court 1,Not Booked,300,14 Sep 17:32
2026-09-14,Mon,9:30 pm to 10:30 pm,PlayAll Noida 105,Court 1,Not Booked,300,14 Sep 21:34
2026-09-14,Mon,10:00 pm to 11:00 pm,PlayAll Noida 105,Court 2,Not Booked,300,14 Sep 22:35
2026-09-14,Mon,10:30 pm to 11:30 pm,PlayAll Noida 105,Court 2,Not Booked,300,14 Sep 23:04
2026-09-14,Mon,11:00 pm to 12:00 am,PlayAll Noida 105,Court 2,Not Booked,300,14 Sep 23:31
2026-09-14,Mon,11:30 pm to 12:30 am,PlayAll Noida 105,Court 2,Not Booked,300,15 Sep 00:12
2026-09-14,Mon,2:30 pm to 3:30 pm,PlayAll Noida 105,Court 2,Not Booked,150,14 Sep 15:08
2026-09-14,Mon,3:00 pm to 4:00 pm,PlayAll Noida 105,Court 2,Not Booked,150,14 Sep 15:33
2026-09-14,Mon,3:30 pm to 4:30 pm,PlayAll Noida 105,Court 2,Not Booked,150,14 Sep 16:04
2026-09-14,Mon,4:00 pm to 5:00 pm,PlayAll Noida 105,Court 2,Not Booked,150,14 Sep 16:34
2026-09-14,Mon,4:30 pm to 5:30 pm,PlayAll Noida 105,Court 2,Not Booked,150,14 Sep 17:05
2026-09-14,Mon,5:00 pm to 6:00 pm,PlayAll Noida 105,Court 2,Not Booked,150,14 Sep 17:32
2026-09-14,Mon,5:30 pm to 6:30 pm,PlayAll Noida 105,Court 2,Not Booked,150,14 Sep 18:12
2026-09-14,Mon,6:00 pm to 7:00 pm,PlayAll Noida 105,Court 2,Not Booked,200,14 Sep 18:39
2026-09-14,Mon,6:30 pm to 7:30 pm,PlayAll Noida 105,Court 2,Not Booked,200,14 Sep 19:08
2026-09-14,Mon,7:00 pm to 8:00 pm,PlayAll Noida 105,Court 2,Not Booked,300,14 Sep 19:34
2026-09-14,Mon,7:30 pm to 8:30 pm,PlayAll Noida 105,Court 2,Not Booked,300,14 Sep 20:08
2026-09-14,Mon,8:00 pm to 9:00 pm,PlayAll Noida 105,Court 2,Not Booked,300,14 Sep 20:38
2026-09-14,Mon,8:30 pm to 9:30 pm,PlayAll Noida 105,Court 2,Not Booked,300,14 Sep 21:07
2026-09-14,Mon,9:00 pm to 10:00 pm,PlayAll Noida 105,Court 2,Not Booked,300,14 Sep 20:38
2026-09-14,Mon,9:30 pm to 10:30 pm,PlayAll Noida 105,Court 2,Not Booked,300,14 Sep 20:38
2026-09-14,Mon,10:00 pm to 11:00 pm,PlayAll Noida 105,Court 3,Not Booked,300,14 Sep 22:35
2026-09-14,Mon,10:30 pm to 11:30 pm,PlayAll Noida 105,Court 3,Not Booked,300,14 Sep 23:04
2026-09-14,Mon,11:00 pm to 12:00 am,PlayAll Noida 105,Court 3,Not Booked,300,14 Sep 23:31
2026-09-14,Mon,11:30 pm to 12:30 am,PlayAll Noida 105,Court 3,Not Booked,300,15 Sep 00:12
2026-09-14,Mon,2:30 pm to 3:30 pm,PlayAll Noida 105,Court 3,Not Booked,150,14 Sep 15:08
2026-09-14,Mon,3:00 pm to 4:00 pm,PlayAll Noida 105,Court 3,Not Booked,150,14 Sep 15:08
2026-09-14,Mon,3:30 pm to 4:30 pm,PlayAll Noida 105,Court 3,Not Booked,150,14 Sep 16:04
2026-09-14,Mon,4:00 pm to 5:00 pm,PlayAll Noida 105,Court 3,Not Booked,150,14 Sep 16:04
2026-09-14,Mon,4:30 pm to 5:30 pm,PlayAll Noida 105,Court 3,Not Booked,150,14 Sep 17:05
2026-09-14,Mon,5:00 pm to 6:00 pm,PlayAll Noida 105,Court 3,Not Booked,150,14 Sep 17:32
2026-09-14,Mon,5:30 pm to 6:30 pm,PlayAll Noida 105,Court 3,Not Booked,150,14 Sep 17:32
2026-09-14,Mon,6:00 pm to 7:00 pm,PlayAll Noida 105,Court 3,Not Booked,200,14 Sep 18:39
2026-09-14,Mon,6:30 pm to 7:30 pm,PlayAll Noida 105,Court 3,Not Booked,200,14 Sep 19:08
2026-09-14,Mon,7:00 pm to 8:00 pm,PlayAll Noida 105,Court 3,Not Booked,300,14 Sep 19:08
2026-09-14,Mon,7:30 pm to 8:30 pm,PlayAll Noida 105,Court 3,Not Booked,300,14 Sep 20:08
2026-09-14,Mon,8:00 pm to 9:00 pm,PlayAll Noida 105,Court 3,Not Booked,300,14 Sep 20:38
2026-09-14,Mon,8:30 pm to 9:30 pm,PlayAll Noida 105,Court 3,Not Booked,300,14 Sep 17:32
2026-09-14,Mon,9:00 pm to 10:00 pm,PlayAll Noida 105,Court 3,Not Booked,300,14 Sep 17:32
2026-09-14,Mon,9:30 pm to 10:30 pm,PlayAll Noida 105,Court 3,Not Booked,300,14 Sep 21:34
2026-09-14,Mon,10:00 am to 11:00 am,PlayAll Noida 73,Court 1,Not Booked,150,14 Sep 10:34
2026-09-14,Mon,10:00 pm to 11:00 pm,PlayAll Noida 73,Court 1,Not Booked,250,14 Sep 22:35
2026-09-14,Mon,10:30 am to 11:30 am,PlayAll Noida 73,Court 1,Not Booked,150,14 Sep 11:04
2026-09-14,Mon,10:30 pm to 11:30 pm,PlayAll Noida 73,Court 1,Not Booked,250,14 Sep 23:04
2026-09-14,Mon,11:00 am to 12:00 pm,PlayAll Noida 73,Court 1,Not Booked,150,14 Sep 11:32
2026-09-14,Mon,11:00 pm to 12:00 am,PlayAll Noida 73,Court 1,Not Booked,200,14 Sep 23:31
2026-09-14,Mon,11:30 am to 12:30 pm,PlayAll Noida 73,Court 1,Not Booked,150,14 Sep 11:32
2026-09-14,Mon,11:30 pm to 12:30 am,PlayAll Noida 73,Court 1,Not Booked,200,14 Sep 23:31
2026-09-14,Mon,12:00 pm to 1:00 pm,PlayAll Noida 73,Court 1,Not Booked,150,14 Sep 12:36
2026-09-14,Mon,12:30 pm to 1:30 pm,PlayAll Noida 73,Court 1,Not Booked,150,14 Sep 12:36
2026-09-14,Mon,1:00 pm to 2:00 pm,PlayAll Noida 73,Court 1,Not Booked,150,14 Sep 13:34
2026-09-14,Mon,1:30 pm to 2:30 pm,PlayAll Noida 73,Court 1,Not Booked,150,14 Sep 13:34
2026-09-14,Mon,2:00 pm to 3:00 pm,PlayAll Noida 73,Court 1,Not Booked,150,14 Sep 14:34
2026-09-14,Mon,2:30 pm to 3:30 pm,PlayAll Noida 73,Court 1,Not Booked,150,14 Sep 15:08
2026-09-14,Mon,3:00 pm to 4:00 pm,PlayAll Noida 73,Court 1,Not Booked,150,14 Sep 15:33
2026-09-14,Mon,3:30 pm to 4:30 pm,PlayAll Noida 73,Court 1,Not Booked,150,14 Sep 16:04
2026-09-14,Mon,4:00 pm to 5:00 pm,PlayAll Noida 73,Court 1,Not Booked,150,14 Sep 16:34
2026-09-14,Mon,4:30 pm to 5:30 pm,PlayAll Noida 73,Court 1,Not Booked,150,14 Sep 17:05
2026-09-14,Mon,5:00 am to 6:00 am,PlayAll Noida 73,Court 1,Not Booked,100,14 Sep 05:22
2026-09-14,Mon,5:00 pm to 6:00 pm,PlayAll Noida 73,Court 1,Not Booked,150,14 Sep 17:32
2026-09-14,Mon,5:30 am to 6:30 am,PlayAll Noida 73,Court 1,Not Booked,100,14 Sep 05:22
2026-09-14,Mon,5:30 pm to 6:30 pm,PlayAll Noida 73,Court 1,Not Booked,150,14 Sep 17:32
2026-09-14,Mon,6:00 am to 7:00 am,PlayAll Noida 73,Court 1,Not Booked,150,14 Sep 06:30
2026-09-14,Mon,6:00 pm to 7:00 pm,PlayAll Noida 73,Court 1,Not Booked,250,14 Sep 18:12
2026-09-14,Mon,6:30 am to 7:30 am,PlayAll Noida 73,Court 1,Not Booked,150,14 Sep 06:57
2026-09-14,Mon,6:30 pm to 7:30 pm,PlayAll Noida 73,Court 1,Not Booked,250,14 Sep 18:39
2026-09-14,Mon,7:00 am to 8:00 am,PlayAll Noida 73,Court 1,Not Booked,150,14 Sep 07:25
2026-09-14,Mon,7:00 pm to 8:00 pm,PlayAll Noida 73,Court 1,Not Booked,250,14 Sep 19:34
2026-09-14,Mon,7:30 am to 8:30 am,PlayAll Noida 73,Court 1,Not Booked,150,14 Sep 07:58
2026-09-14,Mon,7:30 pm to 8:30 pm,PlayAll Noida 73,Court 1,Not Booked,250,14 Sep 20:08
2026-09-14,Mon,8:00 am to 9:00 am,PlayAll Noida 73,Court 1,Not Booked,150,14 Sep 08:25
2026-09-14,Mon,8:00 pm to 9:00 pm,PlayAll Noida 73,Court 1,Not Booked,250,14 Sep 20:38
2026-09-14,Mon,8:30 am to 9:30 am,PlayAll Noida 73,Court 1,Not Booked,150,14 Sep 09:06
2026-09-14,Mon,8:30 pm to 9:30 pm,PlayAll Noida 73,Court 1,Not Booked,250,14 Sep 20:38
2026-09-14,Mon,9:00 am to 10:00 am,PlayAll Noida 73,Court 1,Not Booked,150,14 Sep 09:34
2026-09-14,Mon,9:00 pm to 10:00 pm,PlayAll Noida 73,Court 1,Not Booked,250,14 Sep 21:34
2026-09-14,Mon,9:30 am to 10:30 am,PlayAll Noida 73,Court 1,Not Booked,150,14 Sep 10:05
2026-09-14,Mon,9:30 pm to 10:30 pm,PlayAll Noida 73,Court 1,Not Booked,250,14 Sep 22:05
2026-09-14,Mon,10:00 am to 11:00 am,PlayAll Noida 73,Court 2,Not Booked,150,14 Sep 09:34
2026-09-14,Mon,10:00 pm to 11:00 pm,PlayAll Noida 73,Court 2,Not Booked,250,14 Sep 22:35
2026-09-14,Mon,10:30 am to 11:30 am,PlayAll Noida 73,Court 2,Not Booked,150,14 Sep 11:04
2026-09-14,Mon,10:30 pm to 11:30 pm,PlayAll Noida 73,Court 2,Not Booked,250,14 Sep 23:04
2026-09-14,Mon,11:00 am to 12:00 pm,PlayAll Noida 73,Court 2,Not Booked,150,14 Sep 11:32
2026-09-14,Mon,11:00 pm to 12:00 am,PlayAll Noida 73,Court 2,Not Booked,200,14 Sep 23:31
2026-09-14,Mon,11:30 am to 12:30 pm,PlayAll Noida 73,Court 2,Not Booked,150,14 Sep 11:32
2026-09-14,Mon,11:30 pm to 12:30 am,PlayAll Noida 73,Court 2,Not Booked,200,14 Sep 23:31
2026-09-14,Mon,12:00 pm to 1:00 pm,PlayAll Noida 73,Court 2,Not Booked,150,14 Sep 12:36
2026-09-14,Mon,12:30 pm to 1:30 pm,PlayAll Noida 73,Court 2,Not Booked,150,14 Sep 12:36
2026-09-14,Mon,1:00 pm to 2:00 pm,PlayAll Noida 73,Court 2,Not Booked,150,14 Sep 13:34
2026-09-14,Mon,1:30 pm to 2:30 pm,PlayAll Noida 73,Court 2,Not Booked,150,14 Sep 13:34
2026-09-14,Mon,2:00 pm to 3:00 pm,PlayAll Noida 73,Court 2,Not Booked,150,14 Sep 14:08
2026-09-14,Mon,2:30 pm to 3:30 pm,PlayAll Noida 73,Court 2,Not Booked,150,14 Sep 14:08
2026-09-14,Mon,3:00 pm to 4:00 pm,PlayAll Noida 73,Court 2,Not Booked,150,14 Sep 15:33
2026-09-14,Mon,3:30 pm to 4:30 pm,PlayAll Noida 73,Court 2,Not Booked,150,14 Sep 16:04
2026-09-14,Mon,4:00 pm to 5:00 pm,PlayAll Noida 73,Court 2,Not Booked,150,14 Sep 16:34
2026-09-14,Mon,4:30 pm to 5:30 pm,PlayAll Noida 73,Court 2,Not Booked,150,14 Sep 17:05
2026-09-14,Mon,5:00 am to 6:00 am,PlayAll Noida 73,Court 2,Not Booked,100,14 Sep 00:55
2026-09-14,Mon,5:00 pm to 6:00 pm,PlayAll Noida 73,Court 2,Not Booked,150,14 Sep 17:05
2026-09-14,Mon,5:30 am to 6:30 am,PlayAll Noida 73,Court 2,Not Booked,100,14 Sep 00:55
2026-09-14,Mon,5:30 pm to 6:30 pm,PlayAll Noida 73,Court 2,Not Booked,150,14 Sep 17:05
2026-09-14,Mon,6:00 am to 7:00 am,PlayAll Noida 73,Court 2,Not Booked,150,14 Sep 00:55
2026-09-14,Mon,6:00 pm to 7:00 pm,PlayAll Noida 73,Court 2,Not Booked,250,14 Sep 17:05
2026-09-14,Mon,6:30 am to 7:30 am,PlayAll Noida 73,Court 2,Not Booked,150,14 Sep 00:55
2026-09-14,Mon,6:30 pm to 7:30 pm,PlayAll Noida 73,Court 2,Not Booked,250,14 Sep 18:39
2026-09-14,Mon,7:00 am to 8:00 am,PlayAll Noida 73,Court 2,Not Booked,150,14 Sep 00:55
2026-09-14,Mon,7:00 pm to 8:00 pm,PlayAll Noida 73,Court 2,Not Booked,250,14 Sep 19:34
2026-09-14,Mon,7:30 am to 8:30 am,PlayAll Noida 73,Court 2,Not Booked,150,14 Sep 00:55
2026-09-14,Mon,7:30 pm to 8:30 pm,PlayAll Noida 73,Court 2,Not Booked,250,14 Sep 20:08
2026-09-14,Mon,8:00 am to 9:00 am,PlayAll Noida 73,Court 2,Not Booked,150,14 Sep 00:55
2026-09-14,Mon,8:00 pm to 9:00 pm,PlayAll Noida 73,Court 2,Not Booked,250,14 Sep 20:38
2026-09-14,Mon,8:30 am to 9:30 am,PlayAll Noida 73,Court 2,Not Booked,150,14 Sep 09:06
2026-09-14,Mon,8:30 pm to 9:30 pm,PlayAll Noida 73,Court 2,Not Booked,250,14 Sep 20:38
2026-09-14,Mon,9:00 am to 10:00 am,PlayAll Noida 73,Court 2,Not Booked,150,14 Sep 09:34
2026-09-14,Mon,9:00 pm to 10:00 pm,PlayAll Noida 73,Court 2,Not Booked,250,14 Sep 21:34
2026-09-14,Mon,9:30 am to 10:30 am,PlayAll Noida 73,Court 2,Not Booked,150,14 Sep 09:34
2026-09-14,Mon,9:30 pm to 10:30 pm,PlayAll Noida 73,Court 2,Not Booked,250,14 Sep 21:34
2026-09-14,Mon,10:00 am to 11:00 am,PlayAll Noida 73,Court 3,Not Booked,150,14 Sep 10:34
2026-09-14,Mon,10:00 pm to 11:00 pm,PlayAll Noida 73,Court 3,Not Booked,250,14 Sep 22:05
2026-09-14,Mon,10:30 am to 11:30 am,PlayAll Noida 73,Court 3,Not Booked,150,14 Sep 11:04
2026-09-14,Mon,10:30 pm to 11:30 pm,PlayAll Noida 73,Court 3,Not Booked,250,14 Sep 18:12
2026-09-14,Mon,11:00 am to 12:00 pm,PlayAll Noida 73,Court 3,Not Booked,150,14 Sep 11:04
2026-09-14,Mon,11:00 pm to 12:00 am,PlayAll Noida 73,Court 3,Not Booked,200,14 Sep 18:12
2026-09-14,Mon,11:30 am to 12:30 pm,PlayAll Noida 73,Court 3,Not Booked,150,14 Sep 11:04
2026-09-14,Mon,11:30 pm to 12:30 am,PlayAll Noida 73,Court 3,Not Booked,200,14 Sep 23:04
2026-09-14,Mon,12:00 pm to 1:00 pm,PlayAll Noida 73,Court 3,Not Booked,150,14 Sep 12:10
2026-09-14,Mon,12:30 pm to 1:30 pm,PlayAll Noida 73,Court 3,Not Booked,150,14 Sep 12:36
2026-09-14,Mon,1:00 pm to 2:00 pm,PlayAll Noida 73,Court 3,Not Booked,150,14 Sep 13:34
2026-09-14,Mon,1:30 pm to 2:30 pm,PlayAll Noida 73,Court 3,Not Booked,150,14 Sep 13:34
2026-09-14,Mon,2:00 pm to 3:00 pm,PlayAll Noida 73,Court 3,Not Booked,150,14 Sep 14:34
2026-09-14,Mon,2:30 pm to 3:30 pm,PlayAll Noida 73,Court 3,Not Booked,150,14 Sep 14:34
2026-09-14,Mon,3:00 pm to 4:00 pm,PlayAll Noida 73,Court 3,Not Booked,150,14 Sep 15:33
2026-09-14,Mon,3:30 pm to 4:30 pm,PlayAll Noida 73,Court 3,Not Booked,150,14 Sep 16:04
2026-09-14,Mon,4:00 pm to 5:00 pm,PlayAll Noida 73,Court 3,Not Booked,150,14 Sep 16:34
2026-09-14,Mon,4:30 pm to 5:30 pm,PlayAll Noida 73,Court 3,Not Booked,150,14 Sep 17:05
2026-09-14,Mon,5:00 am to 6:00 am,PlayAll Noida 73,Court 3,Not Booked,100,14 Sep 05:22
2026-09-14,Mon,5:00 pm to 6:00 pm,PlayAll Noida 73,Court 3,Not Booked,150,14 Sep 17:32
2026-09-14,Mon,5:30 am to 6:30 am,PlayAll Noida 73,Court 3,Not Booked,100,14 Sep 05:22
2026-09-14,Mon,5:30 pm to 6:30 pm,PlayAll Noida 73,Court 3,Not Booked,150,14 Sep 17:32
2026-09-14,Mon,6:00 am to 7:00 am,PlayAll Noida 73,Court 3,Not Booked,150,14 Sep 06:30
2026-09-14,Mon,6:00 pm to 7:00 pm,PlayAll Noida 73,Court 3,Not Booked,250,14 Sep 18:12
2026-09-14,Mon,6:30 am to 7:30 am,PlayAll Noida 73,Court 3,Not Booked,150,14 Sep 06:57
2026-09-14,Mon,6:30 pm to 7:30 pm,PlayAll Noida 73,Court 3,Not Booked,250,14 Sep 18:12
2026-09-14,Mon,7:00 am to 8:00 am,PlayAll Noida 73,Court 3,Not Booked,150,14 Sep 07:25
2026-09-14,Mon,7:00 pm to 8:00 pm,PlayAll Noida 73,Court 3,Not Booked,250,14 Sep 18:12
2026-09-14,Mon,7:30 am to 8:30 am,PlayAll Noida 73,Court 3,Not Booked,150,14 Sep 07:58
2026-09-14,Mon,7:30 pm to 8:30 pm,PlayAll Noida 73,Court 3,Not Booked,250,14 Sep 18:12
2026-09-14,Mon,8:00 am to 9:00 am,PlayAll Noida 73,Court 3,Not Booked,150,14 Sep 08:25
2026-09-14,Mon,8:00 pm to 9:00 pm,PlayAll Noida 73,Court 3,Not Booked,250,14 Sep 20:08
2026-09-14,Mon,8:30 am to 9:30 am,PlayAll Noida 73,Court 3,Not Booked,150,14 Sep 08:25
2026-09-14,Mon,8:30 pm to 9:30 pm,PlayAll Noida 73,Court 3,Not Booked,250,14 Sep 20:38
2026-09-14,Mon,9:00 am to 10:00 am,PlayAll Noida 73,Court 3,Not Booked,150,14 Sep 09:06
2026-09-14,Mon,9:00 pm to 10:00 pm,PlayAll Noida 73,Court 3,Not Booked,250,14 Sep 20:38
2026-09-14,Mon,9:30 am to 10:30 am,PlayAll Noida 73,Court 3,Not Booked,150,14 Sep 09:06
2026-09-14,Mon,9:30 pm to 10:30 pm,PlayAll Noida 73,Court 3,Not Booked,250,14 Sep 22:05
2026-09-14,Mon,10:00 am to 10:30 am,PlayLife | Sector 163,Pickleball Court 1,Not Booked,200,14 Sep 10:05
2026-09-14,Mon,10:00 pm to 10:30 pm,PlayLife | Sector 163,Pickleball Court 1,Not Booked,200,14 Sep 22:05
2026-09-14,Mon,10:30 am to 11:00 am,PlayLife | Sector 163,Pickleball Court 1,Not Booked,200,14 Sep 10:34
2026-09-14,Mon,10:30 pm to 11:00 pm,PlayLife | Sector 163,Pickleball Court 1,Not Booked,200,14 Sep 22:35
2026-09-14,Mon,11:00 am to 11:30 am,PlayLife | Sector 163,Pickleball Court 1,Not Booked,200,14 Sep 11:04
2026-09-14,Mon,11:30 am to 12:00 pm,PlayLife | Sector 163,Pickleball Court 1,Not Booked,200,14 Sep 11:32
2026-09-14,Mon,12:00 pm to 12:30 pm,PlayLife | Sector 163,Pickleball Court 1,Not Booked,200,14 Sep 12:10
2026-09-14,Mon,12:30 pm to 1:00 pm,PlayLife | Sector 163,Pickleball Court 1,Not Booked,200,14 Sep 12:36
2026-09-14,Mon,1:00 pm to 1:30 pm,PlayLife | Sector 163,Pickleball Court 1,Not Booked,200,14 Sep 13:11
2026-09-14,Mon,1:30 pm to 2:00 pm,PlayLife | Sector 163,Pickleball Court 1,Not Booked,200,14 Sep 13:34
2026-09-14,Mon,2:00 pm to 2:30 pm,PlayLife | Sector 163,Pickleball Court 1,Not Booked,200,14 Sep 14:08
2026-09-14,Mon,2:30 pm to 3:00 pm,PlayLife | Sector 163,Pickleball Court 1,Not Booked,200,14 Sep 14:34
2026-09-14,Mon,3:00 pm to 3:30 pm,PlayLife | Sector 163,Pickleball Court 1,Not Booked,200,14 Sep 15:08
2026-09-14,Mon,3:30 pm to 4:00 pm,PlayLife | Sector 163,Pickleball Court 1,Not Booked,200,14 Sep 15:33
2026-09-14,Mon,4:00 pm to 4:30 pm,PlayLife | Sector 163,Pickleball Court 1,Not Booked,200,14 Sep 16:04
2026-09-14,Mon,4:30 pm to 5:00 pm,PlayLife | Sector 163,Pickleball Court 1,Not Booked,200,14 Sep 16:34
2026-09-14,Mon,5:00 pm to 5:30 pm,PlayLife | Sector 163,Pickleball Court 1,Not Booked,200,14 Sep 17:05
2026-09-14,Mon,5:30 pm to 6:00 pm,PlayLife | Sector 163,Pickleball Court 1,Not Booked,200,14 Sep 17:32
2026-09-14,Mon,6:00 am to 6:30 am,PlayLife | Sector 163,Pickleball Court 1,Not Booked,200,14 Sep 06:30
2026-09-14,Mon,6:00 pm to 6:30 pm,PlayLife | Sector 163,Pickleball Court 1,Not Booked,200,14 Sep 18:12
2026-09-14,Mon,6:30 am to 7:00 am,PlayLife | Sector 163,Pickleball Court 1,Not Booked,200,14 Sep 06:57
2026-09-14,Mon,6:30 pm to 7:00 pm,PlayLife | Sector 163,Pickleball Court 1,Not Booked,200,14 Sep 18:39
2026-09-14,Mon,7:00 am to 7:30 am,PlayLife | Sector 163,Pickleball Court 1,Not Booked,200,14 Sep 07:25
2026-09-14,Mon,7:00 pm to 7:30 pm,PlayLife | Sector 163,Pickleball Court 1,Not Booked,200,14 Sep 19:08
2026-09-14,Mon,7:30 am to 8:00 am,PlayLife | Sector 163,Pickleball Court 1,Not Booked,200,14 Sep 07:58
2026-09-14,Mon,7:30 pm to 8:00 pm,PlayLife | Sector 163,Pickleball Court 1,Not Booked,200,14 Sep 19:34
2026-09-14,Mon,8:00 am to 8:30 am,PlayLife | Sector 163,Pickleball Court 1,Not Booked,200,14 Sep 08:25
2026-09-14,Mon,8:00 pm to 8:30 pm,PlayLife | Sector 163,Pickleball Court 1,Not Booked,200,14 Sep 20:08
2026-09-14,Mon,8:30 am to 9:00 am,PlayLife | Sector 163,Pickleball Court 1,Not Booked,200,14 Sep 08:25
2026-09-14,Mon,8:30 pm to 9:00 pm,PlayLife | Sector 163,Pickleball Court 1,Not Booked,200,14 Sep 20:38
2026-09-14,Mon,9:00 am to 9:30 am,PlayLife | Sector 163,Pickleball Court 1,Not Booked,200,14 Sep 09:06
2026-09-14,Mon,9:00 pm to 9:30 pm,PlayLife | Sector 163,Pickleball Court 1,Not Booked,200,14 Sep 21:07
2026-09-14,Mon,9:30 am to 10:00 am,PlayLife | Sector 163,Pickleball Court 1,Not Booked,200,14 Sep 09:34
2026-09-14,Mon,9:30 pm to 10:00 pm,PlayLife | Sector 163,Pickleball Court 1,Not Booked,200,14 Sep 21:34
2026-09-14,Mon,10:00 am to 10:30 am,PlayLife | Sector 163,Pickleball Court 2,Not Booked,200,14 Sep 10:05
2026-09-14,Mon,10:00 pm to 10:30 pm,PlayLife | Sector 163,Pickleball Court 2,Not Booked,200,14 Sep 22:05
2026-09-14,Mon,10:30 am to 11:00 am,PlayLife | Sector 163,Pickleball Court 2,Not Booked,200,14 Sep 10:34
2026-09-14,Mon,10:30 pm to 11:00 pm,PlayLife | Sector 163,Pickleball Court 2,Not Booked,200,14 Sep 22:35
2026-09-14,Mon,11:00 am to 11:30 am,PlayLife | Sector 163,Pickleball Court 2,Not Booked,200,14 Sep 11:04
2026-09-14,Mon,11:30 am to 12:00 pm,PlayLife | Sector 163,Pickleball Court 2,Not Booked,200,14 Sep 11:32
2026-09-14,Mon,12:00 pm to 12:30 pm,PlayLife | Sector 163,Pickleball Court 2,Not Booked,200,14 Sep 12:10
2026-09-14,Mon,12:30 pm to 1:00 pm,PlayLife | Sector 163,Pickleball Court 2,Not Booked,200,14 Sep 12:36
2026-09-14,Mon,1:00 pm to 1:30 pm,PlayLife | Sector 163,Pickleball Court 2,Not Booked,200,14 Sep 13:11
2026-09-14,Mon,1:30 pm to 2:00 pm,PlayLife | Sector 163,Pickleball Court 2,Not Booked,200,14 Sep 13:34
2026-09-14,Mon,2:00 pm to 2:30 pm,PlayLife | Sector 163,Pickleball Court 2,Not Booked,200,14 Sep 14:08
2026-09-14,Mon,2:30 pm to 3:00 pm,PlayLife | Sector 163,Pickleball Court 2,Not Booked,200,14 Sep 14:34
2026-09-14,Mon,3:00 pm to 3:30 pm,PlayLife | Sector 163,Pickleball Court 2,Not Booked,200,14 Sep 15:08
2026-09-14,Mon,3:30 pm to 4:00 pm,PlayLife | Sector 163,Pickleball Court 2,Not Booked,200,14 Sep 15:33
2026-09-14,Mon,4:00 pm to 4:30 pm,PlayLife | Sector 163,Pickleball Court 2,Not Booked,200,14 Sep 16:04
2026-09-14,Mon,4:30 pm to 5:00 pm,PlayLife | Sector 163,Pickleball Court 2,Not Booked,200,14 Sep 16:34
2026-09-14,Mon,5:00 pm to 5:30 pm,PlayLife | Sector 163,Pickleball Court 2,Not Booked,200,14 Sep 17:05
2026-09-14,Mon,5:30 pm to 6:00 pm,PlayLife | Sector 163,Pickleball Court 2,Not Booked,200,14 Sep 17:32
2026-09-14,Mon,6:00 am to 6:30 am,PlayLife | Sector 163,Pickleball Court 2,Not Booked,200,14 Sep 06:30
2026-09-14,Mon,6:00 pm to 6:30 pm,PlayLife | Sector 163,Pickleball Court 2,Not Booked,200,14 Sep 18:12
2026-09-14,Mon,6:30 am to 7:00 am,PlayLife | Sector 163,Pickleball Court 2,Not Booked,200,14 Sep 06:57
2026-09-14,Mon,6:30 pm to 7:00 pm,PlayLife | Sector 163,Pickleball Court 2,Not Booked,200,14 Sep 18:39
2026-09-14,Mon,7:00 am to 7:30 am,PlayLife | Sector 163,Pickleball Court 2,Not Booked,200,14 Sep 06:57
2026-09-14,Mon,7:00 pm to 7:30 pm,PlayLife | Sector 163,Pickleball Court 2,Not Booked,200,14 Sep 19:08
2026-09-14,Mon,7:30 am to 8:00 am,PlayLife | Sector 163,Pickleball Court 2,Not Booked,200,14 Sep 07:58
2026-09-14,Mon,7:30 pm to 8:00 pm,PlayLife | Sector 163,Pickleball Court 2,Not Booked,200,14 Sep 19:34
2026-09-14,Mon,8:00 am to 8:30 am,PlayLife | Sector 163,Pickleball Court 2,Not Booked,200,14 Sep 08:25
2026-09-14,Mon,8:00 pm to 8:30 pm,PlayLife | Sector 163,Pickleball Court 2,Not Booked,200,14 Sep 20:08
2026-09-14,Mon,8:30 am to 9:00 am,PlayLife | Sector 163,Pickleball Court 2,Not Booked,200,14 Sep 08:25
2026-09-14,Mon,8:30 pm to 9:00 pm,PlayLife | Sector 163,Pickleball Court 2,Not Booked,200,14 Sep 20:38
2026-09-14,Mon,9:00 am to 9:30 am,PlayLife | Sector 163,Pickleball Court 2,Not Booked,200,14 Sep 09:06
2026-09-14,Mon,9:00 pm to 9:30 pm,PlayLife | Sector 163,Pickleball Court 2,Not Booked,200,14 Sep 21:07
2026-09-14,Mon,9:30 am to 10:00 am,PlayLife | Sector 163,Pickleball Court 2,Not Booked,200,14 Sep 09:34
2026-09-14,Mon,9:30 pm to 10:00 pm,PlayLife | Sector 163,Pickleball Court 2,Not Booked,200,14 Sep 21:34
2026-09-14,Mon,10:00 am to 10:30 am,PlayLife | Sector 163,Pickleball Court 3,Not Booked,200,14 Sep 10:05
2026-09-14,Mon,10:00 pm to 10:30 pm,PlayLife | Sector 163,Pickleball Court 3,Not Booked,200,14 Sep 22:05
2026-09-14,Mon,10:30 am to 11:00 am,PlayLife | Sector 163,Pickleball Court 3,Not Booked,200,14 Sep 10:34
2026-09-14,Mon,10:30 pm to 11:00 pm,PlayLife | Sector 163,Pickleball Court 3,Not Booked,200,14 Sep 22:35
2026-09-14,Mon,11:00 am to 11:30 am,PlayLife | Sector 163,Pickleball Court 3,Not Booked,200,14 Sep 11:04
2026-09-14,Mon,11:30 am to 12:00 pm,PlayLife | Sector 163,Pickleball Court 3,Not Booked,200,14 Sep 11:32
2026-09-14,Mon,12:00 pm to 12:30 pm,PlayLife | Sector 163,Pickleball Court 3,Not Booked,200,14 Sep 12:10
2026-09-14,Mon,12:30 pm to 1:00 pm,PlayLife | Sector 163,Pickleball Court 3,Not Booked,200,14 Sep 12:36
2026-09-14,Mon,1:00 pm to 1:30 pm,PlayLife | Sector 163,Pickleball Court 3,Not Booked,200,14 Sep 13:11
2026-09-14,Mon,1:30 pm to 2:00 pm,PlayLife | Sector 163,Pickleball Court 3,Not Booked,200,14 Sep 13:34
2026-09-14,Mon,2:00 pm to 2:30 pm,PlayLife | Sector 163,Pickleball Court 3,Not Booked,200,14 Sep 14:08
2026-09-14,Mon,2:30 pm to 3:00 pm,PlayLife | Sector 163,Pickleball Court 3,Not Booked,200,14 Sep 14:34
2026-09-14,Mon,3:00 pm to 3:30 pm,PlayLife | Sector 163,Pickleball Court 3,Not Booked,200,14 Sep 15:08
2026-09-14,Mon,3:30 pm to 4:00 pm,PlayLife | Sector 163,Pickleball Court 3,Not Booked,200,14 Sep 15:33
2026-09-14,Mon,4:00 pm to 4:30 pm,PlayLife | Sector 163,Pickleball Court 3,Not Booked,200,14 Sep 16:04
2026-09-14,Mon,4:30 pm to 5:00 pm,PlayLife | Sector 163,Pickleball Court 3,Not Booked,200,14 Sep 16:34
2026-09-14,Mon,5:00 pm to 5:30 pm,PlayLife | Sector 163,Pickleball Court 3,Not Booked,200,14 Sep 17:05
2026-09-14,Mon,5:30 pm to 6:00 pm,PlayLife | Sector 163,Pickleball Court 3,Not Booked,200,14 Sep 17:32
2026-09-14,Mon,6:00 am to 6:30 am,PlayLife | Sector 163,Pickleball Court 3,Not Booked,200,14 Sep 04:23
2026-09-14,Mon,6:00 pm to 6:30 pm,PlayLife | Sector 163,Pickleball Court 3,Not Booked,200,14 Sep 18:12
2026-09-14,Mon,6:30 am to 7:00 am,PlayLife | Sector 163,Pickleball Court 3,Not Booked,200,14 Sep 04:23
2026-09-14,Mon,6:30 pm to 7:00 pm,PlayLife | Sector 163,Pickleball Court 3,Not Booked,200,14 Sep 18:39
2026-09-14,Mon,7:00 am to 7:30 am,PlayLife | Sector 163,Pickleball Court 3,Not Booked,200,14 Sep 07:25
2026-09-14,Mon,7:00 pm to 7:30 pm,PlayLife | Sector 163,Pickleball Court 3,Not Booked,200,14 Sep 19:08
2026-09-14,Mon,7:30 am to 8:00 am,PlayLife | Sector 163,Pickleball Court 3,Not Booked,200,14 Sep 07:25
2026-09-14,Mon,7:30 pm to 8:00 pm,PlayLife | Sector 163,Pickleball Court 3,Not Booked,200,14 Sep 19:34
2026-09-14,Mon,8:00 am to 8:30 am,PlayLife | Sector 163,Pickleball Court 3,Not Booked,200,14 Sep 07:25
2026-09-14,Mon,8:00 pm to 8:30 pm,PlayLife | Sector 163,Pickleball Court 3,Not Booked,200,14 Sep 20:08
2026-09-14,Mon,8:30 am to 9:00 am,PlayLife | Sector 163,Pickleball Court 3,Not Booked,200,14 Sep 07:25
2026-09-14,Mon,8:30 pm to 9:00 pm,PlayLife | Sector 163,Pickleball Court 3,Not Booked,200,14 Sep 20:38
2026-09-14,Mon,9:00 am to 9:30 am,PlayLife | Sector 163,Pickleball Court 3,Not Booked,200,14 Sep 09:06
2026-09-14,Mon,9:00 pm to 9:30 pm,PlayLife | Sector 163,Pickleball Court 3,Not Booked,200,14 Sep 21:07
2026-09-14,Mon,9:30 am to 10:00 am,PlayLife | Sector 163,Pickleball Court 3,Not Booked,200,14 Sep 09:34
2026-09-14,Mon,9:30 pm to 10:00 pm,PlayLife | Sector 163,Pickleball Court 3,Not Booked,200,14 Sep 21:34
2026-09-14,Mon,10:00 am to 10:30 am,Rally N Roast | Sector 141,Court 1 (Blue),Not Booked,500,14 Sep 10:05
2026-09-14,Mon,10:00 pm to 10:30 pm,Rally N Roast | Sector 141,Court 1 (Blue),Not Booked,500,14 Sep 22:05
2026-09-14,Mon,10:30 am to 11:00 am,Rally N Roast | Sector 141,Court 1 (Blue),Not Booked,500,14 Sep 10:34
2026-09-14,Mon,10:30 pm to 11:00 pm,Rally N Roast | Sector 141,Court 1 (Blue),Not Booked,500,14 Sep 22:35
2026-09-14,Mon,11:00 am to 11:30 am,Rally N Roast | Sector 141,Court 1 (Blue),Not Booked,500,14 Sep 11:32
2026-09-14,Mon,11:30 am to 12:00 pm,Rally N Roast | Sector 141,Court 1 (Blue),Not Booked,500,14 Sep 11:32
2026-09-14,Mon,12:00 pm to 12:30 pm,Rally N Roast | Sector 141,Court 1 (Blue),Not Booked,500,14 Sep 12:10
2026-09-14,Mon,12:30 pm to 1:00 pm,Rally N Roast | Sector 141,Court 1 (Blue),Not Booked,500,14 Sep 12:36
2026-09-14,Mon,1:00 pm to 1:30 pm,Rally N Roast | Sector 141,Court 1 (Blue),Not Booked,500,14 Sep 13:11
2026-09-14,Mon,1:30 pm to 2:00 pm,Rally N Roast | Sector 141,Court 1 (Blue),Not Booked,500,14 Sep 13:34
2026-09-14,Mon,2:00 pm to 2:30 pm,Rally N Roast | Sector 141,Court 1 (Blue),Not Booked,500,14 Sep 14:08
2026-09-14,Mon,2:30 pm to 3:00 pm,Rally N Roast | Sector 141,Court 1 (Blue),Not Booked,500,14 Sep 14:34
2026-09-14,Mon,3:00 pm to 3:30 pm,Rally N Roast | Sector 141,Court 1 (Blue),Not Booked,500,14 Sep 15:08
2026-09-14,Mon,3:30 pm to 4:00 pm,Rally N Roast | Sector 141,Court 1 (Blue),Not Booked,500,14 Sep 15:33
2026-09-14,Mon,4:00 pm to 4:30 pm,Rally N Roast | Sector 141,Court 1 (Blue),Not Booked,500,14 Sep 16:04
2026-09-14,Mon,4:30 pm to 5:00 pm,Rally N Roast | Sector 141,Court 1 (Blue),Not Booked,500,14 Sep 16:34
2026-09-14,Mon,5:00 pm to 5:30 pm,Rally N Roast | Sector 141,Court 1 (Blue),Not Booked,500,14 Sep 17:05
2026-09-14,Mon,5:30 pm to 6:00 pm,Rally N Roast | Sector 141,Court 1 (Blue),Not Booked,500,14 Sep 17:32
2026-09-14,Mon,6:00 pm to 6:30 pm,Rally N Roast | Sector 141,Court 1 (Blue),Not Booked,500,14 Sep 18:12
2026-09-14,Mon,6:30 pm to 7:00 pm,Rally N Roast | Sector 141,Court 1 (Blue),Not Booked,500,14 Sep 18:39
2026-09-14,Mon,7:00 am to 7:30 am,Rally N Roast | Sector 141,Court 1 (Blue),Not Booked,500,14 Sep 07:25
2026-09-14,Mon,7:00 pm to 7:30 pm,Rally N Roast | Sector 141,Court 1 (Blue),Not Booked,500,14 Sep 19:08
2026-09-14,Mon,7:30 am to 8:00 am,Rally N Roast | Sector 141,Court 1 (Blue),Not Booked,500,14 Sep 07:58
2026-09-14,Mon,7:30 pm to 8:00 pm,Rally N Roast | Sector 141,Court 1 (Blue),Not Booked,500,14 Sep 19:34
2026-09-14,Mon,8:00 am to 8:30 am,Rally N Roast | Sector 141,Court 1 (Blue),Not Booked,500,14 Sep 08:25
2026-09-14,Mon,8:00 pm to 8:30 pm,Rally N Roast | Sector 141,Court 1 (Blue),Not Booked,500,14 Sep 20:08
2026-09-14,Mon,8:30 am to 9:00 am,Rally N Roast | Sector 141,Court 1 (Blue),Not Booked,500,14 Sep 08:25
2026-09-14,Mon,8:30 pm to 9:00 pm,Rally N Roast | Sector 141,Court 1 (Blue),Not Booked,500,14 Sep 20:38
2026-09-14,Mon,9:00 am to 9:30 am,Rally N Roast | Sector 141,Court 1 (Blue),Not Booked,500,14 Sep 09:06
2026-09-14,Mon,9:00 pm to 9:30 pm,Rally N Roast | Sector 141,Court 1 (Blue),Not Booked,500,14 Sep 21:07
2026-09-14,Mon,9:30 am to 10:00 am,Rally N Roast | Sector 141,Court 1 (Blue),Not Booked,500,14 Sep 09:34
2026-09-14,Mon,9:30 pm to 10:00 pm,Rally N Roast | Sector 141,Court 1 (Blue),Not Booked,500,14 Sep 21:34
2026-09-14,Mon,10:00 am to 10:30 am,Rally N Roast | Sector 141,Court 2 (Pink),Not Booked,500,14 Sep 10:05
2026-09-14,Mon,10:00 pm to 10:30 pm,Rally N Roast | Sector 141,Court 2 (Pink),Not Booked,500,14 Sep 22:05
2026-09-14,Mon,10:30 am to 11:00 am,Rally N Roast | Sector 141,Court 2 (Pink),Not Booked,500,14 Sep 10:34
2026-09-14,Mon,10:30 pm to 11:00 pm,Rally N Roast | Sector 141,Court 2 (Pink),Not Booked,500,14 Sep 22:35
2026-09-14,Mon,11:00 am to 11:30 am,Rally N Roast | Sector 141,Court 2 (Pink),Not Booked,500,14 Sep 11:32
2026-09-14,Mon,11:30 am to 12:00 pm,Rally N Roast | Sector 141,Court 2 (Pink),Not Booked,500,14 Sep 11:32
2026-09-14,Mon,12:00 pm to 12:30 pm,Rally N Roast | Sector 141,Court 2 (Pink),Not Booked,500,14 Sep 12:10
2026-09-14,Mon,12:30 pm to 1:00 pm,Rally N Roast | Sector 141,Court 2 (Pink),Not Booked,500,14 Sep 12:36
2026-09-14,Mon,1:00 pm to 1:30 pm,Rally N Roast | Sector 141,Court 2 (Pink),Not Booked,500,14 Sep 13:11
2026-09-14,Mon,1:30 pm to 2:00 pm,Rally N Roast | Sector 141,Court 2 (Pink),Not Booked,500,14 Sep 13:34
2026-09-14,Mon,2:00 pm to 2:30 pm,Rally N Roast | Sector 141,Court 2 (Pink),Not Booked,500,14 Sep 14:08
2026-09-14,Mon,2:30 pm to 3:00 pm,Rally N Roast | Sector 141,Court 2 (Pink),Not Booked,500,14 Sep 14:34
2026-09-14,Mon,3:00 pm to 3:30 pm,Rally N Roast | Sector 141,Court 2 (Pink),Not Booked,500,14 Sep 15:08
2026-09-14,Mon,3:30 pm to 4:00 pm,Rally N Roast | Sector 141,Court 2 (Pink),Not Booked,500,14 Sep 15:33
2026-09-14,Mon,4:00 pm to 4:30 pm,Rally N Roast | Sector 141,Court 2 (Pink),Not Booked,500,14 Sep 16:04
2026-09-14,Mon,4:30 pm to 5:00 pm,Rally N Roast | Sector 141,Court 2 (Pink),Not Booked,500,14 Sep 16:34
2026-09-14,Mon,5:00 pm to 5:30 pm,Rally N Roast | Sector 141,Court 2 (Pink),Not Booked,500,14 Sep 17:05
2026-09-14,Mon,5:30 pm to 6:00 pm,Rally N Roast | Sector 141,Court 2 (Pink),Not Booked,500,14 Sep 17:32
2026-09-14,Mon,6:00 pm to 6:30 pm,Rally N Roast | Sector 141,Court 2 (Pink),Not Booked,500,14 Sep 18:12
2026-09-14,Mon,6:30 pm to 7:00 pm,Rally N Roast | Sector 141,Court 2 (Pink),Not Booked,500,14 Sep 18:39
2026-09-14,Mon,7:00 am to 7:30 am,Rally N Roast | Sector 141,Court 2 (Pink),Not Booked,500,14 Sep 06:57
2026-09-14,Mon,7:00 pm to 7:30 pm,Rally N Roast | Sector 141,Court 2 (Pink),Not Booked,500,14 Sep 19:08
2026-09-14,Mon,7:30 am to 8:00 am,Rally N Roast | Sector 141,Court 2 (Pink),Not Booked,500,14 Sep 06:57
2026-09-14,Mon,7:30 pm to 8:00 pm,Rally N Roast | Sector 141,Court 2 (Pink),Not Booked,500,14 Sep 19:34
2026-09-14,Mon,8:00 am to 8:30 am,Rally N Roast | Sector 141,Court 2 (Pink),Not Booked,500,14 Sep 08:25
2026-09-14,Mon,8:00 pm to 8:30 pm,Rally N Roast | Sector 141,Court 2 (Pink),Not Booked,500,14 Sep 20:08
2026-09-14,Mon,8:30 am to 9:00 am,Rally N Roast | Sector 141,Court 2 (Pink),Not Booked,500,14 Sep 08:25
2026-09-14,Mon,8:30 pm to 9:00 pm,Rally N Roast | Sector 141,Court 2 (Pink),Not Booked,500,14 Sep 20:38
2026-09-14,Mon,9:00 am to 9:30 am,Rally N Roast | Sector 141,Court 2 (Pink),Not Booked,500,14 Sep 09:06
2026-09-14,Mon,9:00 pm to 9:30 pm,Rally N Roast | Sector 141,Court 2 (Pink),Not Booked,500,14 Sep 21:07
2026-09-14,Mon,9:30 am to 10:00 am,Rally N Roast | Sector 141,Court 2 (Pink),Not Booked,500,14 Sep 09:34
2026-09-14,Mon,9:30 pm to 10:00 pm,Rally N Roast | Sector 141,Court 2 (Pink),Not Booked,500,14 Sep 21:34
2026-09-14,Mon,10:00 am to 10:30 am,Rally N Roast | Sector 141,Court 3 (Blue),Not Booked,500,14 Sep 10:05
2026-09-14,Mon,10:00 pm to 10:30 pm,Rally N Roast | Sector 141,Court 3 (Blue),Not Booked,500,14 Sep 22:05
2026-09-14,Mon,10:30 am to 11:00 am,Rally N Roast | Sector 141,Court 3 (Blue),Not Booked,500,14 Sep 10:34
2026-09-14,Mon,10:30 pm to 11:00 pm,Rally N Roast | Sector 141,Court 3 (Blue),Not Booked,500,14 Sep 22:35
2026-09-14,Mon,11:00 am to 11:30 am,Rally N Roast | Sector 141,Court 3 (Blue),Not Booked,500,14 Sep 11:32
2026-09-14,Mon,11:30 am to 12:00 pm,Rally N Roast | Sector 141,Court 3 (Blue),Not Booked,500,14 Sep 11:32
2026-09-14,Mon,12:00 pm to 12:30 pm,Rally N Roast | Sector 141,Court 3 (Blue),Not Booked,500,14 Sep 12:10
2026-09-14,Mon,12:30 pm to 1:00 pm,Rally N Roast | Sector 141,Court 3 (Blue),Not Booked,500,14 Sep 12:36
2026-09-14,Mon,1:00 pm to 1:30 pm,Rally N Roast | Sector 141,Court 3 (Blue),Not Booked,500,14 Sep 12:36
2026-09-14,Mon,1:30 pm to 2:00 pm,Rally N Roast | Sector 141,Court 3 (Blue),Not Booked,500,14 Sep 13:34
2026-09-14,Mon,2:00 pm to 2:30 pm,Rally N Roast | Sector 141,Court 3 (Blue),Not Booked,500,14 Sep 14:08
2026-09-14,Mon,2:30 pm to 3:00 pm,Rally N Roast | Sector 141,Court 3 (Blue),Not Booked,500,14 Sep 14:34
2026-09-14,Mon,3:00 pm to 3:30 pm,Rally N Roast | Sector 141,Court 3 (Blue),Not Booked,500,14 Sep 15:08
2026-09-14,Mon,3:30 pm to 4:00 pm,Rally N Roast | Sector 141,Court 3 (Blue),Not Booked,500,14 Sep 15:33
2026-09-14,Mon,4:00 pm to 4:30 pm,Rally N Roast | Sector 141,Court 3 (Blue),Not Booked,500,14 Sep 16:04
2026-09-14,Mon,4:30 pm to 5:00 pm,Rally N Roast | Sector 141,Court 3 (Blue),Not Booked,500,14 Sep 16:34
2026-09-14,Mon,5:00 pm to 5:30 pm,Rally N Roast | Sector 141,Court 3 (Blue),Not Booked,500,14 Sep 17:05
2026-09-14,Mon,5:30 pm to 6:00 pm,Rally N Roast | Sector 141,Court 3 (Blue),Not Booked,500,14 Sep 17:32
2026-09-14,Mon,6:00 pm to 6:30 pm,Rally N Roast | Sector 141,Court 3 (Blue),Not Booked,500,14 Sep 18:12
2026-09-14,Mon,6:30 pm to 7:00 pm,Rally N Roast | Sector 141,Court 3 (Blue),Not Booked,500,14 Sep 18:39
2026-09-14,Mon,7:00 am to 7:30 am,Rally N Roast | Sector 141,Court 3 (Blue),Not Booked,500,14 Sep 07:25
2026-09-14,Mon,7:00 pm to 7:30 pm,Rally N Roast | Sector 141,Court 3 (Blue),Not Booked,500,14 Sep 19:08
2026-09-14,Mon,7:30 am to 8:00 am,Rally N Roast | Sector 141,Court 3 (Blue),Not Booked,500,14 Sep 07:58
2026-09-14,Mon,7:30 pm to 8:00 pm,Rally N Roast | Sector 141,Court 3 (Blue),Not Booked,500,14 Sep 19:34
2026-09-14,Mon,8:00 am to 8:30 am,Rally N Roast | Sector 141,Court 3 (Blue),Not Booked,500,14 Sep 07:58
2026-09-14,Mon,8:00 pm to 8:30 pm,Rally N Roast | Sector 141,Court 3 (Blue),Not Booked,500,14 Sep 20:08
2026-09-14,Mon,8:30 am to 9:00 am,Rally N Roast | Sector 141,Court 3 (Blue),Not Booked,500,14 Sep 07:58
2026-09-14,Mon,8:30 pm to 9:00 pm,Rally N Roast | Sector 141,Court 3 (Blue),Not Booked,500,14 Sep 20:38
2026-09-14,Mon,9:00 am to 9:30 am,Rally N Roast | Sector 141,Court 3 (Blue),Not Booked,500,14 Sep 07:58
2026-09-14,Mon,9:00 pm to 9:30 pm,Rally N Roast | Sector 141,Court 3 (Blue),Not Booked,500,14 Sep 21:07
2026-09-14,Mon,9:30 am to 10:00 am,Rally N Roast | Sector 141,Court 3 (Blue),Not Booked,500,14 Sep 09:34
2026-09-14,Mon,9:30 pm to 10:00 pm,Rally N Roast | Sector 141,Court 3 (Blue),Not Booked,500,14 Sep 21:34
2026-09-14,Mon,10:00 am to 10:30 am,Sky Nine Rackets,Court 1,Not Booked,225,14 Sep 10:34
2026-09-14,Mon,10:00 pm to 10:30 pm,Sky Nine Rackets,Court 1,Not Booked,270,14 Sep 21:34
2026-09-14,Mon,10:30 am to 11:00 am,Sky Nine Rackets,Court 1,Not Booked,225,14 Sep 11:04
2026-09-14,Mon,10:30 pm to 11:00 pm,Sky Nine Rackets,Court 1,Not Booked,270,14 Sep 22:35
2026-09-14,Mon,11:00 am to 11:30 am,Sky Nine Rackets,Court 1,Not Booked,225,14 Sep 11:32
2026-09-14,Mon,11:00 pm to 11:30 pm,Sky Nine Rackets,Court 1,Not Booked,270,14 Sep 23:04
2026-09-14,Mon,11:30 am to 12:00 pm,Sky Nine Rackets,Court 1,Not Booked,225,14 Sep 11:32
2026-09-14,Mon,11:30 pm to 12:00 am,Sky Nine Rackets,Court 1,Not Booked,270,14 Sep 23:04
2026-09-14,Mon,12:00 pm to 12:30 pm,Sky Nine Rackets,Court 1,Not Booked,225,14 Sep 12:10
2026-09-14,Mon,12:30 pm to 1:00 pm,Sky Nine Rackets,Court 1,Not Booked,225,14 Sep 12:10
2026-09-14,Mon,1:00 pm to 1:30 pm,Sky Nine Rackets,Court 1,Not Booked,225,14 Sep 13:11
2026-09-14,Mon,1:30 pm to 2:00 pm,Sky Nine Rackets,Court 1,Not Booked,225,14 Sep 13:34
2026-09-14,Mon,2:00 pm to 2:30 pm,Sky Nine Rackets,Court 1,Not Booked,225,14 Sep 14:08
2026-09-14,Mon,2:30 pm to 3:00 pm,Sky Nine Rackets,Court 1,Not Booked,225,14 Sep 14:08
2026-09-14,Mon,3:00 pm to 3:30 pm,Sky Nine Rackets,Court 1,Not Booked,225,14 Sep 15:08
2026-09-14,Mon,3:30 pm to 4:00 pm,Sky Nine Rackets,Court 1,Not Booked,225,14 Sep 15:08
2026-09-14,Mon,4:00 pm to 4:30 pm,Sky Nine Rackets,Court 1,Not Booked,225,14 Sep 15:08
2026-09-14,Mon,4:30 pm to 5:00 pm,Sky Nine Rackets,Court 1,Not Booked,225,14 Sep 15:08
2026-09-14,Mon,5:00 am to 5:30 am,Sky Nine Rackets,Court 1,Not Booked,225,14 Sep 02:23
2026-09-14,Mon,5:00 pm to 5:30 pm,Sky Nine Rackets,Court 1,Not Booked,270,14 Sep 15:08
2026-09-14,Mon,5:30 am to 6:00 am,Sky Nine Rackets,Court 1,Not Booked,225,14 Sep 02:23
2026-09-14,Mon,5:30 pm to 6:00 pm,Sky Nine Rackets,Court 1,Not Booked,270,14 Sep 17:32
2026-09-14,Mon,6:00 am to 6:30 am,Sky Nine Rackets,Court 1,Not Booked,225,14 Sep 02:23
2026-09-14,Mon,6:00 pm to 6:30 pm,Sky Nine Rackets,Court 1,Not Booked,270,14 Sep 18:12
2026-09-14,Mon,6:30 am to 7:00 am,Sky Nine Rackets,Court 1,Not Booked,225,14 Sep 02:23
2026-09-14,Mon,6:30 pm to 7:00 pm,Sky Nine Rackets,Court 1,Not Booked,270,14 Sep 18:39
2026-09-14,Mon,7:00 am to 7:30 am,Sky Nine Rackets,Court 1,Not Booked,225,14 Sep 02:23
2026-09-14,Mon,7:00 pm to 7:30 pm,Sky Nine Rackets,Court 1,Not Booked,270,14 Sep 19:08
2026-09-14,Mon,7:30 am to 8:00 am,Sky Nine Rackets,Court 1,Not Booked,225,14 Sep 02:23
2026-09-14,Mon,7:30 pm to 8:00 pm,Sky Nine Rackets,Court 1,Not Booked,270,14 Sep 19:34
2026-09-14,Mon,8:00 am to 8:30 am,Sky Nine Rackets,Court 1,Not Booked,225,14 Sep 02:23
2026-09-14,Mon,8:00 pm to 8:30 pm,Sky Nine Rackets,Court 1,Not Booked,270,14 Sep 19:34
2026-09-14,Mon,8:30 am to 9:00 am,Sky Nine Rackets,Court 1,Not Booked,225,14 Sep 02:23
2026-09-14,Mon,8:30 pm to 9:00 pm,Sky Nine Rackets,Court 1,Not Booked,270,14 Sep 20:38
2026-09-14,Mon,9:00 am to 9:30 am,Sky Nine Rackets,Court 1,Not Booked,225,14 Sep 09:34
2026-09-14,Mon,9:00 pm to 9:30 pm,Sky Nine Rackets,Court 1,Not Booked,270,14 Sep 21:07
2026-09-14,Mon,9:30 am to 10:00 am,Sky Nine Rackets,Court 1,Not Booked,225,14 Sep 09:34
2026-09-14,Mon,9:30 pm to 10:00 pm,Sky Nine Rackets,Court 1,Not Booked,270,14 Sep 21:34
2026-09-14,Mon,10:00 am to 10:30 am,Sky Nine Rackets,Court 2,Not Booked,225,14 Sep 10:34
2026-09-14,Mon,10:00 pm to 10:30 pm,Sky Nine Rackets,Court 2,Not Booked,270,14 Sep 22:05
2026-09-14,Mon,10:30 am to 11:00 am,Sky Nine Rackets,Court 2,Not Booked,225,14 Sep 11:04
2026-09-14,Mon,10:30 pm to 11:00 pm,Sky Nine Rackets,Court 2,Not Booked,270,14 Sep 22:05
2026-09-14,Mon,11:00 am to 11:30 am,Sky Nine Rackets,Court 2,Not Booked,225,14 Sep 11:32
2026-09-14,Mon,11:00 pm to 11:30 pm,Sky Nine Rackets,Court 2,Not Booked,270,14 Sep 22:05
2026-09-14,Mon,11:30 am to 12:00 pm,Sky Nine Rackets,Court 2,Not Booked,225,14 Sep 11:32
2026-09-14,Mon,11:30 pm to 12:00 am,Sky Nine Rackets,Court 2,Not Booked,270,14 Sep 23:31
2026-09-14,Mon,12:00 pm to 12:30 pm,Sky Nine Rackets,Court 2,Not Booked,225,14 Sep 12:10
2026-09-14,Mon,12:30 pm to 1:00 pm,Sky Nine Rackets,Court 2,Not Booked,225,14 Sep 12:36
2026-09-14,Mon,1:00 pm to 1:30 pm,Sky Nine Rackets,Court 2,Not Booked,225,14 Sep 13:11
2026-09-14,Mon,1:30 pm to 2:00 pm,Sky Nine Rackets,Court 2,Not Booked,225,14 Sep 13:34
2026-09-14,Mon,2:00 pm to 2:30 pm,Sky Nine Rackets,Court 2,Not Booked,225,14 Sep 14:08
2026-09-14,Mon,2:30 pm to 3:00 pm,Sky Nine Rackets,Court 2,Not Booked,225,14 Sep 14:34
2026-09-14,Mon,3:00 pm to 3:30 pm,Sky Nine Rackets,Court 2,Not Booked,225,14 Sep 14:34
2026-09-14,Mon,3:30 pm to 4:00 pm,Sky Nine Rackets,Court 2,Not Booked,225,14 Sep 15:33
2026-09-14,Mon,4:00 pm to 4:30 pm,Sky Nine Rackets,Court 2,Not Booked,225,14 Sep 16:04
2026-09-14,Mon,4:30 pm to 5:00 pm,Sky Nine Rackets,Court 2,Not Booked,225,14 Sep 16:34
2026-09-14,Mon,5:00 am to 5:30 am,Sky Nine Rackets,Court 2,Not Booked,225,14 Sep 05:22
2026-09-14,Mon,5:00 pm to 5:30 pm,Sky Nine Rackets,Court 2,Not Booked,270,14 Sep 17:05
2026-09-14,Mon,5:30 am to 6:00 am,Sky Nine Rackets,Court 2,Not Booked,225,14 Sep 06:06
2026-09-14,Mon,5:30 pm to 6:00 pm,Sky Nine Rackets,Court 2,Not Booked,270,14 Sep 17:05
2026-09-14,Mon,6:00 am to 6:30 am,Sky Nine Rackets,Court 2,Not Booked,225,14 Sep 06:30
2026-09-14,Mon,6:00 pm to 6:30 pm,Sky Nine Rackets,Court 2,Not Booked,270,14 Sep 17:05
2026-09-14,Mon,6:30 am to 7:00 am,Sky Nine Rackets,Court 2,Not Booked,225,14 Sep 06:57
2026-09-14,Mon,6:30 pm to 7:00 pm,Sky Nine Rackets,Court 2,Not Booked,270,14 Sep 18:39
2026-09-14,Mon,7:00 am to 7:30 am,Sky Nine Rackets,Court 2,Not Booked,225,14 Sep 07:25
2026-09-14,Mon,7:00 pm to 7:30 pm,Sky Nine Rackets,Court 2,Not Booked,270,14 Sep 19:08
2026-09-14,Mon,7:30 am to 8:00 am,Sky Nine Rackets,Court 2,Not Booked,225,14 Sep 07:58
2026-09-14,Mon,7:30 pm to 8:00 pm,Sky Nine Rackets,Court 2,Not Booked,270,14 Sep 19:34
2026-09-14,Mon,8:00 am to 8:30 am,Sky Nine Rackets,Court 2,Not Booked,225,14 Sep 08:25
2026-09-14,Mon,8:00 pm to 8:30 pm,Sky Nine Rackets,Court 2,Not Booked,270,14 Sep 20:08
2026-09-14,Mon,8:30 am to 9:00 am,Sky Nine Rackets,Court 2,Not Booked,225,14 Sep 09:06
2026-09-14,Mon,8:30 pm to 9:00 pm,Sky Nine Rackets,Court 2,Not Booked,270,14 Sep 20:38
2026-09-14,Mon,9:00 am to 9:30 am,Sky Nine Rackets,Court 2,Not Booked,225,14 Sep 09:34
2026-09-14,Mon,9:00 pm to 9:30 pm,Sky Nine Rackets,Court 2,Not Booked,270,14 Sep 21:07
2026-09-14,Mon,9:30 am to 10:00 am,Sky Nine Rackets,Court 2,Not Booked,225,14 Sep 10:05
2026-09-14,Mon,9:30 pm to 10:00 pm,Sky Nine Rackets,Court 2,Not Booked,270,14 Sep 21:34
2026-09-14,Mon,10:00 am to 10:30 am,Sky Nine Rackets,Court 3,Not Booked,225,14 Sep 10:05
2026-09-14,Mon,10:00 pm to 10:30 pm,Sky Nine Rackets,Court 3,Not Booked,270,14 Sep 21:34
2026-09-14,Mon,10:30 am to 11:00 am,Sky Nine Rackets,Court 3,Not Booked,225,14 Sep 11:04
2026-09-14,Mon,10:30 pm to 11:00 pm,Sky Nine Rackets,Court 3,Not Booked,270,14 Sep 22:35
2026-09-14,Mon,11:00 am to 11:30 am,Sky Nine Rackets,Court 3,Not Booked,225,14 Sep 11:32
2026-09-14,Mon,11:00 pm to 11:30 pm,Sky Nine Rackets,Court 3,Not Booked,270,14 Sep 23:04
2026-09-14,Mon,11:30 am to 12:00 pm,Sky Nine Rackets,Court 3,Not Booked,225,14 Sep 11:32
2026-09-14,Mon,11:30 pm to 12:00 am,Sky Nine Rackets,Court 3,Not Booked,270,14 Sep 23:31
2026-09-14,Mon,12:00 pm to 12:30 pm,Sky Nine Rackets,Court 3,Not Booked,225,14 Sep 12:10
2026-09-14,Mon,12:30 pm to 1:00 pm,Sky Nine Rackets,Court 3,Not Booked,225,14 Sep 12:36
2026-09-14,Mon,1:00 pm to 1:30 pm,Sky Nine Rackets,Court 3,Not Booked,225,14 Sep 13:11
2026-09-14,Mon,1:30 pm to 2:00 pm,Sky Nine Rackets,Court 3,Not Booked,225,14 Sep 13:34
2026-09-14,Mon,2:00 pm to 2:30 pm,Sky Nine Rackets,Court 3,Not Booked,225,14 Sep 14:08
2026-09-14,Mon,2:30 pm to 3:00 pm,Sky Nine Rackets,Court 3,Not Booked,225,14 Sep 14:34
2026-09-14,Mon,3:00 pm to 3:30 pm,Sky Nine Rackets,Court 3,Not Booked,225,14 Sep 15:08
2026-09-14,Mon,3:30 pm to 4:00 pm,Sky Nine Rackets,Court 3,Not Booked,225,14 Sep 15:33
2026-09-14,Mon,4:00 pm to 4:30 pm,Sky Nine Rackets,Court 3,Not Booked,225,14 Sep 16:04
2026-09-14,Mon,4:30 pm to 5:00 pm,Sky Nine Rackets,Court 3,Not Booked,225,14 Sep 16:34
2026-09-14,Mon,5:00 am to 5:30 am,Sky Nine Rackets,Court 3,Not Booked,225,14 Sep 05:22
2026-09-14,Mon,5:00 pm to 5:30 pm,Sky Nine Rackets,Court 3,Not Booked,270,14 Sep 17:05
2026-09-14,Mon,5:30 am to 6:00 am,Sky Nine Rackets,Court 3,Not Booked,225,14 Sep 06:06
2026-09-14,Mon,5:30 pm to 6:00 pm,Sky Nine Rackets,Court 3,Not Booked,270,14 Sep 17:32
2026-09-14,Mon,6:00 am to 6:30 am,Sky Nine Rackets,Court 3,Not Booked,225,14 Sep 06:06
2026-09-14,Mon,6:00 pm to 6:30 pm,Sky Nine Rackets,Court 3,Not Booked,270,14 Sep 18:12
2026-09-14,Mon,6:30 am to 7:00 am,Sky Nine Rackets,Court 3,Not Booked,225,14 Sep 06:06
2026-09-14,Mon,6:30 pm to 7:00 pm,Sky Nine Rackets,Court 3,Not Booked,270,14 Sep 18:39
2026-09-14,Mon,7:00 am to 7:30 am,Sky Nine Rackets,Court 3,Not Booked,225,14 Sep 06:06
2026-09-14,Mon,7:00 pm to 7:30 pm,Sky Nine Rackets,Court 3,Not Booked,270,14 Sep 19:08
2026-09-14,Mon,7:30 am to 8:00 am,Sky Nine Rackets,Court 3,Not Booked,225,14 Sep 07:58
2026-09-14,Mon,7:30 pm to 8:00 pm,Sky Nine Rackets,Court 3,Not Booked,270,14 Sep 19:34
2026-09-14,Mon,8:00 am to 8:30 am,Sky Nine Rackets,Court 3,Not Booked,225,14 Sep 08:25
2026-09-14,Mon,8:00 pm to 8:30 pm,Sky Nine Rackets,Court 3,Not Booked,270,14 Sep 20:08
2026-09-14,Mon,8:30 am to 9:00 am,Sky Nine Rackets,Court 3,Not Booked,225,14 Sep 09:06
2026-09-14,Mon,8:30 pm to 9:00 pm,Sky Nine Rackets,Court 3,Not Booked,270,14 Sep 20:38
2026-09-14,Mon,9:00 am to 9:30 am,Sky Nine Rackets,Court 3,Not Booked,225,14 Sep 09:34
2026-09-14,Mon,9:00 pm to 9:30 pm,Sky Nine Rackets,Court 3,Not Booked,270,14 Sep 21:07
2026-09-14,Mon,9:30 am to 10:00 am,Sky Nine Rackets,Court 3,Not Booked,225,14 Sep 10:05
2026-09-14,Mon,9:30 pm to 10:00 pm,Sky Nine Rackets,Court 3,Not Booked,270,14 Sep 21:34
2026-09-14,Mon,10:00 am to 10:30 am,Sky Nine Rackets,Court 4,Not Booked,225,14 Sep 10:34
2026-09-14,Mon,10:00 pm to 10:30 pm,Sky Nine Rackets,Court 4,Not Booked,270,14 Sep 22:05
2026-09-14,Mon,10:30 am to 11:00 am,Sky Nine Rackets,Court 4,Not Booked,225,14 Sep 11:04
2026-09-14,Mon,10:30 pm to 11:00 pm,Sky Nine Rackets,Court 4,Not Booked,270,14 Sep 22:35
2026-09-14,Mon,11:00 am to 11:30 am,Sky Nine Rackets,Court 4,Not Booked,225,14 Sep 11:04
2026-09-14,Mon,11:00 pm to 11:30 pm,Sky Nine Rackets,Court 4,Not Booked,270,14 Sep 23:04
2026-09-14,Mon,11:30 am to 12:00 pm,Sky Nine Rackets,Court 4,Not Booked,225,14 Sep 11:04
2026-09-14,Mon,11:30 pm to 12:00 am,Sky Nine Rackets,Court 4,Not Booked,270,14 Sep 23:04
2026-09-14,Mon,12:00 pm to 12:30 pm,Sky Nine Rackets,Court 4,Not Booked,225,14 Sep 12:10
2026-09-14,Mon,12:30 pm to 1:00 pm,Sky Nine Rackets,Court 4,Not Booked,225,14 Sep 12:36
2026-09-14,Mon,1:00 pm to 1:30 pm,Sky Nine Rackets,Court 4,Not Booked,225,14 Sep 13:11
2026-09-14,Mon,1:30 pm to 2:00 pm,Sky Nine Rackets,Court 4,Not Booked,225,14 Sep 13:34
2026-09-14,Mon,2:00 pm to 2:30 pm,Sky Nine Rackets,Court 4,Not Booked,225,14 Sep 14:08
2026-09-14,Mon,2:30 pm to 3:00 pm,Sky Nine Rackets,Court 4,Not Booked,225,14 Sep 14:34
2026-09-14,Mon,3:00 pm to 3:30 pm,Sky Nine Rackets,Court 4,Not Booked,225,14 Sep 15:08
2026-09-14,Mon,3:30 pm to 4:00 pm,Sky Nine Rackets,Court 4,Not Booked,225,14 Sep 15:08
2026-09-14,Mon,4:00 pm to 4:30 pm,Sky Nine Rackets,Court 4,Not Booked,225,14 Sep 16:04
2026-09-14,Mon,4:30 pm to 5:00 pm,Sky Nine Rackets,Court 4,Not Booked,225,14 Sep 16:34
2026-09-14,Mon,5:00 am to 5:30 am,Sky Nine Rackets,Court 4,Not Booked,225,14 Sep 04:56
2026-09-14,Mon,5:00 pm to 5:30 pm,Sky Nine Rackets,Court 4,Not Booked,270,14 Sep 17:05
2026-09-14,Mon,5:30 am to 6:00 am,Sky Nine Rackets,Court 4,Not Booked,225,14 Sep 04:56
2026-09-14,Mon,5:30 pm to 6:00 pm,Sky Nine Rackets,Court 4,Not Booked,270,14 Sep 17:32
2026-09-14,Mon,6:00 am to 6:30 am,Sky Nine Rackets,Court 4,Not Booked,225,14 Sep 06:30
2026-09-14,Mon,6:00 pm to 6:30 pm,Sky Nine Rackets,Court 4,Not Booked,270,14 Sep 18:12
2026-09-14,Mon,6:30 am to 7:00 am,Sky Nine Rackets,Court 4,Not Booked,225,14 Sep 06:57
2026-09-14,Mon,6:30 pm to 7:00 pm,Sky Nine Rackets,Court 4,Not Booked,270,14 Sep 18:39
2026-09-14,Mon,7:00 am to 7:30 am,Sky Nine Rackets,Court 4,Not Booked,225,14 Sep 07:25
2026-09-14,Mon,7:00 pm to 7:30 pm,Sky Nine Rackets,Court 4,Not Booked,270,14 Sep 19:08
2026-09-14,Mon,7:30 am to 8:00 am,Sky Nine Rackets,Court 4,Not Booked,225,14 Sep 07:25
2026-09-14,Mon,7:30 pm to 8:00 pm,Sky Nine Rackets,Court 4,Not Booked,270,14 Sep 19:34
2026-09-14,Mon,8:00 am to 8:30 am,Sky Nine Rackets,Court 4,Not Booked,225,14 Sep 07:25
2026-09-14,Mon,8:00 pm to 8:30 pm,Sky Nine Rackets,Court 4,Not Booked,270,14 Sep 19:34
2026-09-14,Mon,8:30 am to 9:00 am,Sky Nine Rackets,Court 4,Not Booked,225,14 Sep 09:06
2026-09-14,Mon,8:30 pm to 9:00 pm,Sky Nine Rackets,Court 4,Not Booked,270,14 Sep 20:38
2026-09-14,Mon,9:00 am to 9:30 am,Sky Nine Rackets,Court 4,Not Booked,225,14 Sep 09:34
2026-09-14,Mon,9:00 pm to 9:30 pm,Sky Nine Rackets,Court 4,Not Booked,270,14 Sep 21:07
2026-09-14,Mon,9:30 am to 10:00 am,Sky Nine Rackets,Court 4,Not Booked,225,14 Sep 10:05
2026-09-14,Mon,9:30 pm to 10:00 pm,Sky Nine Rackets,Court 4,Not Booked,270,14 Sep 21:07
2026-09-14,Mon,10:00 am to 10:30 am,Sky Nine Rackets,Court 5,Not Booked,225,14 Sep 10:34
2026-09-14,Mon,10:00 pm to 10:30 pm,Sky Nine Rackets,Court 5,Not Booked,270,14 Sep 21:34
2026-09-14,Mon,10:30 am to 11:00 am,Sky Nine Rackets,Court 5,Not Booked,225,14 Sep 11:04
2026-09-14,Mon,10:30 pm to 11:00 pm,Sky Nine Rackets,Court 5,Not Booked,270,14 Sep 22:35
2026-09-14,Mon,11:00 am to 11:30 am,Sky Nine Rackets,Court 5,Not Booked,225,14 Sep 11:32
2026-09-14,Mon,11:00 pm to 11:30 pm,Sky Nine Rackets,Court 5,Not Booked,270,14 Sep 23:04
2026-09-14,Mon,11:30 am to 12:00 pm,Sky Nine Rackets,Court 5,Not Booked,225,14 Sep 11:32
2026-09-14,Mon,11:30 pm to 12:00 am,Sky Nine Rackets,Court 5,Not Booked,270,14 Sep 23:31
2026-09-14,Mon,12:00 pm to 12:30 pm,Sky Nine Rackets,Court 5,Not Booked,225,14 Sep 11:32
2026-09-14,Mon,12:30 pm to 1:00 pm,Sky Nine Rackets,Court 5,Not Booked,225,14 Sep 12:36
2026-09-14,Mon,1:00 pm to 1:30 pm,Sky Nine Rackets,Court 5,Not Booked,225,14 Sep 13:11
2026-09-14,Mon,1:30 pm to 2:00 pm,Sky Nine Rackets,Court 5,Not Booked,225,14 Sep 13:34
2026-09-14,Mon,2:00 pm to 2:30 pm,Sky Nine Rackets,Court 5,Not Booked,225,14 Sep 14:08
2026-09-14,Mon,2:30 pm to 3:00 pm,Sky Nine Rackets,Court 5,Not Booked,225,14 Sep 14:34
2026-09-14,Mon,3:00 pm to 3:30 pm,Sky Nine Rackets,Court 5,Not Booked,225,14 Sep 15:08
2026-09-14,Mon,3:30 pm to 4:00 pm,Sky Nine Rackets,Court 5,Not Booked,225,14 Sep 15:33
2026-09-14,Mon,4:00 pm to 4:30 pm,Sky Nine Rackets,Court 5,Not Booked,225,14 Sep 15:33
2026-09-14,Mon,4:30 pm to 5:00 pm,Sky Nine Rackets,Court 5,Not Booked,225,14 Sep 15:33
2026-09-14,Mon,5:00 am to 5:30 am,Sky Nine Rackets,Court 5,Not Booked,225,14 Sep 05:22
2026-09-14,Mon,5:00 pm to 5:30 pm,Sky Nine Rackets,Court 5,Not Booked,270,14 Sep 15:33
2026-09-14,Mon,5:30 am to 6:00 am,Sky Nine Rackets,Court 5,Not Booked,225,14 Sep 05:22
2026-09-14,Mon,5:30 pm to 6:00 pm,Sky Nine Rackets,Court 5,Not Booked,270,14 Sep 17:32
2026-09-14,Mon,6:00 am to 6:30 am,Sky Nine Rackets,Court 5,Not Booked,225,14 Sep 06:30
2026-09-14,Mon,6:00 pm to 6:30 pm,Sky Nine Rackets,Court 5,Not Booked,270,14 Sep 18:12
2026-09-14,Mon,6:30 am to 7:00 am,Sky Nine Rackets,Court 5,Not Booked,225,14 Sep 06:57
2026-09-14,Mon,6:30 pm to 7:00 pm,Sky Nine Rackets,Court 5,Not Booked,270,14 Sep 18:12
2026-09-14,Mon,7:00 am to 7:30 am,Sky Nine Rackets,Court 5,Not Booked,225,14 Sep 07:25
2026-09-14,Mon,7:00 pm to 7:30 pm,Sky Nine Rackets,Court 5,Not Booked,270,14 Sep 18:12
2026-09-14,Mon,7:30 am to 8:00 am,Sky Nine Rackets,Court 5,Not Booked,225,14 Sep 07:58
2026-09-14,Mon,7:30 pm to 8:00 pm,Sky Nine Rackets,Court 5,Not Booked,270,14 Sep 19:34
2026-09-14,Mon,8:00 am to 8:30 am,Sky Nine Rackets,Court 5,Not Booked,225,14 Sep 08:25
2026-09-14,Mon,8:00 pm to 8:30 pm,Sky Nine Rackets,Court 5,Not Booked,270,14 Sep 20:08
2026-09-14,Mon,8:30 am to 9:00 am,Sky Nine Rackets,Court 5,Not Booked,225,14 Sep 09:06
2026-09-14,Mon,8:30 pm to 9:00 pm,Sky Nine Rackets,Court 5,Not Booked,270,14 Sep 20:38
2026-09-14,Mon,9:00 am to 9:30 am,Sky Nine Rackets,Court 5,Not Booked,225,14 Sep 09:34
2026-09-14,Mon,9:00 pm to 9:30 pm,Sky Nine Rackets,Court 5,Not Booked,270,14 Sep 21:07
2026-09-14,Mon,9:30 am to 10:00 am,Sky Nine Rackets,Court 5,Not Booked,225,14 Sep 09:34
2026-09-14,Mon,9:30 pm to 10:00 pm,Sky Nine Rackets,Court 5,Not Booked,270,14 Sep 21:34
2026-09-14,Mon,10:00 pm to 10:30 pm,Spodium Arena | Sector 29,Court 1,Not Booked,399,14 Sep 22:05
2026-09-14,Mon,10:30 pm to 11:00 pm,Spodium Arena | Sector 29,Court 1,Not Booked,399,14 Sep 22:05
2026-09-14,Mon,11:00 pm to 11:30 pm,Spodium Arena | Sector 29,Court 1,Not Booked,399,14 Sep 23:04
2026-09-14,Mon,11:30 pm to 12:00 am,Spodium Arena | Sector 29,Court 1,Not Booked,399,14 Sep 23:31
2026-09-14,Mon,12:00 pm to 12:30 pm,Spodium Arena | Sector 29,Court 1,Not Booked,149,14 Sep 11:32
2026-09-14,Mon,12:30 pm to 1:00 pm,Spodium Arena | Sector 29,Court 1,Not Booked,149,14 Sep 12:36
2026-09-14,Mon,1:00 pm to 1:30 pm,Spodium Arena | Sector 29,Court 1,Not Booked,149,14 Sep 12:36
2026-09-14,Mon,1:30 pm to 2:00 pm,Spodium Arena | Sector 29,Court 1,Not Booked,149,14 Sep 13:34
2026-09-14,Mon,2:00 pm to 2:30 pm,Spodium Arena | Sector 29,Court 1,Not Booked,299,14 Sep 14:08
2026-09-14,Mon,2:30 pm to 3:00 pm,Spodium Arena | Sector 29,Court 1,Not Booked,299,14 Sep 14:34
2026-09-14,Mon,3:00 pm to 3:30 pm,Spodium Arena | Sector 29,Court 1,Not Booked,299,14 Sep 15:08
2026-09-14,Mon,3:30 pm to 4:00 pm,Spodium Arena | Sector 29,Court 1,Not Booked,299,14 Sep 15:33
2026-09-14,Mon,4:00 pm to 4:30 pm,Spodium Arena | Sector 29,Court 1,Not Booked,299,14 Sep 16:04
2026-09-14,Mon,4:30 pm to 5:00 pm,Spodium Arena | Sector 29,Court 1,Not Booked,299,14 Sep 16:04
2026-09-14,Mon,5:00 pm to 5:30 pm,Spodium Arena | Sector 29,Court 1,Not Booked,299,14 Sep 16:04
2026-09-14,Mon,5:30 pm to 6:00 pm,Spodium Arena | Sector 29,Court 1,Not Booked,299,14 Sep 17:32
2026-09-14,Mon,6:00 pm to 6:30 pm,Spodium Arena | Sector 29,Court 1,Not Booked,399,14 Sep 18:12
2026-09-14,Mon,6:30 pm to 7:00 pm,Spodium Arena | Sector 29,Court 1,Booked,399,14 Sep 18:12
2026-09-14,Mon,7:00 pm to 7:30 pm,Spodium Arena | Sector 29,Court 1,Booked,399,14 Sep 19:08
2026-09-14,Mon,7:30 pm to 8:00 pm,Spodium Arena | Sector 29,Court 1,Booked,399,14 Sep 19:34
2026-09-14,Mon,8:00 pm to 8:30 pm,Spodium Arena | Sector 29,Court 1,Booked,399,14 Sep 20:08
2026-09-14,Mon,8:30 pm to 9:00 pm,Spodium Arena | Sector 29,Court 1,Not Booked,399,14 Sep 20:38
2026-09-14,Mon,9:00 pm to 9:30 pm,Spodium Arena | Sector 29,Court 1,Not Booked,399,14 Sep 21:07
2026-09-14,Mon,9:30 pm to 10:00 pm,Spodium Arena | Sector 29,Court 1,Not Booked,399,14 Sep 21:34
2026-09-14,Mon,10:00 pm to 10:30 pm,Spodium Arena | Sector 29,Court 2,Not Booked,399,14 Sep 22:05
2026-09-14,Mon,10:30 pm to 11:00 pm,Spodium Arena | Sector 29,Court 2,Not Booked,399,14 Sep 22:35
2026-09-14,Mon,11:00 pm to 11:30 pm,Spodium Arena | Sector 29,Court 2,Not Booked,399,14 Sep 23:04
2026-09-14,Mon,11:30 pm to 12:00 am,Spodium Arena | Sector 29,Court 2,Not Booked,399,14 Sep 23:31
2026-09-14,Mon,12:00 pm to 12:30 pm,Spodium Arena | Sector 29,Court 2,Not Booked,149,14 Sep 12:10
2026-09-14,Mon,12:30 pm to 1:00 pm,Spodium Arena | Sector 29,Court 2,Not Booked,149,14 Sep 12:36
2026-09-14,Mon,1:00 pm to 1:30 pm,Spodium Arena | Sector 29,Court 2,Not Booked,149,14 Sep 13:11
2026-09-14,Mon,1:30 pm to 2:00 pm,Spodium Arena | Sector 29,Court 2,Not Booked,149,14 Sep 13:34
2026-09-14,Mon,2:00 pm to 2:30 pm,Spodium Arena | Sector 29,Court 2,Not Booked,299,14 Sep 14:08
2026-09-14,Mon,2:30 pm to 3:00 pm,Spodium Arena | Sector 29,Court 2,Not Booked,299,14 Sep 14:34
2026-09-14,Mon,3:00 pm to 3:30 pm,Spodium Arena | Sector 29,Court 2,Not Booked,299,14 Sep 15:08
2026-09-14,Mon,3:30 pm to 4:00 pm,Spodium Arena | Sector 29,Court 2,Not Booked,299,14 Sep 15:33
2026-09-14,Mon,4:00 pm to 4:30 pm,Spodium Arena | Sector 29,Court 2,Not Booked,299,14 Sep 16:04
2026-09-14,Mon,4:30 pm to 5:00 pm,Spodium Arena | Sector 29,Court 2,Not Booked,299,14 Sep 16:34
2026-09-14,Mon,5:00 am to 5:30 am,Spodium Arena | Sector 29,Court 2,Not Booked,299,14 Sep 05:22
2026-09-14,Mon,5:00 pm to 5:30 pm,Spodium Arena | Sector 29,Court 2,Not Booked,299,14 Sep 17:05
2026-09-14,Mon,5:30 am to 6:00 am,Spodium Arena | Sector 29,Court 2,Not Booked,299,14 Sep 06:06
2026-09-14,Mon,5:30 pm to 6:00 pm,Spodium Arena | Sector 29,Court 2,Not Booked,299,14 Sep 17:32
2026-09-14,Mon,6:00 am to 6:30 am,Spodium Arena | Sector 29,Court 2,Not Booked,299,14 Sep 06:30
2026-09-14,Mon,6:00 pm to 6:30 pm,Spodium Arena | Sector 29,Court 2,Not Booked,399,14 Sep 18:12
2026-09-14,Mon,6:30 am to 7:00 am,Spodium Arena | Sector 29,Court 2,Not Booked,299,14 Sep 06:57
2026-09-14,Mon,6:30 pm to 7:00 pm,Spodium Arena | Sector 29,Court 2,Not Booked,399,14 Sep 18:39
2026-09-14,Mon,7:00 am to 7:30 am,Spodium Arena | Sector 29,Court 2,Not Booked,299,14 Sep 07:25
2026-09-14,Mon,7:00 pm to 7:30 pm,Spodium Arena | Sector 29,Court 2,Not Booked,399,14 Sep 19:08
2026-09-14,Mon,7:30 am to 8:00 am,Spodium Arena | Sector 29,Court 2,Not Booked,299,14 Sep 07:58
2026-09-14,Mon,7:30 pm to 8:00 pm,Spodium Arena | Sector 29,Court 2,Not Booked,399,14 Sep 19:34
2026-09-14,Mon,8:00 pm to 8:30 pm,Spodium Arena | Sector 29,Court 2,Not Booked,399,14 Sep 20:08
2026-09-14,Mon,8:30 pm to 9:00 pm,Spodium Arena | Sector 29,Court 2,Not Booked,399,14 Sep 20:38
2026-09-14,Mon,9:00 pm to 9:30 pm,Spodium Arena | Sector 29,Court 2,Not Booked,399,14 Sep 21:07
2026-09-14,Mon,9:30 pm to 10:00 pm,Spodium Arena | Sector 29,Court 2,Not Booked,399,14 Sep 21:34
2026-09-14,Mon,10:00 pm to 10:30 pm,Spodium Arena | Sector 29,Court 3,Not Booked,399,14 Sep 22:05
2026-09-14,Mon,10:30 pm to 11:00 pm,Spodium Arena | Sector 29,Court 3,Not Booked,399,14 Sep 22:35
2026-09-14,Mon,11:00 pm to 11:30 pm,Spodium Arena | Sector 29,Court 3,Not Booked,399,14 Sep 23:04
2026-09-14,Mon,11:30 pm to 12:00 am,Spodium Arena | Sector 29,Court 3,Not Booked,399,14 Sep 23:31
2026-09-14,Mon,12:00 pm to 12:30 pm,Spodium Arena | Sector 29,Court 3,Not Booked,149,14 Sep 12:10
2026-09-14,Mon,12:30 pm to 1:00 pm,Spodium Arena | Sector 29,Court 3,Not Booked,149,14 Sep 12:36
2026-09-14,Mon,1:00 pm to 1:30 pm,Spodium Arena | Sector 29,Court 3,Not Booked,149,14 Sep 12:36
2026-09-14,Mon,1:30 pm to 2:00 pm,Spodium Arena | Sector 29,Court 3,Not Booked,149,14 Sep 13:34
2026-09-14,Mon,2:00 pm to 2:30 pm,Spodium Arena | Sector 29,Court 3,Not Booked,299,14 Sep 14:08
2026-09-14,Mon,2:30 pm to 3:00 pm,Spodium Arena | Sector 29,Court 3,Not Booked,299,14 Sep 14:34
2026-09-14,Mon,3:00 pm to 3:30 pm,Spodium Arena | Sector 29,Court 3,Not Booked,299,14 Sep 14:34
2026-09-14,Mon,3:30 pm to 4:00 pm,Spodium Arena | Sector 29,Court 3,Not Booked,299,14 Sep 15:33
2026-09-14,Mon,4:00 pm to 4:30 pm,Spodium Arena | Sector 29,Court 3,Not Booked,299,14 Sep 16:04
2026-09-14,Mon,4:30 pm to 5:00 pm,Spodium Arena | Sector 29,Court 3,Not Booked,299,14 Sep 16:34
2026-09-14,Mon,5:00 am to 5:30 am,Spodium Arena | Sector 29,Court 3,Not Booked,299,14 Sep 04:56
2026-09-14,Mon,5:00 pm to 5:30 pm,Spodium Arena | Sector 29,Court 3,Not Booked,299,14 Sep 16:34
2026-09-14,Mon,5:30 am to 6:00 am,Spodium Arena | Sector 29,Court 3,Not Booked,299,14 Sep 06:06
2026-09-14,Mon,5:30 pm to 6:00 pm,Spodium Arena | Sector 29,Court 3,Not Booked,299,14 Sep 17:32
2026-09-14,Mon,6:00 am to 6:30 am,Spodium Arena | Sector 29,Court 3,Not Booked,299,14 Sep 06:06
2026-09-14,Mon,6:00 pm to 6:30 pm,Spodium Arena | Sector 29,Court 3,Not Booked,399,14 Sep 17:32
2026-09-14,Mon,6:30 am to 7:00 am,Spodium Arena | Sector 29,Court 3,Not Booked,299,14 Sep 06:57
2026-09-14,Mon,6:30 pm to 7:00 pm,Spodium Arena | Sector 29,Court 3,Not Booked,399,14 Sep 18:39
2026-09-14,Mon,7:00 am to 7:30 am,Spodium Arena | Sector 29,Court 3,Not Booked,299,14 Sep 07:25
2026-09-14,Mon,7:00 pm to 7:30 pm,Spodium Arena | Sector 29,Court 3,Booked,399,14 Sep 19:08
2026-09-14,Mon,7:30 am to 8:00 am,Spodium Arena | Sector 29,Court 3,Not Booked,299,14 Sep 07:58
2026-09-14,Mon,7:30 pm to 8:00 pm,Spodium Arena | Sector 29,Court 3,Booked,399,14 Sep 19:08
2026-09-14,Mon,8:00 pm to 8:30 pm,Spodium Arena | Sector 29,Court 3,Booked,399,14 Sep 20:08
2026-09-14,Mon,8:30 pm to 9:00 pm,Spodium Arena | Sector 29,Court 3,Booked,399,14 Sep 20:38
2026-09-14,Mon,9:00 pm to 9:30 pm,Spodium Arena | Sector 29,Court 3,Not Booked,399,14 Sep 21:07
2026-09-14,Mon,9:30 pm to 10:00 pm,Spodium Arena | Sector 29,Court 3,Not Booked,399,14 Sep 21:07
2026-09-14,Mon,10:00 pm to 10:30 pm,Spodium Arena | Sector 29,Court 4,Not Booked,399,14 Sep 22:05
2026-09-14,Mon,10:30 pm to 11:00 pm,Spodium Arena | Sector 29,Court 4,Not Booked,399,14 Sep 22:35
2026-09-14,Mon,11:00 pm to 11:30 pm,Spodium Arena | Sector 29,Court 4,Not Booked,399,14 Sep 23:04
2026-09-14,Mon,11:30 pm to 12:00 am,Spodium Arena | Sector 29,Court 4,Not Booked,399,14 Sep 23:31
2026-09-14,Mon,12:00 pm to 12:30 pm,Spodium Arena | Sector 29,Court 4,Not Booked,149,14 Sep 12:10
2026-09-14,Mon,12:30 pm to 1:00 pm,Spodium Arena | Sector 29,Court 4,Not Booked,149,14 Sep 12:36
2026-09-14,Mon,1:00 pm to 1:30 pm,Spodium Arena | Sector 29,Court 4,Not Booked,149,14 Sep 13:11
2026-09-14,Mon,1:30 pm to 2:00 pm,Spodium Arena | Sector 29,Court 4,Not Booked,149,14 Sep 13:34
2026-09-14,Mon,2:00 pm to 2:30 pm,Spodium Arena | Sector 29,Court 4,Not Booked,299,14 Sep 14:08
2026-09-14,Mon,2:30 pm to 3:00 pm,Spodium Arena | Sector 29,Court 4,Not Booked,299,14 Sep 14:08
2026-09-14,Mon,3:00 pm to 3:30 pm,Spodium Arena | Sector 29,Court 4,Not Booked,299,14 Sep 15:08
2026-09-14,Mon,3:30 pm to 4:00 pm,Spodium Arena | Sector 29,Court 4,Not Booked,299,14 Sep 15:08
2026-09-14,Mon,4:00 pm to 4:30 pm,Spodium Arena | Sector 29,Court 4,Not Booked,299,14 Sep 16:04
2026-09-14,Mon,4:30 pm to 5:00 pm,Spodium Arena | Sector 29,Court 4,Not Booked,299,14 Sep 16:34
2026-09-14,Mon,5:00 am to 5:30 am,Spodium Arena | Sector 29,Court 4,Not Booked,299,14 Sep 05:22
2026-09-14,Mon,5:00 pm to 5:30 pm,Spodium Arena | Sector 29,Court 4,Not Booked,299,14 Sep 17:05
2026-09-14,Mon,5:30 am to 6:00 am,Spodium Arena | Sector 29,Court 4,Not Booked,299,14 Sep 05:22
2026-09-14,Mon,5:30 pm to 6:00 pm,Spodium Arena | Sector 29,Court 4,Not Booked,299,14 Sep 17:32
2026-09-14,Mon,6:00 am to 6:30 am,Spodium Arena | Sector 29,Court 4,Not Booked,299,14 Sep 06:30
2026-09-14,Mon,6:00 pm to 6:30 pm,Spodium Arena | Sector 29,Court 4,Not Booked,399,14 Sep 18:12
2026-09-14,Mon,6:30 am to 7:00 am,Spodium Arena | Sector 29,Court 4,Not Booked,299,14 Sep 06:30
2026-09-14,Mon,6:30 pm to 7:00 pm,Spodium Arena | Sector 29,Court 4,Not Booked,399,14 Sep 18:39
2026-09-14,Mon,7:00 am to 7:30 am,Spodium Arena | Sector 29,Court 4,Not Booked,299,14 Sep 06:30
2026-09-14,Mon,7:00 pm to 7:30 pm,Spodium Arena | Sector 29,Court 4,Not Booked,399,14 Sep 19:08
2026-09-14,Mon,7:30 am to 8:00 am,Spodium Arena | Sector 29,Court 4,Not Booked,299,14 Sep 06:30
2026-09-14,Mon,7:30 pm to 8:00 pm,Spodium Arena | Sector 29,Court 4,Not Booked,399,14 Sep 19:34
2026-09-14,Mon,8:00 pm to 8:30 pm,Spodium Arena | Sector 29,Court 4,Not Booked,399,14 Sep 20:08
2026-09-14,Mon,8:30 pm to 9:00 pm,Spodium Arena | Sector 29,Court 4,Not Booked,399,14 Sep 20:08
2026-09-14,Mon,9:00 pm to 9:30 pm,Spodium Arena | Sector 29,Court 4,Not Booked,399,14 Sep 21:07
2026-09-14,Mon,9:30 pm to 10:00 pm,Spodium Arena | Sector 29,Court 4,Not Booked,399,14 Sep 21:34
2026-09-14,Mon,10:00 am to 11:00 am,Spuddy Multisports Academy | Noida,Pickleball (Indoor),Not Booked,350,14 Sep 10:34
2026-09-14,Mon,10:00 pm to 11:00 pm,Spuddy Multisports Academy | Noida,Pickleball (Indoor),Not Booked,900,14 Sep 22:35
2026-09-14,Mon,11:00 am to 12:00 pm,Spuddy Multisports Academy | Noida,Pickleball (Indoor),Not Booked,350,14 Sep 12:10
2026-09-14,Mon,11:00 pm to 12:00 am,Spuddy Multisports Academy | Noida,Pickleball (Indoor),Not Booked,900,14 Sep 23:31
2026-09-14,Mon,12:00 pm to 1:00 pm,Spuddy Multisports Academy | Noida,Pickleball (Indoor),Not Booked,350,14 Sep 12:36
2026-09-14,Mon,1:00 pm to 2:00 pm,Spuddy Multisports Academy | Noida,Pickleball (Indoor),Not Booked,350,14 Sep 13:34
2026-09-14,Mon,2:00 pm to 3:00 pm,Spuddy Multisports Academy | Noida,Pickleball (Indoor),Not Booked,350,14 Sep 14:34
2026-09-14,Mon,3:00 pm to 4:00 pm,Spuddy Multisports Academy | Noida,Pickleball (Indoor),Not Booked,350,14 Sep 15:33
2026-09-14,Mon,4:00 pm to 5:00 pm,Spuddy Multisports Academy | Noida,Pickleball (Indoor),Not Booked,350,14 Sep 16:34
2026-09-14,Mon,5:00 am to 6:00 am,Spuddy Multisports Academy | Noida,Pickleball (Indoor),Not Booked,500,14 Sep 06:06
2026-09-14,Mon,5:00 pm to 6:00 pm,Spuddy Multisports Academy | Noida,Pickleball (Indoor),Filling Fast,900,14 Sep 17:32
2026-09-14,Mon,6:00 am to 7:00 am,Spuddy Multisports Academy | Noida,Pickleball (Indoor),Not Booked,900,14 Sep 06:57
2026-09-14,Mon,6:00 pm to 7:00 pm,Spuddy Multisports Academy | Noida,Pickleball (Indoor),Filling Fast,900,14 Sep 18:39
2026-09-14,Mon,7:00 am to 8:00 am,Spuddy Multisports Academy | Noida,Pickleball (Indoor),Not Booked,900,14 Sep 07:58
2026-09-14,Mon,7:00 pm to 8:00 pm,Spuddy Multisports Academy | Noida,Pickleball (Indoor),Filling Fast,900,14 Sep 19:34
2026-09-14,Mon,8:00 am to 9:00 am,Spuddy Multisports Academy | Noida,Pickleball (Indoor),Not Booked,900,14 Sep 09:06
2026-09-14,Mon,8:00 pm to 9:00 pm,Spuddy Multisports Academy | Noida,Pickleball (Indoor),Filling Fast,900,14 Sep 20:38
2026-09-14,Mon,9:00 am to 10:00 am,Spuddy Multisports Academy | Noida,Pickleball (Indoor),Not Booked,350,14 Sep 10:05
2026-09-14,Mon,9:00 pm to 10:00 pm,Spuddy Multisports Academy | Noida,Pickleball (Indoor),Filling Fast,900,14 Sep 21:34
2026-09-14,Mon,10:00 pm to 10:30 pm,The Box Cage,Court 1,Not Booked,300,14 Sep 22:05
2026-09-14,Mon,10:30 pm to 11:00 pm,The Box Cage,Court 1,Not Booked,300,14 Sep 22:35
2026-09-14,Mon,11:00 pm to 11:30 pm,The Box Cage,Court 1,Not Booked,300,14 Sep 23:04
2026-09-14,Mon,11:30 pm to 12:00 am,The Box Cage,Court 1,Not Booked,300,14 Sep 23:31
2026-09-14,Mon,3:00 pm to 3:30 pm,The Box Cage,Court 1,Not Booked,300,14 Sep 15:08
2026-09-14,Mon,3:30 pm to 4:00 pm,The Box Cage,Court 1,Not Booked,300,14 Sep 15:08
2026-09-14,Mon,4:00 pm to 4:30 pm,The Box Cage,Court 1,Not Booked,300,14 Sep 16:04
2026-09-14,Mon,4:30 pm to 5:00 pm,The Box Cage,Court 1,Not Booked,300,14 Sep 16:34
2026-09-14,Mon,5:00 pm to 5:30 pm,The Box Cage,Court 1,Not Booked,300,14 Sep 17:05
2026-09-14,Mon,5:30 pm to 6:00 pm,The Box Cage,Court 1,Not Booked,300,14 Sep 17:05
2026-09-14,Mon,6:00 pm to 6:30 pm,The Box Cage,Court 1,Not Booked,300,14 Sep 18:12
2026-09-14,Mon,6:30 pm to 7:00 pm,The Box Cage,Court 1,Not Booked,300,14 Sep 18:39
2026-09-14,Mon,7:00 pm to 7:30 pm,The Box Cage,Court 1,Not Booked,300,14 Sep 19:08
2026-09-14,Mon,7:30 pm to 8:00 pm,The Box Cage,Court 1,Not Booked,300,14 Sep 19:34
2026-09-14,Mon,8:00 pm to 8:30 pm,The Box Cage,Court 1,Not Booked,300,14 Sep 20:08
2026-09-14,Mon,8:30 pm to 9:00 pm,The Box Cage,Court 1,Not Booked,300,14 Sep 20:38
2026-09-14,Mon,9:00 pm to 9:30 pm,The Box Cage,Court 1,Booked,300,14 Sep 20:38
2026-09-14,Mon,9:30 pm to 10:00 pm,The Box Cage,Court 1,Booked,300,14 Sep 21:34
2026-09-14,Mon,10:00 pm to 10:30 pm,The Box Cage,Court 2,Not Booked,300,14 Sep 22:05
2026-09-14,Mon,10:30 pm to 11:00 pm,The Box Cage,Court 2,Not Booked,300,14 Sep 22:35
2026-09-14,Mon,11:00 pm to 11:30 pm,The Box Cage,Court 2,Not Booked,300,14 Sep 23:04
2026-09-14,Mon,11:30 pm to 12:00 am,The Box Cage,Court 2,Not Booked,300,14 Sep 23:31
2026-09-14,Mon,12:00 am to 12:30 am,The Box Cage,Court 2,Not Booked,300,14 Sep 00:25
2026-09-14,Mon,12:30 am to 1:00 am,The Box Cage,Court 2,Not Booked,300,14 Sep 00:55
2026-09-14,Mon,1:00 am to 1:30 am,The Box Cage,Court 2,Not Booked,300,14 Sep 01:21
2026-09-14,Mon,1:30 am to 2:00 am,The Box Cage,Court 2,Not Booked,300,14 Sep 01:58
2026-09-14,Mon,3:00 pm to 3:30 pm,The Box Cage,Court 2,Not Booked,300,14 Sep 15:08
2026-09-14,Mon,3:30 pm to 4:00 pm,The Box Cage,Court 2,Not Booked,300,14 Sep 15:33
2026-09-14,Mon,4:00 pm to 4:30 pm,The Box Cage,Court 2,Not Booked,300,14 Sep 16:04
2026-09-14,Mon,4:30 pm to 5:00 pm,The Box Cage,Court 2,Not Booked,300,14 Sep 16:34
2026-09-14,Mon,5:00 pm to 5:30 pm,The Box Cage,Court 2,Not Booked,300,14 Sep 17:05
2026-09-14,Mon,5:30 pm to 6:00 pm,The Box Cage,Court 2,Not Booked,300,14 Sep 17:32
2026-09-14,Mon,6:00 pm to 6:30 pm,The Box Cage,Court 2,Not Booked,300,14 Sep 18:12
2026-09-14,Mon,6:30 pm to 7:00 pm,The Box Cage,Court 2,Not Booked,300,14 Sep 18:39
2026-09-14,Mon,7:00 pm to 7:30 pm,The Box Cage,Court 2,Not Booked,300,14 Sep 19:08
2026-09-14,Mon,7:30 pm to 8:00 pm,The Box Cage,Court 2,Not Booked,300,14 Sep 19:34
2026-09-14,Mon,8:00 pm to 8:30 pm,The Box Cage,Court 2,Not Booked,300,14 Sep 20:08
2026-09-14,Mon,8:30 pm to 9:00 pm,The Box Cage,Court 2,Not Booked,300,14 Sep 20:38
2026-09-14,Mon,9:00 pm to 9:30 pm,The Box Cage,Court 2,Not Booked,300,14 Sep 21:07
2026-09-14,Mon,9:30 pm to 10:00 pm,The Box Cage,Court 2,Not Booked,300,14 Sep 21:07
2026-09-14,Mon,10:00 pm to 10:30 pm,The Box Cage,Court 3,Not Booked,300,14 Sep 22:05
2026-09-14,Mon,10:30 pm to 11:00 pm,The Box Cage,Court 3,Not Booked,300,14 Sep 22:35
2026-09-14,Mon,11:00 pm to 11:30 pm,The Box Cage,Court 3,Not Booked,300,14 Sep 22:35
2026-09-14,Mon,11:30 pm to 12:00 am,The Box Cage,Court 3,Not Booked,300,14 Sep 23:31
2026-09-14,Mon,3:00 pm to 3:30 pm,The Box Cage,Court 3,Not Booked,300,14 Sep 15:08
2026-09-14,Mon,3:30 pm to 4:00 pm,The Box Cage,Court 3,Not Booked,300,14 Sep 15:33
2026-09-14,Mon,4:00 pm to 4:30 pm,The Box Cage,Court 3,Not Booked,300,14 Sep 16:04
2026-09-14,Mon,4:30 pm to 5:00 pm,The Box Cage,Court 3,Not Booked,300,14 Sep 16:34
2026-09-14,Mon,5:00 pm to 5:30 pm,The Box Cage,Court 3,Not Booked,300,14 Sep 17:05
2026-09-14,Mon,5:30 pm to 6:00 pm,The Box Cage,Court 3,Not Booked,300,14 Sep 17:05
2026-09-14,Mon,6:00 pm to 6:30 pm,The Box Cage,Court 3,Not Booked,300,14 Sep 18:12
2026-09-14,Mon,6:30 pm to 7:00 pm,The Box Cage,Court 3,Not Booked,300,14 Sep 18:39
2026-09-14,Mon,7:00 pm to 7:30 pm,The Box Cage,Court 3,Not Booked,300,14 Sep 19:08
2026-09-14,Mon,7:30 pm to 8:00 pm,The Box Cage,Court 3,Not Booked,300,14 Sep 19:34
2026-09-14,Mon,8:00 pm to 8:30 pm,The Box Cage,Court 3,Not Booked,300,14 Sep 20:08
2026-09-14,Mon,8:30 pm to 9:00 pm,The Box Cage,Court 3,Not Booked,300,14 Sep 20:38
2026-09-14,Mon,9:00 pm to 9:30 pm,The Box Cage,Court 3,Not Booked,300,14 Sep 21:07
2026-09-14,Mon,9:30 pm to 10:00 pm,The Box Cage,Court 3,Not Booked,300,14 Sep 21:34
2026-09-14,Mon,10:00 pm to 10:30 pm,The Box Cage,Court 4,Not Booked,300,14 Sep 22:05
2026-09-14,Mon,10:30 pm to 11:00 pm,The Box Cage,Court 4,Not Booked,300,14 Sep 22:35
2026-09-14,Mon,11:00 pm to 11:30 pm,The Box Cage,Court 4,Not Booked,300,14 Sep 23:04
2026-09-14,Mon,11:30 pm to 12:00 am,The Box Cage,Court 4,Not Booked,300,14 Sep 23:04
2026-09-14,Mon,12:00 am to 12:30 am,The Box Cage,Court 4,Not Booked,300,14 Sep 00:25
2026-09-14,Mon,12:30 am to 1:00 am,The Box Cage,Court 4,Not Booked,300,14 Sep 00:55
2026-09-14,Mon,1:00 am to 1:30 am,The Box Cage,Court 4,Not Booked,300,14 Sep 01:21
2026-09-14,Mon,1:30 am to 2:00 am,The Box Cage,Court 4,Not Booked,300,14 Sep 01:58
2026-09-14,Mon,3:00 pm to 3:30 pm,The Box Cage,Court 4,Not Booked,300,14 Sep 15:08
2026-09-14,Mon,3:30 pm to 4:00 pm,The Box Cage,Court 4,Not Booked,300,14 Sep 15:33
2026-09-14,Mon,4:00 pm to 4:30 pm,The Box Cage,Court 4,Not Booked,300,14 Sep 16:04
2026-09-14,Mon,4:30 pm to 5:00 pm,The Box Cage,Court 4,Not Booked,300,14 Sep 16:34
2026-09-14,Mon,5:00 pm to 5:30 pm,The Box Cage,Court 4,Not Booked,300,14 Sep 17:05
2026-09-14,Mon,5:30 pm to 6:00 pm,The Box Cage,Court 4,Not Booked,300,14 Sep 17:32
2026-09-14,Mon,6:00 pm to 6:30 pm,The Box Cage,Court 4,Not Booked,300,14 Sep 18:12
2026-09-14,Mon,6:30 pm to 7:00 pm,The Box Cage,Court 4,Not Booked,300,14 Sep 18:39
2026-09-14,Mon,7:00 pm to 7:30 pm,The Box Cage,Court 4,Not Booked,300,14 Sep 19:08
2026-09-14,Mon,7:30 pm to 8:00 pm,The Box Cage,Court 4,Not Booked,300,14 Sep 19:34
2026-09-14,Mon,8:00 pm to 8:30 pm,The Box Cage,Court 4,Not Booked,300,14 Sep 20:08
2026-09-14,Mon,8:30 pm to 9:00 pm,The Box Cage,Court 4,Not Booked,300,14 Sep 20:38
2026-09-14,Mon,9:00 pm to 9:30 pm,The Box Cage,Court 4,Not Booked,300,14 Sep 21:07
2026-09-14,Mon,9:30 pm to 10:00 pm,The Box Cage,Court 4,Not Booked,300,14 Sep 21:34
2026-09-14,Mon,4:00 pm to 4:30 pm,Zyng Gallant Sports Arena,Pickleball Courts (Outdoor),Not Booked,350,14 Sep 16:04
2026-09-14,Mon,4:30 pm to 5:00 pm,Zyng Gallant Sports Arena,Pickleball Courts (Outdoor),Not Booked,350,14 Sep 16:34
2026-09-14,Mon,5:00 pm to 5:30 pm,Zyng Gallant Sports Arena,Pickleball Courts (Outdoor),Not Booked,350,14 Sep 17:05
2026-09-14,Mon,5:30 pm to 6:00 pm,Zyng Gallant Sports Arena,Pickleball Courts (Outdoor),Not Booked,350,14 Sep 17:32
2026-09-14,Mon,6:00 pm to 6:30 pm,Zyng Gallant Sports Arena,Pickleball Courts (Outdoor),Not Booked,350,14 Sep 18:12
2026-09-14,Mon,6:30 pm to 7:00 pm,Zyng Gallant Sports Arena,Pickleball Courts (Outdoor),Not Booked,350,14 Sep 18:39
2026-09-14,Mon,7:00 pm to 7:30 pm,Zyng Gallant Sports Arena,Pickleball Courts (Outdoor),Not Booked,350,14 Sep 19:08
2026-09-14,Mon,7:30 pm to 8:00 pm,Zyng Gallant Sports Arena,Pickleball Courts (Outdoor),Not Booked,350,14 Sep 19:34
2026-09-14,Mon,8:00 pm to 8:30 pm,Zyng Gallant Sports Arena,Pickleball Courts (Outdoor),Not Booked,350,14 Sep 20:08
2026-09-14,Mon,8:30 pm to 9:00 pm,Zyng Gallant Sports Arena,Pickleball Courts (Outdoor),Not Booked,350,14 Sep 20:38
2026-09-14,Mon,9:00 pm to 9:30 pm,Zyng Gallant Sports Arena,Pickleball Courts (Outdoor),Not Booked,350,14 Sep 21:07
2026-09-14,Mon,9:30 pm to 10:00 pm,Zyng Gallant Sports Arena,Pickleball Courts (Outdoor),Not Booked,350,14 Sep 21:34
2026-09-15,Tue,10:00 am to 10:30 am,Anandmay Sports Club | Sector 128,Court 1,Not Booked,250,15 Sep 10:08
2026-09-15,Tue,10:00 pm to 10:30 pm,Anandmay Sports Club | Sector 128,Court 1,Not Booked,250,15 Sep 22:06
2026-09-15,Tue,10:30 am to 11:00 am,Anandmay Sports Club | Sector 128,Court 1,Not Booked,250,15 Sep 10:33
2026-09-15,Tue,10:30 pm to 11:00 pm,Anandmay Sports Club | Sector 128,Court 1,Not Booked,250,15 Sep 22:33
2026-09-15,Tue,11:00 am to 11:30 am,Anandmay Sports Club | Sector 128,Court 1,Not Booked,250,15 Sep 11:06
2026-09-15,Tue,11:00 pm to 11:30 pm,Anandmay Sports Club | Sector 128,Court 1,Not Booked,250,15 Sep 23:02
2026-09-15,Tue,11:30 am to 12:00 pm,Anandmay Sports Club | Sector 128,Court 1,Not Booked,250,15 Sep 11:33
2026-09-15,Tue,11:30 pm to 12:00 am,Anandmay Sports Club | Sector 128,Court 1,Not Booked,250,15 Sep 23:30
2026-09-15,Tue,12:00 am to 12:30 am,Anandmay Sports Club | Sector 128,Court 1,Not Booked,250,15 Sep 00:37
2026-09-15,Tue,12:00 pm to 12:30 pm,Anandmay Sports Club | Sector 128,Court 1,Not Booked,250,15 Sep 12:11
2026-09-15,Tue,12:30 am to 1:00 am,Anandmay Sports Club | Sector 128,Court 1,Not Booked,250,15 Sep 00:37
2026-09-15,Tue,12:30 pm to 1:00 pm,Anandmay Sports Club | Sector 128,Court 1,Not Booked,250,15 Sep 12:38
2026-09-15,Tue,1:00 am to 1:30 am,Anandmay Sports Club | Sector 128,Court 1,Not Booked,250,15 Sep 01:06
2026-09-15,Tue,1:00 pm to 1:30 pm,Anandmay Sports Club | Sector 128,Court 1,Not Booked,250,15 Sep 13:08
2026-09-15,Tue,1:30 am to 2:00 am,Anandmay Sports Club | Sector 128,Court 1,Not Booked,250,15 Sep 01:31
2026-09-15,Tue,1:30 pm to 2:00 pm,Anandmay Sports Club | Sector 128,Court 1,Not Booked,250,15 Sep 13:35
2026-09-15,Tue,2:00 am to 2:30 am,Anandmay Sports Club | Sector 128,Court 1,Not Booked,250,15 Sep 02:06
2026-09-15,Tue,2:00 pm to 2:30 pm,Anandmay Sports Club | Sector 128,Court 1,Not Booked,250,15 Sep 13:35
2026-09-15,Tue,2:30 am to 3:00 am,Anandmay Sports Club | Sector 128,Court 1,Not Booked,250,15 Sep 02:31
2026-09-15,Tue,2:30 pm to 3:00 pm,Anandmay Sports Club | Sector 128,Court 1,Not Booked,250,15 Sep 14:37
2026-09-15,Tue,3:00 am to 3:30 am,Anandmay Sports Club | Sector 128,Court 1,Not Booked,250,15 Sep 03:04
2026-09-15,Tue,3:00 pm to 3:30 pm,Anandmay Sports Club | Sector 128,Court 1,Not Booked,250,15 Sep 15:07
2026-09-15,Tue,3:30 am to 4:00 am,Anandmay Sports Club | Sector 128,Court 1,Not Booked,250,15 Sep 03:33
2026-09-15,Tue,3:30 pm to 4:00 pm,Anandmay Sports Club | Sector 128,Court 1,Not Booked,250,15 Sep 15:36
2026-09-15,Tue,4:00 am to 4:30 am,Anandmay Sports Club | Sector 128,Court 1,Not Booked,250,15 Sep 04:07
2026-09-15,Tue,4:00 pm to 4:30 pm,Anandmay Sports Club | Sector 128,Court 1,Not Booked,250,15 Sep 15:36
2026-09-15,Tue,4:30 am to 5:00 am,Anandmay Sports Club | Sector 128,Court 1,Not Booked,250,15 Sep 04:31
2026-09-15,Tue,4:30 pm to 5:00 pm,Anandmay Sports Club | Sector 128,Court 1,Not Booked,250,15 Sep 16:32
2026-09-15,Tue,5:00 am to 5:30 am,Anandmay Sports Club | Sector 128,Court 1,Not Booked,250,15 Sep 05:27
2026-09-15,Tue,5:00 pm to 5:30 pm,Anandmay Sports Club | Sector 128,Court 1,Not Booked,250,15 Sep 17:04
2026-09-15,Tue,5:30 am to 6:00 am,Anandmay Sports Club | Sector 128,Court 1,Not Booked,250,15 Sep 05:27
2026-09-15,Tue,5:30 pm to 6:00 pm,Anandmay Sports Club | Sector 128,Court 1,Not Booked,250,15 Sep 17:32
2026-09-15,Tue,6:00 am to 6:30 am,Anandmay Sports Club | Sector 128,Court 1,Not Booked,250,15 Sep 06:13
2026-09-15,Tue,6:00 pm to 6:30 pm,Anandmay Sports Club | Sector 128,Court 1,Not Booked,250,15 Sep 18:09
2026-09-15,Tue,6:30 am to 7:00 am,Anandmay Sports Club | Sector 128,Court 1,Not Booked,250,15 Sep 06:38
2026-09-15,Tue,6:30 pm to 7:00 pm,Anandmay Sports Club | Sector 128,Court 1,Not Booked,250,15 Sep 18:37
2026-09-15,Tue,7:00 am to 7:30 am,Anandmay Sports Club | Sector 128,Court 1,Not Booked,250,15 Sep 07:05
2026-09-15,Tue,7:00 pm to 7:30 pm,Anandmay Sports Club | Sector 128,Court 1,Not Booked,250,15 Sep 19:07
2026-09-15,Tue,7:30 am to 8:00 am,Anandmay Sports Club | Sector 128,Court 1,Not Booked,250,15 Sep 07:31
2026-09-15,Tue,7:30 pm to 8:00 pm,Anandmay Sports Club | Sector 128,Court 1,Not Booked,250,15 Sep 19:33
2026-09-15,Tue,8:00 am to 8:30 am,Anandmay Sports Club | Sector 128,Court 1,Not Booked,250,15 Sep 08:07
2026-09-15,Tue,8:00 pm to 8:30 pm,Anandmay Sports Club | Sector 128,Court 1,Not Booked,250,15 Sep 20:06
2026-09-15,Tue,8:30 am to 9:00 am,Anandmay Sports Club | Sector 128,Court 1,Not Booked,250,15 Sep 08:33
2026-09-15,Tue,8:30 pm to 9:00 pm,Anandmay Sports Club | Sector 128,Court 1,Not Booked,250,15 Sep 20:32
2026-09-15,Tue,9:00 am to 9:30 am,Anandmay Sports Club | Sector 128,Court 1,Not Booked,250,15 Sep 09:05
2026-09-15,Tue,9:00 pm to 9:30 pm,Anandmay Sports Club | Sector 128,Court 1,Not Booked,250,15 Sep 20:32
2026-09-15,Tue,9:30 am to 10:00 am,Anandmay Sports Club | Sector 128,Court 1,Not Booked,250,15 Sep 09:35
2026-09-15,Tue,9:30 pm to 10:00 pm,Anandmay Sports Club | Sector 128,Court 1,Not Booked,250,15 Sep 21:32
2026-09-15,Tue,10:00 am to 10:30 am,Anandmay Sports Club | Sector 128,Court 2,Not Booked,250,15 Sep 10:08
2026-09-15,Tue,10:00 pm to 10:30 pm,Anandmay Sports Club | Sector 128,Court 2,Not Booked,250,15 Sep 21:32
2026-09-15,Tue,10:30 am to 11:00 am,Anandmay Sports Club | Sector 128,Court 2,Not Booked,250,15 Sep 10:08
2026-09-15,Tue,10:30 pm to 11:00 pm,Anandmay Sports Club | Sector 128,Court 2,Not Booked,250,15 Sep 22:33
2026-09-15,Tue,11:00 am to 11:30 am,Anandmay Sports Club | Sector 128,Court 2,Not Booked,250,15 Sep 11:06
2026-09-15,Tue,11:00 pm to 11:30 pm,Anandmay Sports Club | Sector 128,Court 2,Not Booked,250,15 Sep 22:33
2026-09-15,Tue,11:30 am to 12:00 pm,Anandmay Sports Club | Sector 128,Court 2,Not Booked,250,15 Sep 11:06
2026-09-15,Tue,11:30 pm to 12:00 am,Anandmay Sports Club | Sector 128,Court 2,Not Booked,250,15 Sep 23:30
2026-09-15,Tue,12:00 am to 12:30 am,Anandmay Sports Club | Sector 128,Court 2,Not Booked,250,15 Sep 00:37
2026-09-15,Tue,12:00 pm to 12:30 pm,Anandmay Sports Club | Sector 128,Court 2,Not Booked,250,15 Sep 11:06
2026-09-15,Tue,12:30 am to 1:00 am,Anandmay Sports Club | Sector 128,Court 2,Not Booked,250,15 Sep 00:37
2026-09-15,Tue,12:30 pm to 1:00 pm,Anandmay Sports Club | Sector 128,Court 2,Not Booked,250,15 Sep 11:06
2026-09-15,Tue,1:00 am to 1:30 am,Anandmay Sports Club | Sector 128,Court 2,Not Booked,250,15 Sep 01:06
2026-09-15,Tue,1:00 pm to 1:30 pm,Anandmay Sports Club | Sector 128,Court 2,Not Booked,250,15 Sep 11:06
2026-09-15,Tue,1:30 am to 2:00 am,Anandmay Sports Club | Sector 128,Court 2,Not Booked,250,15 Sep 01:31
2026-09-15,Tue,1:30 pm to 2:00 pm,Anandmay Sports Club | Sector 128,Court 2,Not Booked,250,15 Sep 13:35
2026-09-15,Tue,2:00 am to 2:30 am,Anandmay Sports Club | Sector 128,Court 2,Not Booked,250,15 Sep 01:31
2026-09-15,Tue,2:00 pm to 2:30 pm,Anandmay Sports Club | Sector 128,Court 2,Not Booked,250,15 Sep 14:07
2026-09-15,Tue,2:30 am to 3:00 am,Anandmay Sports Club | Sector 128,Court 2,Not Booked,250,15 Sep 01:31
2026-09-15,Tue,2:30 pm to 3:00 pm,Anandmay Sports Club | Sector 128,Court 2,Not Booked,250,15 Sep 14:37
2026-09-15,Tue,3:00 am to 3:30 am,Anandmay Sports Club | Sector 128,Court 2,Not Booked,250,15 Sep 03:04
2026-09-15,Tue,3:00 pm to 3:30 pm,Anandmay Sports Club | Sector 128,Court 2,Not Booked,250,15 Sep 14:37
2026-09-15,Tue,3:30 am to 4:00 am,Anandmay Sports Club | Sector 128,Court 2,Not Booked,250,15 Sep 03:04
2026-09-15,Tue,3:30 pm to 4:00 pm,Anandmay Sports Club | Sector 128,Court 2,Not Booked,250,15 Sep 15:36
2026-09-15,Tue,4:00 am to 4:30 am,Anandmay Sports Club | Sector 128,Court 2,Not Booked,250,15 Sep 04:07
2026-09-15,Tue,4:00 pm to 4:30 pm,Anandmay Sports Club | Sector 128,Court 2,Not Booked,250,15 Sep 16:05
2026-09-15,Tue,4:30 am to 5:00 am,Anandmay Sports Club | Sector 128,Court 2,Not Booked,250,15 Sep 04:07
2026-09-15,Tue,4:30 pm to 5:00 pm,Anandmay Sports Club | Sector 128,Court 2,Not Booked,250,15 Sep 16:05
2026-09-15,Tue,5:00 am to 5:30 am,Anandmay Sports Club | Sector 128,Court 2,Not Booked,250,15 Sep 04:07
2026-09-15,Tue,5:00 pm to 5:30 pm,Anandmay Sports Club | Sector 128,Court 2,Not Booked,250,15 Sep 16:05
2026-09-15,Tue,5:30 am to 6:00 am,Anandmay Sports Club | Sector 128,Court 2,Not Booked,250,15 Sep 04:07
2026-09-15,Tue,5:30 pm to 6:00 pm,Anandmay Sports Club | Sector 128,Court 2,Not Booked,250,15 Sep 17:32
2026-09-15,Tue,6:00 am to 6:30 am,Anandmay Sports Club | Sector 128,Court 2,Not Booked,250,15 Sep 04:07
2026-09-15,Tue,6:00 pm to 6:30 pm,Anandmay Sports Club | Sector 128,Court 2,Not Booked,250,15 Sep 17:32
2026-09-15,Tue,6:30 am to 7:00 am,Anandmay Sports Club | Sector 128,Court 2,Not Booked,250,15 Sep 06:38
2026-09-15,Tue,6:30 pm to 7:00 pm,Anandmay Sports Club | Sector 128,Court 2,Not Booked,250,15 Sep 18:37
2026-09-15,Tue,7:00 am to 7:30 am,Anandmay Sports Club | Sector 128,Court 2,Not Booked,250,15 Sep 06:38
2026-09-15,Tue,7:00 pm to 7:30 pm,Anandmay Sports Club | Sector 128,Court 2,Not Booked,250,15 Sep 19:07
2026-09-15,Tue,7:30 am to 8:00 am,Anandmay Sports Club | Sector 128,Court 2,Not Booked,250,15 Sep 06:38
2026-09-15,Tue,7:30 pm to 8:00 pm,Anandmay Sports Club | Sector 128,Court 2,Not Booked,250,15 Sep 19:33
2026-09-15,Tue,8:00 am to 8:30 am,Anandmay Sports Club | Sector 128,Court 2,Not Booked,250,15 Sep 08:07
2026-09-15,Tue,8:00 pm to 8:30 pm,Anandmay Sports Club | Sector 128,Court 2,Not Booked,250,15 Sep 19:33
2026-09-15,Tue,8:30 am to 9:00 am,Anandmay Sports Club | Sector 128,Court 2,Not Booked,250,15 Sep 08:07
2026-09-15,Tue,8:30 pm to 9:00 pm,Anandmay Sports Club | Sector 128,Court 2,Not Booked,250,15 Sep 19:33
2026-09-15,Tue,9:00 am to 9:30 am,Anandmay Sports Club | Sector 128,Court 2,Not Booked,250,15 Sep 08:07
2026-09-15,Tue,9:00 pm to 9:30 pm,Anandmay Sports Club | Sector 128,Court 2,Not Booked,250,15 Sep 21:05
2026-09-15,Tue,9:30 am to 10:00 am,Anandmay Sports Club | Sector 128,Court 2,Not Booked,250,15 Sep 09:35
2026-09-15,Tue,9:30 pm to 10:00 pm,Anandmay Sports Club | Sector 128,Court 2,Not Booked,250,15 Sep 21:32
2026-09-15,Tue,10:00 am to 10:30 am,Arena 44,Court 1,Not Booked,550,15 Sep 10:08
2026-09-15,Tue,10:00 pm to 10:30 pm,Arena 44,Court 1,Not Booked,550,15 Sep 22:06
2026-09-15,Tue,10:30 am to 11:00 am,Arena 44,Court 1,Not Booked,550,15 Sep 10:33
2026-09-15,Tue,10:30 pm to 11:00 pm,Arena 44,Court 1,Not Booked,550,15 Sep 22:33
2026-09-15,Tue,3:00 pm to 3:30 pm,Arena 44,Court 1,Not Booked,550,15 Sep 15:07
2026-09-15,Tue,3:30 pm to 4:00 pm,Arena 44,Court 1,Not Booked,550,15 Sep 15:36
2026-09-15,Tue,4:00 pm to 4:30 pm,Arena 44,Court 1,Not Booked,550,15 Sep 15:36
2026-09-15,Tue,4:30 pm to 5:00 pm,Arena 44,Court 1,Not Booked,550,15 Sep 16:32
2026-09-15,Tue,5:00 pm to 5:30 pm,Arena 44,Court 1,Not Booked,550,15 Sep 16:32
2026-09-15,Tue,5:30 pm to 6:00 pm,Arena 44,Court 1,Not Booked,550,15 Sep 17:32
2026-09-15,Tue,6:00 pm to 6:30 pm,Arena 44,Court 1,Not Booked,550,15 Sep 18:09
2026-09-15,Tue,6:30 pm to 7:00 pm,Arena 44,Court 1,Not Booked,550,15 Sep 18:37
2026-09-15,Tue,7:00 am to 7:30 am,Arena 44,Court 1,Not Booked,550,15 Sep 07:05
2026-09-15,Tue,7:00 pm to 7:30 pm,Arena 44,Court 1,Not Booked,550,15 Sep 19:07
2026-09-15,Tue,7:30 am to 8:00 am,Arena 44,Court 1,Not Booked,550,15 Sep 07:31
2026-09-15,Tue,7:30 pm to 8:00 pm,Arena 44,Court 1,Not Booked,550,15 Sep 19:33
2026-09-15,Tue,8:00 am to 8:30 am,Arena 44,Court 1,Not Booked,550,15 Sep 08:07
2026-09-15,Tue,8:00 pm to 8:30 pm,Arena 44,Court 1,Booked,550,15 Sep 20:06
2026-09-15,Tue,8:30 am to 9:00 am,Arena 44,Court 1,Not Booked,550,15 Sep 08:33
2026-09-15,Tue,8:30 pm to 9:00 pm,Arena 44,Court 1,Not Booked,550,15 Sep 20:32
2026-09-15,Tue,9:00 am to 9:30 am,Arena 44,Court 1,Not Booked,550,15 Sep 09:05
2026-09-15,Tue,9:00 pm to 9:30 pm,Arena 44,Court 1,Not Booked,550,15 Sep 20:32
2026-09-15,Tue,9:30 am to 10:00 am,Arena 44,Court 1,Not Booked,550,15 Sep 09:35
2026-09-15,Tue,9:30 pm to 10:00 pm,Arena 44,Court 1,Not Booked,550,15 Sep 21:32
2026-09-15,Tue,10:00 am to 10:30 am,Arena 44,Court 2,Not Booked,550,15 Sep 10:08
2026-09-15,Tue,10:00 pm to 10:30 pm,Arena 44,Court 2,Not Booked,550,15 Sep 22:06
2026-09-15,Tue,10:30 am to 11:00 am,Arena 44,Court 2,Not Booked,550,15 Sep 10:08
2026-09-15,Tue,10:30 pm to 11:00 pm,Arena 44,Court 2,Not Booked,550,15 Sep 22:33
2026-09-15,Tue,3:00 pm to 3:30 pm,Arena 44,Court 2,Not Booked,550,15 Sep 15:07
2026-09-15,Tue,3:30 pm to 4:00 pm,Arena 44,Court 2,Not Booked,550,15 Sep 15:36
2026-09-15,Tue,4:00 pm to 4:30 pm,Arena 44,Court 2,Not Booked,550,15 Sep 16:05
2026-09-15,Tue,4:30 pm to 5:00 pm,Arena 44,Court 2,Not Booked,550,15 Sep 16:05
2026-09-15,Tue,5:00 pm to 5:30 pm,Arena 44,Court 2,Not Booked,550,15 Sep 17:04
2026-09-15,Tue,5:30 pm to 6:00 pm,Arena 44,Court 2,Not Booked,550,15 Sep 17:04
2026-09-15,Tue,6:00 pm to 6:30 pm,Arena 44,Court 2,Not Booked,550,15 Sep 17:04
2026-09-15,Tue,6:30 pm to 7:00 pm,Arena 44,Court 2,Not Booked,550,15 Sep 17:04
2026-09-15,Tue,7:00 am to 7:30 am,Arena 44,Court 2,Not Booked,550,15 Sep 05:05
2026-09-15,Tue,7:00 pm to 7:30 pm,Arena 44,Court 2,Not Booked,550,15 Sep 17:04
2026-09-15,Tue,7:30 am to 8:00 am,Arena 44,Court 2,Not Booked,550,15 Sep 05:05
2026-09-15,Tue,7:30 pm to 8:00 pm,Arena 44,Court 2,Not Booked,550,15 Sep 19:33
2026-09-15,Tue,8:00 am to 8:30 am,Arena 44,Court 2,Not Booked,550,15 Sep 05:05
2026-09-15,Tue,8:00 pm to 8:30 pm,Arena 44,Court 2,Booked,550,15 Sep 20:06
2026-09-15,Tue,8:30 am to 9:00 am,Arena 44,Court 2,Not Booked,550,15 Sep 05:05
2026-09-15,Tue,8:30 pm to 9:00 pm,Arena 44,Court 2,Booked,550,15 Sep 20:32
2026-09-15,Tue,9:00 am to 9:30 am,Arena 44,Court 2,Not Booked,550,15 Sep 05:05
2026-09-15,Tue,9:00 pm to 9:30 pm,Arena 44,Court 2,Not Booked,550,15 Sep 21:05
2026-09-15,Tue,9:30 am to 10:00 am,Arena 44,Court 2,Not Booked,550,15 Sep 05:05
2026-09-15,Tue,9:30 pm to 10:00 pm,Arena 44,Court 2,Not Booked,550,15 Sep 21:32
2026-09-15,Tue,10:00 am to 10:30 am,Arena 44,Court 3,Not Booked,550,15 Sep 10:08
2026-09-15,Tue,10:00 pm to 10:30 pm,Arena 44,Court 3,Not Booked,550,15 Sep 22:06
2026-09-15,Tue,10:30 am to 11:00 am,Arena 44,Court 3,Not Booked,550,15 Sep 10:33
2026-09-15,Tue,10:30 pm to 11:00 pm,Arena 44,Court 3,Not Booked,550,15 Sep 22:33
2026-09-15,Tue,3:00 pm to 3:30 pm,Arena 44,Court 3,Not Booked,550,15 Sep 15:07
2026-09-15,Tue,3:30 pm to 4:00 pm,Arena 44,Court 3,Not Booked,550,15 Sep 15:36
2026-09-15,Tue,4:00 pm to 4:30 pm,Arena 44,Court 3,Not Booked,550,15 Sep 15:36
2026-09-15,Tue,4:30 pm to 5:00 pm,Arena 44,Court 3,Not Booked,550,15 Sep 16:32
2026-09-15,Tue,5:00 pm to 5:30 pm,Arena 44,Court 3,Not Booked,550,15 Sep 17:04
2026-09-15,Tue,5:30 pm to 6:00 pm,Arena 44,Court 3,Not Booked,550,15 Sep 17:32
2026-09-15,Tue,6:00 pm to 6:30 pm,Arena 44,Court 3,Not Booked,550,15 Sep 18:09
2026-09-15,Tue,6:30 pm to 7:00 pm,Arena 44,Court 3,Not Booked,550,15 Sep 18:37
2026-09-15,Tue,7:00 am to 7:30 am,Arena 44,Court 3,Not Booked,550,15 Sep 07:05
2026-09-15,Tue,7:00 pm to 7:30 pm,Arena 44,Court 3,Not Booked,550,15 Sep 19:07
2026-09-15,Tue,7:30 am to 8:00 am,Arena 44,Court 3,Not Booked,550,15 Sep 07:31
2026-09-15,Tue,7:30 pm to 8:00 pm,Arena 44,Court 3,Not Booked,550,15 Sep 19:33
2026-09-15,Tue,8:00 am to 8:30 am,Arena 44,Court 3,Not Booked,550,15 Sep 08:07
2026-09-15,Tue,8:00 pm to 8:30 pm,Arena 44,Court 3,Not Booked,550,15 Sep 20:06
2026-09-15,Tue,8:30 am to 9:00 am,Arena 44,Court 3,Not Booked,550,15 Sep 08:33
2026-09-15,Tue,8:30 pm to 9:00 pm,Arena 44,Court 3,Filling Fast,550,15 Sep 20:06
2026-09-15,Tue,9:00 am to 9:30 am,Arena 44,Court 3,Not Booked,550,15 Sep 09:05
2026-09-15,Tue,9:00 pm to 9:30 pm,Arena 44,Court 3,Not Booked,550,15 Sep 21:05
2026-09-15,Tue,9:30 am to 10:00 am,Arena 44,Court 3,Not Booked,550,15 Sep 09:35
2026-09-15,Tue,9:30 pm to 10:00 pm,Arena 44,Court 3,Not Booked,550,15 Sep 21:32
2026-09-15,Tue,10:00 am to 10:30 am,Arena 44,Hardy's Court 1,Not Booked,450,15 Sep 10:08
2026-09-15,Tue,10:00 pm to 10:30 pm,Arena 44,Hardy's Court 1,Booked,450,15 Sep 22:06
2026-09-15,Tue,10:30 am to 11:00 am,Arena 44,Hardy's Court 1,Not Booked,450,15 Sep 10:33
2026-09-15,Tue,10:30 pm to 11:00 pm,Arena 44,Hardy's Court 1,Not Booked,450,15 Sep 22:33
2026-09-15,Tue,3:00 pm to 3:30 pm,Arena 44,Hardy's Court 1,Not Booked,450,15 Sep 15:07
2026-09-15,Tue,3:30 pm to 4:00 pm,Arena 44,Hardy's Court 1,Not Booked,450,15 Sep 15:36
2026-09-15,Tue,4:00 pm to 4:30 pm,Arena 44,Hardy's Court 1,Booked,450,15 Sep 16:05
2026-09-15,Tue,4:30 pm to 5:00 pm,Arena 44,Hardy's Court 1,Booked,450,15 Sep 16:32
2026-09-15,Tue,5:00 pm to 5:30 pm,Arena 44,Hardy's Court 1,Booked,450,15 Sep 17:04
2026-09-15,Tue,5:30 pm to 6:00 pm,Arena 44,Hardy's Court 1,Not Booked,450,15 Sep 17:32
2026-09-15,Tue,6:00 pm to 6:30 pm,Arena 44,Hardy's Court 1,Not Booked,450,15 Sep 18:09
2026-09-15,Tue,6:30 pm to 7:00 pm,Arena 44,Hardy's Court 1,Booked,450,15 Sep 18:37
2026-09-15,Tue,7:00 am to 7:30 am,Arena 44,Hardy's Court 1,Not Booked,450,15 Sep 07:05
2026-09-15,Tue,7:00 pm to 7:30 pm,Arena 44,Hardy's Court 1,Booked,450,15 Sep 19:07
2026-09-15,Tue,7:30 am to 8:00 am,Arena 44,Hardy's Court 1,Not Booked,450,15 Sep 07:31
2026-09-15,Tue,7:30 pm to 8:00 pm,Arena 44,Hardy's Court 1,Filling Fast,450,15 Sep 19:33
2026-09-15,Tue,8:00 am to 8:30 am,Arena 44,Hardy's Court 1,Not Booked,450,15 Sep 08:07
2026-09-15,Tue,8:00 pm to 8:30 pm,Arena 44,Hardy's Court 1,Filling Fast,450,15 Sep 20:06
2026-09-15,Tue,8:30 am to 9:00 am,Arena 44,Hardy's Court 1,Not Booked,450,15 Sep 08:33
2026-09-15,Tue,8:30 pm to 9:00 pm,Arena 44,Hardy's Court 1,Booked,450,15 Sep 20:32
2026-09-15,Tue,9:00 am to 9:30 am,Arena 44,Hardy's Court 1,Not Booked,450,15 Sep 09:05
2026-09-15,Tue,9:00 pm to 9:30 pm,Arena 44,Hardy's Court 1,Booked,450,15 Sep 21:05
2026-09-15,Tue,9:30 am to 10:00 am,Arena 44,Hardy's Court 1,Not Booked,450,15 Sep 09:35
2026-09-15,Tue,9:30 pm to 10:00 pm,Arena 44,Hardy's Court 1,Booked,450,15 Sep 21:32
2026-09-15,Tue,10:00 am to 10:30 am,Arena 44,Hardy's Court 2,Not Booked,450,15 Sep 10:08
2026-09-15,Tue,10:00 pm to 10:30 pm,Arena 44,Hardy's Court 2,Filling Fast,450,15 Sep 22:06
2026-09-15,Tue,10:30 am to 11:00 am,Arena 44,Hardy's Court 2,Not Booked,450,15 Sep 10:33
2026-09-15,Tue,10:30 pm to 11:00 pm,Arena 44,Hardy's Court 2,Booked,450,15 Sep 22:33
2026-09-15,Tue,3:00 pm to 3:30 pm,Arena 44,Hardy's Court 2,Not Booked,450,15 Sep 15:07
2026-09-15,Tue,3:30 pm to 4:00 pm,Arena 44,Hardy's Court 2,Not Booked,450,15 Sep 15:36
2026-09-15,Tue,4:00 pm to 4:30 pm,Arena 44,Hardy's Court 2,Booked,450,15 Sep 16:05
2026-09-15,Tue,4:30 pm to 5:00 pm,Arena 44,Hardy's Court 2,Booked,450,15 Sep 16:32
2026-09-15,Tue,5:00 pm to 5:30 pm,Arena 44,Hardy's Court 2,Booked,450,15 Sep 17:04
2026-09-15,Tue,5:30 pm to 6:00 pm,Arena 44,Hardy's Court 2,Not Booked,450,15 Sep 17:32
2026-09-15,Tue,6:00 pm to 6:30 pm,Arena 44,Hardy's Court 2,Booked,450,15 Sep 18:09
2026-09-15,Tue,6:30 pm to 7:00 pm,Arena 44,Hardy's Court 2,Booked,450,15 Sep 18:37
2026-09-15,Tue,7:00 am to 7:30 am,Arena 44,Hardy's Court 2,Not Booked,450,15 Sep 07:05
2026-09-15,Tue,7:00 pm to 7:30 pm,Arena 44,Hardy's Court 2,Not Booked,450,15 Sep 19:07
2026-09-15,Tue,7:30 am to 8:00 am,Arena 44,Hardy's Court 2,Not Booked,450,15 Sep 07:31
2026-09-15,Tue,7:30 pm to 8:00 pm,Arena 44,Hardy's Court 2,Booked,450,15 Sep 19:33
2026-09-15,Tue,8:00 am to 8:30 am,Arena 44,Hardy's Court 2,Not Booked,450,15 Sep 08:07
2026-09-15,Tue,8:00 pm to 8:30 pm,Arena 44,Hardy's Court 2,Booked,450,15 Sep 20:06
2026-09-15,Tue,8:30 am to 9:00 am,Arena 44,Hardy's Court 2,Not Booked,450,15 Sep 08:33
2026-09-15,Tue,8:30 pm to 9:00 pm,Arena 44,Hardy's Court 2,Booked,450,15 Sep 20:32
2026-09-15,Tue,9:00 am to 9:30 am,Arena 44,Hardy's Court 2,Not Booked,450,15 Sep 09:05
2026-09-15,Tue,9:00 pm to 9:30 pm,Arena 44,Hardy's Court 2,Booked,450,15 Sep 21:05
2026-09-15,Tue,9:30 am to 10:00 am,Arena 44,Hardy's Court 2,Not Booked,450,15 Sep 09:35
2026-09-15,Tue,9:30 pm to 10:00 pm,Arena 44,Hardy's Court 2,Not Booked,450,15 Sep 21:32
2026-09-15,Tue,10:00 am to 10:30 am,Arena 44,Hardy's Court 3,Not Booked,450,15 Sep 10:08
2026-09-15,Tue,10:00 pm to 10:30 pm,Arena 44,Hardy's Court 3,Not Booked,450,15 Sep 22:06
2026-09-15,Tue,10:30 am to 11:00 am,Arena 44,Hardy's Court 3,Not Booked,450,15 Sep 10:33
2026-09-15,Tue,10:30 pm to 11:00 pm,Arena 44,Hardy's Court 3,Booked,450,15 Sep 22:33
2026-09-15,Tue,3:00 pm to 3:30 pm,Arena 44,Hardy's Court 3,Not Booked,450,15 Sep 14:37
2026-09-15,Tue,3:30 pm to 4:00 pm,Arena 44,Hardy's Court 3,Not Booked,450,15 Sep 14:37
2026-09-15,Tue,4:00 pm to 4:30 pm,Arena 44,Hardy's Court 3,Booked,450,15 Sep 14:37
2026-09-15,Tue,4:30 pm to 5:00 pm,Arena 44,Hardy's Court 3,Booked,450,15 Sep 16:32
2026-09-15,Tue,5:00 pm to 5:30 pm,Arena 44,Hardy's Court 3,Booked,450,15 Sep 16:32
2026-09-15,Tue,5:30 pm to 6:00 pm,Arena 44,Hardy's Court 3,Not Booked,450,15 Sep 17:32
2026-09-15,Tue,6:00 pm to 6:30 pm,Arena 44,Hardy's Court 3,Not Booked,450,15 Sep 18:09
2026-09-15,Tue,6:30 pm to 7:00 pm,Arena 44,Hardy's Court 3,Not Booked,450,15 Sep 18:37
2026-09-15,Tue,7:00 am to 7:30 am,Arena 44,Hardy's Court 3,Not Booked,450,15 Sep 07:05
2026-09-15,Tue,7:00 pm to 7:30 pm,Arena 44,Hardy's Court 3,Booked,450,15 Sep 19:07
2026-09-15,Tue,7:30 am to 8:00 am,Arena 44,Hardy's Court 3,Not Booked,450,15 Sep 07:31
2026-09-15,Tue,7:30 pm to 8:00 pm,Arena 44,Hardy's Court 3,Booked,450,15 Sep 19:07
2026-09-15,Tue,8:00 am to 8:30 am,Arena 44,Hardy's Court 3,Not Booked,450,15 Sep 08:07
2026-09-15,Tue,8:00 pm to 8:30 pm,Arena 44,Hardy's Court 3,Booked,450,15 Sep 20:06
2026-09-15,Tue,8:30 am to 9:00 am,Arena 44,Hardy's Court 3,Not Booked,450,15 Sep 08:33
2026-09-15,Tue,8:30 pm to 9:00 pm,Arena 44,Hardy's Court 3,Booked,450,15 Sep 20:32
2026-09-15,Tue,9:00 am to 9:30 am,Arena 44,Hardy's Court 3,Not Booked,450,15 Sep 09:05
2026-09-15,Tue,9:00 pm to 9:30 pm,Arena 44,Hardy's Court 3,Booked,450,15 Sep 20:32
2026-09-15,Tue,9:30 am to 10:00 am,Arena 44,Hardy's Court 3,Not Booked,450,15 Sep 09:35
2026-09-15,Tue,9:30 pm to 10:00 pm,Arena 44,Hardy's Court 3,Not Booked,450,15 Sep 20:32
2026-09-15,Tue,10:00 am to 10:30 am,Arena 44,Hardy's Court 4,Not Booked,450,15 Sep 10:08
2026-09-15,Tue,10:00 pm to 10:30 pm,Arena 44,Hardy's Court 4,Booked,450,15 Sep 21:32
2026-09-15,Tue,10:30 am to 11:00 am,Arena 44,Hardy's Court 4,Not Booked,450,15 Sep 10:33
2026-09-15,Tue,10:30 pm to 11:00 pm,Arena 44,Hardy's Court 4,Booked,450,15 Sep 21:32
2026-09-15,Tue,3:00 pm to 3:30 pm,Arena 44,Hardy's Court 4,Not Booked,450,15 Sep 15:07
2026-09-15,Tue,3:30 pm to 4:00 pm,Arena 44,Hardy's Court 4,Not Booked,450,15 Sep 15:36
2026-09-15,Tue,4:00 pm to 4:30 pm,Arena 44,Hardy's Court 4,Booked,450,15 Sep 16:05
2026-09-15,Tue,4:30 pm to 5:00 pm,Arena 44,Hardy's Court 4,Booked,450,15 Sep 16:32
2026-09-15,Tue,5:00 pm to 5:30 pm,Arena 44,Hardy's Court 4,Booked,450,15 Sep 17:04
2026-09-15,Tue,5:30 pm to 6:00 pm,Arena 44,Hardy's Court 4,Booked,450,15 Sep 17:32
2026-09-15,Tue,6:00 pm to 6:30 pm,Arena 44,Hardy's Court 4,Booked,450,15 Sep 18:09
2026-09-15,Tue,6:30 pm to 7:00 pm,Arena 44,Hardy's Court 4,Booked,450,15 Sep 18:37
2026-09-15,Tue,7:00 am to 7:30 am,Arena 44,Hardy's Court 4,Not Booked,450,15 Sep 07:05
2026-09-15,Tue,7:00 pm to 7:30 pm,Arena 44,Hardy's Court 4,Booked,450,15 Sep 19:07
2026-09-15,Tue,7:30 am to 8:00 am,Arena 44,Hardy's Court 4,Not Booked,450,15 Sep 07:31
2026-09-15,Tue,7:30 pm to 8:00 pm,Arena 44,Hardy's Court 4,Booked,450,15 Sep 19:33
2026-09-15,Tue,8:00 am to 8:30 am,Arena 44,Hardy's Court 4,Not Booked,450,15 Sep 08:07
2026-09-15,Tue,8:00 pm to 8:30 pm,Arena 44,Hardy's Court 4,Booked,450,15 Sep 20:06
2026-09-15,Tue,8:30 am to 9:00 am,Arena 44,Hardy's Court 4,Not Booked,450,15 Sep 08:07
2026-09-15,Tue,8:30 pm to 9:00 pm,Arena 44,Hardy's Court 4,Booked,450,15 Sep 20:06
2026-09-15,Tue,9:00 am to 9:30 am,Arena 44,Hardy's Court 4,Not Booked,450,15 Sep 09:05
2026-09-15,Tue,9:00 pm to 9:30 pm,Arena 44,Hardy's Court 4,Not Booked,450,15 Sep 21:05
2026-09-15,Tue,9:30 am to 10:00 am,Arena 44,Hardy's Court 4,Not Booked,450,15 Sep 09:35
2026-09-15,Tue,9:30 pm to 10:00 pm,Arena 44,Hardy's Court 4,Not Booked,450,15 Sep 21:32
2026-09-15,Tue,10:00 pm to 10:30 pm,CoPlay RISE | Sec 73 Noida,Court 1,Not Booked,200,15 Sep 22:06
2026-09-15,Tue,10:30 pm to 11:00 pm,CoPlay RISE | Sec 73 Noida,Court 1,Not Booked,200,15 Sep 22:33
2026-09-15,Tue,11:00 pm to 11:30 pm,CoPlay RISE | Sec 73 Noida,Court 1,Not Booked,200,15 Sep 23:02
2026-09-15,Tue,11:30 pm to 12:00 am,CoPlay RISE | Sec 73 Noida,Court 1,Not Booked,200,15 Sep 23:02
2026-09-15,Tue,5:00 am to 5:30 am,CoPlay RISE | Sec 73 Noida,Court 1,Not Booked,200,15 Sep 05:27
2026-09-15,Tue,5:30 am to 6:00 am,CoPlay RISE | Sec 73 Noida,Court 1,Not Booked,200,15 Sep 05:27
2026-09-15,Tue,6:00 am to 6:30 am,CoPlay RISE | Sec 73 Noida,Court 1,Not Booked,200,15 Sep 06:13
2026-09-15,Tue,6:30 am to 7:00 am,CoPlay RISE | Sec 73 Noida,Court 1,Not Booked,200,15 Sep 06:38
2026-09-15,Tue,7:00 am to 7:30 am,CoPlay RISE | Sec 73 Noida,Court 1,Not Booked,200,15 Sep 07:05
2026-09-15,Tue,7:00 pm to 7:30 pm,CoPlay RISE | Sec 73 Noida,Court 1,Not Booked,200,15 Sep 19:07
2026-09-15,Tue,7:30 am to 8:00 am,CoPlay RISE | Sec 73 Noida,Court 1,Not Booked,200,15 Sep 07:31
2026-09-15,Tue,7:30 pm to 8:00 pm,CoPlay RISE | Sec 73 Noida,Court 1,Not Booked,200,15 Sep 19:33
2026-09-15,Tue,8:00 am to 8:30 am,CoPlay RISE | Sec 73 Noida,Court 1,Not Booked,200,15 Sep 08:07
2026-09-15,Tue,8:00 pm to 8:30 pm,CoPlay RISE | Sec 73 Noida,Court 1,Not Booked,200,15 Sep 20:06
2026-09-15,Tue,8:30 am to 9:00 am,CoPlay RISE | Sec 73 Noida,Court 1,Not Booked,200,15 Sep 08:33
2026-09-15,Tue,8:30 pm to 9:00 pm,CoPlay RISE | Sec 73 Noida,Court 1,Not Booked,200,15 Sep 20:32
2026-09-15,Tue,9:00 pm to 9:30 pm,CoPlay RISE | Sec 73 Noida,Court 1,Not Booked,200,15 Sep 21:05
2026-09-15,Tue,9:30 pm to 10:00 pm,CoPlay RISE | Sec 73 Noida,Court 1,Booked,200,15 Sep 21:32
2026-09-15,Tue,10:00 pm to 10:30 pm,CoPlay RISE | Sec 73 Noida,Court 2,Not Booked,200,15 Sep 22:06
2026-09-15,Tue,10:30 pm to 11:00 pm,CoPlay RISE | Sec 73 Noida,Court 2,Not Booked,200,15 Sep 22:33
2026-09-15,Tue,11:00 pm to 11:30 pm,CoPlay RISE | Sec 73 Noida,Court 2,Not Booked,200,15 Sep 23:02
2026-09-15,Tue,11:30 pm to 12:00 am,CoPlay RISE | Sec 73 Noida,Court 2,Not Booked,200,15 Sep 23:30
2026-09-15,Tue,5:00 am to 5:30 am,CoPlay RISE | Sec 73 Noida,Court 2,Not Booked,200,15 Sep 05:27
2026-09-15,Tue,5:30 am to 6:00 am,CoPlay RISE | Sec 73 Noida,Court 2,Not Booked,200,15 Sep 05:27
2026-09-15,Tue,6:00 am to 6:30 am,CoPlay RISE | Sec 73 Noida,Court 2,Not Booked,200,15 Sep 06:13
2026-09-15,Tue,6:30 am to 7:00 am,CoPlay RISE | Sec 73 Noida,Court 2,Not Booked,200,15 Sep 06:38
2026-09-15,Tue,7:00 am to 7:30 am,CoPlay RISE | Sec 73 Noida,Court 2,Not Booked,200,15 Sep 07:05
2026-09-15,Tue,7:00 pm to 7:30 pm,CoPlay RISE | Sec 73 Noida,Court 2,Not Booked,200,15 Sep 19:07
2026-09-15,Tue,7:30 am to 8:00 am,CoPlay RISE | Sec 73 Noida,Court 2,Not Booked,200,15 Sep 07:31
2026-09-15,Tue,7:30 pm to 8:00 pm,CoPlay RISE | Sec 73 Noida,Court 2,Not Booked,200,15 Sep 19:33
2026-09-15,Tue,8:00 am to 8:30 am,CoPlay RISE | Sec 73 Noida,Court 2,Not Booked,200,15 Sep 08:07
2026-09-15,Tue,8:00 pm to 8:30 pm,CoPlay RISE | Sec 73 Noida,Court 2,Not Booked,200,15 Sep 20:06
2026-09-15,Tue,8:30 am to 9:00 am,CoPlay RISE | Sec 73 Noida,Court 2,Not Booked,200,15 Sep 08:33
2026-09-15,Tue,8:30 pm to 9:00 pm,CoPlay RISE | Sec 73 Noida,Court 2,Not Booked,200,15 Sep 20:32
2026-09-15,Tue,9:00 pm to 9:30 pm,CoPlay RISE | Sec 73 Noida,Court 2,Not Booked,200,15 Sep 21:05
2026-09-15,Tue,9:30 pm to 10:00 pm,CoPlay RISE | Sec 73 Noida,Court 2,Not Booked,200,15 Sep 21:32
2026-09-15,Tue,4:00 pm to 4:30 pm,CoPlay | Sec 50 Noida,Court 1,Not Booked,350,15 Sep 16:05
2026-09-15,Tue,4:30 pm to 5:00 pm,CoPlay | Sec 50 Noida,Court 1,Not Booked,350,15 Sep 16:32
2026-09-15,Tue,7:00 pm to 7:30 pm,CoPlay | Sec 50 Noida,Court 1,Booked,350,15 Sep 19:07
2026-09-15,Tue,7:30 pm to 8:00 pm,CoPlay | Sec 50 Noida,Court 1,Booked,350,15 Sep 19:07
2026-09-15,Tue,8:00 pm to 8:30 pm,CoPlay | Sec 50 Noida,Court 1,Not Booked,350,15 Sep 20:06
2026-09-15,Tue,8:30 pm to 9:00 pm,CoPlay | Sec 50 Noida,Court 1,Not Booked,350,15 Sep 20:06
2026-09-15,Tue,4:00 pm to 4:30 pm,CoPlay | Sec 50 Noida,Court 2,Not Booked,350,15 Sep 15:36
2026-09-15,Tue,4:30 pm to 5:00 pm,CoPlay | Sec 50 Noida,Court 2,Not Booked,350,15 Sep 16:32
2026-09-15,Tue,7:00 pm to 7:30 pm,CoPlay | Sec 50 Noida,Court 2,Not Booked,350,15 Sep 19:07
2026-09-15,Tue,7:30 pm to 8:00 pm,CoPlay | Sec 50 Noida,Court 2,Not Booked,350,15 Sep 19:33
2026-09-15,Tue,8:00 pm to 8:30 pm,CoPlay | Sec 50 Noida,Court 2,Not Booked,350,15 Sep 20:06
2026-09-15,Tue,8:30 pm to 9:00 pm,CoPlay | Sec 50 Noida,Court 2,Not Booked,350,15 Sep 20:32
2026-09-15,Tue,4:00 pm to 4:30 pm,CoPlay | Sec 50 Noida,Court 3,Not Booked,350,15 Sep 16:05
2026-09-15,Tue,4:30 pm to 5:00 pm,CoPlay | Sec 50 Noida,Court 3,Not Booked,350,15 Sep 16:32
2026-09-15,Tue,7:00 pm to 7:30 pm,CoPlay | Sec 50 Noida,Court 3,Not Booked,350,15 Sep 19:07
2026-09-15,Tue,7:30 pm to 8:00 pm,CoPlay | Sec 50 Noida,Court 3,Not Booked,350,15 Sep 19:33
2026-09-15,Tue,8:00 pm to 8:30 pm,CoPlay | Sec 50 Noida,Court 3,Not Booked,350,15 Sep 20:06
2026-09-15,Tue,8:30 pm to 9:00 pm,CoPlay | Sec 50 Noida,Court 3,Not Booked,350,15 Sep 20:06
2026-09-15,Tue,10:00 am to 10:30 am,Crickdome,Court 1,Not Booked,400,15 Sep 08:33
2026-09-15,Tue,10:00 pm to 10:30 pm,Crickdome,Court 1,Not Booked,400,15 Sep 22:06
2026-09-15,Tue,10:30 am to 11:00 am,Crickdome,Court 1,Not Booked,400,15 Sep 08:33
2026-09-15,Tue,10:30 pm to 11:00 pm,Crickdome,Court 1,Not Booked,400,15 Sep 22:33
2026-09-15,Tue,11:00 am to 11:30 am,Crickdome,Court 1,Not Booked,400,15 Sep 08:33
2026-09-15,Tue,11:00 pm to 11:30 pm,Crickdome,Court 1,Not Booked,400,15 Sep 23:02
2026-09-15,Tue,11:30 am to 12:00 pm,Crickdome,Court 1,Not Booked,400,15 Sep 08:33
2026-09-15,Tue,11:30 pm to 12:00 am,Crickdome,Court 1,Not Booked,400,15 Sep 23:30
2026-09-15,Tue,12:00 am to 12:30 am,Crickdome,Court 1,Not Booked,400,15 Sep 00:37
2026-09-15,Tue,12:00 pm to 12:30 pm,Crickdome,Court 1,Not Booked,400,15 Sep 08:33
2026-09-15,Tue,12:30 am to 1:00 am,Crickdome,Court 1,Not Booked,400,15 Sep 00:37
2026-09-15,Tue,12:30 pm to 1:00 pm,Crickdome,Court 1,Not Booked,400,15 Sep 08:33
2026-09-15,Tue,1:00 pm to 1:30 pm,Crickdome,Court 1,Not Booked,400,15 Sep 08:33
2026-09-15,Tue,1:30 pm to 2:00 pm,Crickdome,Court 1,Not Booked,400,15 Sep 08:33
2026-09-15,Tue,2:00 pm to 2:30 pm,Crickdome,Court 1,Not Booked,400,15 Sep 08:33
2026-09-15,Tue,2:30 pm to 3:00 pm,Crickdome,Court 1,Not Booked,400,15 Sep 08:33
2026-09-15,Tue,3:00 pm to 3:30 pm,Crickdome,Court 1,Not Booked,400,15 Sep 08:33
2026-09-15,Tue,3:30 pm to 4:00 pm,Crickdome,Court 1,Not Booked,400,15 Sep 15:36
2026-09-15,Tue,4:00 pm to 4:30 pm,Crickdome,Court 1,Not Booked,400,15 Sep 15:36
2026-09-15,Tue,4:30 pm to 5:00 pm,Crickdome,Court 1,Not Booked,400,15 Sep 15:36
2026-09-15,Tue,5:00 am to 5:30 am,Crickdome,Court 1,Not Booked,400,15 Sep 05:05
2026-09-15,Tue,5:00 pm to 5:30 pm,Crickdome,Court 1,Not Booked,400,15 Sep 17:04
2026-09-15,Tue,5:30 am to 6:00 am,Crickdome,Court 1,Not Booked,400,15 Sep 05:05
2026-09-15,Tue,5:30 pm to 6:00 pm,Crickdome,Court 1,Not Booked,400,15 Sep 17:32
2026-09-15,Tue,6:00 am to 6:30 am,Crickdome,Court 1,Not Booked,400,15 Sep 06:13
2026-09-15,Tue,6:00 pm to 6:30 pm,Crickdome,Court 1,Not Booked,400,15 Sep 17:32
2026-09-15,Tue,6:30 am to 7:00 am,Crickdome,Court 1,Not Booked,400,15 Sep 06:38
2026-09-15,Tue,6:30 pm to 7:00 pm,Crickdome,Court 1,Not Booked,400,15 Sep 17:32
2026-09-15,Tue,7:00 am to 7:30 am,Crickdome,Court 1,Not Booked,400,15 Sep 06:38
2026-09-15,Tue,7:00 pm to 7:30 pm,Crickdome,Court 1,Not Booked,400,15 Sep 17:32
2026-09-15,Tue,7:30 am to 8:00 am,Crickdome,Court 1,Not Booked,400,15 Sep 06:38
2026-09-15,Tue,7:30 pm to 8:00 pm,Crickdome,Court 1,Not Booked,400,15 Sep 17:32
2026-09-15,Tue,8:00 am to 8:30 am,Crickdome,Court 1,Not Booked,400,15 Sep 06:38
2026-09-15,Tue,8:00 pm to 8:30 pm,Crickdome,Court 1,Not Booked,400,15 Sep 20:06
2026-09-15,Tue,8:30 am to 9:00 am,Crickdome,Court 1,Not Booked,400,15 Sep 08:33
2026-09-15,Tue,8:30 pm to 9:00 pm,Crickdome,Court 1,Not Booked,400,15 Sep 20:32
2026-09-15,Tue,9:00 am to 9:30 am,Crickdome,Court 1,Not Booked,400,15 Sep 08:33
2026-09-15,Tue,9:00 pm to 9:30 pm,Crickdome,Court 1,Not Booked,400,15 Sep 20:32
2026-09-15,Tue,9:30 am to 10:00 am,Crickdome,Court 1,Not Booked,400,15 Sep 08:33
2026-09-15,Tue,9:30 pm to 10:00 pm,Crickdome,Court 1,Not Booked,400,15 Sep 20:32
2026-09-15,Tue,10:00 am to 10:30 am,Crickdome,Court 2,Not Booked,400,15 Sep 10:08
2026-09-15,Tue,10:00 pm to 10:30 pm,Crickdome,Court 2,Not Booked,400,15 Sep 22:06
2026-09-15,Tue,10:30 am to 11:00 am,Crickdome,Court 2,Not Booked,400,15 Sep 10:33
2026-09-15,Tue,10:30 pm to 11:00 pm,Crickdome,Court 2,Not Booked,400,15 Sep 22:33
2026-09-15,Tue,11:00 am to 11:30 am,Crickdome,Court 2,Not Booked,400,15 Sep 11:06
2026-09-15,Tue,11:00 pm to 11:30 pm,Crickdome,Court 2,Not Booked,400,15 Sep 23:02
2026-09-15,Tue,11:30 am to 12:00 pm,Crickdome,Court 2,Not Booked,400,15 Sep 11:33
2026-09-15,Tue,11:30 pm to 12:00 am,Crickdome,Court 2,Not Booked,400,15 Sep 23:02
2026-09-15,Tue,12:00 pm to 12:30 pm,Crickdome,Court 2,Not Booked,400,15 Sep 12:11
2026-09-15,Tue,12:30 am to 1:00 am,Crickdome,Court 2,Not Booked,400,15 Sep 01:06
2026-09-15,Tue,12:30 pm to 1:00 pm,Crickdome,Court 2,Not Booked,400,15 Sep 12:38
2026-09-15,Tue,1:00 pm to 1:30 pm,Crickdome,Court 2,Not Booked,400,15 Sep 13:08
2026-09-15,Tue,1:30 pm to 2:00 pm,Crickdome,Court 2,Not Booked,400,15 Sep 13:35
2026-09-15,Tue,2:00 pm to 2:30 pm,Crickdome,Court 2,Not Booked,400,15 Sep 14:07
2026-09-15,Tue,2:30 pm to 3:00 pm,Crickdome,Court 2,Not Booked,400,15 Sep 14:37
2026-09-15,Tue,3:00 pm to 3:30 pm,Crickdome,Court 2,Not Booked,400,15 Sep 15:07
2026-09-15,Tue,3:30 pm to 4:00 pm,Crickdome,Court 2,Not Booked,400,15 Sep 15:36
2026-09-15,Tue,4:00 pm to 4:30 pm,Crickdome,Court 2,Not Booked,400,15 Sep 16:05
2026-09-15,Tue,4:30 pm to 5:00 pm,Crickdome,Court 2,Not Booked,400,15 Sep 16:32
2026-09-15,Tue,5:00 am to 5:30 am,Crickdome,Court 2,Not Booked,400,15 Sep 05:27
2026-09-15,Tue,5:00 pm to 5:30 pm,Crickdome,Court 2,Not Booked,400,15 Sep 17:04
2026-09-15,Tue,5:30 am to 6:00 am,Crickdome,Court 2,Not Booked,400,15 Sep 05:27
2026-09-15,Tue,5:30 pm to 6:00 pm,Crickdome,Court 2,Not Booked,400,15 Sep 17:32
2026-09-15,Tue,6:00 am to 6:30 am,Crickdome,Court 2,Not Booked,400,15 Sep 06:13
2026-09-15,Tue,6:00 pm to 6:30 pm,Crickdome,Court 2,Not Booked,400,15 Sep 18:09
2026-09-15,Tue,6:30 am to 7:00 am,Crickdome,Court 2,Not Booked,400,15 Sep 06:38
2026-09-15,Tue,6:30 pm to 7:00 pm,Crickdome,Court 2,Not Booked,400,15 Sep 18:37
2026-09-15,Tue,7:00 am to 7:30 am,Crickdome,Court 2,Not Booked,400,15 Sep 07:05
2026-09-15,Tue,7:00 pm to 7:30 pm,Crickdome,Court 2,Not Booked,400,15 Sep 19:07
2026-09-15,Tue,7:30 am to 8:00 am,Crickdome,Court 2,Not Booked,400,15 Sep 07:31
2026-09-15,Tue,7:30 pm to 8:00 pm,Crickdome,Court 2,Not Booked,400,15 Sep 19:33
2026-09-15,Tue,8:00 am to 8:30 am,Crickdome,Court 2,Not Booked,400,15 Sep 08:07
2026-09-15,Tue,8:00 pm to 8:30 pm,Crickdome,Court 2,Not Booked,400,15 Sep 19:33
2026-09-15,Tue,8:30 am to 9:00 am,Crickdome,Court 2,Not Booked,400,15 Sep 08:33
2026-09-15,Tue,8:30 pm to 9:00 pm,Crickdome,Court 2,Not Booked,400,15 Sep 19:33
2026-09-15,Tue,9:00 am to 9:30 am,Crickdome,Court 2,Not Booked,400,15 Sep 09:05
2026-09-15,Tue,9:00 pm to 9:30 pm,Crickdome,Court 2,Not Booked,400,15 Sep 21:05
2026-09-15,Tue,9:30 am to 10:00 am,Crickdome,Court 2,Not Booked,400,15 Sep 09:35
2026-09-15,Tue,9:30 pm to 10:00 pm,Crickdome,Court 2,Not Booked,400,15 Sep 21:32
2026-09-15,Tue,10:00 am to 10:30 am,Dinking Zone One29,Court 1,Not Booked,300,15 Sep 10:08
2026-09-15,Tue,10:00 pm to 10:30 pm,Dinking Zone One29,Court 1,Not Booked,400,15 Sep 22:06
2026-09-15,Tue,10:30 am to 11:00 am,Dinking Zone One29,Court 1,Not Booked,300,15 Sep 10:08
2026-09-15,Tue,10:30 pm to 11:00 pm,Dinking Zone One29,Court 1,Not Booked,400,15 Sep 22:33
2026-09-15,Tue,11:00 am to 11:30 am,Dinking Zone One29,Court 1,Not Booked,300,15 Sep 11:06
2026-09-15,Tue,11:00 pm to 11:30 pm,Dinking Zone One29,Court 1,Not Booked,400,15 Sep 22:33
2026-09-15,Tue,11:30 am to 12:00 pm,Dinking Zone One29,Court 1,Not Booked,300,15 Sep 11:33
2026-09-15,Tue,11:30 pm to 12:00 am,Dinking Zone One29,Court 1,Not Booked,400,15 Sep 23:30
2026-09-15,Tue,12:00 pm to 12:30 pm,Dinking Zone One29,Court 1,Not Booked,300,15 Sep 11:33
2026-09-15,Tue,12:30 am to 1:00 am,Dinking Zone One29,Court 1,Not Booked,400,15 Sep 00:37
2026-09-15,Tue,12:30 pm to 1:00 pm,Dinking Zone One29,Court 1,Not Booked,300,15 Sep 12:38
2026-09-15,Tue,1:00 am to 1:30 am,Dinking Zone One29,Court 1,Not Booked,400,15 Sep 01:06
2026-09-15,Tue,1:00 pm to 1:30 pm,Dinking Zone One29,Court 1,Not Booked,300,15 Sep 13:08
2026-09-15,Tue,1:30 am to 2:00 am,Dinking Zone One29,Court 1,Not Booked,400,15 Sep 01:31
2026-09-15,Tue,1:30 pm to 2:00 pm,Dinking Zone One29,Court 1,Not Booked,300,15 Sep 13:35
2026-09-15,Tue,2:00 am to 2:30 am,Dinking Zone One29,Court 1,Not Booked,400,15 Sep 02:06
2026-09-15,Tue,2:00 pm to 2:30 pm,Dinking Zone One29,Court 1,Not Booked,300,15 Sep 14:07
2026-09-15,Tue,2:30 am to 3:00 am,Dinking Zone One29,Court 1,Not Booked,400,15 Sep 02:31
2026-09-15,Tue,2:30 pm to 3:00 pm,Dinking Zone One29,Court 1,Not Booked,300,15 Sep 14:37
2026-09-15,Tue,3:00 am to 3:30 am,Dinking Zone One29,Court 1,Not Booked,400,15 Sep 03:04
2026-09-15,Tue,3:00 pm to 3:30 pm,Dinking Zone One29,Court 1,Not Booked,300,15 Sep 15:07
2026-09-15,Tue,3:30 am to 4:00 am,Dinking Zone One29,Court 1,Not Booked,400,15 Sep 03:33
2026-09-15,Tue,3:30 pm to 4:00 pm,Dinking Zone One29,Court 1,Not Booked,300,15 Sep 15:36
2026-09-15,Tue,4:00 am to 4:30 am,Dinking Zone One29,Court 1,Not Booked,400,15 Sep 04:07
2026-09-15,Tue,4:00 pm to 4:30 pm,Dinking Zone One29,Court 1,Not Booked,400,15 Sep 15:36
2026-09-15,Tue,4:30 am to 5:00 am,Dinking Zone One29,Court 1,Not Booked,400,15 Sep 04:07
2026-09-15,Tue,4:30 pm to 5:00 pm,Dinking Zone One29,Court 1,Not Booked,400,15 Sep 15:36
2026-09-15,Tue,5:00 am to 5:30 am,Dinking Zone One29,Court 1,Not Booked,350,15 Sep 05:27
2026-09-15,Tue,5:00 pm to 5:30 pm,Dinking Zone One29,Court 1,Not Booked,400,15 Sep 17:04
2026-09-15,Tue,5:30 am to 6:00 am,Dinking Zone One29,Court 1,Not Booked,350,15 Sep 05:27
2026-09-15,Tue,5:30 pm to 6:00 pm,Dinking Zone One29,Court 1,Not Booked,400,15 Sep 17:04
2026-09-15,Tue,6:00 am to 6:30 am,Dinking Zone One29,Court 1,Not Booked,350,15 Sep 06:13
2026-09-15,Tue,6:00 pm to 6:30 pm,Dinking Zone One29,Court 1,Not Booked,400,15 Sep 18:09
2026-09-15,Tue,6:30 am to 7:00 am,Dinking Zone One29,Court 1,Not Booked,350,15 Sep 06:38
2026-09-15,Tue,6:30 pm to 7:00 pm,Dinking Zone One29,Court 1,Not Booked,400,15 Sep 18:37
2026-09-15,Tue,7:00 am to 7:30 am,Dinking Zone One29,Court 1,Not Booked,350,15 Sep 07:05
2026-09-15,Tue,7:00 pm to 7:30 pm,Dinking Zone One29,Court 1,Not Booked,400,15 Sep 19:07
2026-09-15,Tue,7:30 am to 8:00 am,Dinking Zone One29,Court 1,Not Booked,350,15 Sep 07:05
2026-09-15,Tue,7:30 pm to 8:00 pm,Dinking Zone One29,Court 1,Not Booked,400,15 Sep 19:33
2026-09-15,Tue,8:00 am to 8:30 am,Dinking Zone One29,Court 1,Not Booked,350,15 Sep 08:07
2026-09-15,Tue,8:00 pm to 8:30 pm,Dinking Zone One29,Court 1,Not Booked,400,15 Sep 20:06
2026-09-15,Tue,8:30 am to 9:00 am,Dinking Zone One29,Court 1,Not Booked,350,15 Sep 08:33
2026-09-15,Tue,8:30 pm to 9:00 pm,Dinking Zone One29,Court 1,Not Booked,400,15 Sep 20:32
2026-09-15,Tue,9:00 am to 9:30 am,Dinking Zone One29,Court 1,Not Booked,350,15 Sep 08:33
2026-09-15,Tue,9:00 pm to 9:30 pm,Dinking Zone One29,Court 1,Not Booked,400,15 Sep 21:05
2026-09-15,Tue,9:30 am to 10:00 am,Dinking Zone One29,Court 1,Not Booked,350,15 Sep 09:35
2026-09-15,Tue,9:30 pm to 10:00 pm,Dinking Zone One29,Court 1,Not Booked,400,15 Sep 21:05
2026-09-15,Tue,10:00 am to 10:30 am,Dinking Zone One29,Court 2,Not Booked,300,15 Sep 10:08
2026-09-15,Tue,10:00 pm to 10:30 pm,Dinking Zone One29,Court 2,Not Booked,400,15 Sep 22:06
2026-09-15,Tue,10:30 am to 11:00 am,Dinking Zone One29,Court 2,Not Booked,300,15 Sep 10:33
2026-09-15,Tue,10:30 pm to 11:00 pm,Dinking Zone One29,Court 2,Not Booked,400,15 Sep 22:33
2026-09-15,Tue,11:00 am to 11:30 am,Dinking Zone One29,Court 2,Not Booked,300,15 Sep 11:06
2026-09-15,Tue,11:00 pm to 11:30 pm,Dinking Zone One29,Court 2,Not Booked,400,15 Sep 23:02
2026-09-15,Tue,11:30 am to 12:00 pm,Dinking Zone One29,Court 2,Not Booked,300,15 Sep 11:33
2026-09-15,Tue,11:30 pm to 12:00 am,Dinking Zone One29,Court 2,Not Booked,400,15 Sep 23:30
2026-09-15,Tue,12:00 pm to 12:30 pm,Dinking Zone One29,Court 2,Not Booked,300,15 Sep 12:11
2026-09-15,Tue,12:30 am to 1:00 am,Dinking Zone One29,Court 2,Not Booked,400,15 Sep 00:37
2026-09-15,Tue,12:30 pm to 1:00 pm,Dinking Zone One29,Court 2,Not Booked,300,15 Sep 12:38
2026-09-15,Tue,1:00 am to 1:30 am,Dinking Zone One29,Court 2,Not Booked,400,15 Sep 01:06
2026-09-15,Tue,1:00 pm to 1:30 pm,Dinking Zone One29,Court 2,Not Booked,300,15 Sep 13:08
2026-09-15,Tue,1:30 am to 2:00 am,Dinking Zone One29,Court 2,Not Booked,400,15 Sep 01:31
2026-09-15,Tue,1:30 pm to 2:00 pm,Dinking Zone One29,Court 2,Not Booked,300,15 Sep 13:35
2026-09-15,Tue,2:00 am to 2:30 am,Dinking Zone One29,Court 2,Not Booked,400,15 Sep 02:06
2026-09-15,Tue,2:00 pm to 2:30 pm,Dinking Zone One29,Court 2,Not Booked,300,15 Sep 14:07
2026-09-15,Tue,2:30 am to 3:00 am,Dinking Zone One29,Court 2,Not Booked,400,15 Sep 02:31
2026-09-15,Tue,2:30 pm to 3:00 pm,Dinking Zone One29,Court 2,Not Booked,300,15 Sep 14:37
2026-09-15,Tue,3:00 am to 3:30 am,Dinking Zone One29,Court 2,Not Booked,400,15 Sep 03:04
2026-09-15,Tue,3:00 pm to 3:30 pm,Dinking Zone One29,Court 2,Not Booked,300,15 Sep 15:07
2026-09-15,Tue,3:30 am to 4:00 am,Dinking Zone One29,Court 2,Not Booked,400,15 Sep 03:33
2026-09-15,Tue,3:30 pm to 4:00 pm,Dinking Zone One29,Court 2,Not Booked,300,15 Sep 15:36
2026-09-15,Tue,4:00 am to 4:30 am,Dinking Zone One29,Court 2,Not Booked,400,15 Sep 04:07
2026-09-15,Tue,4:00 pm to 4:30 pm,Dinking Zone One29,Court 2,Not Booked,400,15 Sep 16:05
2026-09-15,Tue,4:30 am to 5:00 am,Dinking Zone One29,Court 2,Not Booked,400,15 Sep 04:07
2026-09-15,Tue,4:30 pm to 5:00 pm,Dinking Zone One29,Court 2,Not Booked,400,15 Sep 16:32
2026-09-15,Tue,5:00 am to 5:30 am,Dinking Zone One29,Court 2,Not Booked,350,15 Sep 05:27
2026-09-15,Tue,5:00 pm to 5:30 pm,Dinking Zone One29,Court 2,Not Booked,400,15 Sep 16:32
2026-09-15,Tue,5:30 am to 6:00 am,Dinking Zone One29,Court 2,Not Booked,350,15 Sep 05:27
2026-09-15,Tue,5:30 pm to 6:00 pm,Dinking Zone One29,Court 2,Not Booked,400,15 Sep 17:32
2026-09-15,Tue,6:00 am to 6:30 am,Dinking Zone One29,Court 2,Not Booked,350,15 Sep 06:13
2026-09-15,Tue,6:00 pm to 6:30 pm,Dinking Zone One29,Court 2,Not Booked,400,15 Sep 17:32
2026-09-15,Tue,6:30 am to 7:00 am,Dinking Zone One29,Court 2,Not Booked,350,15 Sep 06:38
2026-09-15,Tue,6:30 pm to 7:00 pm,Dinking Zone One29,Court 2,Not Booked,400,15 Sep 17:32
2026-09-15,Tue,7:00 am to 7:30 am,Dinking Zone One29,Court 2,Not Booked,350,15 Sep 07:05
2026-09-15,Tue,7:00 pm to 7:30 pm,Dinking Zone One29,Court 2,Not Booked,400,15 Sep 19:07
2026-09-15,Tue,7:30 am to 8:00 am,Dinking Zone One29,Court 2,Not Booked,350,15 Sep 07:31
2026-09-15,Tue,7:30 pm to 8:00 pm,Dinking Zone One29,Court 2,Booked,400,15 Sep 19:33
2026-09-15,Tue,8:00 am to 8:30 am,Dinking Zone One29,Court 2,Not Booked,350,15 Sep 08:07
2026-09-15,Tue,8:00 pm to 8:30 pm,Dinking Zone One29,Court 2,Not Booked,400,15 Sep 20:06
2026-09-15,Tue,8:30 am to 9:00 am,Dinking Zone One29,Court 2,Not Booked,350,15 Sep 08:33
2026-09-15,Tue,8:30 pm to 9:00 pm,Dinking Zone One29,Court 2,Not Booked,400,15 Sep 20:32
2026-09-15,Tue,9:00 am to 9:30 am,Dinking Zone One29,Court 2,Not Booked,350,15 Sep 09:05
2026-09-15,Tue,9:00 pm to 9:30 pm,Dinking Zone One29,Court 2,Not Booked,400,15 Sep 21:05
2026-09-15,Tue,9:30 am to 10:00 am,Dinking Zone One29,Court 2,Not Booked,350,15 Sep 09:35
2026-09-15,Tue,9:30 pm to 10:00 pm,Dinking Zone One29,Court 2,Not Booked,400,15 Sep 21:32
2026-09-15,Tue,10:00 am to 10:30 am,Dinking Zone One29,Court 3,Not Booked,300,15 Sep 10:08
2026-09-15,Tue,10:00 pm to 10:30 pm,Dinking Zone One29,Court 3,Not Booked,400,15 Sep 21:05
2026-09-15,Tue,10:30 am to 11:00 am,Dinking Zone One29,Court 3,Not Booked,300,15 Sep 10:33
2026-09-15,Tue,10:30 pm to 11:00 pm,Dinking Zone One29,Court 3,Not Booked,400,15 Sep 22:33
2026-09-15,Tue,11:00 am to 11:30 am,Dinking Zone One29,Court 3,Not Booked,300,15 Sep 11:06
2026-09-15,Tue,11:00 pm to 11:30 pm,Dinking Zone One29,Court 3,Not Booked,400,15 Sep 23:02
2026-09-15,Tue,11:30 am to 12:00 pm,Dinking Zone One29,Court 3,Not Booked,300,15 Sep 11:06
2026-09-15,Tue,11:30 pm to 12:00 am,Dinking Zone One29,Court 3,Not Booked,400,15 Sep 23:30
2026-09-15,Tue,12:00 pm to 12:30 pm,Dinking Zone One29,Court 3,Not Booked,300,15 Sep 11:06
2026-09-15,Tue,12:30 am to 1:00 am,Dinking Zone One29,Court 3,Not Booked,400,15 Sep 00:37
2026-09-15,Tue,12:30 pm to 1:00 pm,Dinking Zone One29,Court 3,Not Booked,300,15 Sep 12:38
2026-09-15,Tue,1:00 am to 1:30 am,Dinking Zone One29,Court 3,Not Booked,400,15 Sep 01:06
2026-09-15,Tue,1:00 pm to 1:30 pm,Dinking Zone One29,Court 3,Not Booked,300,15 Sep 13:08
2026-09-15,Tue,1:30 am to 2:00 am,Dinking Zone One29,Court 3,Not Booked,400,15 Sep 01:31
2026-09-15,Tue,1:30 pm to 2:00 pm,Dinking Zone One29,Court 3,Not Booked,300,15 Sep 13:08
2026-09-15,Tue,2:00 am to 2:30 am,Dinking Zone One29,Court 3,Not Booked,400,15 Sep 02:06
2026-09-15,Tue,2:00 pm to 2:30 pm,Dinking Zone One29,Court 3,Not Booked,300,15 Sep 13:08
2026-09-15,Tue,2:30 am to 3:00 am,Dinking Zone One29,Court 3,Not Booked,400,15 Sep 02:31
2026-09-15,Tue,2:30 pm to 3:00 pm,Dinking Zone One29,Court 3,Not Booked,300,15 Sep 14:37
2026-09-15,Tue,3:00 am to 3:30 am,Dinking Zone One29,Court 3,Not Booked,400,15 Sep 03:04
2026-09-15,Tue,3:00 pm to 3:30 pm,Dinking Zone One29,Court 3,Not Booked,300,15 Sep 15:07
2026-09-15,Tue,3:30 am to 4:00 am,Dinking Zone One29,Court 3,Not Booked,400,15 Sep 03:33
2026-09-15,Tue,3:30 pm to 4:00 pm,Dinking Zone One29,Court 3,Not Booked,300,15 Sep 15:36
2026-09-15,Tue,4:00 am to 4:30 am,Dinking Zone One29,Court 3,Not Booked,400,15 Sep 04:07
2026-09-15,Tue,4:00 pm to 4:30 pm,Dinking Zone One29,Court 3,Not Booked,400,15 Sep 16:05
2026-09-15,Tue,4:30 am to 5:00 am,Dinking Zone One29,Court 3,Not Booked,400,15 Sep 04:31
2026-09-15,Tue,4:30 pm to 5:00 pm,Dinking Zone One29,Court 3,Not Booked,400,15 Sep 16:32
2026-09-15,Tue,5:00 am to 5:30 am,Dinking Zone One29,Court 3,Not Booked,350,15 Sep 05:27
2026-09-15,Tue,5:00 pm to 5:30 pm,Dinking Zone One29,Court 3,Not Booked,400,15 Sep 17:04
2026-09-15,Tue,5:30 am to 6:00 am,Dinking Zone One29,Court 3,Not Booked,350,15 Sep 05:27
2026-09-15,Tue,5:30 pm to 6:00 pm,Dinking Zone One29,Court 3,Not Booked,400,15 Sep 17:32
2026-09-15,Tue,6:00 am to 6:30 am,Dinking Zone One29,Court 3,Not Booked,350,15 Sep 06:13
2026-09-15,Tue,6:00 pm to 6:30 pm,Dinking Zone One29,Court 3,Not Booked,400,15 Sep 18:09
2026-09-15,Tue,6:30 am to 7:00 am,Dinking Zone One29,Court 3,Not Booked,350,15 Sep 06:38
2026-09-15,Tue,6:30 pm to 7:00 pm,Dinking Zone One29,Court 3,Not Booked,400,15 Sep 18:37
2026-09-15,Tue,7:00 am to 7:30 am,Dinking Zone One29,Court 3,Not Booked,350,15 Sep 07:05
2026-09-15,Tue,7:00 pm to 7:30 pm,Dinking Zone One29,Court 3,Not Booked,400,15 Sep 19:07
2026-09-15,Tue,7:30 am to 8:00 am,Dinking Zone One29,Court 3,Not Booked,350,15 Sep 07:05
2026-09-15,Tue,7:30 pm to 8:00 pm,Dinking Zone One29,Court 3,Not Booked,400,15 Sep 19:33
2026-09-15,Tue,8:00 am to 8:30 am,Dinking Zone One29,Court 3,Not Booked,350,15 Sep 08:07
2026-09-15,Tue,8:00 pm to 8:30 pm,Dinking Zone One29,Court 3,Not Booked,400,15 Sep 20:06
2026-09-15,Tue,8:30 am to 9:00 am,Dinking Zone One29,Court 3,Not Booked,350,15 Sep 08:33
2026-09-15,Tue,8:30 pm to 9:00 pm,Dinking Zone One29,Court 3,Not Booked,400,15 Sep 20:32
2026-09-15,Tue,9:00 am to 9:30 am,Dinking Zone One29,Court 3,Not Booked,350,15 Sep 08:33
2026-09-15,Tue,9:00 pm to 9:30 pm,Dinking Zone One29,Court 3,Not Booked,400,15 Sep 21:05
2026-09-15,Tue,9:30 am to 10:00 am,Dinking Zone One29,Court 3,Not Booked,350,15 Sep 09:35
2026-09-15,Tue,9:30 pm to 10:00 pm,Dinking Zone One29,Court 3,Not Booked,400,15 Sep 21:05
2026-09-15,Tue,3:00 pm to 4:00 pm,Downtown Pickleball | Sector 37,Pickleball Court,Not Booked,800,15 Sep 15:36
2026-09-15,Tue,4:00 pm to 5:00 pm,Downtown Pickleball | Sector 37,Pickleball Court,Not Booked,800,15 Sep 16:32
2026-09-15,Tue,5:00 pm to 6:00 pm,Downtown Pickleball | Sector 37,Pickleball Court,Not Booked,800,15 Sep 17:32
2026-09-15,Tue,6:00 pm to 7:00 pm,Downtown Pickleball | Sector 37,Pickleball Court,Not Booked,800,15 Sep 18:37
2026-09-15,Tue,7:00 pm to 8:00 pm,Downtown Pickleball | Sector 37,Pickleball Court,Not Booked,800,15 Sep 19:33
2026-09-15,Tue,8:00 pm to 9:00 pm,Downtown Pickleball | Sector 37,Pickleball Court,Not Booked,800,15 Sep 20:32
2026-09-15,Tue,9:00 pm to 10:00 pm,Downtown Pickleball | Sector 37,Pickleball Court,Not Booked,800,15 Sep 21:32
2026-09-15,Tue,10:00 am to 10:30 am,Heat Sports Arena 150,Court 1,Not Booked,450,15 Sep 10:08
2026-09-15,Tue,10:00 pm to 10:30 pm,Heat Sports Arena 150,Court 1,Not Booked,450,15 Sep 22:06
2026-09-15,Tue,10:30 am to 11:00 am,Heat Sports Arena 150,Court 1,Not Booked,450,15 Sep 10:33
2026-09-15,Tue,10:30 pm to 11:00 pm,Heat Sports Arena 150,Court 1,Not Booked,450,15 Sep 22:33
2026-09-15,Tue,11:00 am to 11:30 am,Heat Sports Arena 150,Court 1,Not Booked,450,15 Sep 11:06
2026-09-15,Tue,11:00 pm to 11:30 pm,Heat Sports Arena 150,Court 1,Not Booked,450,15 Sep 23:02
2026-09-15,Tue,11:30 am to 12:00 pm,Heat Sports Arena 150,Court 1,Not Booked,450,15 Sep 11:33
2026-09-15,Tue,11:30 pm to 12:00 am,Heat Sports Arena 150,Court 1,Not Booked,450,15 Sep 23:30
2026-09-15,Tue,12:00 pm to 12:30 pm,Heat Sports Arena 150,Court 1,Not Booked,450,15 Sep 12:11
2026-09-15,Tue,12:30 am to 1:00 am,Heat Sports Arena 150,Court 1,Not Booked,450,15 Sep 00:37
2026-09-15,Tue,12:30 pm to 1:00 pm,Heat Sports Arena 150,Court 1,Not Booked,450,15 Sep 12:38
2026-09-15,Tue,1:00 am to 1:30 am,Heat Sports Arena 150,Court 1,Not Booked,450,15 Sep 01:06
2026-09-15,Tue,1:00 pm to 1:30 pm,Heat Sports Arena 150,Court 1,Not Booked,450,15 Sep 13:08
2026-09-15,Tue,1:30 am to 2:00 am,Heat Sports Arena 150,Court 1,Not Booked,450,15 Sep 01:31
2026-09-15,Tue,1:30 pm to 2:00 pm,Heat Sports Arena 150,Court 1,Not Booked,450,15 Sep 13:35
2026-09-15,Tue,2:00 am to 2:30 am,Heat Sports Arena 150,Court 1,Not Booked,450,15 Sep 02:06
2026-09-15,Tue,2:00 pm to 2:30 pm,Heat Sports Arena 150,Court 1,Not Booked,450,15 Sep 14:07
2026-09-15,Tue,2:30 am to 3:00 am,Heat Sports Arena 150,Court 1,Not Booked,450,15 Sep 02:31
2026-09-15,Tue,2:30 pm to 3:00 pm,Heat Sports Arena 150,Court 1,Not Booked,450,15 Sep 14:37
2026-09-15,Tue,3:00 am to 3:30 am,Heat Sports Arena 150,Court 1,Not Booked,450,15 Sep 03:04
2026-09-15,Tue,3:00 pm to 3:30 pm,Heat Sports Arena 150,Court 1,Not Booked,450,15 Sep 15:07
2026-09-15,Tue,3:30 am to 4:00 am,Heat Sports Arena 150,Court 1,Not Booked,450,15 Sep 03:33
2026-09-15,Tue,3:30 pm to 4:00 pm,Heat Sports Arena 150,Court 1,Not Booked,450,15 Sep 15:36
2026-09-15,Tue,4:00 am to 4:30 am,Heat Sports Arena 150,Court 1,Not Booked,450,15 Sep 04:07
2026-09-15,Tue,4:00 pm to 4:30 pm,Heat Sports Arena 150,Court 1,Not Booked,450,15 Sep 16:05
2026-09-15,Tue,4:30 am to 5:00 am,Heat Sports Arena 150,Court 1,Not Booked,450,15 Sep 04:31
2026-09-15,Tue,4:30 pm to 5:00 pm,Heat Sports Arena 150,Court 1,Not Booked,450,15 Sep 16:32
2026-09-15,Tue,5:00 am to 5:30 am,Heat Sports Arena 150,Court 1,Not Booked,450,15 Sep 05:27
2026-09-15,Tue,5:00 pm to 5:30 pm,Heat Sports Arena 150,Court 1,Not Booked,450,15 Sep 17:04
2026-09-15,Tue,5:30 am to 6:00 am,Heat Sports Arena 150,Court 1,Not Booked,450,15 Sep 05:27
2026-09-15,Tue,5:30 pm to 6:00 pm,Heat Sports Arena 150,Court 1,Not Booked,450,15 Sep 17:32
2026-09-15,Tue,6:00 am to 6:30 am,Heat Sports Arena 150,Court 1,Not Booked,450,15 Sep 06:13
2026-09-15,Tue,6:00 pm to 6:30 pm,Heat Sports Arena 150,Court 1,Not Booked,450,15 Sep 18:09
2026-09-15,Tue,6:30 am to 7:00 am,Heat Sports Arena 150,Court 1,Not Booked,450,15 Sep 06:38
2026-09-15,Tue,6:30 pm to 7:00 pm,Heat Sports Arena 150,Court 1,Not Booked,450,15 Sep 18:37
2026-09-15,Tue,7:00 am to 7:30 am,Heat Sports Arena 150,Court 1,Not Booked,450,15 Sep 07:05
2026-09-15,Tue,7:00 pm to 7:30 pm,Heat Sports Arena 150,Court 1,Not Booked,450,15 Sep 19:07
2026-09-15,Tue,7:30 am to 8:00 am,Heat Sports Arena 150,Court 1,Not Booked,450,15 Sep 07:31
2026-09-15,Tue,7:30 pm to 8:00 pm,Heat Sports Arena 150,Court 1,Not Booked,450,15 Sep 19:33
2026-09-15,Tue,8:00 am to 8:30 am,Heat Sports Arena 150,Court 1,Not Booked,450,15 Sep 08:07
2026-09-15,Tue,8:00 pm to 8:30 pm,Heat Sports Arena 150,Court 1,Not Booked,450,15 Sep 20:06
2026-09-15,Tue,8:30 am to 9:00 am,Heat Sports Arena 150,Court 1,Not Booked,450,15 Sep 08:33
2026-09-15,Tue,8:30 pm to 9:00 pm,Heat Sports Arena 150,Court 1,Not Booked,450,15 Sep 20:32
2026-09-15,Tue,9:00 am to 9:30 am,Heat Sports Arena 150,Court 1,Not Booked,450,15 Sep 09:05
2026-09-15,Tue,9:00 pm to 9:30 pm,Heat Sports Arena 150,Court 1,Not Booked,450,15 Sep 21:05
2026-09-15,Tue,9:30 am to 10:00 am,Heat Sports Arena 150,Court 1,Not Booked,450,15 Sep 09:35
2026-09-15,Tue,9:30 pm to 10:00 pm,Heat Sports Arena 150,Court 1,Not Booked,450,15 Sep 21:32
2026-09-15,Tue,10:00 am to 10:30 am,Heat Sports Arena 150,Court 2,Not Booked,450,15 Sep 10:08
2026-09-15,Tue,10:00 pm to 10:30 pm,Heat Sports Arena 150,Court 2,Not Booked,450,15 Sep 22:06
2026-09-15,Tue,10:30 am to 11:00 am,Heat Sports Arena 150,Court 2,Not Booked,450,15 Sep 10:33
2026-09-15,Tue,10:30 pm to 11:00 pm,Heat Sports Arena 150,Court 2,Not Booked,450,15 Sep 22:33
2026-09-15,Tue,11:00 am to 11:30 am,Heat Sports Arena 150,Court 2,Not Booked,450,15 Sep 11:06
2026-09-15,Tue,11:00 pm to 11:30 pm,Heat Sports Arena 150,Court 2,Not Booked,450,15 Sep 23:02
2026-09-15,Tue,11:30 am to 12:00 pm,Heat Sports Arena 150,Court 2,Not Booked,450,15 Sep 11:33
2026-09-15,Tue,11:30 pm to 12:00 am,Heat Sports Arena 150,Court 2,Not Booked,450,15 Sep 23:30
2026-09-15,Tue,12:00 pm to 12:30 pm,Heat Sports Arena 150,Court 2,Not Booked,450,15 Sep 12:11
2026-09-15,Tue,12:30 am to 1:00 am,Heat Sports Arena 150,Court 2,Not Booked,450,15 Sep 00:37
2026-09-15,Tue,12:30 pm to 1:00 pm,Heat Sports Arena 150,Court 2,Not Booked,450,15 Sep 12:38
2026-09-15,Tue,1:00 am to 1:30 am,Heat Sports Arena 150,Court 2,Not Booked,450,15 Sep 01:06
2026-09-15,Tue,1:00 pm to 1:30 pm,Heat Sports Arena 150,Court 2,Not Booked,450,15 Sep 13:08
2026-09-15,Tue,1:30 am to 2:00 am,Heat Sports Arena 150,Court 2,Not Booked,450,15 Sep 01:31
2026-09-15,Tue,1:30 pm to 2:00 pm,Heat Sports Arena 150,Court 2,Not Booked,450,15 Sep 13:35
2026-09-15,Tue,2:00 am to 2:30 am,Heat Sports Arena 150,Court 2,Not Booked,450,15 Sep 02:06
2026-09-15,Tue,2:00 pm to 2:30 pm,Heat Sports Arena 150,Court 2,Not Booked,450,15 Sep 14:07
2026-09-15,Tue,2:30 am to 3:00 am,Heat Sports Arena 150,Court 2,Not Booked,450,15 Sep 02:31
2026-09-15,Tue,2:30 pm to 3:00 pm,Heat Sports Arena 150,Court 2,Not Booked,450,15 Sep 14:37
2026-09-15,Tue,3:00 am to 3:30 am,Heat Sports Arena 150,Court 2,Not Booked,450,15 Sep 03:04
2026-09-15,Tue,3:00 pm to 3:30 pm,Heat Sports Arena 150,Court 2,Not Booked,450,15 Sep 15:07
2026-09-15,Tue,3:30 am to 4:00 am,Heat Sports Arena 150,Court 2,Not Booked,450,15 Sep 03:33
2026-09-15,Tue,3:30 pm to 4:00 pm,Heat Sports Arena 150,Court 2,Not Booked,450,15 Sep 15:36
2026-09-15,Tue,4:00 am to 4:30 am,Heat Sports Arena 150,Court 2,Not Booked,450,15 Sep 04:07
2026-09-15,Tue,4:00 pm to 4:30 pm,Heat Sports Arena 150,Court 2,Not Booked,450,15 Sep 16:05
2026-09-15,Tue,4:30 am to 5:00 am,Heat Sports Arena 150,Court 2,Not Booked,450,15 Sep 04:31
2026-09-15,Tue,4:30 pm to 5:00 pm,Heat Sports Arena 150,Court 2,Not Booked,450,15 Sep 16:32
2026-09-15,Tue,5:00 am to 5:30 am,Heat Sports Arena 150,Court 2,Not Booked,450,15 Sep 05:27
2026-09-15,Tue,5:00 pm to 5:30 pm,Heat Sports Arena 150,Court 2,Not Booked,450,15 Sep 17:04
2026-09-15,Tue,5:30 am to 6:00 am,Heat Sports Arena 150,Court 2,Not Booked,450,15 Sep 05:27
2026-09-15,Tue,5:30 pm to 6:00 pm,Heat Sports Arena 150,Court 2,Not Booked,450,15 Sep 17:32
2026-09-15,Tue,6:00 am to 6:30 am,Heat Sports Arena 150,Court 2,Not Booked,450,15 Sep 06:13
2026-09-15,Tue,6:00 pm to 6:30 pm,Heat Sports Arena 150,Court 2,Not Booked,450,15 Sep 18:09
2026-09-15,Tue,6:30 am to 7:00 am,Heat Sports Arena 150,Court 2,Not Booked,450,15 Sep 06:38
2026-09-15,Tue,6:30 pm to 7:00 pm,Heat Sports Arena 150,Court 2,Not Booked,450,15 Sep 18:37
2026-09-15,Tue,7:00 am to 7:30 am,Heat Sports Arena 150,Court 2,Not Booked,450,15 Sep 07:05
2026-09-15,Tue,7:00 pm to 7:30 pm,Heat Sports Arena 150,Court 2,Not Booked,450,15 Sep 19:07
2026-09-15,Tue,7:30 am to 8:00 am,Heat Sports Arena 150,Court 2,Not Booked,450,15 Sep 07:31
2026-09-15,Tue,7:30 pm to 8:00 pm,Heat Sports Arena 150,Court 2,Not Booked,450,15 Sep 19:33
2026-09-15,Tue,8:00 am to 8:30 am,Heat Sports Arena 150,Court 2,Not Booked,450,15 Sep 08:07
2026-09-15,Tue,8:00 pm to 8:30 pm,Heat Sports Arena 150,Court 2,Not Booked,450,15 Sep 20:06
2026-09-15,Tue,8:30 am to 9:00 am,Heat Sports Arena 150,Court 2,Not Booked,450,15 Sep 08:33
2026-09-15,Tue,8:30 pm to 9:00 pm,Heat Sports Arena 150,Court 2,Not Booked,450,15 Sep 20:32
2026-09-15,Tue,9:00 am to 9:30 am,Heat Sports Arena 150,Court 2,Not Booked,450,15 Sep 09:05
2026-09-15,Tue,9:00 pm to 9:30 pm,Heat Sports Arena 150,Court 2,Not Booked,450,15 Sep 21:05
2026-09-15,Tue,9:30 am to 10:00 am,Heat Sports Arena 150,Court 2,Not Booked,450,15 Sep 09:35
2026-09-15,Tue,9:30 pm to 10:00 pm,Heat Sports Arena 150,Court 2,Not Booked,450,15 Sep 21:32
2026-09-15,Tue,10:00 am to 11:00 am,Noida Indoor Stadium,Court 1,Not Booked,944,15 Sep 10:08
2026-09-15,Tue,10:00 pm to 11:00 pm,Noida Indoor Stadium,Court 1,Not Booked,944,15 Sep 22:33
2026-09-15,Tue,11:00 am to 12:00 pm,Noida Indoor Stadium,Court 1,Not Booked,944,15 Sep 11:33
2026-09-15,Tue,11:00 pm to 12:00 am,Noida Indoor Stadium,Court 1,Not Booked,944,15 Sep 23:30
2026-09-15,Tue,12:00 pm to 1:00 pm,Noida Indoor Stadium,Court 1,Not Booked,944,15 Sep 12:38
2026-09-15,Tue,1:00 pm to 2:00 pm,Noida Indoor Stadium,Court 1,Not Booked,944,15 Sep 13:35
2026-09-15,Tue,2:00 pm to 3:00 pm,Noida Indoor Stadium,Court 1,Not Booked,944,15 Sep 14:37
2026-09-15,Tue,3:00 pm to 4:00 pm,Noida Indoor Stadium,Court 1,Not Booked,944,15 Sep 14:37
2026-09-15,Tue,6:00 am to 7:00 am,Noida Indoor Stadium,Court 1,Not Booked,944,15 Sep 06:38
2026-09-15,Tue,7:00 am to 8:00 am,Noida Indoor Stadium,Court 1,Not Booked,944,15 Sep 07:31
2026-09-15,Tue,8:00 am to 9:00 am,Noida Indoor Stadium,Court 1,Not Booked,944,15 Sep 08:33
2026-09-15,Tue,9:00 am to 10:00 am,Noida Indoor Stadium,Court 1,Not Booked,944,15 Sep 09:35
2026-09-15,Tue,9:00 pm to 10:00 pm,Noida Indoor Stadium,Court 1,Not Booked,944,15 Sep 21:32
2026-09-15,Tue,10:00 am to 11:00 am,Noida Indoor Stadium,Court 2,Not Booked,944,15 Sep 10:33
2026-09-15,Tue,10:00 pm to 11:00 pm,Noida Indoor Stadium,Court 2,Not Booked,944,15 Sep 22:06
2026-09-15,Tue,11:00 am to 12:00 pm,Noida Indoor Stadium,Court 2,Not Booked,944,15 Sep 11:06
2026-09-15,Tue,11:00 pm to 12:00 am,Noida Indoor Stadium,Court 2,Not Booked,944,15 Sep 23:30
2026-09-15,Tue,12:00 pm to 1:00 pm,Noida Indoor Stadium,Court 2,Not Booked,944,15 Sep 11:06
2026-09-15,Tue,1:00 pm to 2:00 pm,Noida Indoor Stadium,Court 2,Not Booked,944,15 Sep 13:35
2026-09-15,Tue,2:00 pm to 3:00 pm,Noida Indoor Stadium,Court 2,Not Booked,944,15 Sep 14:37
2026-09-15,Tue,3:00 pm to 4:00 pm,Noida Indoor Stadium,Court 2,Not Booked,944,15 Sep 15:36
2026-09-15,Tue,6:00 am to 7:00 am,Noida Indoor Stadium,Court 2,Not Booked,944,15 Sep 05:05
2026-09-15,Tue,7:00 am to 8:00 am,Noida Indoor Stadium,Court 2,Not Booked,944,15 Sep 05:05
2026-09-15,Tue,8:00 am to 9:00 am,Noida Indoor Stadium,Court 2,Not Booked,944,15 Sep 08:07
2026-09-15,Tue,9:00 am to 10:00 am,Noida Indoor Stadium,Court 2,Not Booked,944,15 Sep 09:35
2026-09-15,Tue,9:00 pm to 10:00 pm,Noida Indoor Stadium,Court 2,Not Booked,944,15 Sep 21:32
2026-09-15,Tue,10:00 am to 11:00 am,Noida Indoor Stadium,Court 3,Not Booked,944,15 Sep 10:08
2026-09-15,Tue,10:00 pm to 11:00 pm,Noida Indoor Stadium,Court 3,Not Booked,944,15 Sep 22:33
2026-09-15,Tue,11:00 am to 12:00 pm,Noida Indoor Stadium,Court 3,Not Booked,944,15 Sep 11:33
2026-09-15,Tue,11:00 pm to 12:00 am,Noida Indoor Stadium,Court 3,Not Booked,944,15 Sep 23:30
2026-09-15,Tue,12:00 pm to 1:00 pm,Noida Indoor Stadium,Court 3,Not Booked,944,15 Sep 12:38
2026-09-15,Tue,1:00 pm to 2:00 pm,Noida Indoor Stadium,Court 3,Not Booked,944,15 Sep 13:35
2026-09-15,Tue,2:00 pm to 3:00 pm,Noida Indoor Stadium,Court 3,Not Booked,944,15 Sep 14:07
2026-09-15,Tue,3:00 pm to 4:00 pm,Noida Indoor Stadium,Court 3,Not Booked,944,15 Sep 15:36
2026-09-15,Tue,6:00 am to 7:00 am,Noida Indoor Stadium,Court 3,Not Booked,944,15 Sep 06:38
2026-09-15,Tue,7:00 am to 8:00 am,Noida Indoor Stadium,Court 3,Not Booked,944,15 Sep 07:31
2026-09-15,Tue,8:00 am to 9:00 am,Noida Indoor Stadium,Court 3,Not Booked,944,15 Sep 08:33
2026-09-15,Tue,9:00 am to 10:00 am,Noida Indoor Stadium,Court 3,Not Booked,944,15 Sep 09:35
2026-09-15,Tue,9:00 pm to 10:00 pm,Noida Indoor Stadium,Court 3,Not Booked,944,15 Sep 21:32
2026-09-15,Tue,10:00 am to 10:30 am,Noida Pickleball Courts | Sec-100,Court 1,Not Booked,400,15 Sep 10:08
2026-09-15,Tue,10:00 pm to 10:30 pm,Noida Pickleball Courts | Sec-100,Court 1,Not Booked,400,15 Sep 22:06
2026-09-15,Tue,10:30 am to 11:00 am,Noida Pickleball Courts | Sec-100,Court 1,Not Booked,400,15 Sep 10:08
2026-09-15,Tue,10:30 pm to 11:00 pm,Noida Pickleball Courts | Sec-100,Court 1,Not Booked,400,15 Sep 22:33
2026-09-15,Tue,11:00 am to 11:30 am,Noida Pickleball Courts | Sec-100,Court 1,Not Booked,400,15 Sep 11:06
2026-09-15,Tue,11:00 pm to 11:30 pm,Noida Pickleball Courts | Sec-100,Court 1,Not Booked,400,15 Sep 23:02
2026-09-15,Tue,11:30 am to 12:00 pm,Noida Pickleball Courts | Sec-100,Court 1,Not Booked,400,15 Sep 11:06
2026-09-15,Tue,11:30 pm to 12:00 am,Noida Pickleball Courts | Sec-100,Court 1,Not Booked,400,15 Sep 23:02
2026-09-15,Tue,12:00 pm to 12:30 pm,Noida Pickleball Courts | Sec-100,Court 1,Not Booked,400,15 Sep 11:06
2026-09-15,Tue,12:30 pm to 1:00 pm,Noida Pickleball Courts | Sec-100,Court 1,Not Booked,400,15 Sep 12:38
2026-09-15,Tue,1:00 pm to 1:30 pm,Noida Pickleball Courts | Sec-100,Court 1,Not Booked,400,15 Sep 13:08
2026-09-15,Tue,1:30 pm to 2:00 pm,Noida Pickleball Courts | Sec-100,Court 1,Not Booked,400,15 Sep 13:08
2026-09-15,Tue,2:00 pm to 2:30 pm,Noida Pickleball Courts | Sec-100,Court 1,Not Booked,400,15 Sep 13:08
2026-09-15,Tue,2:30 pm to 3:00 pm,Noida Pickleball Courts | Sec-100,Court 1,Not Booked,400,15 Sep 14:37
2026-09-15,Tue,3:00 pm to 3:30 pm,Noida Pickleball Courts | Sec-100,Court 1,Not Booked,400,15 Sep 15:07
2026-09-15,Tue,3:30 pm to 4:00 pm,Noida Pickleball Courts | Sec-100,Court 1,Not Booked,400,15 Sep 15:07
2026-09-15,Tue,4:00 pm to 4:30 pm,Noida Pickleball Courts | Sec-100,Court 1,Not Booked,400,15 Sep 16:05
2026-09-15,Tue,4:30 pm to 5:00 pm,Noida Pickleball Courts | Sec-100,Court 1,Not Booked,400,15 Sep 16:05
2026-09-15,Tue,5:00 pm to 5:30 pm,Noida Pickleball Courts | Sec-100,Court 1,Not Booked,400,15 Sep 17:04
2026-09-15,Tue,5:30 pm to 6:00 pm,Noida Pickleball Courts | Sec-100,Court 1,Not Booked,400,15 Sep 17:32
2026-09-15,Tue,6:00 am to 6:30 am,Noida Pickleball Courts | Sec-100,Court 1,Not Booked,400,15 Sep 06:13
2026-09-15,Tue,6:00 pm to 6:30 pm,Noida Pickleball Courts | Sec-100,Court 1,Not Booked,400,15 Sep 18:09
2026-09-15,Tue,6:30 am to 7:00 am,Noida Pickleball Courts | Sec-100,Court 1,Not Booked,400,15 Sep 06:38
2026-09-15,Tue,6:30 pm to 7:00 pm,Noida Pickleball Courts | Sec-100,Court 1,Not Booked,400,15 Sep 18:37
2026-09-15,Tue,7:00 am to 7:30 am,Noida Pickleball Courts | Sec-100,Court 1,Not Booked,400,15 Sep 06:38
2026-09-15,Tue,7:00 pm to 7:30 pm,Noida Pickleball Courts | Sec-100,Court 1,Not Booked,400,15 Sep 19:07
2026-09-15,Tue,7:30 am to 8:00 am,Noida Pickleball Courts | Sec-100,Court 1,Not Booked,400,15 Sep 06:38
2026-09-15,Tue,7:30 pm to 8:00 pm,Noida Pickleball Courts | Sec-100,Court 1,Not Booked,400,15 Sep 19:33
2026-09-15,Tue,8:00 am to 8:30 am,Noida Pickleball Courts | Sec-100,Court 1,Not Booked,400,15 Sep 08:07
2026-09-15,Tue,8:00 pm to 8:30 pm,Noida Pickleball Courts | Sec-100,Court 1,Not Booked,400,15 Sep 20:06
2026-09-15,Tue,8:30 am to 9:00 am,Noida Pickleball Courts | Sec-100,Court 1,Not Booked,400,15 Sep 08:33
2026-09-15,Tue,8:30 pm to 9:00 pm,Noida Pickleball Courts | Sec-100,Court 1,Not Booked,400,15 Sep 20:32
2026-09-15,Tue,9:00 am to 9:30 am,Noida Pickleball Courts | Sec-100,Court 1,Not Booked,400,15 Sep 09:05
2026-09-15,Tue,9:00 pm to 9:30 pm,Noida Pickleball Courts | Sec-100,Court 1,Not Booked,400,15 Sep 20:32
2026-09-15,Tue,9:30 am to 10:00 am,Noida Pickleball Courts | Sec-100,Court 1,Not Booked,400,15 Sep 09:05
2026-09-15,Tue,9:30 pm to 10:00 pm,Noida Pickleball Courts | Sec-100,Court 1,Not Booked,400,15 Sep 20:32
2026-09-15,Tue,10:00 am to 10:30 am,Noida Pickleball Courts | Sec-100,Court 2,Not Booked,400,15 Sep 10:08
2026-09-15,Tue,10:00 pm to 10:30 pm,Noida Pickleball Courts | Sec-100,Court 2,Not Booked,400,15 Sep 22:06
2026-09-15,Tue,10:30 am to 11:00 am,Noida Pickleball Courts | Sec-100,Court 2,Not Booked,400,15 Sep 10:33
2026-09-15,Tue,10:30 pm to 11:00 pm,Noida Pickleball Courts | Sec-100,Court 2,Not Booked,400,15 Sep 22:06
2026-09-15,Tue,11:00 am to 11:30 am,Noida Pickleball Courts | Sec-100,Court 2,Not Booked,400,15 Sep 10:33
2026-09-15,Tue,11:00 pm to 11:30 pm,Noida Pickleball Courts | Sec-100,Court 2,Not Booked,400,15 Sep 22:06
2026-09-15,Tue,11:30 am to 12:00 pm,Noida Pickleball Courts | Sec-100,Court 2,Not Booked,400,15 Sep 11:33
2026-09-15,Tue,11:30 pm to 12:00 am,Noida Pickleball Courts | Sec-100,Court 2,Not Booked,400,15 Sep 23:30
2026-09-15,Tue,12:00 pm to 12:30 pm,Noida Pickleball Courts | Sec-100,Court 2,Not Booked,400,15 Sep 12:11
2026-09-15,Tue,12:30 pm to 1:00 pm,Noida Pickleball Courts | Sec-100,Court 2,Not Booked,400,15 Sep 12:38
2026-09-15,Tue,1:00 pm to 1:30 pm,Noida Pickleball Courts | Sec-100,Court 2,Not Booked,400,15 Sep 13:08
2026-09-15,Tue,1:30 pm to 2:00 pm,Noida Pickleball Courts | Sec-100,Court 2,Not Booked,400,15 Sep 13:35
2026-09-15,Tue,2:00 pm to 2:30 pm,Noida Pickleball Courts | Sec-100,Court 2,Not Booked,400,15 Sep 14:07
2026-09-15,Tue,2:30 pm to 3:00 pm,Noida Pickleball Courts | Sec-100,Court 2,Not Booked,400,15 Sep 14:37
2026-09-15,Tue,3:00 pm to 3:30 pm,Noida Pickleball Courts | Sec-100,Court 2,Not Booked,400,15 Sep 15:07
2026-09-15,Tue,3:30 pm to 4:00 pm,Noida Pickleball Courts | Sec-100,Court 2,Not Booked,400,15 Sep 15:36
2026-09-15,Tue,4:00 pm to 4:30 pm,Noida Pickleball Courts | Sec-100,Court 2,Not Booked,400,15 Sep 15:36
2026-09-15,Tue,4:30 pm to 5:00 pm,Noida Pickleball Courts | Sec-100,Court 2,Not Booked,400,15 Sep 16:32
2026-09-15,Tue,5:00 pm to 5:30 pm,Noida Pickleball Courts | Sec-100,Court 2,Not Booked,400,15 Sep 17:04
2026-09-15,Tue,5:30 pm to 6:00 pm,Noida Pickleball Courts | Sec-100,Court 2,Not Booked,400,15 Sep 17:32
2026-09-15,Tue,6:00 am to 6:30 am,Noida Pickleball Courts | Sec-100,Court 2,Not Booked,400,15 Sep 06:13
2026-09-15,Tue,6:00 pm to 6:30 pm,Noida Pickleball Courts | Sec-100,Court 2,Not Booked,400,15 Sep 18:09
2026-09-15,Tue,6:30 am to 7:00 am,Noida Pickleball Courts | Sec-100,Court 2,Not Booked,400,15 Sep 06:38
2026-09-15,Tue,6:30 pm to 7:00 pm,Noida Pickleball Courts | Sec-100,Court 2,Not Booked,400,15 Sep 18:37
2026-09-15,Tue,7:00 am to 7:30 am,Noida Pickleball Courts | Sec-100,Court 2,Not Booked,400,15 Sep 07:05
2026-09-15,Tue,7:00 pm to 7:30 pm,Noida Pickleball Courts | Sec-100,Court 2,Not Booked,400,15 Sep 19:07
2026-09-15,Tue,7:30 am to 8:00 am,Noida Pickleball Courts | Sec-100,Court 2,Not Booked,400,15 Sep 07:31
2026-09-15,Tue,7:30 pm to 8:00 pm,Noida Pickleball Courts | Sec-100,Court 2,Not Booked,400,15 Sep 19:33
2026-09-15,Tue,8:00 am to 8:30 am,Noida Pickleball Courts | Sec-100,Court 2,Not Booked,400,15 Sep 07:31
2026-09-15,Tue,8:00 pm to 8:30 pm,Noida Pickleball Courts | Sec-100,Court 2,Not Booked,400,15 Sep 20:06
2026-09-15,Tue,8:30 am to 9:00 am,Noida Pickleball Courts | Sec-100,Court 2,Not Booked,400,15 Sep 08:33
2026-09-15,Tue,8:30 pm to 9:00 pm,Noida Pickleball Courts | Sec-100,Court 2,Not Booked,400,15 Sep 20:32
2026-09-15,Tue,9:00 am to 9:30 am,Noida Pickleball Courts | Sec-100,Court 2,Not Booked,400,15 Sep 09:05
2026-09-15,Tue,9:00 pm to 9:30 pm,Noida Pickleball Courts | Sec-100,Court 2,Not Booked,400,15 Sep 21:05
2026-09-15,Tue,9:30 am to 10:00 am,Noida Pickleball Courts | Sec-100,Court 2,Not Booked,400,15 Sep 09:35
2026-09-15,Tue,9:30 pm to 10:00 pm,Noida Pickleball Courts | Sec-100,Court 2,Not Booked,400,15 Sep 21:32
2026-09-15,Tue,10:00 am to 11:00 am,Pickit | Vijay Sri Academy,Court 1,Not Booked,600,15 Sep 10:33
2026-09-15,Tue,10:00 pm to 11:00 pm,Pickit | Vijay Sri Academy,Court 1,Not Booked,600,15 Sep 22:33
2026-09-15,Tue,11:00 am to 12:00 pm,Pickit | Vijay Sri Academy,Court 1,Not Booked,600,15 Sep 11:33
2026-09-15,Tue,11:00 pm to 12:00 am,Pickit | Vijay Sri Academy,Court 1,Not Booked,600,15 Sep 23:30
2026-09-15,Tue,12:00 pm to 1:00 pm,Pickit | Vijay Sri Academy,Court 1,Not Booked,600,15 Sep 12:38
2026-09-15,Tue,1:00 pm to 2:00 pm,Pickit | Vijay Sri Academy,Court 1,Not Booked,600,15 Sep 13:35
2026-09-15,Tue,2:00 pm to 3:00 pm,Pickit | Vijay Sri Academy,Court 1,Not Booked,600,15 Sep 14:37
2026-09-15,Tue,3:00 pm to 4:00 pm,Pickit | Vijay Sri Academy,Court 1,Not Booked,600,15 Sep 15:36
2026-09-15,Tue,4:00 pm to 5:00 pm,Pickit | Vijay Sri Academy,Court 1,Not Booked,600,15 Sep 16:32
2026-09-15,Tue,5:00 pm to 6:00 pm,Pickit | Vijay Sri Academy,Court 1,Not Booked,600,15 Sep 17:32
2026-09-15,Tue,6:00 am to 7:00 am,Pickit | Vijay Sri Academy,Court 1,Not Booked,600,15 Sep 06:38
2026-09-15,Tue,6:00 pm to 7:00 pm,Pickit | Vijay Sri Academy,Court 1,Not Booked,600,15 Sep 18:37
2026-09-15,Tue,7:00 am to 8:00 am,Pickit | Vijay Sri Academy,Court 1,Not Booked,600,15 Sep 07:31
2026-09-15,Tue,7:00 pm to 8:00 pm,Pickit | Vijay Sri Academy,Court 1,Not Booked,600,15 Sep 19:33
2026-09-15,Tue,8:00 am to 9:00 am,Pickit | Vijay Sri Academy,Court 1,Not Booked,600,15 Sep 08:33
2026-09-15,Tue,8:00 pm to 9:00 pm,Pickit | Vijay Sri Academy,Court 1,Not Booked,600,15 Sep 20:32
2026-09-15,Tue,9:00 am to 10:00 am,Pickit | Vijay Sri Academy,Court 1,Not Booked,600,15 Sep 09:35
2026-09-15,Tue,9:00 pm to 10:00 pm,Pickit | Vijay Sri Academy,Court 1,Not Booked,600,15 Sep 21:32
2026-09-15,Tue,10:00 am to 11:00 am,Pickit | Vijay Sri Academy,Court 2,Not Booked,600,15 Sep 10:33
2026-09-15,Tue,10:00 pm to 11:00 pm,Pickit | Vijay Sri Academy,Court 2,Not Booked,600,15 Sep 22:33
2026-09-15,Tue,11:00 am to 12:00 pm,Pickit | Vijay Sri Academy,Court 2,Not Booked,600,15 Sep 11:33
2026-09-15,Tue,11:00 pm to 12:00 am,Pickit | Vijay Sri Academy,Court 2,Not Booked,600,15 Sep 23:30
2026-09-15,Tue,12:00 pm to 1:00 pm,Pickit | Vijay Sri Academy,Court 2,Not Booked,600,15 Sep 12:38
2026-09-15,Tue,1:00 pm to 2:00 pm,Pickit | Vijay Sri Academy,Court 2,Not Booked,600,15 Sep 13:35
2026-09-15,Tue,2:00 pm to 3:00 pm,Pickit | Vijay Sri Academy,Court 2,Not Booked,600,15 Sep 14:37
2026-09-15,Tue,3:00 pm to 4:00 pm,Pickit | Vijay Sri Academy,Court 2,Not Booked,600,15 Sep 15:36
2026-09-15,Tue,4:00 pm to 5:00 pm,Pickit | Vijay Sri Academy,Court 2,Not Booked,600,15 Sep 16:32
2026-09-15,Tue,5:00 pm to 6:00 pm,Pickit | Vijay Sri Academy,Court 2,Not Booked,600,15 Sep 17:32
2026-09-15,Tue,6:00 am to 7:00 am,Pickit | Vijay Sri Academy,Court 2,Not Booked,600,15 Sep 06:38
2026-09-15,Tue,6:00 pm to 7:00 pm,Pickit | Vijay Sri Academy,Court 2,Not Booked,600,15 Sep 18:37
2026-09-15,Tue,7:00 am to 8:00 am,Pickit | Vijay Sri Academy,Court 2,Not Booked,600,15 Sep 07:31
2026-09-15,Tue,7:00 pm to 8:00 pm,Pickit | Vijay Sri Academy,Court 2,Not Booked,600,15 Sep 19:33
2026-09-15,Tue,8:00 am to 9:00 am,Pickit | Vijay Sri Academy,Court 2,Not Booked,600,15 Sep 08:33
2026-09-15,Tue,8:00 pm to 9:00 pm,Pickit | Vijay Sri Academy,Court 2,Not Booked,600,15 Sep 20:32
2026-09-15,Tue,9:00 am to 10:00 am,Pickit | Vijay Sri Academy,Court 2,Not Booked,600,15 Sep 09:35
2026-09-15,Tue,9:00 pm to 10:00 pm,Pickit | Vijay Sri Academy,Court 2,Not Booked,600,15 Sep 21:32
2026-09-15,Tue,10:00 am to 11:00 am,Pickit | Vijay Sri Academy,Court 3,Not Booked,600,15 Sep 10:33
2026-09-15,Tue,10:00 pm to 11:00 pm,Pickit | Vijay Sri Academy,Court 3,Not Booked,600,15 Sep 22:33
2026-09-15,Tue,11:00 am to 12:00 pm,Pickit | Vijay Sri Academy,Court 3,Not Booked,600,15 Sep 11:33
2026-09-15,Tue,11:00 pm to 12:00 am,Pickit | Vijay Sri Academy,Court 3,Not Booked,600,15 Sep 23:30
2026-09-15,Tue,12:00 pm to 1:00 pm,Pickit | Vijay Sri Academy,Court 3,Not Booked,600,15 Sep 12:38
2026-09-15,Tue,1:00 pm to 2:00 pm,Pickit | Vijay Sri Academy,Court 3,Not Booked,600,15 Sep 13:35
2026-09-15,Tue,2:00 pm to 3:00 pm,Pickit | Vijay Sri Academy,Court 3,Not Booked,600,15 Sep 14:37
2026-09-15,Tue,3:00 pm to 4:00 pm,Pickit | Vijay Sri Academy,Court 3,Not Booked,600,15 Sep 15:36
2026-09-15,Tue,4:00 pm to 5:00 pm,Pickit | Vijay Sri Academy,Court 3,Not Booked,600,15 Sep 16:32
2026-09-15,Tue,5:00 pm to 6:00 pm,Pickit | Vijay Sri Academy,Court 3,Not Booked,600,15 Sep 17:32
2026-09-15,Tue,6:00 am to 7:00 am,Pickit | Vijay Sri Academy,Court 3,Not Booked,600,15 Sep 06:38
2026-09-15,Tue,6:00 pm to 7:00 pm,Pickit | Vijay Sri Academy,Court 3,Not Booked,600,15 Sep 18:37
2026-09-15,Tue,7:00 am to 8:00 am,Pickit | Vijay Sri Academy,Court 3,Not Booked,600,15 Sep 07:31
2026-09-15,Tue,7:00 pm to 8:00 pm,Pickit | Vijay Sri Academy,Court 3,Not Booked,600,15 Sep 19:33
2026-09-15,Tue,8:00 am to 9:00 am,Pickit | Vijay Sri Academy,Court 3,Not Booked,600,15 Sep 08:33
2026-09-15,Tue,8:00 pm to 9:00 pm,Pickit | Vijay Sri Academy,Court 3,Not Booked,600,15 Sep 20:32
2026-09-15,Tue,9:00 am to 10:00 am,Pickit | Vijay Sri Academy,Court 3,Not Booked,600,15 Sep 09:35
2026-09-15,Tue,9:00 pm to 10:00 pm,Pickit | Vijay Sri Academy,Court 3,Not Booked,600,15 Sep 21:32
2026-09-15,Tue,10:00 pm to 10:30 pm,Pickle Pros | Noida,Pickleball Court 1,Not Booked,400,15 Sep 21:32
2026-09-15,Tue,3:30 pm to 4:00 pm,Pickle Pros | Noida,Pickleball Court 1,Not Booked,400,15 Sep 15:36
2026-09-15,Tue,4:00 pm to 4:30 pm,Pickle Pros | Noida,Pickleball Court 1,Not Booked,400,15 Sep 16:05
2026-09-15,Tue,4:30 pm to 5:00 pm,Pickle Pros | Noida,Pickleball Court 1,Not Booked,400,15 Sep 16:05
2026-09-15,Tue,5:00 pm to 5:30 pm,Pickle Pros | Noida,Pickleball Court 1,Not Booked,400,15 Sep 16:05
2026-09-15,Tue,5:30 pm to 6:00 pm,Pickle Pros | Noida,Pickleball Court 1,Not Booked,400,15 Sep 16:05
2026-09-15,Tue,6:00 pm to 6:30 pm,Pickle Pros | Noida,Pickleball Court 1,Not Booked,400,15 Sep 18:09
2026-09-15,Tue,6:30 pm to 7:00 pm,Pickle Pros | Noida,Pickleball Court 1,Not Booked,400,15 Sep 18:37
2026-09-15,Tue,7:00 pm to 7:30 pm,Pickle Pros | Noida,Pickleball Court 1,Not Booked,400,15 Sep 18:37
2026-09-15,Tue,7:30 pm to 8:00 pm,Pickle Pros | Noida,Pickleball Court 1,Not Booked,400,15 Sep 19:33
2026-09-15,Tue,8:00 pm to 8:30 pm,Pickle Pros | Noida,Pickleball Court 1,Booked,400,15 Sep 20:06
2026-09-15,Tue,8:30 pm to 9:00 pm,Pickle Pros | Noida,Pickleball Court 1,Booked,400,15 Sep 20:32
2026-09-15,Tue,9:00 pm to 9:30 pm,Pickle Pros | Noida,Pickleball Court 1,Not Booked,400,15 Sep 21:05
2026-09-15,Tue,9:30 pm to 10:00 pm,Pickle Pros | Noida,Pickleball Court 1,Not Booked,400,15 Sep 21:32
2026-09-15,Tue,10:00 pm to 10:30 pm,Pickle Pros | Noida,Pickleball Court 2,Not Booked,400,15 Sep 22:06
2026-09-15,Tue,3:30 pm to 4:00 pm,Pickle Pros | Noida,Pickleball Court 2,Not Booked,400,15 Sep 15:07
2026-09-15,Tue,4:00 pm to 4:30 pm,Pickle Pros | Noida,Pickleball Court 2,Not Booked,400,15 Sep 16:05
2026-09-15,Tue,4:30 pm to 5:00 pm,Pickle Pros | Noida,Pickleball Court 2,Not Booked,400,15 Sep 16:32
2026-09-15,Tue,5:00 pm to 5:30 pm,Pickle Pros | Noida,Pickleball Court 2,Not Booked,400,15 Sep 17:04
2026-09-15,Tue,5:30 pm to 6:00 pm,Pickle Pros | Noida,Pickleball Court 2,Not Booked,400,15 Sep 17:32
2026-09-15,Tue,6:00 pm to 6:30 pm,Pickle Pros | Noida,Pickleball Court 2,Not Booked,400,15 Sep 18:09
2026-09-15,Tue,6:30 pm to 7:00 pm,Pickle Pros | Noida,Pickleball Court 2,Booked,400,15 Sep 18:37
2026-09-15,Tue,7:00 pm to 7:30 pm,Pickle Pros | Noida,Pickleball Court 2,Booked,400,15 Sep 19:07
2026-09-15,Tue,7:30 pm to 8:00 pm,Pickle Pros | Noida,Pickleball Court 2,Not Booked,400,15 Sep 19:07
2026-09-15,Tue,8:00 pm to 8:30 pm,Pickle Pros | Noida,Pickleball Court 2,Booked,400,15 Sep 19:07
2026-09-15,Tue,8:30 pm to 9:00 pm,Pickle Pros | Noida,Pickleball Court 2,Booked,400,15 Sep 20:32
2026-09-15,Tue,9:00 pm to 9:30 pm,Pickle Pros | Noida,Pickleball Court 2,Not Booked,400,15 Sep 21:05
2026-09-15,Tue,9:30 pm to 10:00 pm,Pickle Pros | Noida,Pickleball Court 2,Not Booked,400,15 Sep 21:32
2026-09-15,Tue,10:00 pm to 10:30 pm,Pickle Pros | Noida,Pickleball Court 3,Not Booked,400,15 Sep 22:06
2026-09-15,Tue,3:30 pm to 4:00 pm,Pickle Pros | Noida,Pickleball Court 3,Not Booked,400,15 Sep 15:36
2026-09-15,Tue,4:00 pm to 4:30 pm,Pickle Pros | Noida,Pickleball Court 3,Not Booked,400,15 Sep 16:05
2026-09-15,Tue,4:30 pm to 5:00 pm,Pickle Pros | Noida,Pickleball Court 3,Not Booked,400,15 Sep 16:05
2026-09-15,Tue,5:00 pm to 5:30 pm,Pickle Pros | Noida,Pickleball Court 3,Not Booked,400,15 Sep 17:04
2026-09-15,Tue,5:30 pm to 6:00 pm,Pickle Pros | Noida,Pickleball Court 3,Not Booked,400,15 Sep 17:32
2026-09-15,Tue,6:00 pm to 6:30 pm,Pickle Pros | Noida,Pickleball Court 3,Not Booked,400,15 Sep 18:09
2026-09-15,Tue,6:30 pm to 7:00 pm,Pickle Pros | Noida,Pickleball Court 3,Not Booked,400,15 Sep 18:37
2026-09-15,Tue,7:00 pm to 7:30 pm,Pickle Pros | Noida,Pickleball Court 3,Not Booked,400,15 Sep 19:07
2026-09-15,Tue,7:30 pm to 8:00 pm,Pickle Pros | Noida,Pickleball Court 3,Not Booked,400,15 Sep 19:33
2026-09-15,Tue,8:00 pm to 8:30 pm,Pickle Pros | Noida,Pickleball Court 3,Not Booked,400,15 Sep 20:06
2026-09-15,Tue,8:30 pm to 9:00 pm,Pickle Pros | Noida,Pickleball Court 3,Not Booked,400,15 Sep 20:06
2026-09-15,Tue,9:00 pm to 9:30 pm,Pickle Pros | Noida,Pickleball Court 3,Not Booked,400,15 Sep 21:05
2026-09-15,Tue,9:30 pm to 10:00 pm,Pickle Pros | Noida,Pickleball Court 3,Not Booked,400,15 Sep 21:05
2026-09-15,Tue,10:00 pm to 10:30 pm,Pickle Pros | Noida,Pickleball Court 4,Not Booked,400,15 Sep 22:06
2026-09-15,Tue,3:30 pm to 4:00 pm,Pickle Pros | Noida,Pickleball Court 4,Not Booked,400,15 Sep 15:36
2026-09-15,Tue,4:00 pm to 4:30 pm,Pickle Pros | Noida,Pickleball Court 4,Not Booked,400,15 Sep 16:05
2026-09-15,Tue,4:30 pm to 5:00 pm,Pickle Pros | Noida,Pickleball Court 4,Not Booked,400,15 Sep 16:32
2026-09-15,Tue,5:00 pm to 5:30 pm,Pickle Pros | Noida,Pickleball Court 4,Not Booked,400,15 Sep 17:04
2026-09-15,Tue,5:30 pm to 6:00 pm,Pickle Pros | Noida,Pickleball Court 4,Not Booked,400,15 Sep 17:32
2026-09-15,Tue,6:00 pm to 6:30 pm,Pickle Pros | Noida,Pickleball Court 4,Not Booked,400,15 Sep 18:09
2026-09-15,Tue,6:30 pm to 7:00 pm,Pickle Pros | Noida,Pickleball Court 4,Not Booked,400,15 Sep 18:37
2026-09-15,Tue,7:00 pm to 7:30 pm,Pickle Pros | Noida,Pickleball Court 4,Not Booked,400,15 Sep 19:07
2026-09-15,Tue,7:30 pm to 8:00 pm,Pickle Pros | Noida,Pickleball Court 4,Not Booked,400,15 Sep 19:33
2026-09-15,Tue,8:00 pm to 8:30 pm,Pickle Pros | Noida,Pickleball Court 4,Not Booked,400,15 Sep 20:06
2026-09-15,Tue,8:30 pm to 9:00 pm,Pickle Pros | Noida,Pickleball Court 4,Not Booked,400,15 Sep 20:32
2026-09-15,Tue,9:00 pm to 9:30 pm,Pickle Pros | Noida,Pickleball Court 4,Not Booked,400,15 Sep 21:05
2026-09-15,Tue,9:30 pm to 10:00 pm,Pickle Pros | Noida,Pickleball Court 4,Not Booked,400,15 Sep 21:32
2026-09-15,Tue,10:00 am to 10:30 am,Pickleflow Social,Court 1,Not Booked,500,15 Sep 09:35
2026-09-15,Tue,10:00 pm to 10:30 pm,Pickleflow Social,Court 1,Not Booked,500,15 Sep 22:06
2026-09-15,Tue,10:30 am to 11:00 am,Pickleflow Social,Court 1,Not Booked,500,15 Sep 10:33
2026-09-15,Tue,10:30 pm to 11:00 pm,Pickleflow Social,Court 1,Not Booked,500,15 Sep 22:06
2026-09-15,Tue,11:00 am to 11:30 am,Pickleflow Social,Court 1,Not Booked,500,15 Sep 11:06
2026-09-15,Tue,11:00 pm to 11:30 pm,Pickleflow Social,Court 1,Not Booked,500,15 Sep 23:02
2026-09-15,Tue,11:30 am to 12:00 pm,Pickleflow Social,Court 1,Not Booked,500,15 Sep 11:33
2026-09-15,Tue,11:30 pm to 12:00 am,Pickleflow Social,Court 1,Not Booked,500,15 Sep 23:02
2026-09-15,Tue,12:00 pm to 12:30 pm,Pickleflow Social,Court 1,Not Booked,500,15 Sep 12:11
2026-09-15,Tue,12:30 am to 1:00 am,Pickleflow Social,Court 1,Not Booked,400,15 Sep 01:06
2026-09-15,Tue,12:30 pm to 1:00 pm,Pickleflow Social,Court 1,Not Booked,500,15 Sep 12:38
2026-09-15,Tue,1:00 am to 1:30 am,Pickleflow Social,Court 1,Not Booked,400,15 Sep 01:06
2026-09-15,Tue,1:00 pm to 1:30 pm,Pickleflow Social,Court 1,Not Booked,500,15 Sep 13:08
2026-09-15,Tue,1:30 am to 2:00 am,Pickleflow Social,Court 1,Not Booked,400,15 Sep 01:31
2026-09-15,Tue,1:30 pm to 2:00 pm,Pickleflow Social,Court 1,Not Booked,500,15 Sep 13:35
2026-09-15,Tue,2:00 pm to 2:30 pm,Pickleflow Social,Court 1,Not Booked,500,15 Sep 14:07
2026-09-15,Tue,2:30 pm to 3:00 pm,Pickleflow Social,Court 1,Not Booked,500,15 Sep 14:37
2026-09-15,Tue,3:00 pm to 3:30 pm,Pickleflow Social,Court 1,Not Booked,500,15 Sep 15:07
2026-09-15,Tue,3:30 pm to 4:00 pm,Pickleflow Social,Court 1,Not Booked,500,15 Sep 15:36
2026-09-15,Tue,4:00 pm to 4:30 pm,Pickleflow Social,Court 1,Not Booked,500,15 Sep 16:05
2026-09-15,Tue,4:30 pm to 5:00 pm,Pickleflow Social,Court 1,Not Booked,500,15 Sep 16:32
2026-09-15,Tue,5:00 pm to 5:30 pm,Pickleflow Social,Court 1,Not Booked,500,15 Sep 17:04
2026-09-15,Tue,5:30 pm to 6:00 pm,Pickleflow Social,Court 1,Not Booked,500,15 Sep 17:32
2026-09-15,Tue,6:00 pm to 6:30 pm,Pickleflow Social,Court 1,Not Booked,500,15 Sep 18:09
2026-09-15,Tue,6:30 pm to 7:00 pm,Pickleflow Social,Court 1,Not Booked,500,15 Sep 18:37
2026-09-15,Tue,7:00 am to 7:30 am,Pickleflow Social,Court 1,Not Booked,500,15 Sep 06:38
2026-09-15,Tue,7:00 pm to 7:30 pm,Pickleflow Social,Court 1,Not Booked,500,15 Sep 18:37
2026-09-15,Tue,7:30 am to 8:00 am,Pickleflow Social,Court 1,Not Booked,500,15 Sep 06:38
2026-09-15,Tue,7:30 pm to 8:00 pm,Pickleflow Social,Court 1,Not Booked,500,15 Sep 19:33
2026-09-15,Tue,8:00 am to 8:30 am,Pickleflow Social,Court 1,Not Booked,500,15 Sep 08:07
2026-09-15,Tue,8:00 pm to 8:30 pm,Pickleflow Social,Court 1,Not Booked,500,15 Sep 20:06
2026-09-15,Tue,8:30 am to 9:00 am,Pickleflow Social,Court 1,Not Booked,500,15 Sep 08:07
2026-09-15,Tue,8:30 pm to 9:00 pm,Pickleflow Social,Court 1,Not Booked,500,15 Sep 20:32
2026-09-15,Tue,9:00 am to 9:30 am,Pickleflow Social,Court 1,Not Booked,500,15 Sep 09:05
2026-09-15,Tue,9:00 pm to 9:30 pm,Pickleflow Social,Court 1,Not Booked,500,15 Sep 21:05
2026-09-15,Tue,9:30 am to 10:00 am,Pickleflow Social,Court 1,Not Booked,500,15 Sep 09:35
2026-09-15,Tue,9:30 pm to 10:00 pm,Pickleflow Social,Court 1,Not Booked,500,15 Sep 21:32
2026-09-15,Tue,10:00 am to 10:30 am,Pickleflow Social,Court 2,Not Booked,500,15 Sep 10:08
2026-09-15,Tue,10:00 pm to 10:30 pm,Pickleflow Social,Court 2,Not Booked,500,15 Sep 22:06
2026-09-15,Tue,10:30 am to 11:00 am,Pickleflow Social,Court 2,Not Booked,500,15 Sep 10:33
2026-09-15,Tue,10:30 pm to 11:00 pm,Pickleflow Social,Court 2,Not Booked,500,15 Sep 22:33
2026-09-15,Tue,11:00 am to 11:30 am,Pickleflow Social,Court 2,Not Booked,500,15 Sep 11:06
2026-09-15,Tue,11:00 pm to 11:30 pm,Pickleflow Social,Court 2,Not Booked,500,15 Sep 23:02
2026-09-15,Tue,11:30 am to 12:00 pm,Pickleflow Social,Court 2,Not Booked,500,15 Sep 11:33
2026-09-15,Tue,11:30 pm to 12:00 am,Pickleflow Social,Court 2,Not Booked,500,15 Sep 23:30
2026-09-15,Tue,12:00 pm to 12:30 pm,Pickleflow Social,Court 2,Not Booked,500,15 Sep 12:11
2026-09-15,Tue,12:30 am to 1:00 am,Pickleflow Social,Court 2,Not Booked,400,15 Sep 00:37
2026-09-15,Tue,12:30 pm to 1:00 pm,Pickleflow Social,Court 2,Not Booked,500,15 Sep 12:38
2026-09-15,Tue,1:00 am to 1:30 am,Pickleflow Social,Court 2,Not Booked,400,15 Sep 01:06
2026-09-15,Tue,1:00 pm to 1:30 pm,Pickleflow Social,Court 2,Not Booked,500,15 Sep 13:08
2026-09-15,Tue,1:30 am to 2:00 am,Pickleflow Social,Court 2,Not Booked,400,15 Sep 01:31
2026-09-15,Tue,1:30 pm to 2:00 pm,Pickleflow Social,Court 2,Not Booked,500,15 Sep 13:35
2026-09-15,Tue,2:00 pm to 2:30 pm,Pickleflow Social,Court 2,Not Booked,500,15 Sep 14:07
2026-09-15,Tue,2:30 pm to 3:00 pm,Pickleflow Social,Court 2,Not Booked,500,15 Sep 14:37
2026-09-15,Tue,3:00 pm to 3:30 pm,Pickleflow Social,Court 2,Not Booked,500,15 Sep 14:37
2026-09-15,Tue,3:30 pm to 4:00 pm,Pickleflow Social,Court 2,Not Booked,500,15 Sep 14:37
2026-09-15,Tue,4:00 pm to 4:30 pm,Pickleflow Social,Court 2,Not Booked,500,15 Sep 14:37
2026-09-15,Tue,4:30 pm to 5:00 pm,Pickleflow Social,Court 2,Not Booked,500,15 Sep 16:32
2026-09-15,Tue,5:00 pm to 5:30 pm,Pickleflow Social,Court 2,Not Booked,500,15 Sep 17:04
2026-09-15,Tue,5:30 pm to 6:00 pm,Pickleflow Social,Court 2,Not Booked,500,15 Sep 17:04
2026-09-15,Tue,6:00 pm to 6:30 pm,Pickleflow Social,Court 2,Not Booked,500,15 Sep 18:09
2026-09-15,Tue,6:30 pm to 7:00 pm,Pickleflow Social,Court 2,Not Booked,500,15 Sep 18:37
2026-09-15,Tue,7:00 am to 7:30 am,Pickleflow Social,Court 2,Not Booked,500,15 Sep 07:05
2026-09-15,Tue,7:00 pm to 7:30 pm,Pickleflow Social,Court 2,Not Booked,500,15 Sep 19:07
2026-09-15,Tue,7:30 am to 8:00 am,Pickleflow Social,Court 2,Not Booked,500,15 Sep 07:31
2026-09-15,Tue,7:30 pm to 8:00 pm,Pickleflow Social,Court 2,Not Booked,500,15 Sep 19:33
2026-09-15,Tue,8:00 am to 8:30 am,Pickleflow Social,Court 2,Not Booked,500,15 Sep 07:31
2026-09-15,Tue,8:00 pm to 8:30 pm,Pickleflow Social,Court 2,Not Booked,500,15 Sep 20:06
2026-09-15,Tue,8:30 am to 9:00 am,Pickleflow Social,Court 2,Not Booked,500,15 Sep 08:33
2026-09-15,Tue,8:30 pm to 9:00 pm,Pickleflow Social,Court 2,Not Booked,500,15 Sep 20:06
2026-09-15,Tue,9:00 am to 9:30 am,Pickleflow Social,Court 2,Not Booked,500,15 Sep 09:05
2026-09-15,Tue,9:00 pm to 9:30 pm,Pickleflow Social,Court 2,Not Booked,500,15 Sep 21:05
2026-09-15,Tue,9:30 am to 10:00 am,Pickleflow Social,Court 2,Not Booked,500,15 Sep 09:35
2026-09-15,Tue,9:30 pm to 10:00 pm,Pickleflow Social,Court 2,Not Booked,500,15 Sep 21:32
2026-09-15,Tue,10:00 am to 10:30 am,Pickleflow Social,Court 3,Not Booked,500,15 Sep 10:08
2026-09-15,Tue,10:00 pm to 10:30 pm,Pickleflow Social,Court 3,Not Booked,500,15 Sep 21:32
2026-09-15,Tue,10:30 am to 11:00 am,Pickleflow Social,Court 3,Not Booked,500,15 Sep 10:33
2026-09-15,Tue,10:30 pm to 11:00 pm,Pickleflow Social,Court 3,Not Booked,500,15 Sep 22:33
2026-09-15,Tue,11:00 am to 11:30 am,Pickleflow Social,Court 3,Not Booked,500,15 Sep 11:06
2026-09-15,Tue,11:00 pm to 11:30 pm,Pickleflow Social,Court 3,Not Booked,500,15 Sep 23:02
2026-09-15,Tue,11:30 am to 12:00 pm,Pickleflow Social,Court 3,Not Booked,500,15 Sep 11:06
2026-09-15,Tue,11:30 pm to 12:00 am,Pickleflow Social,Court 3,Not Booked,500,15 Sep 23:02
2026-09-15,Tue,12:00 pm to 12:30 pm,Pickleflow Social,Court 3,Not Booked,500,15 Sep 12:11
2026-09-15,Tue,12:30 am to 1:00 am,Pickleflow Social,Court 3,Not Booked,400,15 Sep 00:37
2026-09-15,Tue,12:30 pm to 1:00 pm,Pickleflow Social,Court 3,Not Booked,500,15 Sep 12:38
2026-09-15,Tue,1:00 am to 1:30 am,Pickleflow Social,Court 3,Not Booked,400,15 Sep 01:06
2026-09-15,Tue,1:00 pm to 1:30 pm,Pickleflow Social,Court 3,Not Booked,500,15 Sep 13:08
2026-09-15,Tue,1:30 am to 2:00 am,Pickleflow Social,Court 3,Not Booked,400,15 Sep 01:06
2026-09-15,Tue,1:30 pm to 2:00 pm,Pickleflow Social,Court 3,Not Booked,500,15 Sep 13:35
2026-09-15,Tue,2:00 pm to 2:30 pm,Pickleflow Social,Court 3,Not Booked,500,15 Sep 14:07
2026-09-15,Tue,2:30 pm to 3:00 pm,Pickleflow Social,Court 3,Not Booked,500,15 Sep 14:37
2026-09-15,Tue,3:00 pm to 3:30 pm,Pickleflow Social,Court 3,Not Booked,500,15 Sep 15:07
2026-09-15,Tue,3:30 pm to 4:00 pm,Pickleflow Social,Court 3,Not Booked,500,15 Sep 15:36
2026-09-15,Tue,4:00 pm to 4:30 pm,Pickleflow Social,Court 3,Not Booked,500,15 Sep 16:05
2026-09-15,Tue,4:30 pm to 5:00 pm,Pickleflow Social,Court 3,Not Booked,500,15 Sep 16:32
2026-09-15,Tue,5:00 pm to 5:30 pm,Pickleflow Social,Court 3,Not Booked,500,15 Sep 17:04
2026-09-15,Tue,5:30 pm to 6:00 pm,Pickleflow Social,Court 3,Not Booked,500,15 Sep 17:32
2026-09-15,Tue,6:00 pm to 6:30 pm,Pickleflow Social,Court 3,Not Booked,500,15 Sep 17:32
2026-09-15,Tue,6:30 pm to 7:00 pm,Pickleflow Social,Court 3,Not Booked,500,15 Sep 18:37
2026-09-15,Tue,7:00 am to 7:30 am,Pickleflow Social,Court 3,Not Booked,500,15 Sep 07:05
2026-09-15,Tue,7:00 pm to 7:30 pm,Pickleflow Social,Court 3,Not Booked,500,15 Sep 19:07
2026-09-15,Tue,7:30 am to 8:00 am,Pickleflow Social,Court 3,Not Booked,500,15 Sep 07:05
2026-09-15,Tue,7:30 pm to 8:00 pm,Pickleflow Social,Court 3,Not Booked,500,15 Sep 19:33
2026-09-15,Tue,8:00 am to 8:30 am,Pickleflow Social,Court 3,Not Booked,500,15 Sep 08:07
2026-09-15,Tue,8:00 pm to 8:30 pm,Pickleflow Social,Court 3,Not Booked,500,15 Sep 20:06
2026-09-15,Tue,8:30 am to 9:00 am,Pickleflow Social,Court 3,Not Booked,500,15 Sep 08:33
2026-09-15,Tue,8:30 pm to 9:00 pm,Pickleflow Social,Court 3,Not Booked,500,15 Sep 20:32
2026-09-15,Tue,9:00 am to 9:30 am,Pickleflow Social,Court 3,Not Booked,500,15 Sep 09:05
2026-09-15,Tue,9:00 pm to 9:30 pm,Pickleflow Social,Court 3,Not Booked,500,15 Sep 21:05
2026-09-15,Tue,9:30 am to 10:00 am,Pickleflow Social,Court 3,Not Booked,500,15 Sep 09:35
2026-09-15,Tue,9:30 pm to 10:00 pm,Pickleflow Social,Court 3,Not Booked,500,15 Sep 21:32
2026-09-15,Tue,10:00 am to 11:00 am,Pickleplay 121 | Indoor Arena,Court 1,Not Booked,700,15 Sep 10:33
2026-09-15,Tue,10:00 pm to 11:00 pm,Pickleplay 121 | Indoor Arena,Court 1,Not Booked,700,15 Sep 22:33
2026-09-15,Tue,11:00 am to 12:00 pm,Pickleplay 121 | Indoor Arena,Court 1,Not Booked,700,15 Sep 11:33
2026-09-15,Tue,11:00 pm to 12:00 am,Pickleplay 121 | Indoor Arena,Court 1,Not Booked,700,15 Sep 23:30
2026-09-15,Tue,12:00 am to 1:00 am,Pickleplay 121 | Indoor Arena,Court 1,Not Booked,700,15 Sep 00:37
2026-09-15,Tue,12:00 pm to 1:00 pm,Pickleplay 121 | Indoor Arena,Court 1,Not Booked,700,15 Sep 12:38
2026-09-15,Tue,1:00 pm to 2:00 pm,Pickleplay 121 | Indoor Arena,Court 1,Not Booked,700,15 Sep 13:35
2026-09-15,Tue,2:00 pm to 3:00 pm,Pickleplay 121 | Indoor Arena,Court 1,Not Booked,700,15 Sep 14:37
2026-09-15,Tue,3:00 pm to 4:00 pm,Pickleplay 121 | Indoor Arena,Court 1,Not Booked,700,15 Sep 15:36
2026-09-15,Tue,4:00 pm to 5:00 pm,Pickleplay 121 | Indoor Arena,Court 1,Not Booked,700,15 Sep 16:32
2026-09-15,Tue,5:00 pm to 6:00 pm,Pickleplay 121 | Indoor Arena,Court 1,Not Booked,700,15 Sep 17:32
2026-09-15,Tue,6:00 am to 7:00 am,Pickleplay 121 | Indoor Arena,Court 1,Not Booked,700,15 Sep 06:38
2026-09-15,Tue,6:00 pm to 7:00 pm,Pickleplay 121 | Indoor Arena,Court 1,Not Booked,700,15 Sep 18:37
2026-09-15,Tue,7:00 am to 8:00 am,Pickleplay 121 | Indoor Arena,Court 1,Not Booked,700,15 Sep 07:05
2026-09-15,Tue,7:00 pm to 8:00 pm,Pickleplay 121 | Indoor Arena,Court 1,Not Booked,700,15 Sep 19:33
2026-09-15,Tue,8:00 pm to 9:00 pm,Pickleplay 121 | Indoor Arena,Court 1,Not Booked,700,15 Sep 20:32
2026-09-15,Tue,9:00 pm to 10:00 pm,Pickleplay 121 | Indoor Arena,Court 1,Not Booked,700,15 Sep 21:32
2026-09-15,Tue,10:00 am to 11:00 am,Pickleplay 121 | Indoor Arena,Court 2,Not Booked,700,15 Sep 10:33
2026-09-15,Tue,10:00 pm to 11:00 pm,Pickleplay 121 | Indoor Arena,Court 2,Not Booked,700,15 Sep 22:33
2026-09-15,Tue,11:00 am to 12:00 pm,Pickleplay 121 | Indoor Arena,Court 2,Not Booked,700,15 Sep 11:33
2026-09-15,Tue,11:00 pm to 12:00 am,Pickleplay 121 | Indoor Arena,Court 2,Not Booked,700,15 Sep 23:30
2026-09-15,Tue,12:00 am to 1:00 am,Pickleplay 121 | Indoor Arena,Court 2,Not Booked,700,15 Sep 00:37
2026-09-15,Tue,12:00 pm to 1:00 pm,Pickleplay 121 | Indoor Arena,Court 2,Not Booked,700,15 Sep 12:38
2026-09-15,Tue,1:00 pm to 2:00 pm,Pickleplay 121 | Indoor Arena,Court 2,Not Booked,700,15 Sep 13:35
2026-09-15,Tue,2:00 pm to 3:00 pm,Pickleplay 121 | Indoor Arena,Court 2,Not Booked,700,15 Sep 14:37
2026-09-15,Tue,3:00 pm to 4:00 pm,Pickleplay 121 | Indoor Arena,Court 2,Not Booked,700,15 Sep 15:36
2026-09-15,Tue,4:00 pm to 5:00 pm,Pickleplay 121 | Indoor Arena,Court 2,Not Booked,700,15 Sep 16:32
2026-09-15,Tue,5:00 pm to 6:00 pm,Pickleplay 121 | Indoor Arena,Court 2,Not Booked,700,15 Sep 17:32
2026-09-15,Tue,6:00 am to 7:00 am,Pickleplay 121 | Indoor Arena,Court 2,Not Booked,700,15 Sep 06:38
2026-09-15,Tue,6:00 pm to 7:00 pm,Pickleplay 121 | Indoor Arena,Court 2,Not Booked,700,15 Sep 18:37
2026-09-15,Tue,7:00 am to 8:00 am,Pickleplay 121 | Indoor Arena,Court 2,Not Booked,700,15 Sep 07:31
2026-09-15,Tue,7:00 pm to 8:00 pm,Pickleplay 121 | Indoor Arena,Court 2,Not Booked,700,15 Sep 19:33
2026-09-15,Tue,8:00 am to 9:00 am,Pickleplay 121 | Indoor Arena,Court 2,Not Booked,700,15 Sep 08:33
2026-09-15,Tue,8:00 pm to 9:00 pm,Pickleplay 121 | Indoor Arena,Court 2,Not Booked,700,15 Sep 20:32
2026-09-15,Tue,9:00 am to 10:00 am,Pickleplay 121 | Indoor Arena,Court 2,Not Booked,700,15 Sep 09:35
2026-09-15,Tue,9:00 pm to 10:00 pm,Pickleplay 121 | Indoor Arena,Court 2,Not Booked,700,15 Sep 21:32
2026-09-15,Tue,10:00 am to 11:00 am,Pickleplay 121 | Indoor Arena,Court 3,Not Booked,700,15 Sep 10:33
2026-09-15,Tue,10:00 pm to 11:00 pm,Pickleplay 121 | Indoor Arena,Court 3,Not Booked,700,15 Sep 22:33
2026-09-15,Tue,11:00 am to 12:00 pm,Pickleplay 121 | Indoor Arena,Court 3,Not Booked,700,15 Sep 11:33
2026-09-15,Tue,11:00 pm to 12:00 am,Pickleplay 121 | Indoor Arena,Court 3,Not Booked,700,15 Sep 23:30
2026-09-15,Tue,12:00 am to 1:00 am,Pickleplay 121 | Indoor Arena,Court 3,Not Booked,700,15 Sep 00:37
2026-09-15,Tue,12:00 pm to 1:00 pm,Pickleplay 121 | Indoor Arena,Court 3,Not Booked,700,15 Sep 12:38
2026-09-15,Tue,1:00 pm to 2:00 pm,Pickleplay 121 | Indoor Arena,Court 3,Not Booked,700,15 Sep 13:35
2026-09-15,Tue,2:00 pm to 3:00 pm,Pickleplay 121 | Indoor Arena,Court 3,Not Booked,700,15 Sep 12:38
2026-09-15,Tue,3:00 pm to 4:00 pm,Pickleplay 121 | Indoor Arena,Court 3,Not Booked,700,15 Sep 15:36
2026-09-15,Tue,4:00 pm to 5:00 pm,Pickleplay 121 | Indoor Arena,Court 3,Not Booked,700,15 Sep 16:32
2026-09-15,Tue,5:00 pm to 6:00 pm,Pickleplay 121 | Indoor Arena,Court 3,Not Booked,700,15 Sep 17:32
2026-09-15,Tue,6:00 am to 7:00 am,Pickleplay 121 | Indoor Arena,Court 3,Not Booked,700,15 Sep 06:38
2026-09-15,Tue,6:00 pm to 7:00 pm,Pickleplay 121 | Indoor Arena,Court 3,Not Booked,700,15 Sep 18:37
2026-09-15,Tue,7:00 am to 8:00 am,Pickleplay 121 | Indoor Arena,Court 3,Not Booked,700,15 Sep 07:31
2026-09-15,Tue,7:00 pm to 8:00 pm,Pickleplay 121 | Indoor Arena,Court 3,Not Booked,700,15 Sep 19:33
2026-09-15,Tue,8:00 am to 9:00 am,Pickleplay 121 | Indoor Arena,Court 3,Not Booked,700,15 Sep 08:33
2026-09-15,Tue,8:00 pm to 9:00 pm,Pickleplay 121 | Indoor Arena,Court 3,Not Booked,700,15 Sep 20:32
2026-09-15,Tue,9:00 am to 10:00 am,Pickleplay 121 | Indoor Arena,Court 3,Not Booked,700,15 Sep 09:35
2026-09-15,Tue,9:00 pm to 10:00 pm,Pickleplay 121 | Indoor Arena,Court 3,Not Booked,700,15 Sep 16:05
2026-09-15,Tue,10:00 am to 10:30 am,Pitch Please X TSG Sports Arena,Court 1,Not Booked,300,15 Sep 10:08
2026-09-15,Tue,10:30 am to 11:00 am,Pitch Please X TSG Sports Arena,Court 1,Not Booked,300,15 Sep 10:33
2026-09-15,Tue,11:00 am to 11:30 am,Pitch Please X TSG Sports Arena,Court 1,Not Booked,300,15 Sep 11:06
2026-09-15,Tue,11:00 pm to 11:30 pm,Pitch Please X TSG Sports Arena,Court 1,Not Booked,300,15 Sep 23:02
2026-09-15,Tue,11:30 am to 12:00 pm,Pitch Please X TSG Sports Arena,Court 1,Not Booked,300,15 Sep 11:33
2026-09-15,Tue,11:30 pm to 12:00 am,Pitch Please X TSG Sports Arena,Court 1,Not Booked,300,15 Sep 23:30
2026-09-15,Tue,12:00 pm to 12:30 pm,Pitch Please X TSG Sports Arena,Court 1,Not Booked,300,15 Sep 12:11
2026-09-15,Tue,12:30 am to 1:00 am,Pitch Please X TSG Sports Arena,Court 1,Not Booked,300,15 Sep 00:37
2026-09-15,Tue,12:30 pm to 1:00 pm,Pitch Please X TSG Sports Arena,Court 1,Not Booked,300,15 Sep 12:38
2026-09-15,Tue,1:00 am to 1:30 am,Pitch Please X TSG Sports Arena,Court 1,Not Booked,300,15 Sep 01:06
2026-09-15,Tue,1:00 pm to 1:30 pm,Pitch Please X TSG Sports Arena,Court 1,Not Booked,300,15 Sep 13:08
2026-09-15,Tue,1:30 am to 2:00 am,Pitch Please X TSG Sports Arena,Court 1,Not Booked,300,15 Sep 01:31
2026-09-15,Tue,1:30 pm to 2:00 pm,Pitch Please X TSG Sports Arena,Court 1,Not Booked,300,15 Sep 13:35
2026-09-15,Tue,2:00 am to 2:30 am,Pitch Please X TSG Sports Arena,Court 1,Not Booked,300,15 Sep 02:06
2026-09-15,Tue,2:00 pm to 2:30 pm,Pitch Please X TSG Sports Arena,Court 1,Not Booked,300,15 Sep 14:07
2026-09-15,Tue,2:30 am to 3:00 am,Pitch Please X TSG Sports Arena,Court 1,Not Booked,300,15 Sep 02:31
2026-09-15,Tue,2:30 pm to 3:00 pm,Pitch Please X TSG Sports Arena,Court 1,Not Booked,300,15 Sep 14:37
2026-09-15,Tue,5:00 am to 5:30 am,Pitch Please X TSG Sports Arena,Court 1,Not Booked,300,15 Sep 05:05
2026-09-15,Tue,5:30 am to 6:00 am,Pitch Please X TSG Sports Arena,Court 1,Not Booked,300,15 Sep 05:05
2026-09-15,Tue,6:00 am to 6:30 am,Pitch Please X TSG Sports Arena,Court 1,Not Booked,300,15 Sep 06:13
2026-09-15,Tue,6:00 pm to 6:30 pm,Pitch Please X TSG Sports Arena,Court 1,Booked,300,15 Sep 18:09
2026-09-15,Tue,6:30 am to 7:00 am,Pitch Please X TSG Sports Arena,Court 1,Not Booked,300,15 Sep 06:38
2026-09-15,Tue,6:30 pm to 7:00 pm,Pitch Please X TSG Sports Arena,Court 1,Booked,300,15 Sep 18:37
2026-09-15,Tue,7:00 am to 7:30 am,Pitch Please X TSG Sports Arena,Court 1,Not Booked,300,15 Sep 07:05
2026-09-15,Tue,7:30 am to 8:00 am,Pitch Please X TSG Sports Arena,Court 1,Not Booked,300,15 Sep 07:31
2026-09-15,Tue,8:00 am to 8:30 am,Pitch Please X TSG Sports Arena,Court 1,Not Booked,300,15 Sep 08:07
2026-09-15,Tue,8:30 am to 9:00 am,Pitch Please X TSG Sports Arena,Court 1,Not Booked,300,15 Sep 08:33
2026-09-15,Tue,9:00 am to 9:30 am,Pitch Please X TSG Sports Arena,Court 1,Not Booked,300,15 Sep 09:05
2026-09-15,Tue,9:30 am to 10:00 am,Pitch Please X TSG Sports Arena,Court 1,Not Booked,300,15 Sep 09:35
2026-09-15,Tue,10:00 am to 10:30 am,Pitch Please X TSG Sports Arena,Court 2,Not Booked,300,15 Sep 10:08
2026-09-15,Tue,10:30 am to 11:00 am,Pitch Please X TSG Sports Arena,Court 2,Not Booked,300,15 Sep 10:33
2026-09-15,Tue,11:00 am to 11:30 am,Pitch Please X TSG Sports Arena,Court 2,Not Booked,300,15 Sep 11:06
2026-09-15,Tue,11:00 pm to 11:30 pm,Pitch Please X TSG Sports Arena,Court 2,Not Booked,300,15 Sep 23:02
2026-09-15,Tue,11:30 am to 12:00 pm,Pitch Please X TSG Sports Arena,Court 2,Not Booked,300,15 Sep 11:33
2026-09-15,Tue,11:30 pm to 12:00 am,Pitch Please X TSG Sports Arena,Court 2,Not Booked,300,15 Sep 23:30
2026-09-15,Tue,12:00 pm to 12:30 pm,Pitch Please X TSG Sports Arena,Court 2,Not Booked,300,15 Sep 12:11
2026-09-15,Tue,12:30 am to 1:00 am,Pitch Please X TSG Sports Arena,Court 2,Not Booked,300,15 Sep 00:37
2026-09-15,Tue,12:30 pm to 1:00 pm,Pitch Please X TSG Sports Arena,Court 2,Not Booked,300,15 Sep 12:38
2026-09-15,Tue,1:00 am to 1:30 am,Pitch Please X TSG Sports Arena,Court 2,Not Booked,300,15 Sep 01:06
2026-09-15,Tue,1:00 pm to 1:30 pm,Pitch Please X TSG Sports Arena,Court 2,Not Booked,300,15 Sep 13:08
2026-09-15,Tue,1:30 am to 2:00 am,Pitch Please X TSG Sports Arena,Court 2,Not Booked,300,15 Sep 01:31
2026-09-15,Tue,1:30 pm to 2:00 pm,Pitch Please X TSG Sports Arena,Court 2,Not Booked,300,15 Sep 13:35
2026-09-15,Tue,2:00 am to 2:30 am,Pitch Please X TSG Sports Arena,Court 2,Not Booked,300,15 Sep 02:06
2026-09-15,Tue,2:00 pm to 2:30 pm,Pitch Please X TSG Sports Arena,Court 2,Not Booked,300,15 Sep 13:35
2026-09-15,Tue,2:30 am to 3:00 am,Pitch Please X TSG Sports Arena,Court 2,Not Booked,300,15 Sep 02:31
2026-09-15,Tue,2:30 pm to 3:00 pm,Pitch Please X TSG Sports Arena,Court 2,Not Booked,300,15 Sep 14:37
2026-09-15,Tue,5:00 am to 5:30 am,Pitch Please X TSG Sports Arena,Court 2,Not Booked,300,15 Sep 05:27
2026-09-15,Tue,5:30 am to 6:00 am,Pitch Please X TSG Sports Arena,Court 2,Not Booked,300,15 Sep 05:27
2026-09-15,Tue,6:00 am to 6:30 am,Pitch Please X TSG Sports Arena,Court 2,Not Booked,300,15 Sep 06:13
2026-09-15,Tue,6:30 am to 7:00 am,Pitch Please X TSG Sports Arena,Court 2,Not Booked,300,15 Sep 06:38
2026-09-15,Tue,7:00 am to 7:30 am,Pitch Please X TSG Sports Arena,Court 2,Not Booked,300,15 Sep 07:05
2026-09-15,Tue,7:30 am to 8:00 am,Pitch Please X TSG Sports Arena,Court 2,Not Booked,300,15 Sep 07:05
2026-09-15,Tue,8:00 am to 8:30 am,Pitch Please X TSG Sports Arena,Court 2,Not Booked,300,15 Sep 08:07
2026-09-15,Tue,8:30 am to 9:00 am,Pitch Please X TSG Sports Arena,Court 2,Not Booked,300,15 Sep 08:33
2026-09-15,Tue,9:00 am to 9:30 am,Pitch Please X TSG Sports Arena,Court 2,Not Booked,300,15 Sep 09:05
2026-09-15,Tue,9:30 am to 10:00 am,Pitch Please X TSG Sports Arena,Court 2,Not Booked,300,15 Sep 09:35
2026-09-15,Tue,10:00 pm to 10:30 pm,PlayAll BSIC Noida 46,Court 1,Not Booked,300,15 Sep 17:32
2026-09-15,Tue,10:30 pm to 11:00 pm,PlayAll BSIC Noida 46,Court 1,Not Booked,300,15 Sep 17:32
2026-09-15,Tue,3:00 pm to 3:30 pm,PlayAll BSIC Noida 46,Court 1,Not Booked,150,15 Sep 15:07
2026-09-15,Tue,3:30 pm to 4:00 pm,PlayAll BSIC Noida 46,Court 1,Not Booked,150,15 Sep 15:36
2026-09-15,Tue,4:00 pm to 4:30 pm,PlayAll BSIC Noida 46,Court 1,Not Booked,150,15 Sep 16:05
2026-09-15,Tue,4:30 pm to 5:00 pm,PlayAll BSIC Noida 46,Court 1,Not Booked,150,15 Sep 16:32
2026-09-15,Tue,5:00 pm to 5:30 pm,PlayAll BSIC Noida 46,Court 1,Not Booked,150,15 Sep 17:04
2026-09-15,Tue,5:30 pm to 6:00 pm,PlayAll BSIC Noida 46,Court 1,Not Booked,150,15 Sep 17:32
2026-09-15,Tue,6:00 pm to 6:30 pm,PlayAll BSIC Noida 46,Court 1,Not Booked,200,15 Sep 18:09
2026-09-15,Tue,6:30 pm to 7:00 pm,PlayAll BSIC Noida 46,Court 1,Not Booked,200,15 Sep 18:37
2026-09-15,Tue,7:00 pm to 7:30 pm,PlayAll BSIC Noida 46,Court 1,Not Booked,300,15 Sep 17:04
2026-09-15,Tue,7:30 pm to 8:00 pm,PlayAll BSIC Noida 46,Court 1,Not Booked,300,15 Sep 17:04
2026-09-15,Tue,8:00 pm to 8:30 pm,PlayAll BSIC Noida 46,Court 1,Not Booked,300,15 Sep 17:04
2026-09-15,Tue,8:30 pm to 9:00 pm,PlayAll BSIC Noida 46,Court 1,Not Booked,300,15 Sep 17:04
2026-09-15,Tue,9:00 pm to 9:30 pm,PlayAll BSIC Noida 46,Court 1,Not Booked,300,15 Sep 19:33
2026-09-15,Tue,9:30 pm to 10:00 pm,PlayAll BSIC Noida 46,Court 1,Not Booked,300,15 Sep 19:33
2026-09-15,Tue,10:00 pm to 10:30 pm,PlayAll BSIC Noida 46,Court 2,Not Booked,300,15 Sep 22:06
2026-09-15,Tue,10:30 pm to 11:00 pm,PlayAll BSIC Noida 46,Court 2,Not Booked,300,15 Sep 22:33
2026-09-15,Tue,3:00 pm to 3:30 pm,PlayAll BSIC Noida 46,Court 2,Not Booked,150,15 Sep 15:07
2026-09-15,Tue,3:30 pm to 4:00 pm,PlayAll BSIC Noida 46,Court 2,Not Booked,150,15 Sep 15:36
2026-09-15,Tue,4:00 pm to 4:30 pm,PlayAll BSIC Noida 46,Court 2,Not Booked,150,15 Sep 16:05
2026-09-15,Tue,4:30 pm to 5:00 pm,PlayAll BSIC Noida 46,Court 2,Not Booked,150,15 Sep 16:32
2026-09-15,Tue,5:00 pm to 5:30 pm,PlayAll BSIC Noida 46,Court 2,Not Booked,150,15 Sep 17:04
2026-09-15,Tue,5:30 pm to 6:00 pm,PlayAll BSIC Noida 46,Court 2,Not Booked,150,15 Sep 17:32
2026-09-15,Tue,6:00 pm to 6:30 pm,PlayAll BSIC Noida 46,Court 2,Not Booked,200,15 Sep 18:09
2026-09-15,Tue,6:30 pm to 7:00 pm,PlayAll BSIC Noida 46,Court 2,Not Booked,200,15 Sep 18:37
2026-09-15,Tue,7:00 pm to 7:30 pm,PlayAll BSIC Noida 46,Court 2,Not Booked,300,15 Sep 19:07
2026-09-15,Tue,7:30 pm to 8:00 pm,PlayAll BSIC Noida 46,Court 2,Not Booked,300,15 Sep 19:33
2026-09-15,Tue,8:00 pm to 8:30 pm,PlayAll BSIC Noida 46,Court 2,Not Booked,300,15 Sep 20:06
2026-09-15,Tue,8:30 pm to 9:00 pm,PlayAll BSIC Noida 46,Court 2,Not Booked,300,15 Sep 20:32
2026-09-15,Tue,9:00 pm to 9:30 pm,PlayAll BSIC Noida 46,Court 2,Not Booked,300,15 Sep 21:05
2026-09-15,Tue,9:30 pm to 10:00 pm,PlayAll BSIC Noida 46,Court 2,Not Booked,300,15 Sep 21:32
2026-09-15,Tue,10:00 pm to 10:30 pm,PlayAll BSIC Noida 46,Court 3,Not Booked,300,15 Sep 22:06
2026-09-15,Tue,10:30 pm to 11:00 pm,PlayAll BSIC Noida 46,Court 3,Not Booked,300,15 Sep 22:33
2026-09-15,Tue,3:00 pm to 3:30 pm,PlayAll BSIC Noida 46,Court 3,Not Booked,150,15 Sep 15:07
2026-09-15,Tue,3:30 pm to 4:00 pm,PlayAll BSIC Noida 46,Court 3,Not Booked,150,15 Sep 15:36
2026-09-15,Tue,4:00 pm to 4:30 pm,PlayAll BSIC Noida 46,Court 3,Not Booked,150,15 Sep 16:05
2026-09-15,Tue,4:30 pm to 5:00 pm,PlayAll BSIC Noida 46,Court 3,Not Booked,150,15 Sep 16:05
2026-09-15,Tue,5:00 pm to 5:30 pm,PlayAll BSIC Noida 46,Court 3,Not Booked,150,15 Sep 16:05
2026-09-15,Tue,5:30 pm to 6:00 pm,PlayAll BSIC Noida 46,Court 3,Not Booked,150,15 Sep 16:05
2026-09-15,Tue,6:00 pm to 6:30 pm,PlayAll BSIC Noida 46,Court 3,Not Booked,200,15 Sep 16:05
2026-09-15,Tue,6:30 pm to 7:00 pm,PlayAll BSIC Noida 46,Court 3,Not Booked,200,15 Sep 18:37
2026-09-15,Tue,7:00 pm to 7:30 pm,PlayAll BSIC Noida 46,Court 3,Not Booked,300,15 Sep 19:07
2026-09-15,Tue,7:30 pm to 8:00 pm,PlayAll BSIC Noida 46,Court 3,Not Booked,300,15 Sep 19:33
2026-09-15,Tue,8:00 pm to 8:30 pm,PlayAll BSIC Noida 46,Court 3,Not Booked,300,15 Sep 20:06
2026-09-15,Tue,8:30 pm to 9:00 pm,PlayAll BSIC Noida 46,Court 3,Not Booked,300,15 Sep 20:32
2026-09-15,Tue,9:00 pm to 9:30 pm,PlayAll BSIC Noida 46,Court 3,Not Booked,300,15 Sep 21:05
2026-09-15,Tue,9:30 pm to 10:00 pm,PlayAll BSIC Noida 46,Court 3,Not Booked,300,15 Sep 21:32
2026-09-15,Tue,10:00 pm to 11:00 pm,PlayAll MPS Noida 11,Court 1,Not Booked,200,15 Sep 21:05
2026-09-15,Tue,10:30 pm to 11:30 pm,PlayAll MPS Noida 11,Court 1,Not Booked,200,15 Sep 21:05
2026-09-15,Tue,11:00 pm to 12:00 am,PlayAll MPS Noida 11,Court 1,Not Booked,175,15 Sep 23:30
2026-09-15,Tue,11:30 pm to 12:30 am,PlayAll MPS Noida 11,Court 1,Not Booked,175,16 Sep 00:09
2026-09-15,Tue,3:00 pm to 4:00 pm,PlayAll MPS Noida 11,Court 1,Not Booked,150,15 Sep 15:36
2026-09-15,Tue,3:30 pm to 4:30 pm,PlayAll MPS Noida 11,Court 1,Not Booked,150,15 Sep 15:36
2026-09-15,Tue,4:00 pm to 5:00 pm,PlayAll MPS Noida 11,Court 1,Not Booked,150,15 Sep 15:36
2026-09-15,Tue,4:30 pm to 5:30 pm,PlayAll MPS Noida 11,Court 1,Not Booked,150,15 Sep 17:04
2026-09-15,Tue,5:00 pm to 6:00 pm,PlayAll MPS Noida 11,Court 1,Not Booked,150,15 Sep 17:32
2026-09-15,Tue,5:30 pm to 6:30 pm,PlayAll MPS Noida 11,Court 1,Not Booked,150,15 Sep 17:32
2026-09-15,Tue,6:00 pm to 7:00 pm,PlayAll MPS Noida 11,Court 1,Not Booked,200,15 Sep 18:37
2026-09-15,Tue,6:30 pm to 7:30 pm,PlayAll MPS Noida 11,Court 1,Not Booked,200,15 Sep 19:07
2026-09-15,Tue,7:00 pm to 8:00 pm,PlayAll MPS Noida 11,Court 1,Not Booked,200,15 Sep 19:07
2026-09-15,Tue,7:30 pm to 8:30 pm,PlayAll MPS Noida 11,Court 1,Not Booked,200,15 Sep 20:06
2026-09-15,Tue,8:00 pm to 9:00 pm,PlayAll MPS Noida 11,Court 1,Not Booked,200,15 Sep 20:32
2026-09-15,Tue,8:30 pm to 9:30 pm,PlayAll MPS Noida 11,Court 1,Not Booked,200,15 Sep 21:05
2026-09-15,Tue,9:00 pm to 10:00 pm,PlayAll MPS Noida 11,Court 1,Not Booked,200,15 Sep 15:36
2026-09-15,Tue,9:30 pm to 10:30 pm,PlayAll MPS Noida 11,Court 1,Not Booked,200,15 Sep 15:36
2026-09-15,Tue,10:00 pm to 11:00 pm,PlayAll MPS Noida 11,Court 2,Not Booked,200,15 Sep 21:32
2026-09-15,Tue,10:30 pm to 11:30 pm,PlayAll MPS Noida 11,Court 2,Not Booked,200,15 Sep 23:02
2026-09-15,Tue,11:00 pm to 12:00 am,PlayAll MPS Noida 11,Court 2,Not Booked,175,15 Sep 23:30
2026-09-15,Tue,11:30 pm to 12:30 am,PlayAll MPS Noida 11,Court 2,Not Booked,175,16 Sep 00:09
2026-09-15,Tue,3:00 pm to 4:00 pm,PlayAll MPS Noida 11,Court 2,Not Booked,150,15 Sep 14:07
2026-09-15,Tue,3:30 pm to 4:30 pm,PlayAll MPS Noida 11,Court 2,Not Booked,150,15 Sep 16:05
2026-09-15,Tue,4:00 pm to 5:00 pm,PlayAll MPS Noida 11,Court 2,Not Booked,150,15 Sep 16:32
2026-09-15,Tue,4:30 pm to 5:30 pm,PlayAll MPS Noida 11,Court 2,Not Booked,150,15 Sep 16:32
2026-09-15,Tue,5:00 pm to 6:00 pm,PlayAll MPS Noida 11,Court 2,Not Booked,150,15 Sep 17:32
2026-09-15,Tue,5:30 pm to 6:30 pm,PlayAll MPS Noida 11,Court 2,Not Booked,150,15 Sep 17:32
2026-09-15,Tue,6:00 pm to 7:00 pm,PlayAll MPS Noida 11,Court 2,Not Booked,200,15 Sep 18:37
2026-09-15,Tue,6:30 pm to 7:30 pm,PlayAll MPS Noida 11,Court 2,Not Booked,200,15 Sep 19:07
2026-09-15,Tue,7:00 pm to 8:00 pm,PlayAll MPS Noida 11,Court 2,Not Booked,200,15 Sep 19:33
2026-09-15,Tue,7:30 pm to 8:30 pm,PlayAll MPS Noida 11,Court 2,Not Booked,200,15 Sep 20:06
2026-09-15,Tue,8:00 pm to 9:00 pm,PlayAll MPS Noida 11,Court 2,Not Booked,200,15 Sep 20:32
2026-09-15,Tue,8:30 pm to 9:30 pm,PlayAll MPS Noida 11,Court 2,Not Booked,200,15 Sep 21:05
2026-09-15,Tue,9:00 pm to 10:00 pm,PlayAll MPS Noida 11,Court 2,Not Booked,200,15 Sep 21:32
2026-09-15,Tue,9:30 pm to 10:30 pm,PlayAll MPS Noida 11,Court 2,Not Booked,200,15 Sep 21:32
2026-09-15,Tue,10:00 pm to 11:00 pm,PlayAll MPS Noida 11,Court 3,Not Booked,200,15 Sep 22:33
2026-09-15,Tue,10:30 pm to 11:30 pm,PlayAll MPS Noida 11,Court 3,Not Booked,200,15 Sep 23:02
2026-09-15,Tue,11:00 pm to 12:00 am,PlayAll MPS Noida 11,Court 3,Not Booked,175,15 Sep 23:30
2026-09-15,Tue,11:30 pm to 12:30 am,PlayAll MPS Noida 11,Court 3,Not Booked,175,16 Sep 00:09
2026-09-15,Tue,3:00 pm to 4:00 pm,PlayAll MPS Noida 11,Court 3,Not Booked,150,15 Sep 15:36
2026-09-15,Tue,3:30 pm to 4:30 pm,PlayAll MPS Noida 11,Court 3,Not Booked,150,15 Sep 16:05
2026-09-15,Tue,4:00 pm to 5:00 pm,PlayAll MPS Noida 11,Court 3,Not Booked,150,15 Sep 16:32
2026-09-15,Tue,4:30 pm to 5:30 pm,PlayAll MPS Noida 11,Court 3,Not Booked,150,15 Sep 17:04
2026-09-15,Tue,5:00 pm to 6:00 pm,PlayAll MPS Noida 11,Court 3,Not Booked,150,15 Sep 17:32
2026-09-15,Tue,5:30 pm to 6:30 pm,PlayAll MPS Noida 11,Court 3,Not Booked,150,15 Sep 17:32
2026-09-15,Tue,6:00 pm to 7:00 pm,PlayAll MPS Noida 11,Court 3,Not Booked,200,15 Sep 18:09
2026-09-15,Tue,6:30 pm to 7:30 pm,PlayAll MPS Noida 11,Court 3,Not Booked,200,15 Sep 19:07
2026-09-15,Tue,7:00 pm to 8:00 pm,PlayAll MPS Noida 11,Court 3,Not Booked,200,15 Sep 19:07
2026-09-15,Tue,8:30 pm to 9:30 pm,PlayAll MPS Noida 11,Court 3,Not Booked,200,15 Sep 21:05
2026-09-15,Tue,9:00 pm to 10:00 pm,PlayAll MPS Noida 11,Court 3,Not Booked,200,15 Sep 21:05
2026-09-15,Tue,9:30 pm to 10:30 pm,PlayAll MPS Noida 11,Court 3,Not Booked,200,15 Sep 22:06
2026-09-15,Tue,10:00 pm to 11:00 pm,PlayAll Noida 105,Court 1,Not Booked,300,15 Sep 21:05
2026-09-15,Tue,10:30 pm to 11:30 pm,PlayAll Noida 105,Court 1,Not Booked,300,15 Sep 21:05
2026-09-15,Tue,11:00 pm to 12:00 am,PlayAll Noida 105,Court 1,Not Booked,300,15 Sep 23:02
2026-09-15,Tue,11:30 pm to 12:30 am,PlayAll Noida 105,Court 1,Not Booked,300,15 Sep 23:02
2026-09-15,Tue,2:30 pm to 3:30 pm,PlayAll Noida 105,Court 1,Not Booked,150,15 Sep 13:08
2026-09-15,Tue,3:00 pm to 4:00 pm,PlayAll Noida 105,Court 1,Not Booked,150,15 Sep 13:08
2026-09-15,Tue,3:30 pm to 4:30 pm,PlayAll Noida 105,Court 1,Not Booked,150,15 Sep 16:05
2026-09-15,Tue,4:00 pm to 5:00 pm,PlayAll Noida 105,Court 1,Not Booked,150,15 Sep 16:32
2026-09-15,Tue,4:30 pm to 5:30 pm,PlayAll Noida 105,Court 1,Not Booked,150,15 Sep 16:32
2026-09-15,Tue,5:00 pm to 6:00 pm,PlayAll Noida 105,Court 1,Not Booked,150,15 Sep 16:32
2026-09-15,Tue,5:30 pm to 6:30 pm,PlayAll Noida 105,Court 1,Not Booked,150,15 Sep 18:09
2026-09-15,Tue,6:00 pm to 7:00 pm,PlayAll Noida 105,Court 1,Not Booked,200,15 Sep 16:32
2026-09-15,Tue,6:30 pm to 7:30 pm,PlayAll Noida 105,Court 1,Not Booked,200,15 Sep 16:32
2026-09-15,Tue,7:00 pm to 8:00 pm,PlayAll Noida 105,Court 1,Not Booked,300,15 Sep 19:33
2026-09-15,Tue,7:30 pm to 8:30 pm,PlayAll Noida 105,Court 1,Not Booked,300,15 Sep 19:33
2026-09-15,Tue,8:00 pm to 9:00 pm,PlayAll Noida 105,Court 1,Not Booked,300,15 Sep 20:32
2026-09-15,Tue,8:30 pm to 9:30 pm,PlayAll Noida 105,Court 1,Not Booked,300,15 Sep 16:32
2026-09-15,Tue,9:00 pm to 10:00 pm,PlayAll Noida 105,Court 1,Not Booked,300,15 Sep 16:32
2026-09-15,Tue,9:30 pm to 10:30 pm,PlayAll Noida 105,Court 1,Not Booked,300,15 Sep 21:05
2026-09-15,Tue,10:00 pm to 11:00 pm,PlayAll Noida 105,Court 2,Not Booked,300,15 Sep 22:06
2026-09-15,Tue,10:30 pm to 11:30 pm,PlayAll Noida 105,Court 2,Not Booked,300,15 Sep 23:02
2026-09-15,Tue,11:00 pm to 12:00 am,PlayAll Noida 105,Court 2,Not Booked,300,15 Sep 23:30
2026-09-15,Tue,11:30 pm to 12:30 am,PlayAll Noida 105,Court 2,Not Booked,300,16 Sep 00:09
2026-09-15,Tue,2:30 pm to 3:30 pm,PlayAll Noida 105,Court 2,Not Booked,150,15 Sep 15:07
2026-09-15,Tue,3:00 pm to 4:00 pm,PlayAll Noida 105,Court 2,Not Booked,150,15 Sep 15:36
2026-09-15,Tue,3:30 pm to 4:30 pm,PlayAll Noida 105,Court 2,Not Booked,150,15 Sep 16:05
2026-09-15,Tue,4:00 pm to 5:00 pm,PlayAll Noida 105,Court 2,Not Booked,150,15 Sep 16:05
2026-09-15,Tue,4:30 pm to 5:30 pm,PlayAll Noida 105,Court 2,Not Booked,150,15 Sep 17:04
2026-09-15,Tue,5:00 pm to 6:00 pm,PlayAll Noida 105,Court 2,Not Booked,150,15 Sep 17:32
2026-09-15,Tue,5:30 pm to 6:30 pm,PlayAll Noida 105,Court 2,Not Booked,150,15 Sep 18:09
2026-09-15,Tue,6:00 pm to 7:00 pm,PlayAll Noida 105,Court 2,Not Booked,200,15 Sep 18:37
2026-09-15,Tue,6:30 pm to 7:30 pm,PlayAll Noida 105,Court 2,Not Booked,200,15 Sep 19:07
2026-09-15,Tue,7:00 pm to 8:00 pm,PlayAll Noida 105,Court 2,Not Booked,300,15 Sep 19:33
2026-09-15,Tue,7:30 pm to 8:30 pm,PlayAll Noida 105,Court 2,Not Booked,300,15 Sep 20:06
2026-09-15,Tue,8:00 pm to 9:00 pm,PlayAll Noida 105,Court 2,Not Booked,300,15 Sep 20:32
2026-09-15,Tue,8:30 pm to 9:30 pm,PlayAll Noida 105,Court 2,Not Booked,300,15 Sep 12:11
2026-09-15,Tue,9:00 pm to 10:00 pm,PlayAll Noida 105,Court 2,Not Booked,300,15 Sep 12:11
2026-09-15,Tue,9:30 pm to 10:30 pm,PlayAll Noida 105,Court 2,Not Booked,300,15 Sep 12:11
2026-09-15,Tue,10:00 pm to 11:00 pm,PlayAll Noida 105,Court 3,Not Booked,300,15 Sep 22:33
2026-09-15,Tue,10:30 pm to 11:30 pm,PlayAll Noida 105,Court 3,Not Booked,300,15 Sep 23:02
2026-09-15,Tue,11:00 pm to 12:00 am,PlayAll Noida 105,Court 3,Not Booked,300,15 Sep 23:30
2026-09-15,Tue,11:30 pm to 12:30 am,PlayAll Noida 105,Court 3,Not Booked,300,15 Sep 23:30
2026-09-15,Tue,2:30 pm to 3:30 pm,PlayAll Noida 105,Court 3,Not Booked,150,15 Sep 15:07
2026-09-15,Tue,3:00 pm to 4:00 pm,PlayAll Noida 105,Court 3,Not Booked,150,15 Sep 15:36
2026-09-15,Tue,3:30 pm to 4:30 pm,PlayAll Noida 105,Court 3,Not Booked,150,15 Sep 16:05
2026-09-15,Tue,4:00 pm to 5:00 pm,PlayAll Noida 105,Court 3,Not Booked,150,15 Sep 16:32
2026-09-15,Tue,4:30 pm to 5:30 pm,PlayAll Noida 105,Court 3,Not Booked,150,15 Sep 17:04
2026-09-15,Tue,5:00 pm to 6:00 pm,PlayAll Noida 105,Court 3,Not Booked,150,15 Sep 17:32
2026-09-15,Tue,5:30 pm to 6:30 pm,PlayAll Noida 105,Court 3,Not Booked,150,15 Sep 17:32
2026-09-15,Tue,6:00 pm to 7:00 pm,PlayAll Noida 105,Court 3,Not Booked,200,15 Sep 18:37
2026-09-15,Tue,6:30 pm to 7:30 pm,PlayAll Noida 105,Court 3,Not Booked,200,15 Sep 17:32
2026-09-15,Tue,7:00 pm to 8:00 pm,PlayAll Noida 105,Court 3,Not Booked,300,15 Sep 17:32
2026-09-15,Tue,7:30 pm to 8:30 pm,PlayAll Noida 105,Court 3,Not Booked,300,15 Sep 20:06
2026-09-15,Tue,8:00 pm to 9:00 pm,PlayAll Noida 105,Court 3,Not Booked,300,15 Sep 20:06
2026-09-15,Tue,8:30 pm to 9:30 pm,PlayAll Noida 105,Court 3,Not Booked,300,15 Sep 21:05
2026-09-15,Tue,9:00 pm to 10:00 pm,PlayAll Noida 105,Court 3,Not Booked,300,15 Sep 19:07
2026-09-15,Tue,9:30 pm to 10:30 pm,PlayAll Noida 105,Court 3,Not Booked,300,15 Sep 19:07
2026-09-15,Tue,10:00 am to 11:00 am,PlayAll Noida 73,Court 1,Not Booked,150,15 Sep 10:08
2026-09-15,Tue,10:00 pm to 11:00 pm,PlayAll Noida 73,Court 1,Not Booked,250,15 Sep 22:33
2026-09-15,Tue,10:30 am to 11:30 am,PlayAll Noida 73,Court 1,Not Booked,150,15 Sep 11:06
2026-09-15,Tue,10:30 pm to 11:30 pm,PlayAll Noida 73,Court 1,Not Booked,250,15 Sep 23:02
2026-09-15,Tue,11:00 am to 12:00 pm,PlayAll Noida 73,Court 1,Not Booked,150,15 Sep 11:33
2026-09-15,Tue,11:00 pm to 12:00 am,PlayAll Noida 73,Court 1,Not Booked,200,15 Sep 23:30
2026-09-15,Tue,11:30 am to 12:30 pm,PlayAll Noida 73,Court 1,Not Booked,150,15 Sep 11:33
2026-09-15,Tue,11:30 pm to 12:30 am,PlayAll Noida 73,Court 1,Not Booked,200,16 Sep 00:09
2026-09-15,Tue,12:00 pm to 1:00 pm,PlayAll Noida 73,Court 1,Not Booked,150,15 Sep 12:11
2026-09-15,Tue,12:30 pm to 1:30 pm,PlayAll Noida 73,Court 1,Not Booked,150,15 Sep 12:38
2026-09-15,Tue,1:00 pm to 2:00 pm,PlayAll Noida 73,Court 1,Not Booked,150,15 Sep 13:08
2026-09-15,Tue,1:30 pm to 2:30 pm,PlayAll Noida 73,Court 1,Not Booked,150,15 Sep 14:07
2026-09-15,Tue,2:00 pm to 3:00 pm,PlayAll Noida 73,Court 1,Not Booked,150,15 Sep 14:37
2026-09-15,Tue,2:30 pm to 3:30 pm,PlayAll Noida 73,Court 1,Not Booked,150,15 Sep 15:07
2026-09-15,Tue,3:00 pm to 4:00 pm,PlayAll Noida 73,Court 1,Not Booked,150,15 Sep 15:36
2026-09-15,Tue,3:30 pm to 4:30 pm,PlayAll Noida 73,Court 1,Not Booked,150,15 Sep 16:05
2026-09-15,Tue,4:00 pm to 5:00 pm,PlayAll Noida 73,Court 1,Not Booked,150,15 Sep 16:32
2026-09-15,Tue,4:30 pm to 5:30 pm,PlayAll Noida 73,Court 1,Not Booked,150,15 Sep 17:04
2026-09-15,Tue,5:00 am to 6:00 am,PlayAll Noida 73,Court 1,Not Booked,100,15 Sep 04:31
2026-09-15,Tue,5:00 pm to 6:00 pm,PlayAll Noida 73,Court 1,Not Booked,150,15 Sep 17:32
2026-09-15,Tue,5:30 am to 6:30 am,PlayAll Noida 73,Court 1,Not Booked,100,15 Sep 04:31
2026-09-15,Tue,5:30 pm to 6:30 pm,PlayAll Noida 73,Court 1,Not Booked,150,15 Sep 17:32
2026-09-15,Tue,6:00 am to 7:00 am,PlayAll Noida 73,Court 1,Not Booked,150,15 Sep 06:38
2026-09-15,Tue,6:00 pm to 7:00 pm,PlayAll Noida 73,Court 1,Not Booked,250,15 Sep 18:09
2026-09-15,Tue,6:30 am to 7:30 am,PlayAll Noida 73,Court 1,Not Booked,150,15 Sep 07:05
2026-09-15,Tue,6:30 pm to 7:30 pm,PlayAll Noida 73,Court 1,Not Booked,250,15 Sep 19:07
2026-09-15,Tue,7:00 am to 8:00 am,PlayAll Noida 73,Court 1,Not Booked,150,15 Sep 07:31
2026-09-15,Tue,7:00 pm to 8:00 pm,PlayAll Noida 73,Court 1,Not Booked,250,15 Sep 19:33
2026-09-15,Tue,7:30 am to 8:30 am,PlayAll Noida 73,Court 1,Not Booked,150,15 Sep 08:07
2026-09-15,Tue,7:30 pm to 8:30 pm,PlayAll Noida 73,Court 1,Not Booked,250,15 Sep 19:33
2026-09-15,Tue,8:00 am to 9:00 am,PlayAll Noida 73,Court 1,Not Booked,150,15 Sep 08:33
2026-09-15,Tue,8:00 pm to 9:00 pm,PlayAll Noida 73,Court 1,Not Booked,250,15 Sep 20:32
2026-09-15,Tue,8:30 am to 9:30 am,PlayAll Noida 73,Court 1,Not Booked,150,15 Sep 09:05
2026-09-15,Tue,8:30 pm to 9:30 pm,PlayAll Noida 73,Court 1,Not Booked,250,15 Sep 21:05
2026-09-15,Tue,9:00 am to 10:00 am,PlayAll Noida 73,Court 1,Not Booked,150,15 Sep 09:35
2026-09-15,Tue,9:00 pm to 10:00 pm,PlayAll Noida 73,Court 1,Not Booked,250,15 Sep 21:32
2026-09-15,Tue,9:30 am to 10:30 am,PlayAll Noida 73,Court 1,Not Booked,150,15 Sep 10:08
2026-09-15,Tue,9:30 pm to 10:30 pm,PlayAll Noida 73,Court 1,Not Booked,250,15 Sep 22:06
2026-09-15,Tue,10:00 am to 11:00 am,PlayAll Noida 73,Court 2,Not Booked,150,15 Sep 10:33
2026-09-15,Tue,10:00 pm to 11:00 pm,PlayAll Noida 73,Court 2,Not Booked,250,15 Sep 22:06
2026-09-15,Tue,10:30 am to 11:30 am,PlayAll Noida 73,Court 2,Not Booked,150,15 Sep 11:06
2026-09-15,Tue,10:30 pm to 11:30 pm,PlayAll Noida 73,Court 2,Not Booked,250,15 Sep 22:06
2026-09-15,Tue,11:00 am to 12:00 pm,PlayAll Noida 73,Court 2,Not Booked,150,15 Sep 11:06
2026-09-15,Tue,11:00 pm to 12:00 am,PlayAll Noida 73,Court 2,Not Booked,200,15 Sep 23:30
2026-09-15,Tue,11:30 am to 12:30 pm,PlayAll Noida 73,Court 2,Not Booked,150,15 Sep 11:06
2026-09-15,Tue,11:30 pm to 12:30 am,PlayAll Noida 73,Court 2,Not Booked,200,16 Sep 00:09
2026-09-15,Tue,12:00 pm to 1:00 pm,PlayAll Noida 73,Court 2,Not Booked,150,15 Sep 12:11
2026-09-15,Tue,12:30 pm to 1:30 pm,PlayAll Noida 73,Court 2,Not Booked,150,15 Sep 12:38
2026-09-15,Tue,1:00 pm to 2:00 pm,PlayAll Noida 73,Court 2,Not Booked,150,15 Sep 13:35
2026-09-15,Tue,1:30 pm to 2:30 pm,PlayAll Noida 73,Court 2,Not Booked,150,15 Sep 13:35
2026-09-15,Tue,2:00 pm to 3:00 pm,PlayAll Noida 73,Court 2,Not Booked,150,15 Sep 13:35
2026-09-15,Tue,2:30 pm to 3:30 pm,PlayAll Noida 73,Court 2,Not Booked,150,15 Sep 13:35
2026-09-15,Tue,3:00 pm to 4:00 pm,PlayAll Noida 73,Court 2,Not Booked,150,15 Sep 15:07
2026-09-15,Tue,3:30 pm to 4:30 pm,PlayAll Noida 73,Court 2,Not Booked,150,15 Sep 16:05
2026-09-15,Tue,4:00 pm to 5:00 pm,PlayAll Noida 73,Court 2,Not Booked,150,15 Sep 16:32
2026-09-15,Tue,4:30 pm to 5:30 pm,PlayAll Noida 73,Court 2,Not Booked,150,15 Sep 17:04
2026-09-15,Tue,5:00 am to 6:00 am,PlayAll Noida 73,Court 2,Not Booked,100,15 Sep 05:05
2026-09-15,Tue,5:00 pm to 6:00 pm,PlayAll Noida 73,Court 2,Not Booked,150,15 Sep 17:32
2026-09-15,Tue,5:30 am to 6:30 am,PlayAll Noida 73,Court 2,Not Booked,100,15 Sep 05:05
2026-09-15,Tue,5:30 pm to 6:30 pm,PlayAll Noida 73,Court 2,Not Booked,150,15 Sep 17:32
2026-09-15,Tue,6:00 am to 7:00 am,PlayAll Noida 73,Court 2,Not Booked,150,15 Sep 05:05
2026-09-15,Tue,6:00 pm to 7:00 pm,PlayAll Noida 73,Court 2,Not Booked,250,15 Sep 18:09
2026-09-15,Tue,6:30 am to 7:30 am,PlayAll Noida 73,Court 2,Not Booked,150,15 Sep 07:05
2026-09-15,Tue,6:30 pm to 7:30 pm,PlayAll Noida 73,Court 2,Not Booked,250,15 Sep 18:09
2026-09-15,Tue,7:00 am to 8:00 am,PlayAll Noida 73,Court 2,Not Booked,150,15 Sep 07:05
2026-09-15,Tue,7:00 pm to 8:00 pm,PlayAll Noida 73,Court 2,Not Booked,250,15 Sep 19:07
2026-09-15,Tue,7:30 am to 8:30 am,PlayAll Noida 73,Court 2,Not Booked,150,15 Sep 07:05
2026-09-15,Tue,7:30 pm to 8:30 pm,PlayAll Noida 73,Court 2,Not Booked,250,15 Sep 20:06
2026-09-15,Tue,8:00 am to 9:00 am,PlayAll Noida 73,Court 2,Not Booked,150,15 Sep 08:33
2026-09-15,Tue,8:00 pm to 9:00 pm,PlayAll Noida 73,Court 2,Not Booked,250,15 Sep 20:32
2026-09-15,Tue,8:30 am to 9:30 am,PlayAll Noida 73,Court 2,Not Booked,150,15 Sep 09:05
2026-09-15,Tue,8:30 pm to 9:30 pm,PlayAll Noida 73,Court 2,Not Booked,250,15 Sep 21:05
2026-09-15,Tue,9:00 am to 10:00 am,PlayAll Noida 73,Court 2,Not Booked,150,15 Sep 09:35
2026-09-15,Tue,9:00 pm to 10:00 pm,PlayAll Noida 73,Court 2,Not Booked,250,15 Sep 21:05
2026-09-15,Tue,9:30 am to 10:30 am,PlayAll Noida 73,Court 2,Not Booked,150,15 Sep 09:35
2026-09-15,Tue,9:30 pm to 10:30 pm,PlayAll Noida 73,Court 2,Not Booked,250,15 Sep 21:05
2026-09-15,Tue,10:00 am to 11:00 am,PlayAll Noida 73,Court 3,Not Booked,150,15 Sep 10:33
2026-09-15,Tue,10:00 pm to 11:00 pm,PlayAll Noida 73,Court 3,Not Booked,250,15 Sep 22:33
2026-09-15,Tue,10:30 am to 11:30 am,PlayAll Noida 73,Court 3,Not Booked,150,15 Sep 10:33
2026-09-15,Tue,10:30 pm to 11:30 pm,PlayAll Noida 73,Court 3,Not Booked,250,15 Sep 23:02
2026-09-15,Tue,11:00 am to 12:00 pm,PlayAll Noida 73,Court 3,Not Booked,150,15 Sep 11:33
2026-09-15,Tue,11:00 pm to 12:00 am,PlayAll Noida 73,Court 3,Not Booked,200,15 Sep 23:02
2026-09-15,Tue,11:30 am to 12:30 pm,PlayAll Noida 73,Court 3,Not Booked,150,15 Sep 11:33
2026-09-15,Tue,11:30 pm to 12:30 am,PlayAll Noida 73,Court 3,Not Booked,200,15 Sep 23:02
2026-09-15,Tue,12:00 pm to 1:00 pm,PlayAll Noida 73,Court 3,Not Booked,150,15 Sep 12:11
2026-09-15,Tue,12:30 pm to 1:30 pm,PlayAll Noida 73,Court 3,Not Booked,150,15 Sep 12:38
2026-09-15,Tue,1:00 pm to 2:00 pm,PlayAll Noida 73,Court 3,Not Booked,150,15 Sep 13:35
2026-09-15,Tue,1:30 pm to 2:30 pm,PlayAll Noida 73,Court 3,Not Booked,150,15 Sep 13:35
2026-09-15,Tue,2:00 pm to 3:00 pm,PlayAll Noida 73,Court 3,Not Booked,150,15 Sep 14:07
2026-09-15,Tue,2:30 pm to 3:30 pm,PlayAll Noida 73,Court 3,Not Booked,150,15 Sep 14:37
2026-09-15,Tue,3:00 pm to 4:00 pm,PlayAll Noida 73,Court 3,Not Booked,150,15 Sep 15:36
2026-09-15,Tue,3:30 pm to 4:30 pm,PlayAll Noida 73,Court 3,Not Booked,150,15 Sep 15:36
2026-09-15,Tue,4:00 pm to 5:00 pm,PlayAll Noida 73,Court 3,Not Booked,150,15 Sep 16:32
2026-09-15,Tue,4:30 pm to 5:30 pm,PlayAll Noida 73,Court 3,Not Booked,150,15 Sep 16:32
2026-09-15,Tue,5:00 am to 6:00 am,PlayAll Noida 73,Court 3,Not Booked,100,15 Sep 05:27
2026-09-15,Tue,5:00 pm to 6:00 pm,PlayAll Noida 73,Court 3,Not Booked,150,15 Sep 17:32
2026-09-15,Tue,5:30 am to 6:30 am,PlayAll Noida 73,Court 3,Not Booked,100,15 Sep 05:27
2026-09-15,Tue,5:30 pm to 6:30 pm,PlayAll Noida 73,Court 3,Not Booked,150,15 Sep 17:32
2026-09-15,Tue,6:00 am to 7:00 am,PlayAll Noida 73,Court 3,Not Booked,150,15 Sep 06:13
2026-09-15,Tue,6:00 pm to 7:00 pm,PlayAll Noida 73,Court 3,Not Booked,250,15 Sep 18:09
2026-09-15,Tue,6:30 am to 7:30 am,PlayAll Noida 73,Court 3,Not Booked,150,15 Sep 06:38
2026-09-15,Tue,6:30 pm to 7:30 pm,PlayAll Noida 73,Court 3,Not Booked,250,15 Sep 18:37
2026-09-15,Tue,7:00 am to 8:00 am,PlayAll Noida 73,Court 3,Not Booked,150,15 Sep 07:31
2026-09-15,Tue,7:00 pm to 8:00 pm,PlayAll Noida 73,Court 3,Not Booked,250,15 Sep 19:33
2026-09-15,Tue,7:30 am to 8:30 am,PlayAll Noida 73,Court 3,Not Booked,150,15 Sep 07:31
2026-09-15,Tue,7:30 pm to 8:30 pm,PlayAll Noida 73,Court 3,Not Booked,250,15 Sep 19:33
2026-09-15,Tue,8:00 am to 9:00 am,PlayAll Noida 73,Court 3,Not Booked,150,15 Sep 08:33
2026-09-15,Tue,8:00 pm to 9:00 pm,PlayAll Noida 73,Court 3,Not Booked,250,15 Sep 19:33
2026-09-15,Tue,8:30 am to 9:30 am,PlayAll Noida 73,Court 3,Not Booked,150,15 Sep 08:33
2026-09-15,Tue,8:30 pm to 9:30 pm,PlayAll Noida 73,Court 3,Not Booked,250,15 Sep 21:05
2026-09-15,Tue,9:00 am to 10:00 am,PlayAll Noida 73,Court 3,Not Booked,150,15 Sep 09:35
2026-09-15,Tue,9:00 pm to 10:00 pm,PlayAll Noida 73,Court 3,Not Booked,250,15 Sep 21:32
2026-09-15,Tue,9:30 am to 10:30 am,PlayAll Noida 73,Court 3,Not Booked,150,15 Sep 09:35
2026-09-15,Tue,9:30 pm to 10:30 pm,PlayAll Noida 73,Court 3,Not Booked,250,15 Sep 21:32
2026-09-15,Tue,10:00 am to 10:30 am,PlayLife | Sector 163,Pickleball Court 1,Not Booked,200,15 Sep 10:08
2026-09-15,Tue,10:00 pm to 10:30 pm,PlayLife | Sector 163,Pickleball Court 1,Not Booked,200,15 Sep 22:06
2026-09-15,Tue,10:30 am to 11:00 am,PlayLife | Sector 163,Pickleball Court 1,Not Booked,200,15 Sep 10:33
2026-09-15,Tue,10:30 pm to 11:00 pm,PlayLife | Sector 163,Pickleball Court 1,Not Booked,200,15 Sep 22:33
2026-09-15,Tue,11:00 am to 11:30 am,PlayLife | Sector 163,Pickleball Court 1,Not Booked,200,15 Sep 11:06
2026-09-15,Tue,11:30 am to 12:00 pm,PlayLife | Sector 163,Pickleball Court 1,Not Booked,200,15 Sep 11:33
2026-09-15,Tue,12:00 pm to 12:30 pm,PlayLife | Sector 163,Pickleball Court 1,Not Booked,200,15 Sep 12:11
2026-09-15,Tue,12:30 pm to 1:00 pm,PlayLife | Sector 163,Pickleball Court 1,Not Booked,200,15 Sep 12:38
2026-09-15,Tue,1:00 pm to 1:30 pm,PlayLife | Sector 163,Pickleball Court 1,Not Booked,200,15 Sep 13:08
2026-09-15,Tue,1:30 pm to 2:00 pm,PlayLife | Sector 163,Pickleball Court 1,Not Booked,200,15 Sep 13:35
2026-09-15,Tue,2:00 pm to 2:30 pm,PlayLife | Sector 163,Pickleball Court 1,Not Booked,200,15 Sep 14:07
2026-09-15,Tue,2:30 pm to 3:00 pm,PlayLife | Sector 163,Pickleball Court 1,Not Booked,200,15 Sep 14:37
2026-09-15,Tue,3:00 pm to 3:30 pm,PlayLife | Sector 163,Pickleball Court 1,Not Booked,200,15 Sep 15:07
2026-09-15,Tue,3:30 pm to 4:00 pm,PlayLife | Sector 163,Pickleball Court 1,Not Booked,200,15 Sep 15:36
2026-09-15,Tue,4:00 pm to 4:30 pm,PlayLife | Sector 163,Pickleball Court 1,Not Booked,200,15 Sep 16:05
2026-09-15,Tue,4:30 pm to 5:00 pm,PlayLife | Sector 163,Pickleball Court 1,Not Booked,200,15 Sep 16:32
2026-09-15,Tue,5:00 pm to 5:30 pm,PlayLife | Sector 163,Pickleball Court 1,Not Booked,200,15 Sep 17:04
2026-09-15,Tue,5:30 pm to 6:00 pm,PlayLife | Sector 163,Pickleball Court 1,Not Booked,200,15 Sep 17:32
2026-09-15,Tue,6:00 am to 6:30 am,PlayLife | Sector 163,Pickleball Court 1,Not Booked,200,15 Sep 06:13
2026-09-15,Tue,6:00 pm to 6:30 pm,PlayLife | Sector 163,Pickleball Court 1,Not Booked,200,15 Sep 18:09
2026-09-15,Tue,6:30 am to 7:00 am,PlayLife | Sector 163,Pickleball Court 1,Not Booked,200,15 Sep 06:38
2026-09-15,Tue,6:30 pm to 7:00 pm,PlayLife | Sector 163,Pickleball Court 1,Not Booked,200,15 Sep 18:37
2026-09-15,Tue,7:00 am to 7:30 am,PlayLife | Sector 163,Pickleball Court 1,Not Booked,200,15 Sep 07:05
2026-09-15,Tue,7:00 pm to 7:30 pm,PlayLife | Sector 163,Pickleball Court 1,Not Booked,200,15 Sep 19:07
2026-09-15,Tue,7:30 am to 8:00 am,PlayLife | Sector 163,Pickleball Court 1,Not Booked,200,15 Sep 07:31
2026-09-15,Tue,7:30 pm to 8:00 pm,PlayLife | Sector 163,Pickleball Court 1,Not Booked,200,15 Sep 19:33
2026-09-15,Tue,8:00 am to 8:30 am,PlayLife | Sector 163,Pickleball Court 1,Not Booked,200,15 Sep 08:07
2026-09-15,Tue,8:00 pm to 8:30 pm,PlayLife | Sector 163,Pickleball Court 1,Not Booked,200,15 Sep 20:06
2026-09-15,Tue,8:30 am to 9:00 am,PlayLife | Sector 163,Pickleball Court 1,Not Booked,200,15 Sep 08:33
2026-09-15,Tue,8:30 pm to 9:00 pm,PlayLife | Sector 163,Pickleball Court 1,Not Booked,200,15 Sep 20:32
2026-09-15,Tue,9:00 am to 9:30 am,PlayLife | Sector 163,Pickleball Court 1,Not Booked,200,15 Sep 09:05
2026-09-15,Tue,9:00 pm to 9:30 pm,PlayLife | Sector 163,Pickleball Court 1,Not Booked,200,15 Sep 21:05
2026-09-15,Tue,9:30 am to 10:00 am,PlayLife | Sector 163,Pickleball Court 1,Not Booked,200,15 Sep 09:35
2026-09-15,Tue,9:30 pm to 10:00 pm,PlayLife | Sector 163,Pickleball Court 1,Not Booked,200,15 Sep 21:32
2026-09-15,Tue,10:00 am to 10:30 am,PlayLife | Sector 163,Pickleball Court 2,Not Booked,200,15 Sep 10:08
2026-09-15,Tue,10:00 pm to 10:30 pm,PlayLife | Sector 163,Pickleball Court 2,Not Booked,200,15 Sep 22:06
2026-09-15,Tue,10:30 am to 11:00 am,PlayLife | Sector 163,Pickleball Court 2,Not Booked,200,15 Sep 10:33
2026-09-15,Tue,10:30 pm to 11:00 pm,PlayLife | Sector 163,Pickleball Court 2,Not Booked,200,15 Sep 22:33
2026-09-15,Tue,11:00 am to 11:30 am,PlayLife | Sector 163,Pickleball Court 2,Not Booked,200,15 Sep 11:06
2026-09-15,Tue,11:30 am to 12:00 pm,PlayLife | Sector 163,Pickleball Court 2,Not Booked,200,15 Sep 11:33
2026-09-15,Tue,12:00 pm to 12:30 pm,PlayLife | Sector 163,Pickleball Court 2,Not Booked,200,15 Sep 12:11
2026-09-15,Tue,12:30 pm to 1:00 pm,PlayLife | Sector 163,Pickleball Court 2,Not Booked,200,15 Sep 12:38
2026-09-15,Tue,1:00 pm to 1:30 pm,PlayLife | Sector 163,Pickleball Court 2,Not Booked,200,15 Sep 13:08
2026-09-15,Tue,1:30 pm to 2:00 pm,PlayLife | Sector 163,Pickleball Court 2,Not Booked,200,15 Sep 13:35
2026-09-15,Tue,2:00 pm to 2:30 pm,PlayLife | Sector 163,Pickleball Court 2,Not Booked,200,15 Sep 14:07
2026-09-15,Tue,2:30 pm to 3:00 pm,PlayLife | Sector 163,Pickleball Court 2,Not Booked,200,15 Sep 14:37
2026-09-15,Tue,3:00 pm to 3:30 pm,PlayLife | Sector 163,Pickleball Court 2,Not Booked,200,15 Sep 15:07
2026-09-15,Tue,3:30 pm to 4:00 pm,PlayLife | Sector 163,Pickleball Court 2,Not Booked,200,15 Sep 15:36
2026-09-15,Tue,4:00 pm to 4:30 pm,PlayLife | Sector 163,Pickleball Court 2,Not Booked,200,15 Sep 16:05
2026-09-15,Tue,4:30 pm to 5:00 pm,PlayLife | Sector 163,Pickleball Court 2,Not Booked,200,15 Sep 16:32
2026-09-15,Tue,5:00 pm to 5:30 pm,PlayLife | Sector 163,Pickleball Court 2,Not Booked,200,15 Sep 17:04
2026-09-15,Tue,5:30 pm to 6:00 pm,PlayLife | Sector 163,Pickleball Court 2,Not Booked,200,15 Sep 17:32
2026-09-15,Tue,6:00 am to 6:30 am,PlayLife | Sector 163,Pickleball Court 2,Not Booked,200,15 Sep 06:13
2026-09-15,Tue,6:00 pm to 6:30 pm,PlayLife | Sector 163,Pickleball Court 2,Not Booked,200,15 Sep 18:09
2026-09-15,Tue,6:30 am to 7:00 am,PlayLife | Sector 163,Pickleball Court 2,Not Booked,200,15 Sep 06:38
2026-09-15,Tue,6:30 pm to 7:00 pm,PlayLife | Sector 163,Pickleball Court 2,Not Booked,200,15 Sep 18:37
2026-09-15,Tue,7:00 am to 7:30 am,PlayLife | Sector 163,Pickleball Court 2,Not Booked,200,15 Sep 07:05
2026-09-15,Tue,7:00 pm to 7:30 pm,PlayLife | Sector 163,Pickleball Court 2,Not Booked,200,15 Sep 19:07
2026-09-15,Tue,7:30 am to 8:00 am,PlayLife | Sector 163,Pickleball Court 2,Not Booked,200,15 Sep 07:31
2026-09-15,Tue,7:30 pm to 8:00 pm,PlayLife | Sector 163,Pickleball Court 2,Not Booked,200,15 Sep 19:33
2026-09-15,Tue,8:00 am to 8:30 am,PlayLife | Sector 163,Pickleball Court 2,Not Booked,200,15 Sep 08:07
2026-09-15,Tue,8:00 pm to 8:30 pm,PlayLife | Sector 163,Pickleball Court 2,Not Booked,200,15 Sep 20:06
2026-09-15,Tue,8:30 am to 9:00 am,PlayLife | Sector 163,Pickleball Court 2,Not Booked,200,15 Sep 08:33
2026-09-15,Tue,8:30 pm to 9:00 pm,PlayLife | Sector 163,Pickleball Court 2,Not Booked,200,15 Sep 20:32
2026-09-15,Tue,9:00 am to 9:30 am,PlayLife | Sector 163,Pickleball Court 2,Not Booked,200,15 Sep 09:05
2026-09-15,Tue,9:00 pm to 9:30 pm,PlayLife | Sector 163,Pickleball Court 2,Not Booked,200,15 Sep 21:05
2026-09-15,Tue,9:30 am to 10:00 am,PlayLife | Sector 163,Pickleball Court 2,Not Booked,200,15 Sep 09:35
2026-09-15,Tue,9:30 pm to 10:00 pm,PlayLife | Sector 163,Pickleball Court 2,Not Booked,200,15 Sep 21:32
2026-09-15,Tue,10:00 am to 10:30 am,PlayLife | Sector 163,Pickleball Court 3,Not Booked,200,15 Sep 10:08
2026-09-15,Tue,10:00 pm to 10:30 pm,PlayLife | Sector 163,Pickleball Court 3,Not Booked,200,15 Sep 22:06
2026-09-15,Tue,10:30 am to 11:00 am,PlayLife | Sector 163,Pickleball Court 3,Not Booked,200,15 Sep 10:33
2026-09-15,Tue,10:30 pm to 11:00 pm,PlayLife | Sector 163,Pickleball Court 3,Not Booked,200,15 Sep 22:33
2026-09-15,Tue,11:00 am to 11:30 am,PlayLife | Sector 163,Pickleball Court 3,Not Booked,200,15 Sep 11:06
2026-09-15,Tue,11:30 am to 12:00 pm,PlayLife | Sector 163,Pickleball Court 3,Not Booked,200,15 Sep 11:33
2026-09-15,Tue,12:00 pm to 12:30 pm,PlayLife | Sector 163,Pickleball Court 3,Not Booked,200,15 Sep 12:11
2026-09-15,Tue,12:30 pm to 1:00 pm,PlayLife | Sector 163,Pickleball Court 3,Not Booked,200,15 Sep 12:38
2026-09-15,Tue,1:00 pm to 1:30 pm,PlayLife | Sector 163,Pickleball Court 3,Not Booked,200,15 Sep 13:08
2026-09-15,Tue,1:30 pm to 2:00 pm,PlayLife | Sector 163,Pickleball Court 3,Not Booked,200,15 Sep 13:35
2026-09-15,Tue,2:00 pm to 2:30 pm,PlayLife | Sector 163,Pickleball Court 3,Not Booked,200,15 Sep 14:07
2026-09-15,Tue,2:30 pm to 3:00 pm,PlayLife | Sector 163,Pickleball Court 3,Not Booked,200,15 Sep 14:37
2026-09-15,Tue,3:00 pm to 3:30 pm,PlayLife | Sector 163,Pickleball Court 3,Not Booked,200,15 Sep 15:07
2026-09-15,Tue,3:30 pm to 4:00 pm,PlayLife | Sector 163,Pickleball Court 3,Not Booked,200,15 Sep 15:36
2026-09-15,Tue,4:00 pm to 4:30 pm,PlayLife | Sector 163,Pickleball Court 3,Not Booked,200,15 Sep 16:05
2026-09-15,Tue,4:30 pm to 5:00 pm,PlayLife | Sector 163,Pickleball Court 3,Not Booked,200,15 Sep 16:32
2026-09-15,Tue,5:00 pm to 5:30 pm,PlayLife | Sector 163,Pickleball Court 3,Not Booked,200,15 Sep 17:04
2026-09-15,Tue,5:30 pm to 6:00 pm,PlayLife | Sector 163,Pickleball Court 3,Not Booked,200,15 Sep 17:32
2026-09-15,Tue,6:00 am to 6:30 am,PlayLife | Sector 163,Pickleball Court 3,Not Booked,200,15 Sep 06:13
2026-09-15,Tue,6:00 pm to 6:30 pm,PlayLife | Sector 163,Pickleball Court 3,Not Booked,200,15 Sep 18:09
2026-09-15,Tue,6:30 am to 7:00 am,PlayLife | Sector 163,Pickleball Court 3,Not Booked,200,15 Sep 06:38
2026-09-15,Tue,6:30 pm to 7:00 pm,PlayLife | Sector 163,Pickleball Court 3,Not Booked,200,15 Sep 18:37
2026-09-15,Tue,7:00 am to 7:30 am,PlayLife | Sector 163,Pickleball Court 3,Not Booked,200,15 Sep 07:05
2026-09-15,Tue,7:00 pm to 7:30 pm,PlayLife | Sector 163,Pickleball Court 3,Not Booked,200,15 Sep 19:07
2026-09-15,Tue,7:30 am to 8:00 am,PlayLife | Sector 163,Pickleball Court 3,Not Booked,200,15 Sep 07:31
2026-09-15,Tue,7:30 pm to 8:00 pm,PlayLife | Sector 163,Pickleball Court 3,Not Booked,200,15 Sep 19:33
2026-09-15,Tue,8:00 am to 8:30 am,PlayLife | Sector 163,Pickleball Court 3,Not Booked,200,15 Sep 08:07
2026-09-15,Tue,8:00 pm to 8:30 pm,PlayLife | Sector 163,Pickleball Court 3,Not Booked,200,15 Sep 20:06
2026-09-15,Tue,8:30 am to 9:00 am,PlayLife | Sector 163,Pickleball Court 3,Not Booked,200,15 Sep 08:33
2026-09-15,Tue,8:30 pm to 9:00 pm,PlayLife | Sector 163,Pickleball Court 3,Not Booked,200,15 Sep 20:32
2026-09-15,Tue,9:00 am to 9:30 am,PlayLife | Sector 163,Pickleball Court 3,Not Booked,200,15 Sep 09:05
2026-09-15,Tue,9:00 pm to 9:30 pm,PlayLife | Sector 163,Pickleball Court 3,Not Booked,200,15 Sep 21:05
2026-09-15,Tue,9:30 am to 10:00 am,PlayLife | Sector 163,Pickleball Court 3,Not Booked,200,15 Sep 09:35
2026-09-15,Tue,9:30 pm to 10:00 pm,PlayLife | Sector 163,Pickleball Court 3,Not Booked,200,15 Sep 21:32
2026-09-15,Tue,10:00 am to 10:30 am,Rally N Roast | Sector 141,Court 1 (Blue),Not Booked,500,15 Sep 10:08
2026-09-15,Tue,10:00 pm to 10:30 pm,Rally N Roast | Sector 141,Court 1 (Blue),Not Booked,500,15 Sep 22:06
2026-09-15,Tue,10:30 am to 11:00 am,Rally N Roast | Sector 141,Court 1 (Blue),Not Booked,500,15 Sep 10:33
2026-09-15,Tue,10:30 pm to 11:00 pm,Rally N Roast | Sector 141,Court 1 (Blue),Not Booked,500,15 Sep 22:33
2026-09-15,Tue,11:00 am to 11:30 am,Rally N Roast | Sector 141,Court 1 (Blue),Not Booked,500,15 Sep 11:06
2026-09-15,Tue,11:30 am to 12:00 pm,Rally N Roast | Sector 141,Court 1 (Blue),Not Booked,500,15 Sep 11:33
2026-09-15,Tue,12:00 pm to 12:30 pm,Rally N Roast | Sector 141,Court 1 (Blue),Not Booked,500,15 Sep 12:11
2026-09-15,Tue,12:30 pm to 1:00 pm,Rally N Roast | Sector 141,Court 1 (Blue),Not Booked,500,15 Sep 12:38
2026-09-15,Tue,1:00 pm to 1:30 pm,Rally N Roast | Sector 141,Court 1 (Blue),Not Booked,500,15 Sep 13:08
2026-09-15,Tue,1:30 pm to 2:00 pm,Rally N Roast | Sector 141,Court 1 (Blue),Not Booked,500,15 Sep 13:35
2026-09-15,Tue,2:00 pm to 2:30 pm,Rally N Roast | Sector 141,Court 1 (Blue),Not Booked,500,15 Sep 14:07
2026-09-15,Tue,2:30 pm to 3:00 pm,Rally N Roast | Sector 141,Court 1 (Blue),Not Booked,500,15 Sep 14:37
2026-09-15,Tue,3:00 pm to 3:30 pm,Rally N Roast | Sector 141,Court 1 (Blue),Not Booked,500,15 Sep 15:07
2026-09-15,Tue,3:30 pm to 4:00 pm,Rally N Roast | Sector 141,Court 1 (Blue),Not Booked,500,15 Sep 15:36
2026-09-15,Tue,4:00 pm to 4:30 pm,Rally N Roast | Sector 141,Court 1 (Blue),Not Booked,500,15 Sep 16:05
2026-09-15,Tue,4:30 pm to 5:00 pm,Rally N Roast | Sector 141,Court 1 (Blue),Not Booked,500,15 Sep 16:05
2026-09-15,Tue,5:00 pm to 5:30 pm,Rally N Roast | Sector 141,Court 1 (Blue),Not Booked,500,15 Sep 17:04
2026-09-15,Tue,5:30 pm to 6:00 pm,Rally N Roast | Sector 141,Court 1 (Blue),Not Booked,500,15 Sep 17:32
2026-09-15,Tue,6:00 pm to 6:30 pm,Rally N Roast | Sector 141,Court 1 (Blue),Not Booked,500,15 Sep 18:09
2026-09-15,Tue,6:30 pm to 7:00 pm,Rally N Roast | Sector 141,Court 1 (Blue),Not Booked,500,15 Sep 18:37
2026-09-15,Tue,7:00 am to 7:30 am,Rally N Roast | Sector 141,Court 1 (Blue),Not Booked,500,15 Sep 07:05
2026-09-15,Tue,7:00 pm to 7:30 pm,Rally N Roast | Sector 141,Court 1 (Blue),Not Booked,500,15 Sep 19:07
2026-09-15,Tue,7:30 am to 8:00 am,Rally N Roast | Sector 141,Court 1 (Blue),Not Booked,500,15 Sep 07:31
2026-09-15,Tue,7:30 pm to 8:00 pm,Rally N Roast | Sector 141,Court 1 (Blue),Not Booked,500,15 Sep 19:33
2026-09-15,Tue,8:00 am to 8:30 am,Rally N Roast | Sector 141,Court 1 (Blue),Not Booked,500,15 Sep 08:07
2026-09-15,Tue,8:00 pm to 8:30 pm,Rally N Roast | Sector 141,Court 1 (Blue),Not Booked,500,15 Sep 20:06
2026-09-15,Tue,8:30 am to 9:00 am,Rally N Roast | Sector 141,Court 1 (Blue),Not Booked,500,15 Sep 08:33
2026-09-15,Tue,8:30 pm to 9:00 pm,Rally N Roast | Sector 141,Court 1 (Blue),Not Booked,500,15 Sep 20:32
2026-09-15,Tue,9:00 am to 9:30 am,Rally N Roast | Sector 141,Court 1 (Blue),Not Booked,500,15 Sep 09:05
2026-09-15,Tue,9:00 pm to 9:30 pm,Rally N Roast | Sector 141,Court 1 (Blue),Not Booked,500,15 Sep 21:05
2026-09-15,Tue,9:30 am to 10:00 am,Rally N Roast | Sector 141,Court 1 (Blue),Not Booked,500,15 Sep 09:35
2026-09-15,Tue,9:30 pm to 10:00 pm,Rally N Roast | Sector 141,Court 1 (Blue),Not Booked,500,15 Sep 21:32
2026-09-15,Tue,10:00 am to 10:30 am,Rally N Roast | Sector 141,Court 2 (Pink),Not Booked,500,15 Sep 10:08
2026-09-15,Tue,10:00 pm to 10:30 pm,Rally N Roast | Sector 141,Court 2 (Pink),Not Booked,500,15 Sep 22:06
2026-09-15,Tue,10:30 am to 11:00 am,Rally N Roast | Sector 141,Court 2 (Pink),Not Booked,500,15 Sep 10:33
2026-09-15,Tue,10:30 pm to 11:00 pm,Rally N Roast | Sector 141,Court 2 (Pink),Not Booked,500,15 Sep 22:33
2026-09-15,Tue,11:00 am to 11:30 am,Rally N Roast | Sector 141,Court 2 (Pink),Not Booked,500,15 Sep 11:06
2026-09-15,Tue,11:30 am to 12:00 pm,Rally N Roast | Sector 141,Court 2 (Pink),Not Booked,500,15 Sep 11:33
2026-09-15,Tue,12:00 pm to 12:30 pm,Rally N Roast | Sector 141,Court 2 (Pink),Not Booked,500,15 Sep 12:11
2026-09-15,Tue,12:30 pm to 1:00 pm,Rally N Roast | Sector 141,Court 2 (Pink),Not Booked,500,15 Sep 12:38
2026-09-15,Tue,1:00 pm to 1:30 pm,Rally N Roast | Sector 141,Court 2 (Pink),Not Booked,500,15 Sep 13:08
2026-09-15,Tue,1:30 pm to 2:00 pm,Rally N Roast | Sector 141,Court 2 (Pink),Not Booked,500,15 Sep 13:35
2026-09-15,Tue,2:00 pm to 2:30 pm,Rally N Roast | Sector 141,Court 2 (Pink),Not Booked,500,15 Sep 14:07
2026-09-15,Tue,2:30 pm to 3:00 pm,Rally N Roast | Sector 141,Court 2 (Pink),Not Booked,500,15 Sep 14:37
2026-09-15,Tue,3:00 pm to 3:30 pm,Rally N Roast | Sector 141,Court 2 (Pink),Not Booked,500,15 Sep 15:07
2026-09-15,Tue,3:30 pm to 4:00 pm,Rally N Roast | Sector 141,Court 2 (Pink),Not Booked,500,15 Sep 15:36
2026-09-15,Tue,4:00 pm to 4:30 pm,Rally N Roast | Sector 141,Court 2 (Pink),Not Booked,500,15 Sep 16:05
2026-09-15,Tue,4:30 pm to 5:00 pm,Rally N Roast | Sector 141,Court 2 (Pink),Not Booked,500,15 Sep 16:32
2026-09-15,Tue,5:00 pm to 5:30 pm,Rally N Roast | Sector 141,Court 2 (Pink),Not Booked,500,15 Sep 17:04
2026-09-15,Tue,5:30 pm to 6:00 pm,Rally N Roast | Sector 141,Court 2 (Pink),Not Booked,500,15 Sep 17:32
2026-09-15,Tue,6:00 pm to 6:30 pm,Rally N Roast | Sector 141,Court 2 (Pink),Not Booked,500,15 Sep 18:09
2026-09-15,Tue,6:30 pm to 7:00 pm,Rally N Roast | Sector 141,Court 2 (Pink),Not Booked,500,15 Sep 18:37
2026-09-15,Tue,7:00 am to 7:30 am,Rally N Roast | Sector 141,Court 2 (Pink),Not Booked,500,15 Sep 07:05
2026-09-15,Tue,7:00 pm to 7:30 pm,Rally N Roast | Sector 141,Court 2 (Pink),Not Booked,500,15 Sep 19:07
2026-09-15,Tue,7:30 am to 8:00 am,Rally N Roast | Sector 141,Court 2 (Pink),Not Booked,500,15 Sep 07:31
2026-09-15,Tue,7:30 pm to 8:00 pm,Rally N Roast | Sector 141,Court 2 (Pink),Not Booked,500,15 Sep 19:33
2026-09-15,Tue,8:00 am to 8:30 am,Rally N Roast | Sector 141,Court 2 (Pink),Not Booked,500,15 Sep 08:07
2026-09-15,Tue,8:00 pm to 8:30 pm,Rally N Roast | Sector 141,Court 2 (Pink),Not Booked,500,15 Sep 20:06
2026-09-15,Tue,8:30 am to 9:00 am,Rally N Roast | Sector 141,Court 2 (Pink),Not Booked,500,15 Sep 08:33
2026-09-15,Tue,8:30 pm to 9:00 pm,Rally N Roast | Sector 141,Court 2 (Pink),Not Booked,500,15 Sep 20:32
2026-09-15,Tue,9:00 am to 9:30 am,Rally N Roast | Sector 141,Court 2 (Pink),Not Booked,500,15 Sep 09:05
2026-09-15,Tue,9:00 pm to 9:30 pm,Rally N Roast | Sector 141,Court 2 (Pink),Not Booked,500,15 Sep 21:05
2026-09-15,Tue,9:30 am to 10:00 am,Rally N Roast | Sector 141,Court 2 (Pink),Not Booked,500,15 Sep 09:35
2026-09-15,Tue,9:30 pm to 10:00 pm,Rally N Roast | Sector 141,Court 2 (Pink),Not Booked,500,15 Sep 21:32
2026-09-15,Tue,10:00 am to 10:30 am,Rally N Roast | Sector 141,Court 3 (Blue),Not Booked,500,15 Sep 10:08
2026-09-15,Tue,10:00 pm to 10:30 pm,Rally N Roast | Sector 141,Court 3 (Blue),Not Booked,500,15 Sep 22:06
2026-09-15,Tue,10:30 am to 11:00 am,Rally N Roast | Sector 141,Court 3 (Blue),Not Booked,500,15 Sep 10:33
2026-09-15,Tue,10:30 pm to 11:00 pm,Rally N Roast | Sector 141,Court 3 (Blue),Not Booked,500,15 Sep 22:33
2026-09-15,Tue,11:00 am to 11:30 am,Rally N Roast | Sector 141,Court 3 (Blue),Not Booked,500,15 Sep 11:06
2026-09-15,Tue,11:30 am to 12:00 pm,Rally N Roast | Sector 141,Court 3 (Blue),Not Booked,500,15 Sep 11:33
2026-09-15,Tue,12:00 pm to 12:30 pm,Rally N Roast | Sector 141,Court 3 (Blue),Not Booked,500,15 Sep 12:11
2026-09-15,Tue,12:30 pm to 1:00 pm,Rally N Roast | Sector 141,Court 3 (Blue),Not Booked,500,15 Sep 12:38
2026-09-15,Tue,1:00 pm to 1:30 pm,Rally N Roast | Sector 141,Court 3 (Blue),Not Booked,500,15 Sep 13:08
2026-09-15,Tue,1:30 pm to 2:00 pm,Rally N Roast | Sector 141,Court 3 (Blue),Not Booked,500,15 Sep 13:35
2026-09-15,Tue,2:00 pm to 2:30 pm,Rally N Roast | Sector 141,Court 3 (Blue),Not Booked,500,15 Sep 14:07
2026-09-15,Tue,2:30 pm to 3:00 pm,Rally N Roast | Sector 141,Court 3 (Blue),Not Booked,500,15 Sep 14:37
2026-09-15,Tue,3:00 pm to 3:30 pm,Rally N Roast | Sector 141,Court 3 (Blue),Not Booked,500,15 Sep 15:07
2026-09-15,Tue,3:30 pm to 4:00 pm,Rally N Roast | Sector 141,Court 3 (Blue),Not Booked,500,15 Sep 15:36
2026-09-15,Tue,4:00 pm to 4:30 pm,Rally N Roast | Sector 141,Court 3 (Blue),Not Booked,500,15 Sep 16:05
2026-09-15,Tue,4:30 pm to 5:00 pm,Rally N Roast | Sector 141,Court 3 (Blue),Not Booked,500,15 Sep 16:32
2026-09-15,Tue,5:00 pm to 5:30 pm,Rally N Roast | Sector 141,Court 3 (Blue),Not Booked,500,15 Sep 17:04
2026-09-15,Tue,5:30 pm to 6:00 pm,Rally N Roast | Sector 141,Court 3 (Blue),Not Booked,500,15 Sep 17:32
2026-09-15,Tue,6:00 pm to 6:30 pm,Rally N Roast | Sector 141,Court 3 (Blue),Not Booked,500,15 Sep 18:09
2026-09-15,Tue,6:30 pm to 7:00 pm,Rally N Roast | Sector 141,Court 3 (Blue),Not Booked,500,15 Sep 18:37
2026-09-15,Tue,7:00 am to 7:30 am,Rally N Roast | Sector 141,Court 3 (Blue),Not Booked,500,15 Sep 07:05
2026-09-15,Tue,7:00 pm to 7:30 pm,Rally N Roast | Sector 141,Court 3 (Blue),Not Booked,500,15 Sep 19:07
2026-09-15,Tue,7:30 am to 8:00 am,Rally N Roast | Sector 141,Court 3 (Blue),Not Booked,500,15 Sep 07:31
2026-09-15,Tue,7:30 pm to 8:00 pm,Rally N Roast | Sector 141,Court 3 (Blue),Not Booked,500,15 Sep 19:33
2026-09-15,Tue,8:00 am to 8:30 am,Rally N Roast | Sector 141,Court 3 (Blue),Not Booked,500,15 Sep 08:07
2026-09-15,Tue,8:00 pm to 8:30 pm,Rally N Roast | Sector 141,Court 3 (Blue),Not Booked,500,15 Sep 20:06
2026-09-15,Tue,8:30 am to 9:00 am,Rally N Roast | Sector 141,Court 3 (Blue),Not Booked,500,15 Sep 08:33
2026-09-15,Tue,8:30 pm to 9:00 pm,Rally N Roast | Sector 141,Court 3 (Blue),Not Booked,500,15 Sep 20:32
2026-09-15,Tue,9:00 am to 9:30 am,Rally N Roast | Sector 141,Court 3 (Blue),Not Booked,500,15 Sep 09:05
2026-09-15,Tue,9:00 pm to 9:30 pm,Rally N Roast | Sector 141,Court 3 (Blue),Not Booked,500,15 Sep 21:05
2026-09-15,Tue,9:30 am to 10:00 am,Rally N Roast | Sector 141,Court 3 (Blue),Not Booked,500,15 Sep 09:35
2026-09-15,Tue,9:30 pm to 10:00 pm,Rally N Roast | Sector 141,Court 3 (Blue),Not Booked,500,15 Sep 21:32
2026-09-15,Tue,10:00 am to 10:30 am,Sky Nine Rackets,Court 1,Not Booked,225,15 Sep 10:08
2026-09-15,Tue,10:00 pm to 10:30 pm,Sky Nine Rackets,Court 1,Not Booked,270,15 Sep 22:06
2026-09-15,Tue,10:30 am to 11:00 am,Sky Nine Rackets,Court 1,Not Booked,225,15 Sep 10:33
2026-09-15,Tue,10:30 pm to 11:00 pm,Sky Nine Rackets,Court 1,Not Booked,270,15 Sep 22:33
2026-09-15,Tue,11:00 am to 11:30 am,Sky Nine Rackets,Court 1,Not Booked,225,15 Sep 11:06
2026-09-15,Tue,11:00 pm to 11:30 pm,Sky Nine Rackets,Court 1,Not Booked,270,15 Sep 22:33
2026-09-15,Tue,11:30 am to 12:00 pm,Sky Nine Rackets,Court 1,Not Booked,225,15 Sep 11:06
2026-09-15,Tue,11:30 pm to 12:00 am,Sky Nine Rackets,Court 1,Not Booked,270,15 Sep 23:30
2026-09-15,Tue,12:00 pm to 12:30 pm,Sky Nine Rackets,Court 1,Not Booked,225,15 Sep 11:06
2026-09-15,Tue,12:30 pm to 1:00 pm,Sky Nine Rackets,Court 1,Not Booked,225,15 Sep 11:06
2026-09-15,Tue,1:00 pm to 1:30 pm,Sky Nine Rackets,Court 1,Not Booked,225,15 Sep 13:08
2026-09-15,Tue,1:30 pm to 2:00 pm,Sky Nine Rackets,Court 1,Not Booked,225,15 Sep 13:35
2026-09-15,Tue,2:00 pm to 2:30 pm,Sky Nine Rackets,Court 1,Not Booked,225,15 Sep 14:07
2026-09-15,Tue,2:30 pm to 3:00 pm,Sky Nine Rackets,Court 1,Not Booked,225,15 Sep 14:37
2026-09-15,Tue,3:00 pm to 3:30 pm,Sky Nine Rackets,Court 1,Not Booked,225,15 Sep 14:37
2026-09-15,Tue,3:30 pm to 4:00 pm,Sky Nine Rackets,Court 1,Not Booked,225,15 Sep 15:36
2026-09-15,Tue,4:00 pm to 4:30 pm,Sky Nine Rackets,Court 1,Not Booked,225,15 Sep 16:05
2026-09-15,Tue,4:30 pm to 5:00 pm,Sky Nine Rackets,Court 1,Not Booked,225,15 Sep 16:05
2026-09-15,Tue,5:00 am to 5:30 am,Sky Nine Rackets,Court 1,Not Booked,225,15 Sep 05:05
2026-09-15,Tue,5:00 pm to 5:30 pm,Sky Nine Rackets,Court 1,Not Booked,270,15 Sep 17:04
2026-09-15,Tue,5:30 am to 6:00 am,Sky Nine Rackets,Court 1,Not Booked,225,15 Sep 05:05
2026-09-15,Tue,5:30 pm to 6:00 pm,Sky Nine Rackets,Court 1,Not Booked,270,15 Sep 17:32
2026-09-15,Tue,6:00 am to 6:30 am,Sky Nine Rackets,Court 1,Not Booked,225,15 Sep 06:13
2026-09-15,Tue,6:00 pm to 6:30 pm,Sky Nine Rackets,Court 1,Not Booked,270,15 Sep 17:32
2026-09-15,Tue,6:30 am to 7:00 am,Sky Nine Rackets,Court 1,Not Booked,225,15 Sep 06:38
2026-09-15,Tue,6:30 pm to 7:00 pm,Sky Nine Rackets,Court 1,Not Booked,270,15 Sep 17:32
2026-09-15,Tue,7:00 am to 7:30 am,Sky Nine Rackets,Court 1,Not Booked,225,15 Sep 06:38
2026-09-15,Tue,7:00 pm to 7:30 pm,Sky Nine Rackets,Court 1,Not Booked,270,15 Sep 19:07
2026-09-15,Tue,7:30 am to 8:00 am,Sky Nine Rackets,Court 1,Not Booked,225,15 Sep 06:38
2026-09-15,Tue,7:30 pm to 8:00 pm,Sky Nine Rackets,Court 1,Not Booked,270,15 Sep 19:33
2026-09-15,Tue,8:00 am to 8:30 am,Sky Nine Rackets,Court 1,Not Booked,225,15 Sep 08:07
2026-09-15,Tue,8:00 pm to 8:30 pm,Sky Nine Rackets,Court 1,Not Booked,270,15 Sep 20:06
2026-09-15,Tue,8:30 am to 9:00 am,Sky Nine Rackets,Court 1,Not Booked,225,15 Sep 08:07
2026-09-15,Tue,8:30 pm to 9:00 pm,Sky Nine Rackets,Court 1,Not Booked,270,15 Sep 20:32
2026-09-15,Tue,9:00 am to 9:30 am,Sky Nine Rackets,Court 1,Not Booked,225,15 Sep 08:07
2026-09-15,Tue,9:00 pm to 9:30 pm,Sky Nine Rackets,Court 1,Not Booked,270,15 Sep 21:05
2026-09-15,Tue,9:30 am to 10:00 am,Sky Nine Rackets,Court 1,Not Booked,225,15 Sep 09:35
2026-09-15,Tue,9:30 pm to 10:00 pm,Sky Nine Rackets,Court 1,Not Booked,270,15 Sep 21:05
2026-09-15,Tue,10:00 am to 10:30 am,Sky Nine Rackets,Court 2,Not Booked,225,15 Sep 09:35
2026-09-15,Tue,10:00 pm to 10:30 pm,Sky Nine Rackets,Court 2,Not Booked,270,15 Sep 22:06
2026-09-15,Tue,10:30 am to 11:00 am,Sky Nine Rackets,Court 2,Not Booked,225,15 Sep 10:33
2026-09-15,Tue,10:30 pm to 11:00 pm,Sky Nine Rackets,Court 2,Not Booked,270,15 Sep 22:06
2026-09-15,Tue,11:00 am to 11:30 am,Sky Nine Rackets,Court 2,Not Booked,225,15 Sep 11:06
2026-09-15,Tue,11:00 pm to 11:30 pm,Sky Nine Rackets,Court 2,Not Booked,270,15 Sep 23:02
2026-09-15,Tue,11:30 am to 12:00 pm,Sky Nine Rackets,Court 2,Not Booked,225,15 Sep 11:33
2026-09-15,Tue,11:30 pm to 12:00 am,Sky Nine Rackets,Court 2,Not Booked,270,15 Sep 23:30
2026-09-15,Tue,12:00 pm to 12:30 pm,Sky Nine Rackets,Court 2,Not Booked,225,15 Sep 12:11
2026-09-15,Tue,12:30 pm to 1:00 pm,Sky Nine Rackets,Court 2,Not Booked,225,15 Sep 12:38
2026-09-15,Tue,1:00 pm to 1:30 pm,Sky Nine Rackets,Court 2,Not Booked,225,15 Sep 13:08
2026-09-15,Tue,1:30 pm to 2:00 pm,Sky Nine Rackets,Court 2,Not Booked,225,15 Sep 13:35
2026-09-15,Tue,2:00 pm to 2:30 pm,Sky Nine Rackets,Court 2,Not Booked,225,15 Sep 14:07
2026-09-15,Tue,2:30 pm to 3:00 pm,Sky Nine Rackets,Court 2,Not Booked,225,15 Sep 14:37
2026-09-15,Tue,3:00 pm to 3:30 pm,Sky Nine Rackets,Court 2,Not Booked,225,15 Sep 15:07
2026-09-15,Tue,3:30 pm to 4:00 pm,Sky Nine Rackets,Court 2,Not Booked,225,15 Sep 15:36
2026-09-15,Tue,4:00 pm to 4:30 pm,Sky Nine Rackets,Court 2,Not Booked,225,15 Sep 16:05
2026-09-15,Tue,4:30 pm to 5:00 pm,Sky Nine Rackets,Court 2,Not Booked,225,15 Sep 16:32
2026-09-15,Tue,5:00 am to 5:30 am,Sky Nine Rackets,Court 2,Not Booked,225,15 Sep 05:27
2026-09-15,Tue,5:00 pm to 5:30 pm,Sky Nine Rackets,Court 2,Not Booked,270,15 Sep 17:04
2026-09-15,Tue,5:30 am to 6:00 am,Sky Nine Rackets,Court 2,Not Booked,225,15 Sep 05:27
2026-09-15,Tue,5:30 pm to 6:00 pm,Sky Nine Rackets,Court 2,Not Booked,270,15 Sep 17:32
2026-09-15,Tue,6:00 am to 6:30 am,Sky Nine Rackets,Court 2,Not Booked,225,15 Sep 06:13
2026-09-15,Tue,6:00 pm to 6:30 pm,Sky Nine Rackets,Court 2,Not Booked,270,15 Sep 18:09
2026-09-15,Tue,6:30 am to 7:00 am,Sky Nine Rackets,Court 2,Not Booked,225,15 Sep 06:38
2026-09-15,Tue,6:30 pm to 7:00 pm,Sky Nine Rackets,Court 2,Not Booked,270,15 Sep 18:37
2026-09-15,Tue,7:00 am to 7:30 am,Sky Nine Rackets,Court 2,Not Booked,225,15 Sep 07:05
2026-09-15,Tue,7:00 pm to 7:30 pm,Sky Nine Rackets,Court 2,Not Booked,270,15 Sep 18:37
2026-09-15,Tue,7:30 am to 8:00 am,Sky Nine Rackets,Court 2,Not Booked,225,15 Sep 07:31
2026-09-15,Tue,7:30 pm to 8:00 pm,Sky Nine Rackets,Court 2,Not Booked,270,15 Sep 19:33
2026-09-15,Tue,8:00 am to 8:30 am,Sky Nine Rackets,Court 2,Not Booked,225,15 Sep 08:07
2026-09-15,Tue,8:00 pm to 8:30 pm,Sky Nine Rackets,Court 2,Not Booked,270,15 Sep 20:06
2026-09-15,Tue,8:30 am to 9:00 am,Sky Nine Rackets,Court 2,Not Booked,225,15 Sep 08:33
2026-09-15,Tue,8:30 pm to 9:00 pm,Sky Nine Rackets,Court 2,Not Booked,270,15 Sep 20:32
2026-09-15,Tue,9:00 am to 9:30 am,Sky Nine Rackets,Court 2,Not Booked,225,15 Sep 09:05
2026-09-15,Tue,9:00 pm to 9:30 pm,Sky Nine Rackets,Court 2,Not Booked,270,15 Sep 21:05
2026-09-15,Tue,9:30 am to 10:00 am,Sky Nine Rackets,Court 2,Not Booked,225,15 Sep 09:35
2026-09-15,Tue,9:30 pm to 10:00 pm,Sky Nine Rackets,Court 2,Not Booked,270,15 Sep 21:32
2026-09-15,Tue,10:00 am to 10:30 am,Sky Nine Rackets,Court 3,Not Booked,225,15 Sep 10:08
2026-09-15,Tue,10:00 pm to 10:30 pm,Sky Nine Rackets,Court 3,Not Booked,270,15 Sep 22:06
2026-09-15,Tue,10:30 am to 11:00 am,Sky Nine Rackets,Court 3,Not Booked,225,15 Sep 10:33
2026-09-15,Tue,10:30 pm to 11:00 pm,Sky Nine Rackets,Court 3,Not Booked,270,15 Sep 22:33
2026-09-15,Tue,11:00 am to 11:30 am,Sky Nine Rackets,Court 3,Not Booked,225,15 Sep 11:06
2026-09-15,Tue,11:00 pm to 11:30 pm,Sky Nine Rackets,Court 3,Not Booked,270,15 Sep 23:02
2026-09-15,Tue,11:30 am to 12:00 pm,Sky Nine Rackets,Court 3,Not Booked,225,15 Sep 11:33
2026-09-15,Tue,11:30 pm to 12:00 am,Sky Nine Rackets,Court 3,Not Booked,270,15 Sep 23:30
2026-09-15,Tue,12:00 pm to 12:30 pm,Sky Nine Rackets,Court 3,Not Booked,225,15 Sep 12:11
2026-09-15,Tue,12:30 pm to 1:00 pm,Sky Nine Rackets,Court 3,Not Booked,225,15 Sep 12:38
2026-09-15,Tue,1:00 pm to 1:30 pm,Sky Nine Rackets,Court 3,Not Booked,225,15 Sep 13:08
2026-09-15,Tue,1:30 pm to 2:00 pm,Sky Nine Rackets,Court 3,Not Booked,225,15 Sep 13:35
2026-09-15,Tue,2:00 pm to 2:30 pm,Sky Nine Rackets,Court 3,Not Booked,225,15 Sep 14:07
2026-09-15,Tue,2:30 pm to 3:00 pm,Sky Nine Rackets,Court 3,Not Booked,225,15 Sep 14:37
2026-09-15,Tue,3:00 pm to 3:30 pm,Sky Nine Rackets,Court 3,Not Booked,225,15 Sep 15:07
2026-09-15,Tue,3:30 pm to 4:00 pm,Sky Nine Rackets,Court 3,Not Booked,225,15 Sep 15:36
2026-09-15,Tue,4:00 pm to 4:30 pm,Sky Nine Rackets,Court 3,Not Booked,225,15 Sep 16:05
2026-09-15,Tue,4:30 pm to 5:00 pm,Sky Nine Rackets,Court 3,Not Booked,225,15 Sep 16:32
2026-09-15,Tue,5:00 am to 5:30 am,Sky Nine Rackets,Court 3,Not Booked,225,15 Sep 05:27
2026-09-15,Tue,5:00 pm to 5:30 pm,Sky Nine Rackets,Court 3,Not Booked,270,15 Sep 17:04
2026-09-15,Tue,5:30 am to 6:00 am,Sky Nine Rackets,Court 3,Not Booked,225,15 Sep 05:27
2026-09-15,Tue,5:30 pm to 6:00 pm,Sky Nine Rackets,Court 3,Not Booked,270,15 Sep 17:32
2026-09-15,Tue,6:00 am to 6:30 am,Sky Nine Rackets,Court 3,Not Booked,225,15 Sep 06:13
2026-09-15,Tue,6:00 pm to 6:30 pm,Sky Nine Rackets,Court 3,Not Booked,270,15 Sep 18:09
2026-09-15,Tue,6:30 am to 7:00 am,Sky Nine Rackets,Court 3,Not Booked,225,15 Sep 06:38
2026-09-15,Tue,6:30 pm to 7:00 pm,Sky Nine Rackets,Court 3,Not Booked,270,15 Sep 18:37
2026-09-15,Tue,7:00 am to 7:30 am,Sky Nine Rackets,Court 3,Not Booked,225,15 Sep 07:05
2026-09-15,Tue,7:00 pm to 7:30 pm,Sky Nine Rackets,Court 3,Not Booked,270,15 Sep 19:07
2026-09-15,Tue,7:30 am to 8:00 am,Sky Nine Rackets,Court 3,Not Booked,225,15 Sep 07:31
2026-09-15,Tue,7:30 pm to 8:00 pm,Sky Nine Rackets,Court 3,Not Booked,270,15 Sep 19:33
2026-09-15,Tue,8:00 am to 8:30 am,Sky Nine Rackets,Court 3,Not Booked,225,15 Sep 08:07
2026-09-15,Tue,8:00 pm to 8:30 pm,Sky Nine Rackets,Court 3,Not Booked,270,15 Sep 20:06
2026-09-15,Tue,8:30 am to 9:00 am,Sky Nine Rackets,Court 3,Not Booked,225,15 Sep 08:07
2026-09-15,Tue,8:30 pm to 9:00 pm,Sky Nine Rackets,Court 3,Not Booked,270,15 Sep 20:06
2026-09-15,Tue,9:00 am to 9:30 am,Sky Nine Rackets,Court 3,Not Booked,225,15 Sep 09:05
2026-09-15,Tue,9:00 pm to 9:30 pm,Sky Nine Rackets,Court 3,Not Booked,270,15 Sep 21:05
2026-09-15,Tue,9:30 am to 10:00 am,Sky Nine Rackets,Court 3,Not Booked,225,15 Sep 09:35
2026-09-15,Tue,9:30 pm to 10:00 pm,Sky Nine Rackets,Court 3,Not Booked,270,15 Sep 21:05
2026-09-15,Tue,10:00 am to 10:30 am,Sky Nine Rackets,Court 4,Not Booked,225,15 Sep 10:08
2026-09-15,Tue,10:00 pm to 10:30 pm,Sky Nine Rackets,Court 4,Not Booked,270,15 Sep 21:32
2026-09-15,Tue,10:30 am to 11:00 am,Sky Nine Rackets,Court 4,Not Booked,225,15 Sep 10:33
2026-09-15,Tue,10:30 pm to 11:00 pm,Sky Nine Rackets,Court 4,Not Booked,270,15 Sep 22:33
2026-09-15,Tue,11:00 am to 11:30 am,Sky Nine Rackets,Court 4,Not Booked,225,15 Sep 10:33
2026-09-15,Tue,11:00 pm to 11:30 pm,Sky Nine Rackets,Court 4,Not Booked,270,15 Sep 23:02
2026-09-15,Tue,11:30 am to 12:00 pm,Sky Nine Rackets,Court 4,Not Booked,225,15 Sep 11:33
2026-09-15,Tue,11:30 pm to 12:00 am,Sky Nine Rackets,Court 4,Not Booked,270,15 Sep 23:02
2026-09-15,Tue,12:00 pm to 12:30 pm,Sky Nine Rackets,Court 4,Not Booked,225,15 Sep 12:11
2026-09-15,Tue,12:30 pm to 1:00 pm,Sky Nine Rackets,Court 4,Not Booked,225,15 Sep 12:38
2026-09-15,Tue,1:00 pm to 1:30 pm,Sky Nine Rackets,Court 4,Not Booked,225,15 Sep 13:08
2026-09-15,Tue,1:30 pm to 2:00 pm,Sky Nine Rackets,Court 4,Not Booked,225,15 Sep 13:08
2026-09-15,Tue,2:00 pm to 2:30 pm,Sky Nine Rackets,Court 4,Not Booked,225,15 Sep 14:07
2026-09-15,Tue,2:30 pm to 3:00 pm,Sky Nine Rackets,Court 4,Not Booked,225,15 Sep 14:37
2026-09-15,Tue,3:00 pm to 3:30 pm,Sky Nine Rackets,Court 4,Not Booked,225,15 Sep 15:07
2026-09-15,Tue,3:30 pm to 4:00 pm,Sky Nine Rackets,Court 4,Not Booked,225,15 Sep 15:07
2026-09-15,Tue,4:00 pm to 4:30 pm,Sky Nine Rackets,Court 4,Not Booked,225,15 Sep 16:05
2026-09-15,Tue,4:30 pm to 5:00 pm,Sky Nine Rackets,Court 4,Not Booked,225,15 Sep 16:32
2026-09-15,Tue,5:00 am to 5:30 am,Sky Nine Rackets,Court 4,Not Booked,225,15 Sep 05:27
2026-09-15,Tue,5:00 pm to 5:30 pm,Sky Nine Rackets,Court 4,Not Booked,270,15 Sep 17:04
2026-09-15,Tue,5:30 am to 6:00 am,Sky Nine Rackets,Court 4,Not Booked,225,15 Sep 05:27
2026-09-15,Tue,5:30 pm to 6:00 pm,Sky Nine Rackets,Court 4,Not Booked,270,15 Sep 17:32
2026-09-15,Tue,6:00 am to 6:30 am,Sky Nine Rackets,Court 4,Not Booked,225,15 Sep 06:13
2026-09-15,Tue,6:00 pm to 6:30 pm,Sky Nine Rackets,Court 4,Not Booked,270,15 Sep 18:09
2026-09-15,Tue,6:30 am to 7:00 am,Sky Nine Rackets,Court 4,Not Booked,225,15 Sep 06:13
2026-09-15,Tue,6:30 pm to 7:00 pm,Sky Nine Rackets,Court 4,Not Booked,270,15 Sep 18:37
2026-09-15,Tue,7:00 am to 7:30 am,Sky Nine Rackets,Court 4,Not Booked,225,15 Sep 07:05
2026-09-15,Tue,7:00 pm to 7:30 pm,Sky Nine Rackets,Court 4,Not Booked,270,15 Sep 18:37
2026-09-15,Tue,7:30 am to 8:00 am,Sky Nine Rackets,Court 4,Not Booked,225,15 Sep 07:31
2026-09-15,Tue,7:30 pm to 8:00 pm,Sky Nine Rackets,Court 4,Not Booked,270,15 Sep 19:33
2026-09-15,Tue,8:00 am to 8:30 am,Sky Nine Rackets,Court 4,Not Booked,225,15 Sep 08:07
2026-09-15,Tue,8:00 pm to 8:30 pm,Sky Nine Rackets,Court 4,Not Booked,270,15 Sep 20:06
2026-09-15,Tue,8:30 am to 9:00 am,Sky Nine Rackets,Court 4,Not Booked,225,15 Sep 08:33
2026-09-15,Tue,8:30 pm to 9:00 pm,Sky Nine Rackets,Court 4,Not Booked,270,15 Sep 20:32
2026-09-15,Tue,9:00 am to 9:30 am,Sky Nine Rackets,Court 4,Not Booked,225,15 Sep 09:05
2026-09-15,Tue,9:00 pm to 9:30 pm,Sky Nine Rackets,Court 4,Not Booked,270,15 Sep 21:05
2026-09-15,Tue,9:30 am to 10:00 am,Sky Nine Rackets,Court 4,Not Booked,225,15 Sep 09:05
2026-09-15,Tue,9:30 pm to 10:00 pm,Sky Nine Rackets,Court 4,Not Booked,270,15 Sep 21:32
2026-09-15,Tue,10:00 am to 10:30 am,Sky Nine Rackets,Court 5,Not Booked,225,15 Sep 10:08
2026-09-15,Tue,10:00 pm to 10:30 pm,Sky Nine Rackets,Court 5,Not Booked,270,15 Sep 22:06
2026-09-15,Tue,10:30 am to 11:00 am,Sky Nine Rackets,Court 5,Not Booked,225,15 Sep 10:33
2026-09-15,Tue,10:30 pm to 11:00 pm,Sky Nine Rackets,Court 5,Not Booked,270,15 Sep 22:33
2026-09-15,Tue,11:00 am to 11:30 am,Sky Nine Rackets,Court 5,Not Booked,225,15 Sep 11:06
2026-09-15,Tue,11:00 pm to 11:30 pm,Sky Nine Rackets,Court 5,Not Booked,270,15 Sep 22:33
2026-09-15,Tue,11:30 am to 12:00 pm,Sky Nine Rackets,Court 5,Not Booked,225,15 Sep 11:33
2026-09-15,Tue,11:30 pm to 12:00 am,Sky Nine Rackets,Court 5,Not Booked,270,15 Sep 23:30
2026-09-15,Tue,12:00 pm to 12:30 pm,Sky Nine Rackets,Court 5,Not Booked,225,15 Sep 11:33
2026-09-15,Tue,12:30 pm to 1:00 pm,Sky Nine Rackets,Court 5,Not Booked,225,15 Sep 11:33
2026-09-15,Tue,1:00 pm to 1:30 pm,Sky Nine Rackets,Court 5,Not Booked,225,15 Sep 13:08
2026-09-15,Tue,1:30 pm to 2:00 pm,Sky Nine Rackets,Court 5,Not Booked,225,15 Sep 13:35
2026-09-15,Tue,2:00 pm to 2:30 pm,Sky Nine Rackets,Court 5,Not Booked,225,15 Sep 13:35
2026-09-15,Tue,2:30 pm to 3:00 pm,Sky Nine Rackets,Court 5,Not Booked,225,15 Sep 14:37
2026-09-15,Tue,3:00 pm to 3:30 pm,Sky Nine Rackets,Court 5,Not Booked,225,15 Sep 15:07
2026-09-15,Tue,3:30 pm to 4:00 pm,Sky Nine Rackets,Court 5,Not Booked,225,15 Sep 15:36
2026-09-15,Tue,4:00 pm to 4:30 pm,Sky Nine Rackets,Court 5,Not Booked,225,15 Sep 16:05
2026-09-15,Tue,4:30 pm to 5:00 pm,Sky Nine Rackets,Court 5,Not Booked,225,15 Sep 16:05
2026-09-15,Tue,5:00 am to 5:30 am,Sky Nine Rackets,Court 5,Not Booked,225,15 Sep 05:27
2026-09-15,Tue,5:00 pm to 5:30 pm,Sky Nine Rackets,Court 5,Not Booked,270,15 Sep 17:04
2026-09-15,Tue,5:30 am to 6:00 am,Sky Nine Rackets,Court 5,Not Booked,225,15 Sep 05:27
2026-09-15,Tue,5:30 pm to 6:00 pm,Sky Nine Rackets,Court 5,Not Booked,270,15 Sep 17:04
2026-09-15,Tue,6:00 am to 6:30 am,Sky Nine Rackets,Court 5,Not Booked,225,15 Sep 06:13
2026-09-15,Tue,6:00 pm to 6:30 pm,Sky Nine Rackets,Court 5,Not Booked,270,15 Sep 17:04
2026-09-15,Tue,6:30 am to 7:00 am,Sky Nine Rackets,Court 5,Not Booked,225,15 Sep 06:38
2026-09-15,Tue,6:30 pm to 7:00 pm,Sky Nine Rackets,Court 5,Not Booked,270,15 Sep 18:37
2026-09-15,Tue,7:00 am to 7:30 am,Sky Nine Rackets,Court 5,Not Booked,225,15 Sep 06:38
2026-09-15,Tue,7:00 pm to 7:30 pm,Sky Nine Rackets,Court 5,Not Booked,270,15 Sep 19:07
2026-09-15,Tue,7:30 am to 8:00 am,Sky Nine Rackets,Court 5,Not Booked,225,15 Sep 07:31
2026-09-15,Tue,7:30 pm to 8:00 pm,Sky Nine Rackets,Court 5,Not Booked,270,15 Sep 19:33
2026-09-15,Tue,8:00 am to 8:30 am,Sky Nine Rackets,Court 5,Not Booked,225,15 Sep 08:07
2026-09-15,Tue,8:00 pm to 8:30 pm,Sky Nine Rackets,Court 5,Not Booked,270,15 Sep 20:06
2026-09-15,Tue,8:30 am to 9:00 am,Sky Nine Rackets,Court 5,Not Booked,225,15 Sep 08:33
2026-09-15,Tue,8:30 pm to 9:00 pm,Sky Nine Rackets,Court 5,Not Booked,270,15 Sep 20:06
2026-09-15,Tue,9:00 am to 9:30 am,Sky Nine Rackets,Court 5,Not Booked,225,15 Sep 08:33
2026-09-15,Tue,9:00 pm to 9:30 pm,Sky Nine Rackets,Court 5,Not Booked,270,15 Sep 21:05
2026-09-15,Tue,9:30 am to 10:00 am,Sky Nine Rackets,Court 5,Not Booked,225,15 Sep 09:35
2026-09-15,Tue,9:30 pm to 10:00 pm,Sky Nine Rackets,Court 5,Not Booked,270,15 Sep 21:32
2026-09-15,Tue,10:00 am to 10:30 am,Spodium Arena | Sector 29,Court 1,Not Booked,149,15 Sep 10:08
2026-09-15,Tue,10:00 pm to 10:30 pm,Spodium Arena | Sector 29,Court 1,Not Booked,399,15 Sep 22:06
2026-09-15,Tue,10:30 am to 11:00 am,Spodium Arena | Sector 29,Court 1,Not Booked,149,15 Sep 10:08
2026-09-15,Tue,10:30 pm to 11:00 pm,Spodium Arena | Sector 29,Court 1,Not Booked,399,15 Sep 22:33
2026-09-15,Tue,11:00 am to 11:30 am,Spodium Arena | Sector 29,Court 1,Not Booked,149,15 Sep 11:06
2026-09-15,Tue,11:00 pm to 11:30 pm,Spodium Arena | Sector 29,Court 1,Not Booked,399,15 Sep 23:02
2026-09-15,Tue,11:30 am to 12:00 pm,Spodium Arena | Sector 29,Court 1,Not Booked,149,15 Sep 11:33
2026-09-15,Tue,11:30 pm to 12:00 am,Spodium Arena | Sector 29,Court 1,Not Booked,399,15 Sep 23:30
2026-09-15,Tue,12:00 pm to 12:30 pm,Spodium Arena | Sector 29,Court 1,Not Booked,149,15 Sep 12:11
2026-09-15,Tue,12:30 pm to 1:00 pm,Spodium Arena | Sector 29,Court 1,Not Booked,149,15 Sep 12:38
2026-09-15,Tue,1:00 pm to 1:30 pm,Spodium Arena | Sector 29,Court 1,Not Booked,149,15 Sep 13:08
2026-09-15,Tue,1:30 pm to 2:00 pm,Spodium Arena | Sector 29,Court 1,Not Booked,149,15 Sep 13:35
2026-09-15,Tue,2:00 pm to 2:30 pm,Spodium Arena | Sector 29,Court 1,Not Booked,299,15 Sep 14:07
2026-09-15,Tue,2:30 pm to 3:00 pm,Spodium Arena | Sector 29,Court 1,Not Booked,299,15 Sep 14:37
2026-09-15,Tue,3:00 pm to 3:30 pm,Spodium Arena | Sector 29,Court 1,Not Booked,299,15 Sep 14:37
2026-09-15,Tue,3:30 pm to 4:00 pm,Spodium Arena | Sector 29,Court 1,Not Booked,299,15 Sep 14:37
2026-09-15,Tue,4:00 pm to 4:30 pm,Spodium Arena | Sector 29,Court 1,Not Booked,299,15 Sep 16:05
2026-09-15,Tue,4:30 pm to 5:00 pm,Spodium Arena | Sector 29,Court 1,Not Booked,299,15 Sep 16:32
2026-09-15,Tue,5:00 am to 5:30 am,Spodium Arena | Sector 29,Court 1,Not Booked,299,15 Sep 05:27
2026-09-15,Tue,5:00 pm to 5:30 pm,Spodium Arena | Sector 29,Court 1,Not Booked,299,15 Sep 17:04
2026-09-15,Tue,5:30 am to 6:00 am,Spodium Arena | Sector 29,Court 1,Not Booked,299,15 Sep 05:27
2026-09-15,Tue,5:30 pm to 6:00 pm,Spodium Arena | Sector 29,Court 1,Not Booked,299,15 Sep 17:32
2026-09-15,Tue,6:00 am to 6:30 am,Spodium Arena | Sector 29,Court 1,Not Booked,299,15 Sep 06:13
2026-09-15,Tue,6:00 pm to 6:30 pm,Spodium Arena | Sector 29,Court 1,Not Booked,399,15 Sep 18:09
2026-09-15,Tue,6:30 am to 7:00 am,Spodium Arena | Sector 29,Court 1,Not Booked,299,15 Sep 06:38
2026-09-15,Tue,6:30 pm to 7:00 pm,Spodium Arena | Sector 29,Court 1,Not Booked,399,15 Sep 18:37
2026-09-15,Tue,7:00 am to 7:30 am,Spodium Arena | Sector 29,Court 1,Not Booked,299,15 Sep 07:05
2026-09-15,Tue,7:00 pm to 7:30 pm,Spodium Arena | Sector 29,Court 1,Not Booked,399,15 Sep 19:07
2026-09-15,Tue,7:30 am to 8:00 am,Spodium Arena | Sector 29,Court 1,Not Booked,299,15 Sep 07:31
2026-09-15,Tue,7:30 pm to 8:00 pm,Spodium Arena | Sector 29,Court 1,Not Booked,399,15 Sep 19:33
2026-09-15,Tue,8:00 am to 8:30 am,Spodium Arena | Sector 29,Court 1,Not Booked,149,15 Sep 08:07
2026-09-15,Tue,8:00 pm to 8:30 pm,Spodium Arena | Sector 29,Court 1,Not Booked,399,15 Sep 20:06
2026-09-15,Tue,8:30 am to 9:00 am,Spodium Arena | Sector 29,Court 1,Not Booked,149,15 Sep 08:33
2026-09-15,Tue,8:30 pm to 9:00 pm,Spodium Arena | Sector 29,Court 1,Not Booked,399,15 Sep 20:32
2026-09-15,Tue,9:00 am to 9:30 am,Spodium Arena | Sector 29,Court 1,Not Booked,149,15 Sep 09:05
2026-09-15,Tue,9:00 pm to 9:30 pm,Spodium Arena | Sector 29,Court 1,Not Booked,399,15 Sep 21:05
2026-09-15,Tue,9:30 am to 10:00 am,Spodium Arena | Sector 29,Court 1,Not Booked,149,15 Sep 09:35
2026-09-15,Tue,9:30 pm to 10:00 pm,Spodium Arena | Sector 29,Court 1,Not Booked,399,15 Sep 21:05
2026-09-15,Tue,10:00 am to 10:30 am,Spodium Arena | Sector 29,Court 2,Not Booked,149,15 Sep 10:08
2026-09-15,Tue,10:00 pm to 10:30 pm,Spodium Arena | Sector 29,Court 2,Not Booked,399,15 Sep 22:06
2026-09-15,Tue,10:30 am to 11:00 am,Spodium Arena | Sector 29,Court 2,Not Booked,149,15 Sep 10:33
2026-09-15,Tue,10:30 pm to 11:00 pm,Spodium Arena | Sector 29,Court 2,Not Booked,399,15 Sep 22:33
2026-09-15,Tue,11:00 am to 11:30 am,Spodium Arena | Sector 29,Court 2,Not Booked,149,15 Sep 11:06
2026-09-15,Tue,11:00 pm to 11:30 pm,Spodium Arena | Sector 29,Court 2,Not Booked,399,15 Sep 23:02
2026-09-15,Tue,11:30 am to 12:00 pm,Spodium Arena | Sector 29,Court 2,Not Booked,149,15 Sep 11:33
2026-09-15,Tue,11:30 pm to 12:00 am,Spodium Arena | Sector 29,Court 2,Not Booked,399,15 Sep 23:30
2026-09-15,Tue,12:00 pm to 12:30 pm,Spodium Arena | Sector 29,Court 2,Not Booked,149,15 Sep 12:11
2026-09-15,Tue,12:30 pm to 1:00 pm,Spodium Arena | Sector 29,Court 2,Not Booked,149,15 Sep 12:38
2026-09-15,Tue,1:00 pm to 1:30 pm,Spodium Arena | Sector 29,Court 2,Not Booked,149,15 Sep 13:08
2026-09-15,Tue,1:30 pm to 2:00 pm,Spodium Arena | Sector 29,Court 2,Not Booked,149,15 Sep 13:35
2026-09-15,Tue,2:00 pm to 2:30 pm,Spodium Arena | Sector 29,Court 2,Not Booked,299,15 Sep 14:07
2026-09-15,Tue,2:30 pm to 3:00 pm,Spodium Arena | Sector 29,Court 2,Not Booked,299,15 Sep 14:37
2026-09-15,Tue,3:00 pm to 3:30 pm,Spodium Arena | Sector 29,Court 2,Not Booked,299,15 Sep 15:07
2026-09-15,Tue,3:30 pm to 4:00 pm,Spodium Arena | Sector 29,Court 2,Not Booked,299,15 Sep 15:36
2026-09-15,Tue,4:00 pm to 4:30 pm,Spodium Arena | Sector 29,Court 2,Not Booked,299,15 Sep 16:05
2026-09-15,Tue,4:30 pm to 5:00 pm,Spodium Arena | Sector 29,Court 2,Not Booked,299,15 Sep 16:32
2026-09-15,Tue,5:00 am to 5:30 am,Spodium Arena | Sector 29,Court 2,Not Booked,299,15 Sep 05:27
2026-09-15,Tue,5:00 pm to 5:30 pm,Spodium Arena | Sector 29,Court 2,Not Booked,299,15 Sep 17:04
2026-09-15,Tue,5:30 am to 6:00 am,Spodium Arena | Sector 29,Court 2,Not Booked,299,15 Sep 05:27
2026-09-15,Tue,5:30 pm to 6:00 pm,Spodium Arena | Sector 29,Court 2,Not Booked,299,15 Sep 17:32
2026-09-15,Tue,6:00 am to 6:30 am,Spodium Arena | Sector 29,Court 2,Not Booked,299,15 Sep 06:13
2026-09-15,Tue,6:00 pm to 6:30 pm,Spodium Arena | Sector 29,Court 2,Not Booked,399,15 Sep 18:09
2026-09-15,Tue,6:30 am to 7:00 am,Spodium Arena | Sector 29,Court 2,Not Booked,299,15 Sep 06:38
2026-09-15,Tue,6:30 pm to 7:00 pm,Spodium Arena | Sector 29,Court 2,Booked,399,15 Sep 18:37
2026-09-15,Tue,7:00 am to 7:30 am,Spodium Arena | Sector 29,Court 2,Not Booked,299,15 Sep 07:05
2026-09-15,Tue,7:00 pm to 7:30 pm,Spodium Arena | Sector 29,Court 2,Booked,399,15 Sep 19:07
2026-09-15,Tue,7:30 am to 8:00 am,Spodium Arena | Sector 29,Court 2,Not Booked,299,15 Sep 07:31
2026-09-15,Tue,7:30 pm to 8:00 pm,Spodium Arena | Sector 29,Court 2,Booked,399,15 Sep 19:33
2026-09-15,Tue,8:00 am to 8:30 am,Spodium Arena | Sector 29,Court 2,Not Booked,149,15 Sep 08:07
2026-09-15,Tue,8:00 pm to 8:30 pm,Spodium Arena | Sector 29,Court 2,Not Booked,399,15 Sep 20:06
2026-09-15,Tue,8:30 am to 9:00 am,Spodium Arena | Sector 29,Court 2,Not Booked,149,15 Sep 08:33
2026-09-15,Tue,8:30 pm to 9:00 pm,Spodium Arena | Sector 29,Court 2,Not Booked,399,15 Sep 20:32
2026-09-15,Tue,9:00 am to 9:30 am,Spodium Arena | Sector 29,Court 2,Not Booked,149,15 Sep 09:05
2026-09-15,Tue,9:00 pm to 9:30 pm,Spodium Arena | Sector 29,Court 2,Not Booked,399,15 Sep 21:05
2026-09-15,Tue,9:30 am to 10:00 am,Spodium Arena | Sector 29,Court 2,Not Booked,149,15 Sep 09:35
2026-09-15,Tue,9:30 pm to 10:00 pm,Spodium Arena | Sector 29,Court 2,Not Booked,399,15 Sep 21:32
2026-09-15,Tue,10:00 pm to 10:30 pm,Spodium Arena | Sector 29,Court 3,Not Booked,399,15 Sep 21:32
2026-09-15,Tue,10:30 pm to 11:00 pm,Spodium Arena | Sector 29,Court 3,Booked,399,15 Sep 21:32
2026-09-15,Tue,11:00 pm to 11:30 pm,Spodium Arena | Sector 29,Court 3,Booked,399,15 Sep 23:02
2026-09-15,Tue,11:30 pm to 12:00 am,Spodium Arena | Sector 29,Court 3,Not Booked,399,15 Sep 23:30
2026-09-15,Tue,2:00 pm to 2:30 pm,Spodium Arena | Sector 29,Court 3,Not Booked,299,15 Sep 13:35
2026-09-15,Tue,2:30 pm to 3:00 pm,Spodium Arena | Sector 29,Court 3,Not Booked,299,15 Sep 14:37
2026-09-15,Tue,3:00 pm to 3:30 pm,Spodium Arena | Sector 29,Court 3,Not Booked,299,15 Sep 15:07
2026-09-15,Tue,3:30 pm to 4:00 pm,Spodium Arena | Sector 29,Court 3,Not Booked,299,15 Sep 15:36
2026-09-15,Tue,4:00 pm to 4:30 pm,Spodium Arena | Sector 29,Court 3,Not Booked,299,15 Sep 16:05
2026-09-15,Tue,4:30 pm to 5:00 pm,Spodium Arena | Sector 29,Court 3,Not Booked,299,15 Sep 16:32
2026-09-15,Tue,5:00 am to 5:30 am,Spodium Arena | Sector 29,Court 3,Not Booked,299,15 Sep 05:27
2026-09-15,Tue,5:00 pm to 5:30 pm,Spodium Arena | Sector 29,Court 3,Not Booked,299,15 Sep 17:04
2026-09-15,Tue,5:30 am to 6:00 am,Spodium Arena | Sector 29,Court 3,Not Booked,299,15 Sep 05:27
2026-09-15,Tue,5:30 pm to 6:00 pm,Spodium Arena | Sector 29,Court 3,Not Booked,299,15 Sep 17:32
2026-09-15,Tue,6:00 am to 6:30 am,Spodium Arena | Sector 29,Court 3,Not Booked,299,15 Sep 06:13
2026-09-15,Tue,6:00 pm to 6:30 pm,Spodium Arena | Sector 29,Court 3,Not Booked,399,15 Sep 18:09
2026-09-15,Tue,6:30 am to 7:00 am,Spodium Arena | Sector 29,Court 3,Not Booked,299,15 Sep 06:38
2026-09-15,Tue,6:30 pm to 7:00 pm,Spodium Arena | Sector 29,Court 3,Not Booked,399,15 Sep 18:37
2026-09-15,Tue,7:00 am to 7:30 am,Spodium Arena | Sector 29,Court 3,Not Booked,299,15 Sep 07:05
2026-09-15,Tue,7:00 pm to 7:30 pm,Spodium Arena | Sector 29,Court 3,Booked,399,15 Sep 19:07
2026-09-15,Tue,7:30 am to 8:00 am,Spodium Arena | Sector 29,Court 3,Not Booked,299,15 Sep 07:31
2026-09-15,Tue,7:30 pm to 8:00 pm,Spodium Arena | Sector 29,Court 3,Booked,399,15 Sep 19:07
2026-09-15,Tue,8:00 am to 8:30 am,Spodium Arena | Sector 29,Court 3,Not Booked,149,15 Sep 08:07
2026-09-15,Tue,8:00 pm to 8:30 pm,Spodium Arena | Sector 29,Court 3,Booked,399,15 Sep 20:06
2026-09-15,Tue,8:30 am to 9:00 am,Spodium Arena | Sector 29,Court 3,Not Booked,149,15 Sep 08:33
2026-09-15,Tue,8:30 pm to 9:00 pm,Spodium Arena | Sector 29,Court 3,Booked,399,15 Sep 20:06
2026-09-15,Tue,9:00 am to 9:30 am,Spodium Arena | Sector 29,Court 3,Not Booked,149,15 Sep 09:05
2026-09-15,Tue,9:00 pm to 9:30 pm,Spodium Arena | Sector 29,Court 3,Not Booked,399,15 Sep 20:06
2026-09-15,Tue,9:30 pm to 10:00 pm,Spodium Arena | Sector 29,Court 3,Not Booked,399,15 Sep 21:32
2026-09-15,Tue,10:00 am to 10:30 am,Spodium Arena | Sector 29,Court 4,Not Booked,149,15 Sep 10:08
2026-09-15,Tue,10:00 pm to 10:30 pm,Spodium Arena | Sector 29,Court 4,Not Booked,399,15 Sep 22:06
2026-09-15,Tue,10:30 am to 11:00 am,Spodium Arena | Sector 29,Court 4,Not Booked,149,15 Sep 10:33
2026-09-15,Tue,10:30 pm to 11:00 pm,Spodium Arena | Sector 29,Court 4,Not Booked,399,15 Sep 22:33
2026-09-15,Tue,11:00 am to 11:30 am,Spodium Arena | Sector 29,Court 4,Not Booked,149,15 Sep 11:06
2026-09-15,Tue,11:00 pm to 11:30 pm,Spodium Arena | Sector 29,Court 4,Not Booked,399,15 Sep 23:02
2026-09-15,Tue,11:30 am to 12:00 pm,Spodium Arena | Sector 29,Court 4,Not Booked,149,15 Sep 11:33
2026-09-15,Tue,11:30 pm to 12:00 am,Spodium Arena | Sector 29,Court 4,Not Booked,399,15 Sep 23:30
2026-09-15,Tue,12:00 pm to 12:30 pm,Spodium Arena | Sector 29,Court 4,Not Booked,149,15 Sep 12:11
2026-09-15,Tue,12:30 pm to 1:00 pm,Spodium Arena | Sector 29,Court 4,Not Booked,149,15 Sep 12:38
2026-09-15,Tue,1:00 pm to 1:30 pm,Spodium Arena | Sector 29,Court 4,Not Booked,149,15 Sep 13:08
2026-09-15,Tue,1:30 pm to 2:00 pm,Spodium Arena | Sector 29,Court 4,Not Booked,149,15 Sep 13:35
2026-09-15,Tue,2:00 pm to 2:30 pm,Spodium Arena | Sector 29,Court 4,Not Booked,299,15 Sep 14:07
2026-09-15,Tue,2:30 pm to 3:00 pm,Spodium Arena | Sector 29,Court 4,Not Booked,299,15 Sep 14:37
2026-09-15,Tue,3:00 pm to 3:30 pm,Spodium Arena | Sector 29,Court 4,Not Booked,299,15 Sep 15:07
2026-09-15,Tue,3:30 pm to 4:00 pm,Spodium Arena | Sector 29,Court 4,Not Booked,299,15 Sep 15:36
2026-09-15,Tue,4:00 pm to 4:30 pm,Spodium Arena | Sector 29,Court 4,Not Booked,299,15 Sep 16:05
2026-09-15,Tue,4:30 pm to 5:00 pm,Spodium Arena | Sector 29,Court 4,Not Booked,299,15 Sep 16:32
2026-09-15,Tue,5:00 am to 5:30 am,Spodium Arena | Sector 29,Court 4,Not Booked,299,15 Sep 05:27
2026-09-15,Tue,5:00 pm to 5:30 pm,Spodium Arena | Sector 29,Court 4,Not Booked,299,15 Sep 17:04
2026-09-15,Tue,5:30 am to 6:00 am,Spodium Arena | Sector 29,Court 4,Not Booked,299,15 Sep 05:27
2026-09-15,Tue,5:30 pm to 6:00 pm,Spodium Arena | Sector 29,Court 4,Not Booked,299,15 Sep 17:04
2026-09-15,Tue,6:00 am to 6:30 am,Spodium Arena | Sector 29,Court 4,Not Booked,299,15 Sep 06:13
2026-09-15,Tue,6:00 pm to 6:30 pm,Spodium Arena | Sector 29,Court 4,Not Booked,399,15 Sep 17:04
2026-09-15,Tue,6:30 am to 7:00 am,Spodium Arena | Sector 29,Court 4,Not Booked,299,15 Sep 06:38
2026-09-15,Tue,6:30 pm to 7:00 pm,Spodium Arena | Sector 29,Court 4,Not Booked,399,15 Sep 18:37
2026-09-15,Tue,7:00 am to 7:30 am,Spodium Arena | Sector 29,Court 4,Not Booked,299,15 Sep 07:05
2026-09-15,Tue,7:00 pm to 7:30 pm,Spodium Arena | Sector 29,Court 4,Not Booked,399,15 Sep 19:07
2026-09-15,Tue,7:30 am to 8:00 am,Spodium Arena | Sector 29,Court 4,Not Booked,299,15 Sep 07:31
2026-09-15,Tue,7:30 pm to 8:00 pm,Spodium Arena | Sector 29,Court 4,Not Booked,399,15 Sep 19:33
2026-09-15,Tue,8:00 am to 8:30 am,Spodium Arena | Sector 29,Court 4,Not Booked,149,15 Sep 08:07
2026-09-15,Tue,8:00 pm to 8:30 pm,Spodium Arena | Sector 29,Court 4,Not Booked,399,15 Sep 20:06
2026-09-15,Tue,8:30 am to 9:00 am,Spodium Arena | Sector 29,Court 4,Not Booked,149,15 Sep 08:33
2026-09-15,Tue,8:30 pm to 9:00 pm,Spodium Arena | Sector 29,Court 4,Not Booked,399,15 Sep 20:32
2026-09-15,Tue,9:00 am to 9:30 am,Spodium Arena | Sector 29,Court 4,Not Booked,149,15 Sep 09:05
2026-09-15,Tue,9:00 pm to 9:30 pm,Spodium Arena | Sector 29,Court 4,Not Booked,399,15 Sep 21:05
2026-09-15,Tue,9:30 am to 10:00 am,Spodium Arena | Sector 29,Court 4,Not Booked,149,15 Sep 09:35
2026-09-15,Tue,9:30 pm to 10:00 pm,Spodium Arena | Sector 29,Court 4,Not Booked,399,15 Sep 21:32
2026-09-15,Tue,10:00 am to 11:00 am,Spuddy Multisports Academy | Noida,Pickleball (Indoor),Not Booked,350,15 Sep 10:33
2026-09-15,Tue,10:00 pm to 11:00 pm,Spuddy Multisports Academy | Noida,Pickleball (Indoor),Not Booked,900,15 Sep 22:33
2026-09-15,Tue,11:00 am to 12:00 pm,Spuddy Multisports Academy | Noida,Pickleball (Indoor),Not Booked,350,15 Sep 11:33
2026-09-15,Tue,11:00 pm to 12:00 am,Spuddy Multisports Academy | Noida,Pickleball (Indoor),Not Booked,900,15 Sep 23:30
2026-09-15,Tue,12:00 pm to 1:00 pm,Spuddy Multisports Academy | Noida,Pickleball (Indoor),Not Booked,350,15 Sep 12:38
2026-09-15,Tue,1:00 pm to 2:00 pm,Spuddy Multisports Academy | Noida,Pickleball (Indoor),Not Booked,350,15 Sep 13:35
2026-09-15,Tue,2:00 pm to 3:00 pm,Spuddy Multisports Academy | Noida,Pickleball (Indoor),Not Booked,350,15 Sep 14:37
2026-09-15,Tue,3:00 pm to 4:00 pm,Spuddy Multisports Academy | Noida,Pickleball (Indoor),Not Booked,350,15 Sep 15:36
2026-09-15,Tue,4:00 pm to 5:00 pm,Spuddy Multisports Academy | Noida,Pickleball (Indoor),Not Booked,350,15 Sep 16:32
2026-09-15,Tue,5:00 am to 6:00 am,Spuddy Multisports Academy | Noida,Pickleball (Indoor),Not Booked,500,15 Sep 05:27
2026-09-15,Tue,5:00 pm to 6:00 pm,Spuddy Multisports Academy | Noida,Pickleball (Indoor),Filling Fast,900,15 Sep 17:32
2026-09-15,Tue,6:00 am to 7:00 am,Spuddy Multisports Academy | Noida,Pickleball (Indoor),Not Booked,900,15 Sep 06:38
2026-09-15,Tue,6:00 pm to 7:00 pm,Spuddy Multisports Academy | Noida,Pickleball (Indoor),Filling Fast,900,15 Sep 18:37
2026-09-15,Tue,7:00 am to 8:00 am,Spuddy Multisports Academy | Noida,Pickleball (Indoor),Not Booked,900,15 Sep 07:31
2026-09-15,Tue,7:00 pm to 8:00 pm,Spuddy Multisports Academy | Noida,Pickleball (Indoor),Filling Fast,900,15 Sep 19:33
2026-09-15,Tue,8:00 am to 9:00 am,Spuddy Multisports Academy | Noida,Pickleball (Indoor),Not Booked,900,15 Sep 08:33
2026-09-15,Tue,8:00 pm to 9:00 pm,Spuddy Multisports Academy | Noida,Pickleball (Indoor),Filling Fast,900,15 Sep 20:32
2026-09-15,Tue,9:00 am to 10:00 am,Spuddy Multisports Academy | Noida,Pickleball (Indoor),Not Booked,350,15 Sep 09:35
2026-09-15,Tue,9:00 pm to 10:00 pm,Spuddy Multisports Academy | Noida,Pickleball (Indoor),Filling Fast,900,15 Sep 21:32
2026-09-15,Tue,10:00 pm to 10:30 pm,The Box Cage,Court 1,Not Booked,300,15 Sep 22:06
2026-09-15,Tue,10:30 pm to 11:00 pm,The Box Cage,Court 1,Not Booked,300,15 Sep 22:33
2026-09-15,Tue,11:00 pm to 11:30 pm,The Box Cage,Court 1,Not Booked,300,15 Sep 23:02
2026-09-15,Tue,11:30 pm to 12:00 am,The Box Cage,Court 1,Not Booked,300,15 Sep 23:02
2026-09-15,Tue,12:00 am to 12:30 am,The Box Cage,Court 1,Not Booked,300,15 Sep 00:37
2026-09-15,Tue,12:30 am to 1:00 am,The Box Cage,Court 1,Not Booked,300,15 Sep 00:37
2026-09-15,Tue,1:00 am to 1:30 am,The Box Cage,Court 1,Not Booked,300,15 Sep 01:06
2026-09-15,Tue,1:30 am to 2:00 am,The Box Cage,Court 1,Not Booked,300,15 Sep 01:31
2026-09-15,Tue,3:00 pm to 3:30 pm,The Box Cage,Court 1,Not Booked,300,15 Sep 15:07
2026-09-15,Tue,3:30 pm to 4:00 pm,The Box Cage,Court 1,Not Booked,300,15 Sep 15:36
2026-09-15,Tue,4:00 pm to 4:30 pm,The Box Cage,Court 1,Not Booked,300,15 Sep 15:36
2026-09-15,Tue,4:30 pm to 5:00 pm,The Box Cage,Court 1,Not Booked,300,15 Sep 16:32
2026-09-15,Tue,5:00 pm to 5:30 pm,The Box Cage,Court 1,Not Booked,300,15 Sep 17:04
2026-09-15,Tue,5:30 pm to 6:00 pm,The Box Cage,Court 1,Not Booked,300,15 Sep 17:32
2026-09-15,Tue,6:00 pm to 6:30 pm,The Box Cage,Court 1,Not Booked,300,15 Sep 18:09
2026-09-15,Tue,6:30 pm to 7:00 pm,The Box Cage,Court 1,Not Booked,300,15 Sep 18:37
2026-09-15,Tue,7:00 pm to 7:30 pm,The Box Cage,Court 1,Not Booked,300,15 Sep 19:07
2026-09-15,Tue,7:30 pm to 8:00 pm,The Box Cage,Court 1,Not Booked,300,15 Sep 19:33
2026-09-15,Tue,8:00 pm to 8:30 pm,The Box Cage,Court 1,Not Booked,300,15 Sep 20:06
2026-09-15,Tue,8:30 pm to 9:00 pm,The Box Cage,Court 1,Not Booked,300,15 Sep 20:32
2026-09-15,Tue,9:00 pm to 9:30 pm,The Box Cage,Court 1,Not Booked,300,15 Sep 21:05
2026-09-15,Tue,9:30 pm to 10:00 pm,The Box Cage,Court 1,Not Booked,300,15 Sep 21:32
2026-09-15,Tue,10:00 pm to 10:30 pm,The Box Cage,Court 2,Not Booked,300,15 Sep 22:06
2026-09-15,Tue,10:30 pm to 11:00 pm,The Box Cage,Court 2,Not Booked,300,15 Sep 22:33
2026-09-15,Tue,11:00 pm to 11:30 pm,The Box Cage,Court 2,Not Booked,300,15 Sep 22:33
2026-09-15,Tue,11:30 pm to 12:00 am,The Box Cage,Court 2,Not Booked,300,15 Sep 23:30
2026-09-15,Tue,12:30 am to 1:00 am,The Box Cage,Court 2,Not Booked,300,15 Sep 00:37
2026-09-15,Tue,1:00 am to 1:30 am,The Box Cage,Court 2,Not Booked,300,15 Sep 01:06
2026-09-15,Tue,1:30 am to 2:00 am,The Box Cage,Court 2,Not Booked,300,15 Sep 01:31
2026-09-15,Tue,3:00 pm to 3:30 pm,The Box Cage,Court 2,Not Booked,300,15 Sep 15:07
2026-09-15,Tue,3:30 pm to 4:00 pm,The Box Cage,Court 2,Not Booked,300,15 Sep 15:36
2026-09-15,Tue,4:00 pm to 4:30 pm,The Box Cage,Court 2,Not Booked,300,15 Sep 16:05
2026-09-15,Tue,4:30 pm to 5:00 pm,The Box Cage,Court 2,Not Booked,300,15 Sep 16:05
2026-09-15,Tue,5:00 pm to 5:30 pm,The Box Cage,Court 2,Not Booked,300,15 Sep 16:05
2026-09-15,Tue,5:30 pm to 6:00 pm,The Box Cage,Court 2,Not Booked,300,15 Sep 17:32
2026-09-15,Tue,6:00 pm to 6:30 pm,The Box Cage,Court 2,Not Booked,300,15 Sep 18:09
2026-09-15,Tue,6:30 pm to 7:00 pm,The Box Cage,Court 2,Not Booked,300,15 Sep 18:37
2026-09-15,Tue,7:00 pm to 7:30 pm,The Box Cage,Court 2,Not Booked,300,15 Sep 19:07
2026-09-15,Tue,7:30 pm to 8:00 pm,The Box Cage,Court 2,Not Booked,300,15 Sep 19:33
2026-09-15,Tue,8:00 pm to 8:30 pm,The Box Cage,Court 2,Not Booked,300,15 Sep 20:06
2026-09-15,Tue,8:30 pm to 9:00 pm,The Box Cage,Court 2,Not Booked,300,15 Sep 20:06
2026-09-15,Tue,9:00 pm to 9:30 pm,The Box Cage,Court 2,Not Booked,300,15 Sep 21:05
2026-09-15,Tue,9:30 pm to 10:00 pm,The Box Cage,Court 2,Not Booked,300,15 Sep 21:32
2026-09-15,Tue,10:00 pm to 10:30 pm,The Box Cage,Court 3,Not Booked,300,15 Sep 22:06
2026-09-15,Tue,10:30 pm to 11:00 pm,The Box Cage,Court 3,Not Booked,300,15 Sep 22:33
2026-09-15,Tue,11:00 pm to 11:30 pm,The Box Cage,Court 3,Not Booked,300,15 Sep 23:02
2026-09-15,Tue,11:30 pm to 12:00 am,The Box Cage,Court 3,Not Booked,300,15 Sep 23:30
2026-09-15,Tue,1:00 am to 1:30 am,The Box Cage,Court 3,Not Booked,300,15 Sep 01:06
2026-09-15,Tue,1:30 am to 2:00 am,The Box Cage,Court 3,Not Booked,300,15 Sep 01:31
2026-09-15,Tue,3:00 pm to 3:30 pm,The Box Cage,Court 3,Not Booked,300,15 Sep 15:07
2026-09-15,Tue,3:30 pm to 4:00 pm,The Box Cage,Court 3,Not Booked,300,15 Sep 15:36
2026-09-15,Tue,4:00 pm to 4:30 pm,The Box Cage,Court 3,Not Booked,300,15 Sep 16:05
2026-09-15,Tue,4:30 pm to 5:00 pm,The Box Cage,Court 3,Not Booked,300,15 Sep 16:32
2026-09-15,Tue,5:00 pm to 5:30 pm,The Box Cage,Court 3,Not Booked,300,15 Sep 17:04
2026-09-15,Tue,5:30 pm to 6:00 pm,The Box Cage,Court 3,Not Booked,300,15 Sep 17:32
2026-09-15,Tue,6:00 pm to 6:30 pm,The Box Cage,Court 3,Not Booked,300,15 Sep 18:09
2026-09-15,Tue,6:30 pm to 7:00 pm,The Box Cage,Court 3,Not Booked,300,15 Sep 18:37
2026-09-15,Tue,7:00 pm to 7:30 pm,The Box Cage,Court 3,Not Booked,300,15 Sep 19:07
2026-09-15,Tue,7:30 pm to 8:00 pm,The Box Cage,Court 3,Not Booked,300,15 Sep 19:07
2026-09-15,Tue,8:00 pm to 8:30 pm,The Box Cage,Court 3,Not Booked,300,15 Sep 20:06
2026-09-15,Tue,8:30 pm to 9:00 pm,The Box Cage,Court 3,Not Booked,300,15 Sep 20:32
2026-09-15,Tue,9:00 pm to 9:30 pm,The Box Cage,Court 3,Not Booked,300,15 Sep 21:05
2026-09-15,Tue,9:30 pm to 10:00 pm,The Box Cage,Court 3,Not Booked,300,15 Sep 21:32
2026-09-15,Tue,10:00 pm to 10:30 pm,The Box Cage,Court 4,Not Booked,300,15 Sep 21:32
2026-09-15,Tue,10:30 pm to 11:00 pm,The Box Cage,Court 4,Not Booked,300,15 Sep 22:33
2026-09-15,Tue,11:00 pm to 11:30 pm,The Box Cage,Court 4,Not Booked,300,15 Sep 23:02
2026-09-15,Tue,11:30 pm to 12:00 am,The Box Cage,Court 4,Not Booked,300,15 Sep 23:02
2026-09-15,Tue,12:30 am to 1:00 am,The Box Cage,Court 4,Not Booked,300,15 Sep 00:37
2026-09-15,Tue,1:00 am to 1:30 am,The Box Cage,Court 4,Not Booked,300,15 Sep 01:06
2026-09-15,Tue,1:30 am to 2:00 am,The Box Cage,Court 4,Not Booked,300,15 Sep 01:31
2026-09-15,Tue,3:00 pm to 3:30 pm,The Box Cage,Court 4,Not Booked,300,15 Sep 15:07
2026-09-15,Tue,3:30 pm to 4:00 pm,The Box Cage,Court 4,Not Booked,300,15 Sep 15:36
2026-09-15,Tue,4:00 pm to 4:30 pm,The Box Cage,Court 4,Not Booked,300,15 Sep 16:05
2026-09-15,Tue,4:30 pm to 5:00 pm,The Box Cage,Court 4,Not Booked,300,15 Sep 16:32
2026-09-15,Tue,5:00 pm to 5:30 pm,The Box Cage,Court 4,Not Booked,300,15 Sep 17:04
2026-09-15,Tue,5:30 pm to 6:00 pm,The Box Cage,Court 4,Not Booked,300,15 Sep 17:32
2026-09-15,Tue,6:00 pm to 6:30 pm,The Box Cage,Court 4,Not Booked,300,15 Sep 18:09
2026-09-15,Tue,6:30 pm to 7:00 pm,The Box Cage,Court 4,Not Booked,300,15 Sep 18:37
2026-09-15,Tue,7:00 pm to 7:30 pm,The Box Cage,Court 4,Not Booked,300,15 Sep 19:07
2026-09-15,Tue,7:30 pm to 8:00 pm,The Box Cage,Court 4,Not Booked,300,15 Sep 19:33
2026-09-15,Tue,8:00 pm to 8:30 pm,The Box Cage,Court 4,Not Booked,300,15 Sep 20:06
2026-09-15,Tue,8:30 pm to 9:00 pm,The Box Cage,Court 4,Not Booked,300,15 Sep 20:32
2026-09-15,Tue,9:00 pm to 9:30 pm,The Box Cage,Court 4,Not Booked,300,15 Sep 21:05
2026-09-15,Tue,9:30 pm to 10:00 pm,The Box Cage,Court 4,Not Booked,300,15 Sep 21:32
2026-09-15,Tue,4:00 pm to 4:30 pm,Zyng Gallant Sports Arena,Pickleball Courts (Outdoor),Not Booked,350,15 Sep 16:05
2026-09-15,Tue,4:30 pm to 5:00 pm,Zyng Gallant Sports Arena,Pickleball Courts (Outdoor),Not Booked,350,15 Sep 16:32
2026-09-15,Tue,5:00 pm to 5:30 pm,Zyng Gallant Sports Arena,Pickleball Courts (Outdoor),Not Booked,350,15 Sep 17:04
2026-09-15,Tue,5:30 pm to 6:00 pm,Zyng Gallant Sports Arena,Pickleball Courts (Outdoor),Not Booked,350,15 Sep 17:32
2026-09-15,Tue,6:00 pm to 6:30 pm,Zyng Gallant Sports Arena,Pickleball Courts (Outdoor),Not Booked,350,15 Sep 18:09
2026-09-15,Tue,6:30 pm to 7:00 pm,Zyng Gallant Sports Arena,Pickleball Courts (Outdoor),Not Booked,350,15 Sep 18:37
2026-09-15,Tue,7:00 pm to 7:30 pm,Zyng Gallant Sports Arena,Pickleball Courts (Outdoor),Not Booked,350,15 Sep 19:07
2026-09-15,Tue,7:30 pm to 8:00 pm,Zyng Gallant Sports Arena,Pickleball Courts (Outdoor),Not Booked,350,15 Sep 19:33
2026-09-15,Tue,8:00 pm to 8:30 pm,Zyng Gallant Sports Arena,Pickleball Courts (Outdoor),Not Booked,350,15 Sep 20:06
2026-09-15,Tue,8:30 pm to 9:00 pm,Zyng Gallant Sports Arena,Pickleball Courts (Outdoor),Not Booked,350,15 Sep 20:32
2026-09-15,Tue,9:00 pm to 9:30 pm,Zyng Gallant Sports Arena,Pickleball Courts (Outdoor),Not Booked,350,15 Sep 21:05
2026-09-15,Tue,9:30 pm to 10:00 pm,Zyng Gallant Sports Arena,Pickleball Courts (Outdoor),Not Booked,350,15 Sep 21:32
2026-09-16,Wed,10:00 am to 10:30 am,Anandmay Sports Club | Sector 128,Court 1,Not Booked,250,16 Sep 10:03
2026-09-16,Wed,10:00 pm to 10:30 pm,Anandmay Sports Club | Sector 128,Court 1,Not Booked,250,16 Sep 22:05
2026-09-16,Wed,10:30 am to 11:00 am,Anandmay Sports Club | Sector 128,Court 1,Not Booked,250,16 Sep 10:30
2026-09-16,Wed,10:30 pm to 11:00 pm,Anandmay Sports Club | Sector 128,Court 1,Not Booked,250,16 Sep 22:31
2026-09-16,Wed,11:00 am to 11:30 am,Anandmay Sports Club | Sector 128,Court 1,Not Booked,250,16 Sep 11:03
2026-09-16,Wed,11:00 pm to 11:30 pm,Anandmay Sports Club | Sector 128,Court 1,Not Booked,250,16 Sep 23:02
2026-09-16,Wed,11:30 am to 12:00 pm,Anandmay Sports Club | Sector 128,Court 1,Not Booked,250,16 Sep 11:31
2026-09-16,Wed,11:30 pm to 12:00 am,Anandmay Sports Club | Sector 128,Court 1,Not Booked,250,16 Sep 23:30
2026-09-16,Wed,12:00 am to 12:30 am,Anandmay Sports Club | Sector 128,Court 1,Not Booked,250,16 Sep 00:33
2026-09-16,Wed,12:00 pm to 12:30 pm,Anandmay Sports Club | Sector 128,Court 1,Not Booked,250,16 Sep 12:11
2026-09-16,Wed,12:30 am to 1:00 am,Anandmay Sports Club | Sector 128,Court 1,Not Booked,250,16 Sep 00:33
2026-09-16,Wed,12:30 pm to 1:00 pm,Anandmay Sports Club | Sector 128,Court 1,Not Booked,250,16 Sep 12:37
2026-09-16,Wed,1:00 am to 1:30 am,Anandmay Sports Club | Sector 128,Court 1,Not Booked,250,16 Sep 01:03
2026-09-16,Wed,1:00 pm to 1:30 pm,Anandmay Sports Club | Sector 128,Court 1,Not Booked,250,16 Sep 12:37
2026-09-16,Wed,1:30 am to 2:00 am,Anandmay Sports Club | Sector 128,Court 1,Not Booked,250,16 Sep 01:30
2026-09-16,Wed,1:30 pm to 2:00 pm,Anandmay Sports Club | Sector 128,Court 1,Not Booked,250,16 Sep 13:33
2026-09-16,Wed,2:00 am to 2:30 am,Anandmay Sports Club | Sector 128,Court 1,Not Booked,250,16 Sep 02:05
2026-09-16,Wed,2:00 pm to 2:30 pm,Anandmay Sports Club | Sector 128,Court 1,Not Booked,250,16 Sep 14:07
2026-09-16,Wed,2:30 am to 3:00 am,Anandmay Sports Club | Sector 128,Court 1,Not Booked,250,16 Sep 02:32
2026-09-16,Wed,2:30 pm to 3:00 pm,Anandmay Sports Club | Sector 128,Court 1,Not Booked,250,16 Sep 14:36
2026-09-16,Wed,3:00 am to 3:30 am,Anandmay Sports Club | Sector 128,Court 1,Not Booked,250,16 Sep 03:03
2026-09-16,Wed,3:00 pm to 3:30 pm,Anandmay Sports Club | Sector 128,Court 1,Not Booked,250,16 Sep 15:06
2026-09-16,Wed,3:30 am to 4:00 am,Anandmay Sports Club | Sector 128,Court 1,Not Booked,250,16 Sep 03:30
2026-09-16,Wed,3:30 pm to 4:00 pm,Anandmay Sports Club | Sector 128,Court 1,Not Booked,250,16 Sep 15:32
2026-09-16,Wed,4:00 am to 4:30 am,Anandmay Sports Club | Sector 128,Court 1,Not Booked,250,16 Sep 04:29
2026-09-16,Wed,4:00 pm to 4:30 pm,Anandmay Sports Club | Sector 128,Court 1,Not Booked,250,16 Sep 16:07
2026-09-16,Wed,4:30 am to 5:00 am,Anandmay Sports Club | Sector 128,Court 1,Not Booked,250,16 Sep 04:29
2026-09-16,Wed,4:30 pm to 5:00 pm,Anandmay Sports Club | Sector 128,Court 1,Not Booked,250,16 Sep 16:31
2026-09-16,Wed,5:00 am to 5:30 am,Anandmay Sports Club | Sector 128,Court 1,Not Booked,250,16 Sep 05:02
2026-09-16,Wed,5:00 pm to 5:30 pm,Anandmay Sports Club | Sector 128,Court 1,Not Booked,250,16 Sep 17:05
2026-09-16,Wed,5:30 am to 6:00 am,Anandmay Sports Club | Sector 128,Court 1,Not Booked,250,16 Sep 05:31
2026-09-16,Wed,5:30 pm to 6:00 pm,Anandmay Sports Club | Sector 128,Court 1,Not Booked,250,16 Sep 17:32
2026-09-16,Wed,6:00 am to 6:30 am,Anandmay Sports Club | Sector 128,Court 1,Not Booked,250,16 Sep 06:11
2026-09-16,Wed,6:00 pm to 6:30 pm,Anandmay Sports Club | Sector 128,Court 1,Not Booked,250,16 Sep 17:32
2026-09-16,Wed,6:30 am to 7:00 am,Anandmay Sports Club | Sector 128,Court 1,Not Booked,250,16 Sep 06:37
2026-09-16,Wed,6:30 pm to 7:00 pm,Anandmay Sports Club | Sector 128,Court 1,Not Booked,250,16 Sep 18:37
2026-09-16,Wed,7:00 am to 7:30 am,Anandmay Sports Club | Sector 128,Court 1,Not Booked,250,16 Sep 06:37
2026-09-16,Wed,7:00 pm to 7:30 pm,Anandmay Sports Club | Sector 128,Court 1,Not Booked,250,16 Sep 19:06
2026-09-16,Wed,7:30 am to 8:00 am,Anandmay Sports Club | Sector 128,Court 1,Not Booked,250,16 Sep 07:30
2026-09-16,Wed,7:30 pm to 8:00 pm,Anandmay Sports Club | Sector 128,Court 1,Not Booked,250,16 Sep 19:34
2026-09-16,Wed,8:00 am to 8:30 am,Anandmay Sports Club | Sector 128,Court 1,Not Booked,250,16 Sep 08:04
2026-09-16,Wed,8:00 pm to 8:30 pm,Anandmay Sports Club | Sector 128,Court 1,Not Booked,250,16 Sep 20:07
2026-09-16,Wed,8:30 am to 9:00 am,Anandmay Sports Club | Sector 128,Court 1,Not Booked,250,16 Sep 08:32
2026-09-16,Wed,8:30 pm to 9:00 pm,Anandmay Sports Club | Sector 128,Court 1,Not Booked,250,16 Sep 20:31
2026-09-16,Wed,9:00 am to 9:30 am,Anandmay Sports Club | Sector 128,Court 1,Not Booked,250,16 Sep 09:06
2026-09-16,Wed,9:00 pm to 9:30 pm,Anandmay Sports Club | Sector 128,Court 1,Not Booked,250,16 Sep 21:04
2026-09-16,Wed,9:30 am to 10:00 am,Anandmay Sports Club | Sector 128,Court 1,Not Booked,250,16 Sep 09:33
2026-09-16,Wed,9:30 pm to 10:00 pm,Anandmay Sports Club | Sector 128,Court 1,Not Booked,250,16 Sep 21:32
2026-09-16,Wed,10:00 am to 10:30 am,Anandmay Sports Club | Sector 128,Court 2,Not Booked,250,16 Sep 09:33
2026-09-16,Wed,10:00 pm to 10:30 pm,Anandmay Sports Club | Sector 128,Court 2,Not Booked,250,16 Sep 20:07
2026-09-16,Wed,10:30 am to 11:00 am,Anandmay Sports Club | Sector 128,Court 2,Not Booked,250,16 Sep 09:33
2026-09-16,Wed,10:30 pm to 11:00 pm,Anandmay Sports Club | Sector 128,Court 2,Not Booked,250,16 Sep 20:07
2026-09-16,Wed,11:00 am to 11:30 am,Anandmay Sports Club | Sector 128,Court 2,Not Booked,250,16 Sep 09:33
2026-09-16,Wed,11:00 pm to 11:30 pm,Anandmay Sports Club | Sector 128,Court 2,Not Booked,250,16 Sep 20:07
2026-09-16,Wed,11:30 am to 12:00 pm,Anandmay Sports Club | Sector 128,Court 2,Not Booked,250,16 Sep 09:33
2026-09-16,Wed,11:30 pm to 12:00 am,Anandmay Sports Club | Sector 128,Court 2,Not Booked,250,16 Sep 20:07
2026-09-16,Wed,12:00 pm to 12:30 pm,Anandmay Sports Club | Sector 128,Court 2,Not Booked,250,16 Sep 09:33
2026-09-16,Wed,12:30 pm to 1:00 pm,Anandmay Sports Club | Sector 128,Court 2,Not Booked,250,16 Sep 09:33
2026-09-16,Wed,1:00 pm to 1:30 pm,Anandmay Sports Club | Sector 128,Court 2,Not Booked,250,16 Sep 13:06
2026-09-16,Wed,1:30 pm to 2:00 pm,Anandmay Sports Club | Sector 128,Court 2,Not Booked,250,16 Sep 13:06
2026-09-16,Wed,2:00 am to 2:30 am,Anandmay Sports Club | Sector 128,Court 2,Not Booked,250,16 Sep 02:32
2026-09-16,Wed,2:00 pm to 2:30 pm,Anandmay Sports Club | Sector 128,Court 2,Not Booked,250,16 Sep 14:07
2026-09-16,Wed,2:30 am to 3:00 am,Anandmay Sports Club | Sector 128,Court 2,Not Booked,250,16 Sep 02:32
2026-09-16,Wed,2:30 pm to 3:00 pm,Anandmay Sports Club | Sector 128,Court 2,Not Booked,250,16 Sep 14:07
2026-09-16,Wed,3:00 am to 3:30 am,Anandmay Sports Club | Sector 128,Court 2,Not Booked,250,16 Sep 02:32
2026-09-16,Wed,3:00 pm to 3:30 pm,Anandmay Sports Club | Sector 128,Court 2,Not Booked,250,16 Sep 14:07
2026-09-16,Wed,3:30 am to 4:00 am,Anandmay Sports Club | Sector 128,Court 2,Not Booked,250,16 Sep 02:32
2026-09-16,Wed,3:30 pm to 4:00 pm,Anandmay Sports Club | Sector 128,Court 2,Not Booked,250,16 Sep 14:07
2026-09-16,Wed,4:00 am to 4:30 am,Anandmay Sports Club | Sector 128,Court 2,Not Booked,250,16 Sep 02:32
2026-09-16,Wed,4:00 pm to 4:30 pm,Anandmay Sports Club | Sector 128,Court 2,Not Booked,250,16 Sep 16:07
2026-09-16,Wed,4:30 am to 5:00 am,Anandmay Sports Club | Sector 128,Court 2,Not Booked,250,16 Sep 02:32
2026-09-16,Wed,4:30 pm to 5:00 pm,Anandmay Sports Club | Sector 128,Court 2,Not Booked,250,16 Sep 16:31
2026-09-16,Wed,5:00 am to 5:30 am,Anandmay Sports Club | Sector 128,Court 2,Not Booked,250,16 Sep 02:32
2026-09-16,Wed,5:00 pm to 5:30 pm,Anandmay Sports Club | Sector 128,Court 2,Not Booked,250,16 Sep 17:05
2026-09-16,Wed,5:30 am to 6:00 am,Anandmay Sports Club | Sector 128,Court 2,Not Booked,250,16 Sep 05:31
2026-09-16,Wed,5:30 pm to 6:00 pm,Anandmay Sports Club | Sector 128,Court 2,Not Booked,250,16 Sep 17:05
2026-09-16,Wed,6:00 am to 6:30 am,Anandmay Sports Club | Sector 128,Court 2,Not Booked,250,16 Sep 06:11
2026-09-16,Wed,6:00 pm to 6:30 pm,Anandmay Sports Club | Sector 128,Court 2,Not Booked,250,16 Sep 18:10
2026-09-16,Wed,6:30 am to 7:00 am,Anandmay Sports Club | Sector 128,Court 2,Not Booked,250,16 Sep 06:37
2026-09-16,Wed,6:30 pm to 7:00 pm,Anandmay Sports Club | Sector 128,Court 2,Not Booked,250,16 Sep 18:37
2026-09-16,Wed,7:00 am to 7:30 am,Anandmay Sports Club | Sector 128,Court 2,Not Booked,250,16 Sep 07:06
2026-09-16,Wed,7:00 pm to 7:30 pm,Anandmay Sports Club | Sector 128,Court 2,Not Booked,250,16 Sep 18:37
2026-09-16,Wed,7:30 am to 8:00 am,Anandmay Sports Club | Sector 128,Court 2,Not Booked,250,16 Sep 07:06
2026-09-16,Wed,7:30 pm to 8:00 pm,Anandmay Sports Club | Sector 128,Court 2,Not Booked,250,16 Sep 19:34
2026-09-16,Wed,8:00 am to 8:30 am,Anandmay Sports Club | Sector 128,Court 2,Not Booked,250,16 Sep 07:06
2026-09-16,Wed,8:00 pm to 8:30 pm,Anandmay Sports Club | Sector 128,Court 2,Not Booked,250,16 Sep 20:07
2026-09-16,Wed,8:30 am to 9:00 am,Anandmay Sports Club | Sector 128,Court 2,Not Booked,250,16 Sep 08:32
2026-09-16,Wed,8:30 pm to 9:00 pm,Anandmay Sports Club | Sector 128,Court 2,Not Booked,250,16 Sep 20:07
2026-09-16,Wed,9:00 am to 9:30 am,Anandmay Sports Club | Sector 128,Court 2,Not Booked,250,16 Sep 08:32
2026-09-16,Wed,9:00 pm to 9:30 pm,Anandmay Sports Club | Sector 128,Court 2,Not Booked,250,16 Sep 20:07
2026-09-16,Wed,9:30 am to 10:00 am,Anandmay Sports Club | Sector 128,Court 2,Not Booked,250,16 Sep 09:33
2026-09-16,Wed,9:30 pm to 10:00 pm,Anandmay Sports Club | Sector 128,Court 2,Not Booked,250,16 Sep 20:07
2026-09-16,Wed,10:00 am to 10:30 am,Arena 44,Court 1,Not Booked,550,16 Sep 10:03
2026-09-16,Wed,10:00 pm to 10:30 pm,Arena 44,Court 1,Not Booked,550,16 Sep 22:05
2026-09-16,Wed,10:30 am to 11:00 am,Arena 44,Court 1,Not Booked,550,16 Sep 10:03
2026-09-16,Wed,10:30 pm to 11:00 pm,Arena 44,Court 1,Not Booked,550,16 Sep 22:31
2026-09-16,Wed,3:00 pm to 3:30 pm,Arena 44,Court 1,Not Booked,550,16 Sep 15:06
2026-09-16,Wed,3:30 pm to 4:00 pm,Arena 44,Court 1,Not Booked,550,16 Sep 15:32
2026-09-16,Wed,4:00 pm to 4:30 pm,Arena 44,Court 1,Not Booked,550,16 Sep 16:07
2026-09-16,Wed,4:30 pm to 5:00 pm,Arena 44,Court 1,Not Booked,550,16 Sep 16:31
2026-09-16,Wed,5:00 pm to 5:30 pm,Arena 44,Court 1,Not Booked,550,16 Sep 17:05
2026-09-16,Wed,5:30 pm to 6:00 pm,Arena 44,Court 1,Not Booked,550,16 Sep 17:05
2026-09-16,Wed,6:00 pm to 6:30 pm,Arena 44,Court 1,Not Booked,550,16 Sep 18:10
2026-09-16,Wed,6:30 pm to 7:00 pm,Arena 44,Court 1,Not Booked,550,16 Sep 18:37
2026-09-16,Wed,7:00 am to 7:30 am,Arena 44,Court 1,Not Booked,550,16 Sep 07:06
2026-09-16,Wed,7:00 pm to 7:30 pm,Arena 44,Court 1,Not Booked,550,16 Sep 19:06
2026-09-16,Wed,7:30 am to 8:00 am,Arena 44,Court 1,Not Booked,550,16 Sep 07:30
2026-09-16,Wed,7:30 pm to 8:00 pm,Arena 44,Court 1,Booked,550,16 Sep 19:34
2026-09-16,Wed,8:00 am to 8:30 am,Arena 44,Court 1,Not Booked,550,16 Sep 08:04
2026-09-16,Wed,8:00 pm to 8:30 pm,Arena 44,Court 1,Booked,550,16 Sep 20:07
2026-09-16,Wed,8:30 am to 9:00 am,Arena 44,Court 1,Not Booked,550,16 Sep 08:32
2026-09-16,Wed,8:30 pm to 9:00 pm,Arena 44,Court 1,Booked,550,16 Sep 20:07
2026-09-16,Wed,9:00 am to 9:30 am,Arena 44,Court 1,Not Booked,550,16 Sep 09:06
2026-09-16,Wed,9:00 pm to 9:30 pm,Arena 44,Court 1,Booked,550,16 Sep 20:07
2026-09-16,Wed,9:30 am to 10:00 am,Arena 44,Court 1,Not Booked,550,16 Sep 09:33
2026-09-16,Wed,9:30 pm to 10:00 pm,Arena 44,Court 1,Not Booked,550,16 Sep 21:32
2026-09-16,Wed,10:00 am to 10:30 am,Arena 44,Court 2,Not Booked,550,16 Sep 07:06
2026-09-16,Wed,10:00 pm to 10:30 pm,Arena 44,Court 2,Not Booked,550,16 Sep 21:04
2026-09-16,Wed,10:30 am to 11:00 am,Arena 44,Court 2,Not Booked,550,16 Sep 10:30
2026-09-16,Wed,10:30 pm to 11:00 pm,Arena 44,Court 2,Not Booked,550,16 Sep 21:04
2026-09-16,Wed,3:00 pm to 3:30 pm,Arena 44,Court 2,Not Booked,550,16 Sep 14:36
2026-09-16,Wed,3:30 pm to 4:00 pm,Arena 44,Court 2,Not Booked,550,16 Sep 14:36
2026-09-16,Wed,4:00 pm to 4:30 pm,Arena 44,Court 2,Not Booked,550,16 Sep 14:36
2026-09-16,Wed,4:30 pm to 5:00 pm,Arena 44,Court 2,Not Booked,550,16 Sep 16:31
2026-09-16,Wed,5:00 pm to 5:30 pm,Arena 44,Court 2,Not Booked,550,16 Sep 17:05
2026-09-16,Wed,5:30 pm to 6:00 pm,Arena 44,Court 2,Not Booked,550,16 Sep 17:32
2026-09-16,Wed,6:00 pm to 6:30 pm,Arena 44,Court 2,Not Booked,550,16 Sep 18:10
2026-09-16,Wed,6:30 pm to 7:00 pm,Arena 44,Court 2,Not Booked,550,16 Sep 18:10
2026-09-16,Wed,7:00 am to 7:30 am,Arena 44,Court 2,Not Booked,550,16 Sep 07:06
2026-09-16,Wed,7:00 pm to 7:30 pm,Arena 44,Court 2,Not Booked,550,16 Sep 18:10
2026-09-16,Wed,7:30 am to 8:00 am,Arena 44,Court 2,Not Booked,550,16 Sep 07:06
2026-09-16,Wed,7:30 pm to 8:00 pm,Arena 44,Court 2,Booked,550,16 Sep 18:10
2026-09-16,Wed,8:00 am to 8:30 am,Arena 44,Court 2,Not Booked,550,16 Sep 07:06
2026-09-16,Wed,8:00 pm to 8:30 pm,Arena 44,Court 2,Booked,550,16 Sep 20:07
2026-09-16,Wed,8:30 am to 9:00 am,Arena 44,Court 2,Not Booked,550,16 Sep 07:06
2026-09-16,Wed,8:30 pm to 9:00 pm,Arena 44,Court 2,Not Booked,550,16 Sep 20:31
2026-09-16,Wed,9:00 am to 9:30 am,Arena 44,Court 2,Not Booked,550,16 Sep 07:06
2026-09-16,Wed,9:00 pm to 9:30 pm,Arena 44,Court 2,Not Booked,550,16 Sep 21:04
2026-09-16,Wed,9:30 am to 10:00 am,Arena 44,Court 2,Not Booked,550,16 Sep 07:06
2026-09-16,Wed,9:30 pm to 10:00 pm,Arena 44,Court 2,Not Booked,550,16 Sep 21:04
2026-09-16,Wed,10:00 am to 10:30 am,Arena 44,Court 3,Not Booked,550,16 Sep 10:03
2026-09-16,Wed,10:00 pm to 10:30 pm,Arena 44,Court 3,Not Booked,550,16 Sep 22:05
2026-09-16,Wed,10:30 am to 11:00 am,Arena 44,Court 3,Not Booked,550,16 Sep 10:03
2026-09-16,Wed,10:30 pm to 11:00 pm,Arena 44,Court 3,Not Booked,550,16 Sep 22:31
2026-09-16,Wed,3:00 pm to 3:30 pm,Arena 44,Court 3,Not Booked,550,16 Sep 15:06
2026-09-16,Wed,3:30 pm to 4:00 pm,Arena 44,Court 3,Not Booked,550,16 Sep 15:32
2026-09-16,Wed,4:00 pm to 4:30 pm,Arena 44,Court 3,Not Booked,550,16 Sep 16:07
2026-09-16,Wed,4:30 pm to 5:00 pm,Arena 44,Court 3,Not Booked,550,16 Sep 16:07
2026-09-16,Wed,5:00 pm to 5:30 pm,Arena 44,Court 3,Not Booked,550,16 Sep 16:07
2026-09-16,Wed,5:30 pm to 6:00 pm,Arena 44,Court 3,Not Booked,550,16 Sep 17:32
2026-09-16,Wed,6:00 pm to 6:30 pm,Arena 44,Court 3,Not Booked,550,16 Sep 18:10
2026-09-16,Wed,6:30 pm to 7:00 pm,Arena 44,Court 3,Not Booked,550,16 Sep 18:37
2026-09-16,Wed,7:00 am to 7:30 am,Arena 44,Court 3,Not Booked,550,16 Sep 07:06
2026-09-16,Wed,7:00 pm to 7:30 pm,Arena 44,Court 3,Not Booked,550,16 Sep 19:06
2026-09-16,Wed,7:30 am to 8:00 am,Arena 44,Court 3,Not Booked,550,16 Sep 07:30
2026-09-16,Wed,7:30 pm to 8:00 pm,Arena 44,Court 3,Not Booked,550,16 Sep 19:34
2026-09-16,Wed,8:00 am to 8:30 am,Arena 44,Court 3,Not Booked,550,16 Sep 08:04
2026-09-16,Wed,8:00 pm to 8:30 pm,Arena 44,Court 3,Booked,550,16 Sep 20:07
2026-09-16,Wed,8:30 am to 9:00 am,Arena 44,Court 3,Not Booked,550,16 Sep 08:32
2026-09-16,Wed,8:30 pm to 9:00 pm,Arena 44,Court 3,Booked,550,16 Sep 20:31
2026-09-16,Wed,9:00 am to 9:30 am,Arena 44,Court 3,Not Booked,550,16 Sep 09:06
2026-09-16,Wed,9:00 pm to 9:30 pm,Arena 44,Court 3,Booked,550,16 Sep 21:04
2026-09-16,Wed,9:30 am to 10:00 am,Arena 44,Court 3,Not Booked,550,16 Sep 09:33
2026-09-16,Wed,9:30 pm to 10:00 pm,Arena 44,Court 3,Not Booked,550,16 Sep 21:32
2026-09-16,Wed,10:00 am to 10:30 am,Arena 44,Hardy's Court 1,Not Booked,450,16 Sep 10:03
2026-09-16,Wed,10:00 pm to 10:30 pm,Arena 44,Hardy's Court 1,Booked,450,16 Sep 22:05
2026-09-16,Wed,10:30 am to 11:00 am,Arena 44,Hardy's Court 1,Not Booked,450,16 Sep 10:30
2026-09-16,Wed,10:30 pm to 11:00 pm,Arena 44,Hardy's Court 1,Not Booked,450,16 Sep 22:31
2026-09-16,Wed,3:00 pm to 3:30 pm,Arena 44,Hardy's Court 1,Not Booked,450,16 Sep 15:06
2026-09-16,Wed,3:30 pm to 4:00 pm,Arena 44,Hardy's Court 1,Not Booked,450,16 Sep 15:32
2026-09-16,Wed,4:00 pm to 4:30 pm,Arena 44,Hardy's Court 1,Not Booked,450,16 Sep 16:07
2026-09-16,Wed,4:30 pm to 5:00 pm,Arena 44,Hardy's Court 1,Not Booked,450,16 Sep 16:31
2026-09-16,Wed,5:00 pm to 5:30 pm,Arena 44,Hardy's Court 1,Not Booked,450,16 Sep 17:05
2026-09-16,Wed,5:30 pm to 6:00 pm,Arena 44,Hardy's Court 1,Not Booked,450,16 Sep 17:32
2026-09-16,Wed,6:00 pm to 6:30 pm,Arena 44,Hardy's Court 1,Booked,450,16 Sep 18:10
2026-09-16,Wed,6:30 pm to 7:00 pm,Arena 44,Hardy's Court 1,Booked,450,16 Sep 18:37
2026-09-16,Wed,7:00 am to 7:30 am,Arena 44,Hardy's Court 1,Not Booked,450,16 Sep 07:06
2026-09-16,Wed,7:00 pm to 7:30 pm,Arena 44,Hardy's Court 1,Not Booked,450,16 Sep 19:06
2026-09-16,Wed,7:30 am to 8:00 am,Arena 44,Hardy's Court 1,Not Booked,450,16 Sep 07:30
2026-09-16,Wed,7:30 pm to 8:00 pm,Arena 44,Hardy's Court 1,Booked,450,16 Sep 19:34
2026-09-16,Wed,8:00 am to 8:30 am,Arena 44,Hardy's Court 1,Not Booked,450,16 Sep 08:04
2026-09-16,Wed,8:00 pm to 8:30 pm,Arena 44,Hardy's Court 1,Booked,450,16 Sep 20:07
2026-09-16,Wed,8:30 am to 9:00 am,Arena 44,Hardy's Court 1,Not Booked,450,16 Sep 08:32
2026-09-16,Wed,8:30 pm to 9:00 pm,Arena 44,Hardy's Court 1,Booked,450,16 Sep 20:31
2026-09-16,Wed,9:00 am to 9:30 am,Arena 44,Hardy's Court 1,Not Booked,450,16 Sep 09:06
2026-09-16,Wed,9:00 pm to 9:30 pm,Arena 44,Hardy's Court 1,Booked,450,16 Sep 21:04
2026-09-16,Wed,9:30 am to 10:00 am,Arena 44,Hardy's Court 1,Not Booked,450,16 Sep 09:33
2026-09-16,Wed,9:30 pm to 10:00 pm,Arena 44,Hardy's Court 1,Booked,450,16 Sep 21:32
2026-09-16,Wed,10:00 am to 10:30 am,Arena 44,Hardy's Court 2,Not Booked,450,16 Sep 10:03
2026-09-16,Wed,10:00 pm to 10:30 pm,Arena 44,Hardy's Court 2,Not Booked,450,16 Sep 22:05
2026-09-16,Wed,10:30 am to 11:00 am,Arena 44,Hardy's Court 2,Not Booked,450,16 Sep 10:30
2026-09-16,Wed,10:30 pm to 11:00 pm,Arena 44,Hardy's Court 2,Not Booked,450,16 Sep 22:31
2026-09-16,Wed,3:00 pm to 3:30 pm,Arena 44,Hardy's Court 2,Not Booked,450,16 Sep 15:06
2026-09-16,Wed,3:30 pm to 4:00 pm,Arena 44,Hardy's Court 2,Not Booked,450,16 Sep 15:32
2026-09-16,Wed,4:00 pm to 4:30 pm,Arena 44,Hardy's Court 2,Not Booked,450,16 Sep 16:07
2026-09-16,Wed,4:30 pm to 5:00 pm,Arena 44,Hardy's Court 2,Not Booked,450,16 Sep 16:31
2026-09-16,Wed,5:00 pm to 5:30 pm,Arena 44,Hardy's Court 2,Not Booked,450,16 Sep 17:05
2026-09-16,Wed,5:30 pm to 6:00 pm,Arena 44,Hardy's Court 2,Not Booked,450,16 Sep 17:32
2026-09-16,Wed,6:00 pm to 6:30 pm,Arena 44,Hardy's Court 2,Not Booked,450,16 Sep 18:10
2026-09-16,Wed,6:30 pm to 7:00 pm,Arena 44,Hardy's Court 2,Booked,450,16 Sep 18:37
2026-09-16,Wed,7:00 am to 7:30 am,Arena 44,Hardy's Court 2,Not Booked,450,16 Sep 07:06
2026-09-16,Wed,7:00 pm to 7:30 pm,Arena 44,Hardy's Court 2,Booked,450,16 Sep 19:06
2026-09-16,Wed,7:30 am to 8:00 am,Arena 44,Hardy's Court 2,Not Booked,450,16 Sep 07:30
2026-09-16,Wed,7:30 pm to 8:00 pm,Arena 44,Hardy's Court 2,Booked,450,16 Sep 19:34
2026-09-16,Wed,8:00 am to 8:30 am,Arena 44,Hardy's Court 2,Not Booked,450,16 Sep 08:04
2026-09-16,Wed,8:00 pm to 8:30 pm,Arena 44,Hardy's Court 2,Booked,450,16 Sep 20:07
2026-09-16,Wed,8:30 am to 9:00 am,Arena 44,Hardy's Court 2,Not Booked,450,16 Sep 08:32
2026-09-16,Wed,8:30 pm to 9:00 pm,Arena 44,Hardy's Court 2,Booked,450,16 Sep 20:31
2026-09-16,Wed,9:00 am to 9:30 am,Arena 44,Hardy's Court 2,Not Booked,450,16 Sep 09:06
2026-09-16,Wed,9:00 pm to 9:30 pm,Arena 44,Hardy's Court 2,Booked,450,16 Sep 21:04
2026-09-16,Wed,9:30 am to 10:00 am,Arena 44,Hardy's Court 2,Not Booked,450,16 Sep 09:33
2026-09-16,Wed,9:30 pm to 10:00 pm,Arena 44,Hardy's Court 2,Booked,450,16 Sep 21:32
2026-09-16,Wed,10:00 am to 10:30 am,Arena 44,Hardy's Court 3,Not Booked,450,16 Sep 09:33
2026-09-16,Wed,10:00 pm to 10:30 pm,Arena 44,Hardy's Court 3,Booked,450,16 Sep 22:05
2026-09-16,Wed,10:30 am to 11:00 am,Arena 44,Hardy's Court 3,Not Booked,450,16 Sep 09:33
2026-09-16,Wed,10:30 pm to 11:00 pm,Arena 44,Hardy's Court 3,Not Booked,450,16 Sep 22:31
2026-09-16,Wed,3:00 pm to 3:30 pm,Arena 44,Hardy's Court 3,Not Booked,450,16 Sep 15:06
2026-09-16,Wed,3:30 pm to 4:00 pm,Arena 44,Hardy's Court 3,Not Booked,450,16 Sep 15:32
2026-09-16,Wed,4:00 pm to 4:30 pm,Arena 44,Hardy's Court 3,Not Booked,450,16 Sep 15:32
2026-09-16,Wed,4:30 pm to 5:00 pm,Arena 44,Hardy's Court 3,Not Booked,450,16 Sep 16:31
2026-09-16,Wed,5:00 pm to 5:30 pm,Arena 44,Hardy's Court 3,Not Booked,450,16 Sep 17:05
2026-09-16,Wed,5:30 pm to 6:00 pm,Arena 44,Hardy's Court 3,Not Booked,450,16 Sep 17:05
2026-09-16,Wed,6:00 pm to 6:30 pm,Arena 44,Hardy's Court 3,Not Booked,450,16 Sep 17:05
2026-09-16,Wed,6:30 pm to 7:00 pm,Arena 44,Hardy's Court 3,Not Booked,450,16 Sep 18:37
2026-09-16,Wed,7:00 am to 7:30 am,Arena 44,Hardy's Court 3,Not Booked,450,16 Sep 07:06
2026-09-16,Wed,7:00 pm to 7:30 pm,Arena 44,Hardy's Court 3,Not Booked,450,16 Sep 19:06
2026-09-16,Wed,7:30 am to 8:00 am,Arena 44,Hardy's Court 3,Not Booked,450,16 Sep 07:30
2026-09-16,Wed,7:30 pm to 8:00 pm,Arena 44,Hardy's Court 3,Booked,450,16 Sep 19:34
2026-09-16,Wed,8:00 am to 8:30 am,Arena 44,Hardy's Court 3,Not Booked,450,16 Sep 08:04
2026-09-16,Wed,8:00 pm to 8:30 pm,Arena 44,Hardy's Court 3,Booked,450,16 Sep 20:07
2026-09-16,Wed,8:30 am to 9:00 am,Arena 44,Hardy's Court 3,Not Booked,450,16 Sep 08:32
2026-09-16,Wed,8:30 pm to 9:00 pm,Arena 44,Hardy's Court 3,Booked,450,16 Sep 20:07
2026-09-16,Wed,9:00 am to 9:30 am,Arena 44,Hardy's Court 3,Not Booked,450,16 Sep 09:06
2026-09-16,Wed,9:00 pm to 9:30 pm,Arena 44,Hardy's Court 3,Booked,450,16 Sep 20:07
2026-09-16,Wed,9:30 am to 10:00 am,Arena 44,Hardy's Court 3,Not Booked,450,16 Sep 09:33
2026-09-16,Wed,9:30 pm to 10:00 pm,Arena 44,Hardy's Court 3,Booked,450,16 Sep 21:32
2026-09-16,Wed,10:00 am to 10:30 am,Arena 44,Hardy's Court 4,Not Booked,450,16 Sep 10:03
2026-09-16,Wed,10:00 pm to 10:30 pm,Arena 44,Hardy's Court 4,Booked,450,16 Sep 21:04
2026-09-16,Wed,10:30 am to 11:00 am,Arena 44,Hardy's Court 4,Not Booked,450,16 Sep 10:30
2026-09-16,Wed,10:30 pm to 11:00 pm,Arena 44,Hardy's Court 4,Booked,450,16 Sep 22:31
2026-09-16,Wed,3:00 pm to 3:30 pm,Arena 44,Hardy's Court 4,Not Booked,450,16 Sep 15:06
2026-09-16,Wed,3:30 pm to 4:00 pm,Arena 44,Hardy's Court 4,Not Booked,450,16 Sep 15:32
2026-09-16,Wed,4:00 pm to 4:30 pm,Arena 44,Hardy's Court 4,Not Booked,450,16 Sep 16:07
2026-09-16,Wed,4:30 pm to 5:00 pm,Arena 44,Hardy's Court 4,Not Booked,450,16 Sep 16:07
2026-09-16,Wed,5:00 pm to 5:30 pm,Arena 44,Hardy's Court 4,Not Booked,450,16 Sep 17:05
2026-09-16,Wed,5:30 pm to 6:00 pm,Arena 44,Hardy's Court 4,Not Booked,450,16 Sep 17:32
2026-09-16,Wed,6:00 pm to 6:30 pm,Arena 44,Hardy's Court 4,Not Booked,450,16 Sep 18:10
2026-09-16,Wed,6:30 pm to 7:00 pm,Arena 44,Hardy's Court 4,Not Booked,450,16 Sep 18:37
2026-09-16,Wed,7:00 am to 7:30 am,Arena 44,Hardy's Court 4,Not Booked,450,16 Sep 07:06
2026-09-16,Wed,7:00 pm to 7:30 pm,Arena 44,Hardy's Court 4,Not Booked,450,16 Sep 19:06
2026-09-16,Wed,7:30 am to 8:00 am,Arena 44,Hardy's Court 4,Not Booked,450,16 Sep 07:30
2026-09-16,Wed,7:30 pm to 8:00 pm,Arena 44,Hardy's Court 4,Booked,450,16 Sep 19:34
2026-09-16,Wed,8:00 am to 8:30 am,Arena 44,Hardy's Court 4,Not Booked,450,16 Sep 08:04
2026-09-16,Wed,8:00 pm to 8:30 pm,Arena 44,Hardy's Court 4,Booked,450,16 Sep 19:34
2026-09-16,Wed,8:30 am to 9:00 am,Arena 44,Hardy's Court 4,Not Booked,450,16 Sep 08:32
2026-09-16,Wed,8:30 pm to 9:00 pm,Arena 44,Hardy's Court 4,Booked,450,16 Sep 20:31
2026-09-16,Wed,9:00 am to 9:30 am,Arena 44,Hardy's Court 4,Not Booked,450,16 Sep 08:32
2026-09-16,Wed,9:00 pm to 9:30 pm,Arena 44,Hardy's Court 4,Booked,450,16 Sep 21:04
2026-09-16,Wed,9:30 am to 10:00 am,Arena 44,Hardy's Court 4,Not Booked,450,16 Sep 09:33
2026-09-16,Wed,9:30 pm to 10:00 pm,Arena 44,Hardy's Court 4,Booked,450,16 Sep 21:04
2026-09-16,Wed,10:00 pm to 10:30 pm,CoPlay RISE | Sec 73 Noida,Court 1,Not Booked,200,16 Sep 22:05
2026-09-16,Wed,10:30 pm to 11:00 pm,CoPlay RISE | Sec 73 Noida,Court 1,Not Booked,200,16 Sep 22:31
2026-09-16,Wed,11:00 pm to 11:30 pm,CoPlay RISE | Sec 73 Noida,Court 1,Booked,200,16 Sep 23:02
2026-09-16,Wed,11:30 pm to 12:00 am,CoPlay RISE | Sec 73 Noida,Court 1,Booked,200,16 Sep 23:30
2026-09-16,Wed,5:00 am to 5:30 am,CoPlay RISE | Sec 73 Noida,Court 1,Not Booked,200,16 Sep 05:02
2026-09-16,Wed,5:30 am to 6:00 am,CoPlay RISE | Sec 73 Noida,Court 1,Not Booked,200,16 Sep 05:31
2026-09-16,Wed,6:00 am to 6:30 am,CoPlay RISE | Sec 73 Noida,Court 1,Not Booked,200,16 Sep 06:11
2026-09-16,Wed,6:30 am to 7:00 am,CoPlay RISE | Sec 73 Noida,Court 1,Not Booked,200,16 Sep 06:37
2026-09-16,Wed,7:00 am to 7:30 am,CoPlay RISE | Sec 73 Noida,Court 1,Not Booked,200,16 Sep 07:06
2026-09-16,Wed,7:00 pm to 7:30 pm,CoPlay RISE | Sec 73 Noida,Court 1,Not Booked,200,16 Sep 19:06
2026-09-16,Wed,7:30 am to 8:00 am,CoPlay RISE | Sec 73 Noida,Court 1,Not Booked,200,16 Sep 07:30
2026-09-16,Wed,7:30 pm to 8:00 pm,CoPlay RISE | Sec 73 Noida,Court 1,Not Booked,200,16 Sep 19:34
2026-09-16,Wed,8:00 am to 8:30 am,CoPlay RISE | Sec 73 Noida,Court 1,Not Booked,200,16 Sep 08:04
2026-09-16,Wed,8:00 pm to 8:30 pm,CoPlay RISE | Sec 73 Noida,Court 1,Not Booked,200,16 Sep 20:07
2026-09-16,Wed,8:30 am to 9:00 am,CoPlay RISE | Sec 73 Noida,Court 1,Not Booked,200,16 Sep 08:32
2026-09-16,Wed,8:30 pm to 9:00 pm,CoPlay RISE | Sec 73 Noida,Court 1,Not Booked,200,16 Sep 20:31
2026-09-16,Wed,9:00 pm to 9:30 pm,CoPlay RISE | Sec 73 Noida,Court 1,Not Booked,200,16 Sep 21:04
2026-09-16,Wed,9:30 pm to 10:00 pm,CoPlay RISE | Sec 73 Noida,Court 1,Not Booked,200,16 Sep 21:32
2026-09-16,Wed,10:00 pm to 10:30 pm,CoPlay RISE | Sec 73 Noida,Court 2,Not Booked,200,16 Sep 22:05
2026-09-16,Wed,10:30 pm to 11:00 pm,CoPlay RISE | Sec 73 Noida,Court 2,Not Booked,200,16 Sep 22:31
2026-09-16,Wed,11:00 pm to 11:30 pm,CoPlay RISE | Sec 73 Noida,Court 2,Not Booked,200,16 Sep 23:02
2026-09-16,Wed,11:30 pm to 12:00 am,CoPlay RISE | Sec 73 Noida,Court 2,Not Booked,200,16 Sep 23:30
2026-09-16,Wed,5:00 am to 5:30 am,CoPlay RISE | Sec 73 Noida,Court 2,Not Booked,200,16 Sep 05:02
2026-09-16,Wed,5:30 am to 6:00 am,CoPlay RISE | Sec 73 Noida,Court 2,Not Booked,200,16 Sep 05:31
2026-09-16,Wed,6:00 am to 6:30 am,CoPlay RISE | Sec 73 Noida,Court 2,Not Booked,200,16 Sep 06:11
2026-09-16,Wed,6:30 am to 7:00 am,CoPlay RISE | Sec 73 Noida,Court 2,Not Booked,200,16 Sep 06:37
2026-09-16,Wed,7:00 am to 7:30 am,CoPlay RISE | Sec 73 Noida,Court 2,Not Booked,200,16 Sep 07:06
2026-09-16,Wed,7:00 pm to 7:30 pm,CoPlay RISE | Sec 73 Noida,Court 2,Not Booked,200,16 Sep 19:06
2026-09-16,Wed,7:30 am to 8:00 am,CoPlay RISE | Sec 73 Noida,Court 2,Not Booked,200,16 Sep 07:30
2026-09-16,Wed,7:30 pm to 8:00 pm,CoPlay RISE | Sec 73 Noida,Court 2,Not Booked,200,16 Sep 19:34
2026-09-16,Wed,8:00 am to 8:30 am,CoPlay RISE | Sec 73 Noida,Court 2,Not Booked,200,16 Sep 08:04
2026-09-16,Wed,8:00 pm to 8:30 pm,CoPlay RISE | Sec 73 Noida,Court 2,Not Booked,200,16 Sep 20:07
2026-09-16,Wed,8:30 am to 9:00 am,CoPlay RISE | Sec 73 Noida,Court 2,Not Booked,200,16 Sep 08:32
2026-09-16,Wed,8:30 pm to 9:00 pm,CoPlay RISE | Sec 73 Noida,Court 2,Not Booked,200,16 Sep 20:31
2026-09-16,Wed,9:00 pm to 9:30 pm,CoPlay RISE | Sec 73 Noida,Court 2,Not Booked,200,16 Sep 21:04
2026-09-16,Wed,9:30 pm to 10:00 pm,CoPlay RISE | Sec 73 Noida,Court 2,Not Booked,200,16 Sep 21:32
2026-09-16,Wed,4:00 pm to 4:30 pm,CoPlay | Sec 50 Noida,Court 1,Not Booked,350,16 Sep 16:07
2026-09-16,Wed,4:30 pm to 5:00 pm,CoPlay | Sec 50 Noida,Court 1,Not Booked,350,16 Sep 16:07
2026-09-16,Wed,7:00 pm to 7:30 pm,CoPlay | Sec 50 Noida,Court 1,Not Booked,350,16 Sep 19:06
2026-09-16,Wed,7:30 pm to 8:00 pm,CoPlay | Sec 50 Noida,Court 1,Not Booked,350,16 Sep 19:34
2026-09-16,Wed,8:00 pm to 8:30 pm,CoPlay | Sec 50 Noida,Court 1,Not Booked,350,16 Sep 20:07
2026-09-16,Wed,8:30 pm to 9:00 pm,CoPlay | Sec 50 Noida,Court 1,Not Booked,350,16 Sep 20:31
2026-09-16,Wed,4:00 pm to 4:30 pm,CoPlay | Sec 50 Noida,Court 2,Not Booked,350,16 Sep 16:07
2026-09-16,Wed,4:30 pm to 5:00 pm,CoPlay | Sec 50 Noida,Court 2,Not Booked,350,16 Sep 16:31
2026-09-16,Wed,7:00 pm to 7:30 pm,CoPlay | Sec 50 Noida,Court 2,Not Booked,350,16 Sep 19:06
2026-09-16,Wed,7:30 pm to 8:00 pm,CoPlay | Sec 50 Noida,Court 2,Not Booked,350,16 Sep 19:34
2026-09-16,Wed,8:00 pm to 8:30 pm,CoPlay | Sec 50 Noida,Court 2,Not Booked,350,16 Sep 19:34
2026-09-16,Wed,8:30 pm to 9:00 pm,CoPlay | Sec 50 Noida,Court 2,Not Booked,350,16 Sep 19:34
2026-09-16,Wed,4:00 pm to 4:30 pm,CoPlay | Sec 50 Noida,Court 3,Not Booked,350,16 Sep 15:32
2026-09-16,Wed,4:30 pm to 5:00 pm,CoPlay | Sec 50 Noida,Court 3,Not Booked,350,16 Sep 15:32
2026-09-16,Wed,7:00 pm to 7:30 pm,CoPlay | Sec 50 Noida,Court 3,Not Booked,350,16 Sep 19:06
2026-09-16,Wed,7:30 pm to 8:00 pm,CoPlay | Sec 50 Noida,Court 3,Not Booked,350,16 Sep 19:34
2026-09-16,Wed,8:00 pm to 8:30 pm,CoPlay | Sec 50 Noida,Court 3,Not Booked,350,16 Sep 20:07
2026-09-16,Wed,8:30 pm to 9:00 pm,CoPlay | Sec 50 Noida,Court 3,Not Booked,350,16 Sep 20:31
2026-09-16,Wed,10:00 am to 10:30 am,Crickdome,Court 1,Not Booked,400,16 Sep 10:03
2026-09-16,Wed,10:00 pm to 10:30 pm,Crickdome,Court 1,Not Booked,400,16 Sep 22:05
2026-09-16,Wed,10:30 am to 11:00 am,Crickdome,Court 1,Not Booked,400,16 Sep 10:30
2026-09-16,Wed,10:30 pm to 11:00 pm,Crickdome,Court 1,Not Booked,400,16 Sep 22:05
2026-09-16,Wed,11:00 am to 11:30 am,Crickdome,Court 1,Not Booked,400,16 Sep 11:03
2026-09-16,Wed,11:00 pm to 11:30 pm,Crickdome,Court 1,Not Booked,400,16 Sep 23:02
2026-09-16,Wed,11:30 am to 12:00 pm,Crickdome,Court 1,Not Booked,400,16 Sep 11:31
2026-09-16,Wed,11:30 pm to 12:00 am,Crickdome,Court 1,Not Booked,400,16 Sep 23:02
2026-09-16,Wed,12:00 pm to 12:30 pm,Crickdome,Court 1,Not Booked,400,16 Sep 11:31
2026-09-16,Wed,12:30 pm to 1:00 pm,Crickdome,Court 1,Not Booked,400,16 Sep 11:31
2026-09-16,Wed,1:00 pm to 1:30 pm,Crickdome,Court 1,Not Booked,400,16 Sep 11:31
2026-09-16,Wed,1:30 pm to 2:00 pm,Crickdome,Court 1,Not Booked,400,16 Sep 11:31
2026-09-16,Wed,2:00 pm to 2:30 pm,Crickdome,Court 1,Not Booked,400,16 Sep 11:31
2026-09-16,Wed,2:30 pm to 3:00 pm,Crickdome,Court 1,Not Booked,400,16 Sep 11:31
2026-09-16,Wed,3:00 pm to 3:30 pm,Crickdome,Court 1,Not Booked,400,16 Sep 11:31
2026-09-16,Wed,3:30 pm to 4:00 pm,Crickdome,Court 1,Not Booked,400,16 Sep 11:31
2026-09-16,Wed,4:00 pm to 4:30 pm,Crickdome,Court 1,Not Booked,400,16 Sep 16:07
2026-09-16,Wed,4:30 pm to 5:00 pm,Crickdome,Court 1,Not Booked,400,16 Sep 16:31
2026-09-16,Wed,5:00 am to 5:30 am,Crickdome,Court 1,Not Booked,400,16 Sep 04:04
2026-09-16,Wed,5:00 pm to 5:30 pm,Crickdome,Court 1,Not Booked,400,16 Sep 16:31
2026-09-16,Wed,5:30 am to 6:00 am,Crickdome,Court 1,Not Booked,400,16 Sep 05:31
2026-09-16,Wed,5:30 pm to 6:00 pm,Crickdome,Court 1,Not Booked,400,16 Sep 17:32
2026-09-16,Wed,6:00 am to 6:30 am,Crickdome,Court 1,Not Booked,400,16 Sep 06:11
2026-09-16,Wed,6:00 pm to 6:30 pm,Crickdome,Court 1,Not Booked,400,16 Sep 17:32
2026-09-16,Wed,6:30 am to 7:00 am,Crickdome,Court 1,Not Booked,400,16 Sep 06:37
2026-09-16,Wed,6:30 pm to 7:00 pm,Crickdome,Court 1,Not Booked,400,16 Sep 17:32
2026-09-16,Wed,7:00 am to 7:30 am,Crickdome,Court 1,Not Booked,400,16 Sep 07:06
2026-09-16,Wed,7:00 pm to 7:30 pm,Crickdome,Court 1,Not Booked,400,16 Sep 17:32
2026-09-16,Wed,7:30 am to 8:00 am,Crickdome,Court 1,Not Booked,400,16 Sep 07:06
2026-09-16,Wed,7:30 pm to 8:00 pm,Crickdome,Court 1,Not Booked,400,16 Sep 19:34
2026-09-16,Wed,8:00 am to 8:30 am,Crickdome,Court 1,Not Booked,400,16 Sep 07:06
2026-09-16,Wed,8:00 pm to 8:30 pm,Crickdome,Court 1,Not Booked,400,16 Sep 20:07
2026-09-16,Wed,8:30 am to 9:00 am,Crickdome,Court 1,Not Booked,400,16 Sep 08:32
2026-09-16,Wed,8:30 pm to 9:00 pm,Crickdome,Court 1,Not Booked,400,16 Sep 20:31
2026-09-16,Wed,9:00 am to 9:30 am,Crickdome,Court 1,Not Booked,400,16 Sep 09:06
2026-09-16,Wed,9:00 pm to 9:30 pm,Crickdome,Court 1,Not Booked,400,16 Sep 21:04
2026-09-16,Wed,9:30 am to 10:00 am,Crickdome,Court 1,Not Booked,400,16 Sep 09:33
2026-09-16,Wed,9:30 pm to 10:00 pm,Crickdome,Court 1,Not Booked,400,16 Sep 21:32
2026-09-16,Wed,10:00 am to 10:30 am,Crickdome,Court 2,Not Booked,400,16 Sep 10:03
2026-09-16,Wed,10:00 pm to 10:30 pm,Crickdome,Court 2,Not Booked,400,16 Sep 22:05
2026-09-16,Wed,10:30 am to 11:00 am,Crickdome,Court 2,Not Booked,400,16 Sep 10:30
2026-09-16,Wed,10:30 pm to 11:00 pm,Crickdome,Court 2,Not Booked,400,16 Sep 22:31
2026-09-16,Wed,11:00 am to 11:30 am,Crickdome,Court 2,Not Booked,400,16 Sep 11:03
2026-09-16,Wed,11:00 pm to 11:30 pm,Crickdome,Court 2,Not Booked,400,16 Sep 23:02
2026-09-16,Wed,11:30 am to 12:00 pm,Crickdome,Court 2,Not Booked,400,16 Sep 11:31
2026-09-16,Wed,11:30 pm to 12:00 am,Crickdome,Court 2,Not Booked,400,16 Sep 23:30
2026-09-16,Wed,12:00 am to 12:30 am,Crickdome,Court 2,Not Booked,400,16 Sep 00:33
2026-09-16,Wed,12:00 pm to 12:30 pm,Crickdome,Court 2,Not Booked,400,16 Sep 12:11
2026-09-16,Wed,12:30 am to 1:00 am,Crickdome,Court 2,Not Booked,400,16 Sep 00:33
2026-09-16,Wed,12:30 pm to 1:00 pm,Crickdome,Court 2,Not Booked,400,16 Sep 12:37
2026-09-16,Wed,1:00 pm to 1:30 pm,Crickdome,Court 2,Not Booked,400,16 Sep 13:06
2026-09-16,Wed,1:30 pm to 2:00 pm,Crickdome,Court 2,Not Booked,400,16 Sep 13:33
2026-09-16,Wed,2:00 pm to 2:30 pm,Crickdome,Court 2,Not Booked,400,16 Sep 14:07
2026-09-16,Wed,2:30 pm to 3:00 pm,Crickdome,Court 2,Not Booked,400,16 Sep 14:36
2026-09-16,Wed,3:00 pm to 3:30 pm,Crickdome,Court 2,Not Booked,400,16 Sep 15:06
2026-09-16,Wed,3:30 pm to 4:00 pm,Crickdome,Court 2,Not Booked,400,16 Sep 15:32
2026-09-16,Wed,4:00 pm to 4:30 pm,Crickdome,Court 2,Not Booked,400,16 Sep 16:07
2026-09-16,Wed,4:30 pm to 5:00 pm,Crickdome,Court 2,Not Booked,400,16 Sep 16:31
2026-09-16,Wed,5:00 am to 5:30 am,Crickdome,Court 2,Not Booked,400,16 Sep 05:02
2026-09-16,Wed,5:00 pm to 5:30 pm,Crickdome,Court 2,Not Booked,400,16 Sep 17:05
2026-09-16,Wed,5:30 am to 6:00 am,Crickdome,Court 2,Not Booked,400,16 Sep 05:31
2026-09-16,Wed,5:30 pm to 6:00 pm,Crickdome,Court 2,Not Booked,400,16 Sep 17:32
2026-09-16,Wed,6:00 am to 6:30 am,Crickdome,Court 2,Not Booked,400,16 Sep 06:11
2026-09-16,Wed,6:00 pm to 6:30 pm,Crickdome,Court 2,Not Booked,400,16 Sep 18:10
2026-09-16,Wed,6:30 am to 7:00 am,Crickdome,Court 2,Not Booked,400,16 Sep 06:37
2026-09-16,Wed,6:30 pm to 7:00 pm,Crickdome,Court 2,Not Booked,400,16 Sep 18:37
2026-09-16,Wed,7:00 am to 7:30 am,Crickdome,Court 2,Not Booked,400,16 Sep 07:06
2026-09-16,Wed,7:00 pm to 7:30 pm,Crickdome,Court 2,Not Booked,400,16 Sep 19:06
2026-09-16,Wed,7:30 am to 8:00 am,Crickdome,Court 2,Not Booked,400,16 Sep 07:30
2026-09-16,Wed,7:30 pm to 8:00 pm,Crickdome,Court 2,Not Booked,400,16 Sep 19:34
2026-09-16,Wed,8:00 am to 8:30 am,Crickdome,Court 2,Not Booked,400,16 Sep 08:04
2026-09-16,Wed,8:00 pm to 8:30 pm,Crickdome,Court 2,Not Booked,400,16 Sep 20:07
2026-09-16,Wed,8:30 am to 9:00 am,Crickdome,Court 2,Not Booked,400,16 Sep 08:04
2026-09-16,Wed,8:30 pm to 9:00 pm,Crickdome,Court 2,Not Booked,400,16 Sep 20:31
2026-09-16,Wed,9:00 am to 9:30 am,Crickdome,Court 2,Not Booked,400,16 Sep 09:06
2026-09-16,Wed,9:00 pm to 9:30 pm,Crickdome,Court 2,Not Booked,400,16 Sep 21:04
2026-09-16,Wed,9:30 am to 10:00 am,Crickdome,Court 2,Not Booked,400,16 Sep 09:06
2026-09-16,Wed,9:30 pm to 10:00 pm,Crickdome,Court 2,Not Booked,400,16 Sep 21:32
2026-09-16,Wed,10:00 pm to 10:30 pm,Dinking Zone One29,Court 1,Not Booked,400,16 Sep 22:05
2026-09-16,Wed,10:30 pm to 11:00 pm,Dinking Zone One29,Court 1,Not Booked,400,16 Sep 22:31
2026-09-16,Wed,11:00 pm to 11:30 pm,Dinking Zone One29,Court 1,Not Booked,400,16 Sep 23:02
2026-09-16,Wed,11:30 pm to 12:00 am,Dinking Zone One29,Court 1,Not Booked,400,16 Sep 23:30
2026-09-16,Wed,12:00 am to 12:30 am,Dinking Zone One29,Court 1,Not Booked,400,16 Sep 00:33
2026-09-16,Wed,12:30 am to 1:00 am,Dinking Zone One29,Court 1,Not Booked,400,16 Sep 00:33
2026-09-16,Wed,1:00 am to 1:30 am,Dinking Zone One29,Court 1,Not Booked,400,16 Sep 01:03
2026-09-16,Wed,1:30 am to 2:00 am,Dinking Zone One29,Court 1,Not Booked,400,16 Sep 01:30
2026-09-16,Wed,2:00 am to 2:30 am,Dinking Zone One29,Court 1,Not Booked,400,16 Sep 01:30
2026-09-16,Wed,2:30 am to 3:00 am,Dinking Zone One29,Court 1,Not Booked,400,16 Sep 02:32
2026-09-16,Wed,3:00 am to 3:30 am,Dinking Zone One29,Court 1,Not Booked,400,16 Sep 03:03
2026-09-16,Wed,3:30 am to 4:00 am,Dinking Zone One29,Court 1,Not Booked,400,16 Sep 03:30
2026-09-16,Wed,4:00 am to 4:30 am,Dinking Zone One29,Court 1,Not Booked,400,16 Sep 04:29
2026-09-16,Wed,4:30 am to 5:00 am,Dinking Zone One29,Court 1,Not Booked,400,16 Sep 04:29
2026-09-16,Wed,5:00 am to 5:30 am,Dinking Zone One29,Court 1,Not Booked,350,16 Sep 05:02
2026-09-16,Wed,5:00 pm to 5:30 pm,Dinking Zone One29,Court 1,Not Booked,400,16 Sep 17:05
2026-09-16,Wed,5:30 am to 6:00 am,Dinking Zone One29,Court 1,Not Booked,350,16 Sep 05:31
2026-09-16,Wed,5:30 pm to 6:00 pm,Dinking Zone One29,Court 1,Not Booked,400,16 Sep 17:32
2026-09-16,Wed,6:00 am to 6:30 am,Dinking Zone One29,Court 1,Not Booked,350,16 Sep 06:11
2026-09-16,Wed,6:00 pm to 6:30 pm,Dinking Zone One29,Court 1,Not Booked,400,16 Sep 18:10
2026-09-16,Wed,6:30 am to 7:00 am,Dinking Zone One29,Court 1,Not Booked,350,16 Sep 06:37
2026-09-16,Wed,6:30 pm to 7:00 pm,Dinking Zone One29,Court 1,Not Booked,400,16 Sep 18:10
2026-09-16,Wed,7:00 am to 7:30 am,Dinking Zone One29,Court 1,Not Booked,350,16 Sep 07:06
2026-09-16,Wed,7:00 pm to 7:30 pm,Dinking Zone One29,Court 1,Not Booked,400,16 Sep 19:06
2026-09-16,Wed,7:30 am to 8:00 am,Dinking Zone One29,Court 1,Not Booked,350,16 Sep 07:30
2026-09-16,Wed,7:30 pm to 8:00 pm,Dinking Zone One29,Court 1,Not Booked,400,16 Sep 19:06
2026-09-16,Wed,8:00 pm to 8:30 pm,Dinking Zone One29,Court 1,Not Booked,400,16 Sep 20:07
2026-09-16,Wed,8:30 pm to 9:00 pm,Dinking Zone One29,Court 1,Not Booked,400,16 Sep 20:07
2026-09-16,Wed,9:00 pm to 9:30 pm,Dinking Zone One29,Court 1,Not Booked,400,16 Sep 21:04
2026-09-16,Wed,9:30 pm to 10:00 pm,Dinking Zone One29,Court 1,Not Booked,400,16 Sep 21:04
2026-09-16,Wed,10:00 pm to 10:30 pm,Dinking Zone One29,Court 2,Not Booked,400,16 Sep 21:32
2026-09-16,Wed,10:30 pm to 11:00 pm,Dinking Zone One29,Court 2,Not Booked,400,16 Sep 22:31
2026-09-16,Wed,11:00 pm to 11:30 pm,Dinking Zone One29,Court 2,Not Booked,400,16 Sep 20:31
2026-09-16,Wed,11:30 pm to 12:00 am,Dinking Zone One29,Court 2,Not Booked,400,16 Sep 20:31
2026-09-16,Wed,12:00 am to 12:30 am,Dinking Zone One29,Court 2,Not Booked,400,16 Sep 00:33
2026-09-16,Wed,12:30 am to 1:00 am,Dinking Zone One29,Court 2,Not Booked,400,16 Sep 00:33
2026-09-16,Wed,1:00 am to 1:30 am,Dinking Zone One29,Court 2,Not Booked,400,16 Sep 01:03
2026-09-16,Wed,1:30 am to 2:00 am,Dinking Zone One29,Court 2,Not Booked,400,16 Sep 01:30
2026-09-16,Wed,2:00 am to 2:30 am,Dinking Zone One29,Court 2,Not Booked,400,16 Sep 02:05
2026-09-16,Wed,2:30 am to 3:00 am,Dinking Zone One29,Court 2,Not Booked,400,16 Sep 02:05
2026-09-16,Wed,3:00 am to 3:30 am,Dinking Zone One29,Court 2,Not Booked,400,16 Sep 03:03
2026-09-16,Wed,3:30 am to 4:00 am,Dinking Zone One29,Court 2,Not Booked,400,16 Sep 03:30
2026-09-16,Wed,4:00 am to 4:30 am,Dinking Zone One29,Court 2,Not Booked,400,16 Sep 04:29
2026-09-16,Wed,4:30 am to 5:00 am,Dinking Zone One29,Court 2,Not Booked,400,16 Sep 04:29
2026-09-16,Wed,5:00 am to 5:30 am,Dinking Zone One29,Court 2,Not Booked,350,16 Sep 04:29
2026-09-16,Wed,5:00 pm to 5:30 pm,Dinking Zone One29,Court 2,Not Booked,400,16 Sep 17:05
2026-09-16,Wed,5:30 am to 6:00 am,Dinking Zone One29,Court 2,Not Booked,350,16 Sep 05:31
2026-09-16,Wed,5:30 pm to 6:00 pm,Dinking Zone One29,Court 2,Not Booked,400,16 Sep 17:05
2026-09-16,Wed,6:00 am to 6:30 am,Dinking Zone One29,Court 2,Not Booked,350,16 Sep 06:11
2026-09-16,Wed,6:00 pm to 6:30 pm,Dinking Zone One29,Court 2,Not Booked,400,16 Sep 18:10
2026-09-16,Wed,6:30 am to 7:00 am,Dinking Zone One29,Court 2,Not Booked,350,16 Sep 06:11
2026-09-16,Wed,6:30 pm to 7:00 pm,Dinking Zone One29,Court 2,Not Booked,400,16 Sep 18:37
2026-09-16,Wed,7:00 am to 7:30 am,Dinking Zone One29,Court 2,Not Booked,350,16 Sep 07:06
2026-09-16,Wed,7:00 pm to 7:30 pm,Dinking Zone One29,Court 2,Not Booked,400,16 Sep 18:37
2026-09-16,Wed,7:30 am to 8:00 am,Dinking Zone One29,Court 2,Not Booked,350,16 Sep 07:30
2026-09-16,Wed,7:30 pm to 8:00 pm,Dinking Zone One29,Court 2,Booked,400,16 Sep 19:34
2026-09-16,Wed,8:00 pm to 8:30 pm,Dinking Zone One29,Court 2,Booked,400,16 Sep 20:07
2026-09-16,Wed,8:30 pm to 9:00 pm,Dinking Zone One29,Court 2,Not Booked,400,16 Sep 20:31
2026-09-16,Wed,9:00 pm to 9:30 pm,Dinking Zone One29,Court 2,Not Booked,400,16 Sep 21:04
2026-09-16,Wed,9:30 pm to 10:00 pm,Dinking Zone One29,Court 2,Not Booked,400,16 Sep 21:32
2026-09-16,Wed,10:00 pm to 10:30 pm,Dinking Zone One29,Court 3,Not Booked,400,16 Sep 22:05
2026-09-16,Wed,10:30 pm to 11:00 pm,Dinking Zone One29,Court 3,Not Booked,400,16 Sep 22:31
2026-09-16,Wed,11:00 pm to 11:30 pm,Dinking Zone One29,Court 3,Not Booked,400,16 Sep 23:02
2026-09-16,Wed,11:30 pm to 12:00 am,Dinking Zone One29,Court 3,Not Booked,400,16 Sep 23:30
2026-09-16,Wed,12:00 am to 12:30 am,Dinking Zone One29,Court 3,Not Booked,400,16 Sep 00:33
2026-09-16,Wed,12:30 am to 1:00 am,Dinking Zone One29,Court 3,Not Booked,400,16 Sep 00:33
2026-09-16,Wed,1:00 am to 1:30 am,Dinking Zone One29,Court 3,Not Booked,400,16 Sep 01:03
2026-09-16,Wed,1:30 am to 2:00 am,Dinking Zone One29,Court 3,Not Booked,400,16 Sep 01:30
2026-09-16,Wed,2:00 am to 2:30 am,Dinking Zone One29,Court 3,Not Booked,400,16 Sep 02:05
2026-09-16,Wed,2:30 am to 3:00 am,Dinking Zone One29,Court 3,Not Booked,400,16 Sep 02:32
2026-09-16,Wed,3:00 am to 3:30 am,Dinking Zone One29,Court 3,Not Booked,400,16 Sep 03:03
2026-09-16,Wed,3:30 am to 4:00 am,Dinking Zone One29,Court 3,Not Booked,400,16 Sep 03:30
2026-09-16,Wed,4:00 am to 4:30 am,Dinking Zone One29,Court 3,Not Booked,400,16 Sep 04:29
2026-09-16,Wed,4:30 am to 5:00 am,Dinking Zone One29,Court 3,Not Booked,400,16 Sep 04:29
2026-09-16,Wed,5:00 am to 5:30 am,Dinking Zone One29,Court 3,Not Booked,350,16 Sep 05:02
2026-09-16,Wed,5:00 pm to 5:30 pm,Dinking Zone One29,Court 3,Not Booked,400,16 Sep 17:05
2026-09-16,Wed,5:30 am to 6:00 am,Dinking Zone One29,Court 3,Not Booked,350,16 Sep 05:31
2026-09-16,Wed,5:30 pm to 6:00 pm,Dinking Zone One29,Court 3,Not Booked,400,16 Sep 17:32
2026-09-16,Wed,6:00 am to 6:30 am,Dinking Zone One29,Court 3,Not Booked,350,16 Sep 06:11
2026-09-16,Wed,6:00 pm to 6:30 pm,Dinking Zone One29,Court 3,Not Booked,400,16 Sep 18:10
2026-09-16,Wed,6:30 am to 7:00 am,Dinking Zone One29,Court 3,Not Booked,350,16 Sep 06:37
2026-09-16,Wed,6:30 pm to 7:00 pm,Dinking Zone One29,Court 3,Not Booked,400,16 Sep 18:37
2026-09-16,Wed,7:00 am to 7:30 am,Dinking Zone One29,Court 3,Not Booked,350,16 Sep 07:06
2026-09-16,Wed,7:00 pm to 7:30 pm,Dinking Zone One29,Court 3,Not Booked,400,16 Sep 19:06
2026-09-16,Wed,7:30 am to 8:00 am,Dinking Zone One29,Court 3,Not Booked,350,16 Sep 07:30
2026-09-16,Wed,7:30 pm to 8:00 pm,Dinking Zone One29,Court 3,Booked,400,16 Sep 19:34
2026-09-16,Wed,8:00 pm to 8:30 pm,Dinking Zone One29,Court 3,Booked,400,16 Sep 20:07
2026-09-16,Wed,8:30 pm to 9:00 pm,Dinking Zone One29,Court 3,Not Booked,400,16 Sep 20:31
2026-09-16,Wed,9:00 pm to 9:30 pm,Dinking Zone One29,Court 3,Not Booked,400,16 Sep 21:04
2026-09-16,Wed,9:30 pm to 10:00 pm,Dinking Zone One29,Court 3,Not Booked,400,16 Sep 21:32
2026-09-16,Wed,3:00 pm to 4:00 pm,Downtown Pickleball | Sector 37,Pickleball Court,Not Booked,800,16 Sep 15:32
2026-09-16,Wed,4:00 pm to 5:00 pm,Downtown Pickleball | Sector 37,Pickleball Court,Not Booked,800,16 Sep 16:31
2026-09-16,Wed,5:00 pm to 6:00 pm,Downtown Pickleball | Sector 37,Pickleball Court,Not Booked,800,16 Sep 17:32
2026-09-16,Wed,6:00 pm to 7:00 pm,Downtown Pickleball | Sector 37,Pickleball Court,Not Booked,800,16 Sep 18:37
2026-09-16,Wed,7:00 pm to 8:00 pm,Downtown Pickleball | Sector 37,Pickleball Court,Not Booked,800,16 Sep 19:34
2026-09-16,Wed,8:00 pm to 9:00 pm,Downtown Pickleball | Sector 37,Pickleball Court,Not Booked,800,16 Sep 20:31
2026-09-16,Wed,9:00 pm to 10:00 pm,Downtown Pickleball | Sector 37,Pickleball Court,Not Booked,800,16 Sep 21:32
2026-09-16,Wed,10:00 am to 10:30 am,Heat Sports Arena 150,Court 1,Not Booked,450,16 Sep 10:03
2026-09-16,Wed,10:00 pm to 10:30 pm,Heat Sports Arena 150,Court 1,Not Booked,450,16 Sep 22:05
2026-09-16,Wed,10:30 am to 11:00 am,Heat Sports Arena 150,Court 1,Not Booked,450,16 Sep 10:30
2026-09-16,Wed,10:30 pm to 11:00 pm,Heat Sports Arena 150,Court 1,Not Booked,450,16 Sep 22:31
2026-09-16,Wed,11:00 am to 11:30 am,Heat Sports Arena 150,Court 1,Not Booked,450,16 Sep 11:03
2026-09-16,Wed,11:00 pm to 11:30 pm,Heat Sports Arena 150,Court 1,Not Booked,450,16 Sep 23:02
2026-09-16,Wed,11:30 am to 12:00 pm,Heat Sports Arena 150,Court 1,Not Booked,450,16 Sep 11:31
2026-09-16,Wed,11:30 pm to 12:00 am,Heat Sports Arena 150,Court 1,Not Booked,450,16 Sep 23:30
2026-09-16,Wed,12:00 pm to 12:30 pm,Heat Sports Arena 150,Court 1,Not Booked,450,16 Sep 12:11
2026-09-16,Wed,12:30 pm to 1:00 pm,Heat Sports Arena 150,Court 1,Not Booked,450,16 Sep 12:37
2026-09-16,Wed,1:00 am to 1:30 am,Heat Sports Arena 150,Court 1,Not Booked,450,16 Sep 01:03
2026-09-16,Wed,1:00 pm to 1:30 pm,Heat Sports Arena 150,Court 1,Not Booked,450,16 Sep 13:06
2026-09-16,Wed,1:30 am to 2:00 am,Heat Sports Arena 150,Court 1,Not Booked,450,16 Sep 01:30
2026-09-16,Wed,1:30 pm to 2:00 pm,Heat Sports Arena 150,Court 1,Not Booked,450,16 Sep 13:33
2026-09-16,Wed,2:00 am to 2:30 am,Heat Sports Arena 150,Court 1,Not Booked,450,16 Sep 02:05
2026-09-16,Wed,2:00 pm to 2:30 pm,Heat Sports Arena 150,Court 1,Not Booked,450,16 Sep 14:07
2026-09-16,Wed,2:30 am to 3:00 am,Heat Sports Arena 150,Court 1,Not Booked,450,16 Sep 02:32
2026-09-16,Wed,2:30 pm to 3:00 pm,Heat Sports Arena 150,Court 1,Not Booked,450,16 Sep 14:36
2026-09-16,Wed,3:00 am to 3:30 am,Heat Sports Arena 150,Court 1,Not Booked,450,16 Sep 03:03
2026-09-16,Wed,3:00 pm to 3:30 pm,Heat Sports Arena 150,Court 1,Not Booked,450,16 Sep 15:06
2026-09-16,Wed,3:30 am to 4:00 am,Heat Sports Arena 150,Court 1,Not Booked,450,16 Sep 03:30
2026-09-16,Wed,3:30 pm to 4:00 pm,Heat Sports Arena 150,Court 1,Not Booked,450,16 Sep 15:32
2026-09-16,Wed,4:00 am to 4:30 am,Heat Sports Arena 150,Court 1,Not Booked,450,16 Sep 04:29
2026-09-16,Wed,4:00 pm to 4:30 pm,Heat Sports Arena 150,Court 1,Not Booked,450,16 Sep 16:07
2026-09-16,Wed,4:30 am to 5:00 am,Heat Sports Arena 150,Court 1,Not Booked,450,16 Sep 04:29
2026-09-16,Wed,4:30 pm to 5:00 pm,Heat Sports Arena 150,Court 1,Not Booked,450,16 Sep 16:31
2026-09-16,Wed,5:00 am to 5:30 am,Heat Sports Arena 150,Court 1,Not Booked,450,16 Sep 05:02
2026-09-16,Wed,5:00 pm to 5:30 pm,Heat Sports Arena 150,Court 1,Not Booked,450,16 Sep 17:05
2026-09-16,Wed,5:30 am to 6:00 am,Heat Sports Arena 150,Court 1,Not Booked,450,16 Sep 05:31
2026-09-16,Wed,5:30 pm to 6:00 pm,Heat Sports Arena 150,Court 1,Not Booked,450,16 Sep 17:32
2026-09-16,Wed,6:00 am to 6:30 am,Heat Sports Arena 150,Court 1,Not Booked,450,16 Sep 06:11
2026-09-16,Wed,6:00 pm to 6:30 pm,Heat Sports Arena 150,Court 1,Not Booked,450,16 Sep 18:10
2026-09-16,Wed,6:30 am to 7:00 am,Heat Sports Arena 150,Court 1,Not Booked,450,16 Sep 06:37
2026-09-16,Wed,6:30 pm to 7:00 pm,Heat Sports Arena 150,Court 1,Not Booked,450,16 Sep 18:37
2026-09-16,Wed,7:00 am to 7:30 am,Heat Sports Arena 150,Court 1,Not Booked,450,16 Sep 07:06
2026-09-16,Wed,7:00 pm to 7:30 pm,Heat Sports Arena 150,Court 1,Not Booked,450,16 Sep 19:06
2026-09-16,Wed,7:30 am to 8:00 am,Heat Sports Arena 150,Court 1,Not Booked,450,16 Sep 07:30
2026-09-16,Wed,7:30 pm to 8:00 pm,Heat Sports Arena 150,Court 1,Not Booked,450,16 Sep 19:34
2026-09-16,Wed,8:00 am to 8:30 am,Heat Sports Arena 150,Court 1,Not Booked,450,16 Sep 08:04
2026-09-16,Wed,8:00 pm to 8:30 pm,Heat Sports Arena 150,Court 1,Not Booked,450,16 Sep 20:07
2026-09-16,Wed,8:30 am to 9:00 am,Heat Sports Arena 150,Court 1,Not Booked,450,16 Sep 08:32
2026-09-16,Wed,8:30 pm to 9:00 pm,Heat Sports Arena 150,Court 1,Not Booked,450,16 Sep 20:31
2026-09-16,Wed,9:00 am to 9:30 am,Heat Sports Arena 150,Court 1,Not Booked,450,16 Sep 09:06
2026-09-16,Wed,9:00 pm to 9:30 pm,Heat Sports Arena 150,Court 1,Not Booked,450,16 Sep 21:04
2026-09-16,Wed,9:30 am to 10:00 am,Heat Sports Arena 150,Court 1,Not Booked,450,16 Sep 09:33
2026-09-16,Wed,9:30 pm to 10:00 pm,Heat Sports Arena 150,Court 1,Not Booked,450,16 Sep 21:32
2026-09-16,Wed,10:00 am to 10:30 am,Heat Sports Arena 150,Court 2,Not Booked,450,16 Sep 10:03
2026-09-16,Wed,10:00 pm to 10:30 pm,Heat Sports Arena 150,Court 2,Not Booked,450,16 Sep 22:05
2026-09-16,Wed,10:30 am to 11:00 am,Heat Sports Arena 150,Court 2,Not Booked,450,16 Sep 10:30
2026-09-16,Wed,10:30 pm to 11:00 pm,Heat Sports Arena 150,Court 2,Not Booked,450,16 Sep 22:31
2026-09-16,Wed,11:00 am to 11:30 am,Heat Sports Arena 150,Court 2,Not Booked,450,16 Sep 11:03
2026-09-16,Wed,11:00 pm to 11:30 pm,Heat Sports Arena 150,Court 2,Not Booked,450,16 Sep 23:02
2026-09-16,Wed,11:30 am to 12:00 pm,Heat Sports Arena 150,Court 2,Not Booked,450,16 Sep 11:31
2026-09-16,Wed,11:30 pm to 12:00 am,Heat Sports Arena 150,Court 2,Not Booked,450,16 Sep 23:30
2026-09-16,Wed,12:00 pm to 12:30 pm,Heat Sports Arena 150,Court 2,Not Booked,450,16 Sep 12:11
2026-09-16,Wed,12:30 am to 1:00 am,Heat Sports Arena 150,Court 2,Not Booked,450,16 Sep 00:33
2026-09-16,Wed,12:30 pm to 1:00 pm,Heat Sports Arena 150,Court 2,Not Booked,450,16 Sep 12:37
2026-09-16,Wed,1:00 am to 1:30 am,Heat Sports Arena 150,Court 2,Not Booked,450,16 Sep 01:03
2026-09-16,Wed,1:00 pm to 1:30 pm,Heat Sports Arena 150,Court 2,Not Booked,450,16 Sep 13:06
2026-09-16,Wed,1:30 am to 2:00 am,Heat Sports Arena 150,Court 2,Not Booked,450,16 Sep 01:30
2026-09-16,Wed,1:30 pm to 2:00 pm,Heat Sports Arena 150,Court 2,Not Booked,450,16 Sep 13:33
2026-09-16,Wed,2:00 am to 2:30 am,Heat Sports Arena 150,Court 2,Not Booked,450,16 Sep 02:05
2026-09-16,Wed,2:00 pm to 2:30 pm,Heat Sports Arena 150,Court 2,Not Booked,450,16 Sep 14:07
2026-09-16,Wed,2:30 am to 3:00 am,Heat Sports Arena 150,Court 2,Not Booked,450,16 Sep 02:32
2026-09-16,Wed,2:30 pm to 3:00 pm,Heat Sports Arena 150,Court 2,Not Booked,450,16 Sep 14:36
2026-09-16,Wed,3:00 am to 3:30 am,Heat Sports Arena 150,Court 2,Not Booked,450,16 Sep 03:03
2026-09-16,Wed,3:00 pm to 3:30 pm,Heat Sports Arena 150,Court 2,Not Booked,450,16 Sep 15:06
2026-09-16,Wed,3:30 am to 4:00 am,Heat Sports Arena 150,Court 2,Not Booked,450,16 Sep 03:30
2026-09-16,Wed,3:30 pm to 4:00 pm,Heat Sports Arena 150,Court 2,Not Booked,450,16 Sep 15:32
2026-09-16,Wed,4:00 am to 4:30 am,Heat Sports Arena 150,Court 2,Not Booked,450,16 Sep 04:29
2026-09-16,Wed,4:00 pm to 4:30 pm,Heat Sports Arena 150,Court 2,Not Booked,450,16 Sep 16:07
2026-09-16,Wed,4:30 am to 5:00 am,Heat Sports Arena 150,Court 2,Not Booked,450,16 Sep 04:29
2026-09-16,Wed,4:30 pm to 5:00 pm,Heat Sports Arena 150,Court 2,Not Booked,450,16 Sep 16:31
2026-09-16,Wed,5:00 am to 5:30 am,Heat Sports Arena 150,Court 2,Not Booked,450,16 Sep 05:02
2026-09-16,Wed,5:00 pm to 5:30 pm,Heat Sports Arena 150,Court 2,Not Booked,450,16 Sep 17:05
2026-09-16,Wed,5:30 am to 6:00 am,Heat Sports Arena 150,Court 2,Not Booked,450,16 Sep 05:31
2026-09-16,Wed,5:30 pm to 6:00 pm,Heat Sports Arena 150,Court 2,Not Booked,450,16 Sep 17:32
2026-09-16,Wed,6:00 am to 6:30 am,Heat Sports Arena 150,Court 2,Not Booked,450,16 Sep 06:11
2026-09-16,Wed,6:00 pm to 6:30 pm,Heat Sports Arena 150,Court 2,Not Booked,450,16 Sep 18:10
2026-09-16,Wed,6:30 am to 7:00 am,Heat Sports Arena 150,Court 2,Not Booked,450,16 Sep 06:37
2026-09-16,Wed,6:30 pm to 7:00 pm,Heat Sports Arena 150,Court 2,Not Booked,450,16 Sep 18:37
2026-09-16,Wed,7:00 am to 7:30 am,Heat Sports Arena 150,Court 2,Not Booked,450,16 Sep 07:06
2026-09-16,Wed,7:00 pm to 7:30 pm,Heat Sports Arena 150,Court 2,Not Booked,450,16 Sep 19:06
2026-09-16,Wed,7:30 am to 8:00 am,Heat Sports Arena 150,Court 2,Not Booked,450,16 Sep 07:30
2026-09-16,Wed,7:30 pm to 8:00 pm,Heat Sports Arena 150,Court 2,Not Booked,450,16 Sep 19:34
2026-09-16,Wed,8:00 am to 8:30 am,Heat Sports Arena 150,Court 2,Not Booked,450,16 Sep 08:04
2026-09-16,Wed,8:00 pm to 8:30 pm,Heat Sports Arena 150,Court 2,Not Booked,450,16 Sep 20:07
2026-09-16,Wed,8:30 am to 9:00 am,Heat Sports Arena 150,Court 2,Not Booked,450,16 Sep 08:32
2026-09-16,Wed,8:30 pm to 9:00 pm,Heat Sports Arena 150,Court 2,Not Booked,450,16 Sep 20:31
2026-09-16,Wed,9:00 am to 9:30 am,Heat Sports Arena 150,Court 2,Not Booked,450,16 Sep 09:06
2026-09-16,Wed,9:00 pm to 9:30 pm,Heat Sports Arena 150,Court 2,Not Booked,450,16 Sep 21:04
2026-09-16,Wed,9:30 am to 10:00 am,Heat Sports Arena 150,Court 2,Not Booked,450,16 Sep 09:33
2026-09-16,Wed,9:30 pm to 10:00 pm,Heat Sports Arena 150,Court 2,Not Booked,450,16 Sep 21:32
2026-09-16,Wed,10:00 am to 11:00 am,Noida Indoor Stadium,Court 1,Not Booked,944,16 Sep 10:30
2026-09-16,Wed,10:00 pm to 11:00 pm,Noida Indoor Stadium,Court 1,Not Booked,944,16 Sep 22:31
2026-09-16,Wed,11:00 am to 12:00 pm,Noida Indoor Stadium,Court 1,Not Booked,944,16 Sep 11:31
2026-09-16,Wed,11:00 pm to 12:00 am,Noida Indoor Stadium,Court 1,Not Booked,944,16 Sep 23:30
2026-09-16,Wed,12:00 pm to 1:00 pm,Noida Indoor Stadium,Court 1,Not Booked,944,16 Sep 12:37
2026-09-16,Wed,1:00 pm to 2:00 pm,Noida Indoor Stadium,Court 1,Not Booked,944,16 Sep 13:33
2026-09-16,Wed,2:00 pm to 3:00 pm,Noida Indoor Stadium,Court 1,Not Booked,944,16 Sep 14:36
2026-09-16,Wed,3:00 pm to 4:00 pm,Noida Indoor Stadium,Court 1,Not Booked,944,16 Sep 15:32
2026-09-16,Wed,6:00 am to 7:00 am,Noida Indoor Stadium,Court 1,Not Booked,944,16 Sep 06:11
2026-09-16,Wed,7:00 am to 8:00 am,Noida Indoor Stadium,Court 1,Not Booked,944,16 Sep 07:30
2026-09-16,Wed,8:00 am to 9:00 am,Noida Indoor Stadium,Court 1,Not Booked,944,16 Sep 08:32
2026-09-16,Wed,9:00 am to 10:00 am,Noida Indoor Stadium,Court 1,Not Booked,944,16 Sep 09:33
2026-09-16,Wed,9:00 pm to 10:00 pm,Noida Indoor Stadium,Court 1,Not Booked,944,16 Sep 21:32
2026-09-16,Wed,10:00 am to 11:00 am,Noida Indoor Stadium,Court 2,Not Booked,944,16 Sep 10:30
2026-09-16,Wed,10:00 pm to 11:00 pm,Noida Indoor Stadium,Court 2,Not Booked,944,16 Sep 22:05
2026-09-16,Wed,11:00 am to 12:00 pm,Noida Indoor Stadium,Court 2,Not Booked,944,16 Sep 10:30
2026-09-16,Wed,11:00 pm to 12:00 am,Noida Indoor Stadium,Court 2,Not Booked,944,16 Sep 23:02
2026-09-16,Wed,12:00 pm to 1:00 pm,Noida Indoor Stadium,Court 2,Not Booked,944,16 Sep 12:11
2026-09-16,Wed,1:00 pm to 2:00 pm,Noida Indoor Stadium,Court 2,Not Booked,944,16 Sep 13:33
2026-09-16,Wed,2:00 pm to 3:00 pm,Noida Indoor Stadium,Court 2,Not Booked,944,16 Sep 14:36
2026-09-16,Wed,3:00 pm to 4:00 pm,Noida Indoor Stadium,Court 2,Not Booked,944,16 Sep 14:36
2026-09-16,Wed,6:00 am to 7:00 am,Noida Indoor Stadium,Court 2,Not Booked,944,16 Sep 06:37
2026-09-16,Wed,7:00 am to 8:00 am,Noida Indoor Stadium,Court 2,Not Booked,944,16 Sep 07:30
2026-09-16,Wed,8:00 am to 9:00 am,Noida Indoor Stadium,Court 2,Not Booked,944,16 Sep 08:32
2026-09-16,Wed,9:00 am to 10:00 am,Noida Indoor Stadium,Court 2,Not Booked,944,16 Sep 09:33
2026-09-16,Wed,9:00 pm to 10:00 pm,Noida Indoor Stadium,Court 2,Not Booked,944,16 Sep 21:32
2026-09-16,Wed,10:00 am to 11:00 am,Noida Indoor Stadium,Court 3,Not Booked,944,16 Sep 10:30
2026-09-16,Wed,10:00 pm to 11:00 pm,Noida Indoor Stadium,Court 3,Not Booked,944,16 Sep 22:31
2026-09-16,Wed,11:00 am to 12:00 pm,Noida Indoor Stadium,Court 3,Not Booked,944,16 Sep 11:31
2026-09-16,Wed,11:00 pm to 12:00 am,Noida Indoor Stadium,Court 3,Not Booked,944,16 Sep 23:30
2026-09-16,Wed,12:00 pm to 1:00 pm,Noida Indoor Stadium,Court 3,Not Booked,944,16 Sep 12:37
2026-09-16,Wed,1:00 pm to 2:00 pm,Noida Indoor Stadium,Court 3,Not Booked,944,16 Sep 13:33
2026-09-16,Wed,2:00 pm to 3:00 pm,Noida Indoor Stadium,Court 3,Not Booked,944,16 Sep 14:36
2026-09-16,Wed,3:00 pm to 4:00 pm,Noida Indoor Stadium,Court 3,Not Booked,944,16 Sep 15:32
2026-09-16,Wed,6:00 am to 7:00 am,Noida Indoor Stadium,Court 3,Not Booked,944,16 Sep 06:37
2026-09-16,Wed,7:00 am to 8:00 am,Noida Indoor Stadium,Court 3,Not Booked,944,16 Sep 07:30
2026-09-16,Wed,8:00 am to 9:00 am,Noida Indoor Stadium,Court 3,Not Booked,944,16 Sep 08:32
2026-09-16,Wed,9:00 am to 10:00 am,Noida Indoor Stadium,Court 3,Not Booked,944,16 Sep 09:06
2026-09-16,Wed,9:00 pm to 10:00 pm,Noida Indoor Stadium,Court 3,Not Booked,944,16 Sep 21:32
2026-09-16,Wed,10:00 am to 10:30 am,Noida Pickleball Courts | Sec-100,Court 1,Not Booked,400,16 Sep 10:03
2026-09-16,Wed,10:00 pm to 10:30 pm,Noida Pickleball Courts | Sec-100,Court 1,Not Booked,400,16 Sep 22:05
2026-09-16,Wed,10:30 am to 11:00 am,Noida Pickleball Courts | Sec-100,Court 1,Not Booked,400,16 Sep 10:30
2026-09-16,Wed,10:30 pm to 11:00 pm,Noida Pickleball Courts | Sec-100,Court 1,Not Booked,400,16 Sep 22:31
2026-09-16,Wed,11:00 am to 11:30 am,Noida Pickleball Courts | Sec-100,Court 1,Not Booked,400,16 Sep 11:03
2026-09-16,Wed,11:00 pm to 11:30 pm,Noida Pickleball Courts | Sec-100,Court 1,Not Booked,400,16 Sep 22:31
2026-09-16,Wed,11:30 am to 12:00 pm,Noida Pickleball Courts | Sec-100,Court 1,Not Booked,400,16 Sep 11:31
2026-09-16,Wed,11:30 pm to 12:00 am,Noida Pickleball Courts | Sec-100,Court 1,Not Booked,400,16 Sep 22:31
2026-09-16,Wed,12:00 pm to 12:30 pm,Noida Pickleball Courts | Sec-100,Court 1,Not Booked,400,16 Sep 12:11
2026-09-16,Wed,12:30 pm to 1:00 pm,Noida Pickleball Courts | Sec-100,Court 1,Not Booked,400,16 Sep 12:11
2026-09-16,Wed,1:00 pm to 1:30 pm,Noida Pickleball Courts | Sec-100,Court 1,Not Booked,400,16 Sep 13:06
2026-09-16,Wed,1:30 pm to 2:00 pm,Noida Pickleball Courts | Sec-100,Court 1,Not Booked,400,16 Sep 13:06
2026-09-16,Wed,2:00 pm to 2:30 pm,Noida Pickleball Courts | Sec-100,Court 1,Not Booked,400,16 Sep 14:07
2026-09-16,Wed,2:30 pm to 3:00 pm,Noida Pickleball Courts | Sec-100,Court 1,Not Booked,400,16 Sep 14:36
2026-09-16,Wed,3:00 pm to 3:30 pm,Noida Pickleball Courts | Sec-100,Court 1,Not Booked,400,16 Sep 14:36
2026-09-16,Wed,3:30 pm to 4:00 pm,Noida Pickleball Courts | Sec-100,Court 1,Not Booked,400,16 Sep 14:36
2026-09-16,Wed,4:00 pm to 4:30 pm,Noida Pickleball Courts | Sec-100,Court 1,Not Booked,400,16 Sep 16:07
2026-09-16,Wed,4:30 pm to 5:00 pm,Noida Pickleball Courts | Sec-100,Court 1,Not Booked,400,16 Sep 16:31
2026-09-16,Wed,5:00 pm to 5:30 pm,Noida Pickleball Courts | Sec-100,Court 1,Not Booked,400,16 Sep 17:05
2026-09-16,Wed,5:30 pm to 6:00 pm,Noida Pickleball Courts | Sec-100,Court 1,Not Booked,400,16 Sep 17:05
2026-09-16,Wed,6:00 am to 6:30 am,Noida Pickleball Courts | Sec-100,Court 1,Not Booked,400,16 Sep 06:11
2026-09-16,Wed,6:00 pm to 6:30 pm,Noida Pickleball Courts | Sec-100,Court 1,Not Booked,400,16 Sep 17:05
2026-09-16,Wed,6:30 am to 7:00 am,Noida Pickleball Courts | Sec-100,Court 1,Not Booked,400,16 Sep 06:37
2026-09-16,Wed,6:30 pm to 7:00 pm,Noida Pickleball Courts | Sec-100,Court 1,Not Booked,400,16 Sep 18:37
2026-09-16,Wed,7:00 am to 7:30 am,Noida Pickleball Courts | Sec-100,Court 1,Not Booked,400,16 Sep 07:06
2026-09-16,Wed,7:00 pm to 7:30 pm,Noida Pickleball Courts | Sec-100,Court 1,Not Booked,400,16 Sep 18:37
2026-09-16,Wed,7:30 am to 8:00 am,Noida Pickleball Courts | Sec-100,Court 1,Not Booked,400,16 Sep 07:30
2026-09-16,Wed,7:30 pm to 8:00 pm,Noida Pickleball Courts | Sec-100,Court 1,Not Booked,400,16 Sep 19:34
2026-09-16,Wed,8:00 am to 8:30 am,Noida Pickleball Courts | Sec-100,Court 1,Not Booked,400,16 Sep 07:30
2026-09-16,Wed,8:00 pm to 8:30 pm,Noida Pickleball Courts | Sec-100,Court 1,Not Booked,400,16 Sep 20:07
2026-09-16,Wed,8:30 am to 9:00 am,Noida Pickleball Courts | Sec-100,Court 1,Not Booked,400,16 Sep 08:32
2026-09-16,Wed,8:30 pm to 9:00 pm,Noida Pickleball Courts | Sec-100,Court 1,Not Booked,400,16 Sep 20:31
2026-09-16,Wed,9:00 am to 9:30 am,Noida Pickleball Courts | Sec-100,Court 1,Not Booked,400,16 Sep 09:06
2026-09-16,Wed,9:00 pm to 9:30 pm,Noida Pickleball Courts | Sec-100,Court 1,Not Booked,400,16 Sep 21:04
2026-09-16,Wed,9:30 am to 10:00 am,Noida Pickleball Courts | Sec-100,Court 1,Not Booked,400,16 Sep 09:33
2026-09-16,Wed,9:30 pm to 10:00 pm,Noida Pickleball Courts | Sec-100,Court 1,Not Booked,400,16 Sep 21:32
2026-09-16,Wed,10:00 am to 10:30 am,Noida Pickleball Courts | Sec-100,Court 2,Not Booked,400,16 Sep 10:03
2026-09-16,Wed,10:00 pm to 10:30 pm,Noida Pickleball Courts | Sec-100,Court 2,Not Booked,400,16 Sep 22:05
2026-09-16,Wed,10:30 am to 11:00 am,Noida Pickleball Courts | Sec-100,Court 2,Not Booked,400,16 Sep 10:30
2026-09-16,Wed,10:30 pm to 11:00 pm,Noida Pickleball Courts | Sec-100,Court 2,Not Booked,400,16 Sep 22:31
2026-09-16,Wed,11:00 am to 11:30 am,Noida Pickleball Courts | Sec-100,Court 2,Not Booked,400,16 Sep 11:03
2026-09-16,Wed,11:00 pm to 11:30 pm,Noida Pickleball Courts | Sec-100,Court 2,Not Booked,400,16 Sep 23:02
2026-09-16,Wed,11:30 am to 12:00 pm,Noida Pickleball Courts | Sec-100,Court 2,Not Booked,400,16 Sep 11:31
2026-09-16,Wed,11:30 pm to 12:00 am,Noida Pickleball Courts | Sec-100,Court 2,Not Booked,400,16 Sep 23:30
2026-09-16,Wed,12:00 pm to 12:30 pm,Noida Pickleball Courts | Sec-100,Court 2,Not Booked,400,16 Sep 11:31
2026-09-16,Wed,12:30 pm to 1:00 pm,Noida Pickleball Courts | Sec-100,Court 2,Not Booked,400,16 Sep 12:37
2026-09-16,Wed,1:00 pm to 1:30 pm,Noida Pickleball Courts | Sec-100,Court 2,Not Booked,400,16 Sep 13:06
2026-09-16,Wed,1:30 pm to 2:00 pm,Noida Pickleball Courts | Sec-100,Court 2,Not Booked,400,16 Sep 13:33
2026-09-16,Wed,2:00 pm to 2:30 pm,Noida Pickleball Courts | Sec-100,Court 2,Not Booked,400,16 Sep 14:07
2026-09-16,Wed,2:30 pm to 3:00 pm,Noida Pickleball Courts | Sec-100,Court 2,Not Booked,400,16 Sep 14:07
2026-09-16,Wed,3:00 pm to 3:30 pm,Noida Pickleball Courts | Sec-100,Court 2,Not Booked,400,16 Sep 15:06
2026-09-16,Wed,3:30 pm to 4:00 pm,Noida Pickleball Courts | Sec-100,Court 2,Not Booked,400,16 Sep 15:32
2026-09-16,Wed,4:00 pm to 4:30 pm,Noida Pickleball Courts | Sec-100,Court 2,Not Booked,400,16 Sep 16:07
2026-09-16,Wed,4:30 pm to 5:00 pm,Noida Pickleball Courts | Sec-100,Court 2,Not Booked,400,16 Sep 16:31
2026-09-16,Wed,5:00 pm to 5:30 pm,Noida Pickleball Courts | Sec-100,Court 2,Not Booked,400,16 Sep 17:05
2026-09-16,Wed,5:30 pm to 6:00 pm,Noida Pickleball Courts | Sec-100,Court 2,Not Booked,400,16 Sep 17:32
2026-09-16,Wed,6:00 am to 6:30 am,Noida Pickleball Courts | Sec-100,Court 2,Not Booked,400,16 Sep 06:11
2026-09-16,Wed,6:00 pm to 6:30 pm,Noida Pickleball Courts | Sec-100,Court 2,Not Booked,400,16 Sep 18:10
2026-09-16,Wed,6:30 am to 7:00 am,Noida Pickleball Courts | Sec-100,Court 2,Not Booked,400,16 Sep 06:37
2026-09-16,Wed,6:30 pm to 7:00 pm,Noida Pickleball Courts | Sec-100,Court 2,Not Booked,400,16 Sep 18:37
2026-09-16,Wed,7:00 am to 7:30 am,Noida Pickleball Courts | Sec-100,Court 2,Not Booked,400,16 Sep 07:06
2026-09-16,Wed,7:00 pm to 7:30 pm,Noida Pickleball Courts | Sec-100,Court 2,Not Booked,400,16 Sep 19:06
2026-09-16,Wed,7:30 am to 8:00 am,Noida Pickleball Courts | Sec-100,Court 2,Not Booked,400,16 Sep 07:30
2026-09-16,Wed,7:30 pm to 8:00 pm,Noida Pickleball Courts | Sec-100,Court 2,Not Booked,400,16 Sep 19:34
2026-09-16,Wed,8:00 am to 8:30 am,Noida Pickleball Courts | Sec-100,Court 2,Not Booked,400,16 Sep 08:04
2026-09-16,Wed,8:00 pm to 8:30 pm,Noida Pickleball Courts | Sec-100,Court 2,Not Booked,400,16 Sep 20:07
2026-09-16,Wed,8:30 am to 9:00 am,Noida Pickleball Courts | Sec-100,Court 2,Not Booked,400,16 Sep 08:32
2026-09-16,Wed,8:30 pm to 9:00 pm,Noida Pickleball Courts | Sec-100,Court 2,Not Booked,400,16 Sep 20:07
2026-09-16,Wed,9:00 am to 9:30 am,Noida Pickleball Courts | Sec-100,Court 2,Not Booked,400,16 Sep 09:06
2026-09-16,Wed,9:00 pm to 9:30 pm,Noida Pickleball Courts | Sec-100,Court 2,Not Booked,400,16 Sep 21:04
2026-09-16,Wed,9:30 am to 10:00 am,Noida Pickleball Courts | Sec-100,Court 2,Not Booked,400,16 Sep 09:06
2026-09-16,Wed,9:30 pm to 10:00 pm,Noida Pickleball Courts | Sec-100,Court 2,Not Booked,400,16 Sep 21:32
2026-09-16,Wed,10:00 am to 11:00 am,Pickit | Vijay Sri Academy,Court 1,Not Booked,600,16 Sep 10:03
2026-09-16,Wed,10:00 pm to 11:00 pm,Pickit | Vijay Sri Academy,Court 1,Not Booked,600,16 Sep 22:31
2026-09-16,Wed,11:00 am to 12:00 pm,Pickit | Vijay Sri Academy,Court 1,Not Booked,600,16 Sep 11:31
2026-09-16,Wed,11:00 pm to 12:00 am,Pickit | Vijay Sri Academy,Court 1,Not Booked,600,16 Sep 23:30
2026-09-16,Wed,12:00 pm to 1:00 pm,Pickit | Vijay Sri Academy,Court 1,Not Booked,600,16 Sep 12:37
2026-09-16,Wed,1:00 pm to 2:00 pm,Pickit | Vijay Sri Academy,Court 1,Not Booked,600,16 Sep 13:33
2026-09-16,Wed,2:00 pm to 3:00 pm,Pickit | Vijay Sri Academy,Court 1,Not Booked,600,16 Sep 14:36
2026-09-16,Wed,3:00 pm to 4:00 pm,Pickit | Vijay Sri Academy,Court 1,Not Booked,600,16 Sep 15:32
2026-09-16,Wed,4:00 pm to 5:00 pm,Pickit | Vijay Sri Academy,Court 1,Not Booked,600,16 Sep 16:31
2026-09-16,Wed,5:00 pm to 6:00 pm,Pickit | Vijay Sri Academy,Court 1,Not Booked,600,16 Sep 17:32
2026-09-16,Wed,6:00 am to 7:00 am,Pickit | Vijay Sri Academy,Court 1,Not Booked,600,16 Sep 06:37
2026-09-16,Wed,6:00 pm to 7:00 pm,Pickit | Vijay Sri Academy,Court 1,Not Booked,600,16 Sep 18:10
2026-09-16,Wed,7:00 am to 8:00 am,Pickit | Vijay Sri Academy,Court 1,Not Booked,600,16 Sep 07:30
2026-09-16,Wed,7:00 pm to 8:00 pm,Pickit | Vijay Sri Academy,Court 1,Not Booked,600,16 Sep 19:34
2026-09-16,Wed,8:00 am to 9:00 am,Pickit | Vijay Sri Academy,Court 1,Not Booked,600,16 Sep 08:32
2026-09-16,Wed,8:00 pm to 9:00 pm,Pickit | Vijay Sri Academy,Court 1,Not Booked,600,16 Sep 20:31
2026-09-16,Wed,9:00 am to 10:00 am,Pickit | Vijay Sri Academy,Court 1,Not Booked,600,16 Sep 09:33
2026-09-16,Wed,9:00 pm to 10:00 pm,Pickit | Vijay Sri Academy,Court 1,Not Booked,600,16 Sep 21:32
2026-09-16,Wed,10:00 am to 11:00 am,Pickit | Vijay Sri Academy,Court 2,Not Booked,600,16 Sep 10:30
2026-09-16,Wed,10:00 pm to 11:00 pm,Pickit | Vijay Sri Academy,Court 2,Not Booked,600,16 Sep 22:31
2026-09-16,Wed,11:00 am to 12:00 pm,Pickit | Vijay Sri Academy,Court 2,Not Booked,600,16 Sep 11:31
2026-09-16,Wed,11:00 pm to 12:00 am,Pickit | Vijay Sri Academy,Court 2,Not Booked,600,16 Sep 23:30
2026-09-16,Wed,12:00 pm to 1:00 pm,Pickit | Vijay Sri Academy,Court 2,Not Booked,600,16 Sep 12:37
2026-09-16,Wed,1:00 pm to 2:00 pm,Pickit | Vijay Sri Academy,Court 2,Not Booked,600,16 Sep 13:33
2026-09-16,Wed,2:00 pm to 3:00 pm,Pickit | Vijay Sri Academy,Court 2,Not Booked,600,16 Sep 14:36
2026-09-16,Wed,3:00 pm to 4:00 pm,Pickit | Vijay Sri Academy,Court 2,Not Booked,600,16 Sep 15:32
2026-09-16,Wed,4:00 pm to 5:00 pm,Pickit | Vijay Sri Academy,Court 2,Not Booked,600,16 Sep 16:31
2026-09-16,Wed,5:00 pm to 6:00 pm,Pickit | Vijay Sri Academy,Court 2,Not Booked,600,16 Sep 17:32
2026-09-16,Wed,6:00 am to 7:00 am,Pickit | Vijay Sri Academy,Court 2,Not Booked,600,16 Sep 06:37
2026-09-16,Wed,6:00 pm to 7:00 pm,Pickit | Vijay Sri Academy,Court 2,Not Booked,600,16 Sep 18:37
2026-09-16,Wed,7:00 am to 8:00 am,Pickit | Vijay Sri Academy,Court 2,Not Booked,600,16 Sep 07:30
2026-09-16,Wed,7:00 pm to 8:00 pm,Pickit | Vijay Sri Academy,Court 2,Not Booked,600,16 Sep 19:34
2026-09-16,Wed,8:00 am to 9:00 am,Pickit | Vijay Sri Academy,Court 2,Not Booked,600,16 Sep 08:32
2026-09-16,Wed,8:00 pm to 9:00 pm,Pickit | Vijay Sri Academy,Court 2,Not Booked,600,16 Sep 20:31
2026-09-16,Wed,9:00 am to 10:00 am,Pickit | Vijay Sri Academy,Court 2,Not Booked,600,16 Sep 09:33
2026-09-16,Wed,9:00 pm to 10:00 pm,Pickit | Vijay Sri Academy,Court 2,Not Booked,600,16 Sep 21:32
2026-09-16,Wed,10:00 am to 11:00 am,Pickit | Vijay Sri Academy,Court 3,Not Booked,600,16 Sep 10:30
2026-09-16,Wed,10:00 pm to 11:00 pm,Pickit | Vijay Sri Academy,Court 3,Not Booked,600,16 Sep 22:31
2026-09-16,Wed,11:00 am to 12:00 pm,Pickit | Vijay Sri Academy,Court 3,Not Booked,600,16 Sep 11:31
2026-09-16,Wed,11:00 pm to 12:00 am,Pickit | Vijay Sri Academy,Court 3,Not Booked,600,16 Sep 23:30
2026-09-16,Wed,12:00 pm to 1:00 pm,Pickit | Vijay Sri Academy,Court 3,Not Booked,600,16 Sep 12:37
2026-09-16,Wed,1:00 pm to 2:00 pm,Pickit | Vijay Sri Academy,Court 3,Not Booked,600,16 Sep 13:33
2026-09-16,Wed,2:00 pm to 3:00 pm,Pickit | Vijay Sri Academy,Court 3,Not Booked,600,16 Sep 14:36
2026-09-16,Wed,3:00 pm to 4:00 pm,Pickit | Vijay Sri Academy,Court 3,Not Booked,600,16 Sep 15:32
2026-09-16,Wed,4:00 pm to 5:00 pm,Pickit | Vijay Sri Academy,Court 3,Not Booked,600,16 Sep 16:31
2026-09-16,Wed,5:00 pm to 6:00 pm,Pickit | Vijay Sri Academy,Court 3,Not Booked,600,16 Sep 17:32
2026-09-16,Wed,6:00 am to 7:00 am,Pickit | Vijay Sri Academy,Court 3,Not Booked,600,16 Sep 06:37
2026-09-16,Wed,6:00 pm to 7:00 pm,Pickit | Vijay Sri Academy,Court 3,Not Booked,600,16 Sep 18:37
2026-09-16,Wed,7:00 am to 8:00 am,Pickit | Vijay Sri Academy,Court 3,Not Booked,600,16 Sep 07:30
2026-09-16,Wed,7:00 pm to 8:00 pm,Pickit | Vijay Sri Academy,Court 3,Not Booked,600,16 Sep 19:34
2026-09-16,Wed,8:00 am to 9:00 am,Pickit | Vijay Sri Academy,Court 3,Not Booked,600,16 Sep 08:32
2026-09-16,Wed,8:00 pm to 9:00 pm,Pickit | Vijay Sri Academy,Court 3,Not Booked,600,16 Sep 20:31
2026-09-16,Wed,9:00 am to 10:00 am,Pickit | Vijay Sri Academy,Court 3,Not Booked,600,16 Sep 09:33
2026-09-16,Wed,9:00 pm to 10:00 pm,Pickit | Vijay Sri Academy,Court 3,Not Booked,600,16 Sep 21:04
2026-09-16,Wed,10:00 pm to 10:30 pm,Pickle Pros | Noida,Pickleball Court 1,Not Booked,400,16 Sep 22:05
2026-09-16,Wed,3:30 pm to 4:00 pm,Pickle Pros | Noida,Pickleball Court 1,Not Booked,400,16 Sep 15:32
2026-09-16,Wed,4:00 pm to 4:30 pm,Pickle Pros | Noida,Pickleball Court 1,Not Booked,400,16 Sep 16:07
2026-09-16,Wed,4:30 pm to 5:00 pm,Pickle Pros | Noida,Pickleball Court 1,Not Booked,400,16 Sep 16:07
2026-09-16,Wed,5:00 pm to 5:30 pm,Pickle Pros | Noida,Pickleball Court 1,Not Booked,400,16 Sep 17:05
2026-09-16,Wed,5:30 pm to 6:00 pm,Pickle Pros | Noida,Pickleball Court 1,Not Booked,400,16 Sep 17:32
2026-09-16,Wed,6:00 pm to 6:30 pm,Pickle Pros | Noida,Pickleball Court 1,Not Booked,400,16 Sep 18:10
2026-09-16,Wed,6:30 pm to 7:00 pm,Pickle Pros | Noida,Pickleball Court 1,Not Booked,400,16 Sep 18:37
2026-09-16,Wed,7:00 pm to 7:30 pm,Pickle Pros | Noida,Pickleball Court 1,Booked,400,16 Sep 19:06
2026-09-16,Wed,7:30 pm to 8:00 pm,Pickle Pros | Noida,Pickleball Court 1,Booked,400,16 Sep 19:34
2026-09-16,Wed,8:00 pm to 8:30 pm,Pickle Pros | Noida,Pickleball Court 1,Not Booked,400,16 Sep 20:07
2026-09-16,Wed,8:30 pm to 9:00 pm,Pickle Pros | Noida,Pickleball Court 1,Not Booked,400,16 Sep 20:07
2026-09-16,Wed,9:00 pm to 9:30 pm,Pickle Pros | Noida,Pickleball Court 1,Not Booked,400,16 Sep 20:07
2026-09-16,Wed,9:30 pm to 10:00 pm,Pickle Pros | Noida,Pickleball Court 1,Not Booked,400,16 Sep 20:07
2026-09-16,Wed,10:00 pm to 10:30 pm,Pickle Pros | Noida,Pickleball Court 2,Not Booked,400,16 Sep 22:05
2026-09-16,Wed,3:30 pm to 4:00 pm,Pickle Pros | Noida,Pickleball Court 2,Not Booked,400,16 Sep 15:06
2026-09-16,Wed,4:00 pm to 4:30 pm,Pickle Pros | Noida,Pickleball Court 2,Not Booked,400,16 Sep 16:07
2026-09-16,Wed,4:30 pm to 5:00 pm,Pickle Pros | Noida,Pickleball Court 2,Not Booked,400,16 Sep 16:31
2026-09-16,Wed,5:00 pm to 5:30 pm,Pickle Pros | Noida,Pickleball Court 2,Not Booked,400,16 Sep 17:05
2026-09-16,Wed,5:30 pm to 6:00 pm,Pickle Pros | Noida,Pickleball Court 2,Not Booked,400,16 Sep 17:05
2026-09-16,Wed,6:00 pm to 6:30 pm,Pickle Pros | Noida,Pickleball Court 2,Not Booked,400,16 Sep 18:10
2026-09-16,Wed,6:30 pm to 7:00 pm,Pickle Pros | Noida,Pickleball Court 2,Not Booked,400,16 Sep 18:37
2026-09-16,Wed,7:00 pm to 7:30 pm,Pickle Pros | Noida,Pickleball Court 2,Not Booked,400,16 Sep 18:37
2026-09-16,Wed,7:30 pm to 8:00 pm,Pickle Pros | Noida,Pickleball Court 2,Booked,400,16 Sep 19:34
2026-09-16,Wed,8:00 pm to 8:30 pm,Pickle Pros | Noida,Pickleball Court 2,Booked,400,16 Sep 20:07
2026-09-16,Wed,8:30 pm to 9:00 pm,Pickle Pros | Noida,Pickleball Court 2,Not Booked,400,16 Sep 20:31
2026-09-16,Wed,9:00 pm to 9:30 pm,Pickle Pros | Noida,Pickleball Court 2,Not Booked,400,16 Sep 21:04
2026-09-16,Wed,9:30 pm to 10:00 pm,Pickle Pros | Noida,Pickleball Court 2,Not Booked,400,16 Sep 21:32
2026-09-16,Wed,10:00 pm to 10:30 pm,Pickle Pros | Noida,Pickleball Court 3,Not Booked,400,16 Sep 22:05
2026-09-16,Wed,3:30 pm to 4:00 pm,Pickle Pros | Noida,Pickleball Court 3,Not Booked,400,16 Sep 15:32
2026-09-16,Wed,4:00 pm to 4:30 pm,Pickle Pros | Noida,Pickleball Court 3,Not Booked,400,16 Sep 16:07
2026-09-16,Wed,4:30 pm to 5:00 pm,Pickle Pros | Noida,Pickleball Court 3,Not Booked,400,16 Sep 16:31
2026-09-16,Wed,5:00 pm to 5:30 pm,Pickle Pros | Noida,Pickleball Court 3,Not Booked,400,16 Sep 17:05
2026-09-16,Wed,5:30 pm to 6:00 pm,Pickle Pros | Noida,Pickleball Court 3,Not Booked,400,16 Sep 17:32
2026-09-16,Wed,6:00 pm to 6:30 pm,Pickle Pros | Noida,Pickleball Court 3,Not Booked,400,16 Sep 18:10
2026-09-16,Wed,6:30 pm to 7:00 pm,Pickle Pros | Noida,Pickleball Court 3,Not Booked,400,16 Sep 18:37
2026-09-16,Wed,7:00 pm to 7:30 pm,Pickle Pros | Noida,Pickleball Court 3,Not Booked,400,16 Sep 19:06
2026-09-16,Wed,7:30 pm to 8:00 pm,Pickle Pros | Noida,Pickleball Court 3,Not Booked,400,16 Sep 19:34
2026-09-16,Wed,8:00 pm to 8:30 pm,Pickle Pros | Noida,Pickleball Court 3,Not Booked,400,16 Sep 20:07
2026-09-16,Wed,8:30 pm to 9:00 pm,Pickle Pros | Noida,Pickleball Court 3,Not Booked,400,16 Sep 20:31
2026-09-16,Wed,9:00 pm to 9:30 pm,Pickle Pros | Noida,Pickleball Court 3,Not Booked,400,16 Sep 21:04
2026-09-16,Wed,9:30 pm to 10:00 pm,Pickle Pros | Noida,Pickleball Court 3,Not Booked,400,16 Sep 21:32
2026-09-16,Wed,10:00 pm to 10:30 pm,Pickle Pros | Noida,Pickleball Court 4,Not Booked,400,16 Sep 22:05
2026-09-16,Wed,3:30 pm to 4:00 pm,Pickle Pros | Noida,Pickleball Court 4,Not Booked,400,16 Sep 15:32
2026-09-16,Wed,4:00 pm to 4:30 pm,Pickle Pros | Noida,Pickleball Court 4,Not Booked,400,16 Sep 16:07
2026-09-16,Wed,4:30 pm to 5:00 pm,Pickle Pros | Noida,Pickleball Court 4,Not Booked,400,16 Sep 16:31
2026-09-16,Wed,5:00 pm to 5:30 pm,Pickle Pros | Noida,Pickleball Court 4,Not Booked,400,16 Sep 17:05
2026-09-16,Wed,5:30 pm to 6:00 pm,Pickle Pros | Noida,Pickleball Court 4,Not Booked,400,16 Sep 17:05
2026-09-16,Wed,6:00 pm to 6:30 pm,Pickle Pros | Noida,Pickleball Court 4,Not Booked,400,16 Sep 18:10
2026-09-16,Wed,6:30 pm to 7:00 pm,Pickle Pros | Noida,Pickleball Court 4,Not Booked,400,16 Sep 18:37
2026-09-16,Wed,7:00 pm to 7:30 pm,Pickle Pros | Noida,Pickleball Court 4,Not Booked,400,16 Sep 18:37
2026-09-16,Wed,7:30 pm to 8:00 pm,Pickle Pros | Noida,Pickleball Court 4,Not Booked,400,16 Sep 19:34
2026-09-16,Wed,8:00 pm to 8:30 pm,Pickle Pros | Noida,Pickleball Court 4,Not Booked,400,16 Sep 20:07
2026-09-16,Wed,8:30 pm to 9:00 pm,Pickle Pros | Noida,Pickleball Court 4,Not Booked,400,16 Sep 20:31
2026-09-16,Wed,9:00 pm to 9:30 pm,Pickle Pros | Noida,Pickleball Court 4,Not Booked,400,16 Sep 21:04
2026-09-16,Wed,9:30 pm to 10:00 pm,Pickle Pros | Noida,Pickleball Court 4,Not Booked,400,16 Sep 21:32
2026-09-16,Wed,10:00 am to 10:30 am,Pickleflow Social,Court 1,Not Booked,500,16 Sep 10:03
2026-09-16,Wed,10:00 pm to 10:30 pm,Pickleflow Social,Court 1,Not Booked,500,16 Sep 22:05
2026-09-16,Wed,10:30 am to 11:00 am,Pickleflow Social,Court 1,Not Booked,500,16 Sep 10:03
2026-09-16,Wed,10:30 pm to 11:00 pm,Pickleflow Social,Court 1,Not Booked,500,16 Sep 22:31
2026-09-16,Wed,11:00 am to 11:30 am,Pickleflow Social,Court 1,Not Booked,500,16 Sep 11:03
2026-09-16,Wed,11:00 pm to 11:30 pm,Pickleflow Social,Court 1,Not Booked,500,16 Sep 22:31
2026-09-16,Wed,11:30 am to 12:00 pm,Pickleflow Social,Court 1,Not Booked,500,16 Sep 11:31
2026-09-16,Wed,11:30 pm to 12:00 am,Pickleflow Social,Court 1,Not Booked,500,16 Sep 22:31
2026-09-16,Wed,12:00 am to 12:30 am,Pickleflow Social,Court 1,Not Booked,400,16 Sep 00:33
2026-09-16,Wed,12:00 pm to 12:30 pm,Pickleflow Social,Court 1,Not Booked,500,16 Sep 12:11
2026-09-16,Wed,12:30 am to 1:00 am,Pickleflow Social,Court 1,Not Booked,400,16 Sep 00:33
2026-09-16,Wed,12:30 pm to 1:00 pm,Pickleflow Social,Court 1,Not Booked,500,16 Sep 12:37
2026-09-16,Wed,1:00 am to 1:30 am,Pickleflow Social,Court 1,Not Booked,400,16 Sep 01:03
2026-09-16,Wed,1:00 pm to 1:30 pm,Pickleflow Social,Court 1,Not Booked,500,16 Sep 13:06
2026-09-16,Wed,1:30 am to 2:00 am,Pickleflow Social,Court 1,Not Booked,400,16 Sep 01:30
2026-09-16,Wed,1:30 pm to 2:00 pm,Pickleflow Social,Court 1,Not Booked,500,16 Sep 13:33
2026-09-16,Wed,2:00 pm to 2:30 pm,Pickleflow Social,Court 1,Not Booked,500,16 Sep 14:07
2026-09-16,Wed,2:30 pm to 3:00 pm,Pickleflow Social,Court 1,Not Booked,500,16 Sep 14:36
2026-09-16,Wed,3:00 pm to 3:30 pm,Pickleflow Social,Court 1,Not Booked,500,16 Sep 15:06
2026-09-16,Wed,3:30 pm to 4:00 pm,Pickleflow Social,Court 1,Not Booked,500,16 Sep 15:32
2026-09-16,Wed,4:00 pm to 4:30 pm,Pickleflow Social,Court 1,Not Booked,500,16 Sep 15:32
2026-09-16,Wed,4:30 pm to 5:00 pm,Pickleflow Social,Court 1,Not Booked,500,16 Sep 16:31
2026-09-16,Wed,5:00 pm to 5:30 pm,Pickleflow Social,Court 1,Not Booked,500,16 Sep 16:31
2026-09-16,Wed,5:30 pm to 6:00 pm,Pickleflow Social,Court 1,Not Booked,500,16 Sep 16:31
2026-09-16,Wed,6:00 pm to 6:30 pm,Pickleflow Social,Court 1,Not Booked,500,16 Sep 18:10
2026-09-16,Wed,6:30 pm to 7:00 pm,Pickleflow Social,Court 1,Not Booked,500,16 Sep 18:37
2026-09-16,Wed,7:00 am to 7:30 am,Pickleflow Social,Court 1,Not Booked,500,16 Sep 06:37
2026-09-16,Wed,7:00 pm to 7:30 pm,Pickleflow Social,Court 1,Booked,500,16 Sep 18:37
2026-09-16,Wed,7:30 am to 8:00 am,Pickleflow Social,Court 1,Not Booked,500,16 Sep 06:37
2026-09-16,Wed,7:30 pm to 8:00 pm,Pickleflow Social,Court 1,Booked,500,16 Sep 19:34
2026-09-16,Wed,8:00 am to 8:30 am,Pickleflow Social,Court 1,Not Booked,500,16 Sep 08:04
2026-09-16,Wed,8:00 pm to 8:30 pm,Pickleflow Social,Court 1,Not Booked,500,16 Sep 19:34
2026-09-16,Wed,8:30 am to 9:00 am,Pickleflow Social,Court 1,Not Booked,500,16 Sep 08:32
2026-09-16,Wed,8:30 pm to 9:00 pm,Pickleflow Social,Court 1,Not Booked,500,16 Sep 19:34
2026-09-16,Wed,9:00 am to 9:30 am,Pickleflow Social,Court 1,Not Booked,500,16 Sep 09:06
2026-09-16,Wed,9:00 pm to 9:30 pm,Pickleflow Social,Court 1,Not Booked,500,16 Sep 21:04
2026-09-16,Wed,9:30 am to 10:00 am,Pickleflow Social,Court 1,Not Booked,500,16 Sep 09:33
2026-09-16,Wed,9:30 pm to 10:00 pm,Pickleflow Social,Court 1,Not Booked,500,16 Sep 21:32
2026-09-16,Wed,10:00 am to 10:30 am,Pickleflow Social,Court 2,Not Booked,500,16 Sep 09:33
2026-09-16,Wed,10:00 pm to 10:30 pm,Pickleflow Social,Court 2,Not Booked,500,16 Sep 22:05
2026-09-16,Wed,10:30 am to 11:00 am,Pickleflow Social,Court 2,Not Booked,500,16 Sep 10:30
2026-09-16,Wed,10:30 pm to 11:00 pm,Pickleflow Social,Court 2,Not Booked,500,16 Sep 22:31
2026-09-16,Wed,11:00 am to 11:30 am,Pickleflow Social,Court 2,Not Booked,500,16 Sep 11:03
2026-09-16,Wed,11:00 pm to 11:30 pm,Pickleflow Social,Court 2,Not Booked,500,16 Sep 23:02
2026-09-16,Wed,11:30 am to 12:00 pm,Pickleflow Social,Court 2,Not Booked,500,16 Sep 11:31
2026-09-16,Wed,11:30 pm to 12:00 am,Pickleflow Social,Court 2,Not Booked,500,16 Sep 23:30
2026-09-16,Wed,12:00 am to 12:30 am,Pickleflow Social,Court 2,Not Booked,400,16 Sep 00:33
2026-09-16,Wed,12:00 pm to 12:30 pm,Pickleflow Social,Court 2,Not Booked,500,16 Sep 11:31
2026-09-16,Wed,12:30 am to 1:00 am,Pickleflow Social,Court 2,Not Booked,400,16 Sep 00:33
2026-09-16,Wed,12:30 pm to 1:00 pm,Pickleflow Social,Court 2,Not Booked,500,16 Sep 12:37
2026-09-16,Wed,1:00 am to 1:30 am,Pickleflow Social,Court 2,Not Booked,400,16 Sep 01:03
2026-09-16,Wed,1:00 pm to 1:30 pm,Pickleflow Social,Court 2,Not Booked,500,16 Sep 13:06
2026-09-16,Wed,1:30 am to 2:00 am,Pickleflow Social,Court 2,Not Booked,400,16 Sep 01:30
2026-09-16,Wed,1:30 pm to 2:00 pm,Pickleflow Social,Court 2,Not Booked,500,16 Sep 13:33
2026-09-16,Wed,2:00 pm to 2:30 pm,Pickleflow Social,Court 2,Not Booked,500,16 Sep 13:33
2026-09-16,Wed,2:30 pm to 3:00 pm,Pickleflow Social,Court 2,Not Booked,500,16 Sep 14:36
2026-09-16,Wed,3:00 pm to 3:30 pm,Pickleflow Social,Court 2,Not Booked,500,16 Sep 15:06
2026-09-16,Wed,3:30 pm to 4:00 pm,Pickleflow Social,Court 2,Not Booked,500,16 Sep 15:32
2026-09-16,Wed,4:00 pm to 4:30 pm,Pickleflow Social,Court 2,Not Booked,500,16 Sep 16:07
2026-09-16,Wed,4:30 pm to 5:00 pm,Pickleflow Social,Court 2,Not Booked,500,16 Sep 16:07
2026-09-16,Wed,5:00 pm to 5:30 pm,Pickleflow Social,Court 2,Not Booked,500,16 Sep 17:05
2026-09-16,Wed,5:30 pm to 6:00 pm,Pickleflow Social,Court 2,Not Booked,500,16 Sep 17:32
2026-09-16,Wed,6:00 pm to 6:30 pm,Pickleflow Social,Court 2,Not Booked,500,16 Sep 18:10
2026-09-16,Wed,6:30 pm to 7:00 pm,Pickleflow Social,Court 2,Not Booked,500,16 Sep 18:37
2026-09-16,Wed,7:00 am to 7:30 am,Pickleflow Social,Court 2,Not Booked,500,16 Sep 07:06
2026-09-16,Wed,7:00 pm to 7:30 pm,Pickleflow Social,Court 2,Not Booked,500,16 Sep 19:06
2026-09-16,Wed,7:30 am to 8:00 am,Pickleflow Social,Court 2,Not Booked,500,16 Sep 07:30
2026-09-16,Wed,7:30 pm to 8:00 pm,Pickleflow Social,Court 2,Not Booked,500,16 Sep 19:34
2026-09-16,Wed,8:00 am to 8:30 am,Pickleflow Social,Court 2,Not Booked,500,16 Sep 08:04
2026-09-16,Wed,8:00 pm to 8:30 pm,Pickleflow Social,Court 2,Not Booked,500,16 Sep 20:07
2026-09-16,Wed,8:30 am to 9:00 am,Pickleflow Social,Court 2,Not Booked,500,16 Sep 08:32
2026-09-16,Wed,8:30 pm to 9:00 pm,Pickleflow Social,Court 2,Booked,500,16 Sep 20:31
2026-09-16,Wed,9:00 am to 9:30 am,Pickleflow Social,Court 2,Not Booked,500,16 Sep 09:06
2026-09-16,Wed,9:00 pm to 9:30 pm,Pickleflow Social,Court 2,Booked,500,16 Sep 21:04
2026-09-16,Wed,9:30 am to 10:00 am,Pickleflow Social,Court 2,Not Booked,500,16 Sep 09:33
2026-09-16,Wed,9:30 pm to 10:00 pm,Pickleflow Social,Court 2,Not Booked,500,16 Sep 21:32
2026-09-16,Wed,10:00 am to 10:30 am,Pickleflow Social,Court 3,Not Booked,500,16 Sep 10:03
2026-09-16,Wed,10:00 pm to 10:30 pm,Pickleflow Social,Court 3,Not Booked,500,16 Sep 22:05
2026-09-16,Wed,10:30 am to 11:00 am,Pickleflow Social,Court 3,Not Booked,500,16 Sep 10:30
2026-09-16,Wed,10:30 pm to 11:00 pm,Pickleflow Social,Court 3,Not Booked,500,16 Sep 22:31
2026-09-16,Wed,11:00 am to 11:30 am,Pickleflow Social,Court 3,Not Booked,500,16 Sep 11:03
2026-09-16,Wed,11:00 pm to 11:30 pm,Pickleflow Social,Court 3,Not Booked,500,16 Sep 23:02
2026-09-16,Wed,11:30 am to 12:00 pm,Pickleflow Social,Court 3,Not Booked,500,16 Sep 11:31
2026-09-16,Wed,11:30 pm to 12:00 am,Pickleflow Social,Court 3,Not Booked,500,16 Sep 23:30
2026-09-16,Wed,12:00 am to 12:30 am,Pickleflow Social,Court 3,Not Booked,400,16 Sep 00:33
2026-09-16,Wed,12:00 pm to 12:30 pm,Pickleflow Social,Court 3,Not Booked,500,16 Sep 12:11
2026-09-16,Wed,12:30 am to 1:00 am,Pickleflow Social,Court 3,Not Booked,400,16 Sep 00:33
2026-09-16,Wed,12:30 pm to 1:00 pm,Pickleflow Social,Court 3,Not Booked,500,16 Sep 12:37
2026-09-16,Wed,1:00 am to 1:30 am,Pickleflow Social,Court 3,Not Booked,400,16 Sep 01:03
2026-09-16,Wed,1:00 pm to 1:30 pm,Pickleflow Social,Court 3,Not Booked,500,16 Sep 13:06
2026-09-16,Wed,1:30 am to 2:00 am,Pickleflow Social,Court 3,Not Booked,400,16 Sep 01:30
2026-09-16,Wed,1:30 pm to 2:00 pm,Pickleflow Social,Court 3,Not Booked,500,16 Sep 13:33
2026-09-16,Wed,2:00 pm to 2:30 pm,Pickleflow Social,Court 3,Not Booked,500,16 Sep 14:07
2026-09-16,Wed,2:30 pm to 3:00 pm,Pickleflow Social,Court 3,Not Booked,500,16 Sep 14:36
2026-09-16,Wed,3:00 pm to 3:30 pm,Pickleflow Social,Court 3,Not Booked,500,16 Sep 15:06
2026-09-16,Wed,3:30 pm to 4:00 pm,Pickleflow Social,Court 3,Not Booked,500,16 Sep 15:32
2026-09-16,Wed,4:00 pm to 4:30 pm,Pickleflow Social,Court 3,Not Booked,500,16 Sep 16:07
2026-09-16,Wed,4:30 pm to 5:00 pm,Pickleflow Social,Court 3,Not Booked,500,16 Sep 16:31
2026-09-16,Wed,5:00 pm to 5:30 pm,Pickleflow Social,Court 3,Not Booked,500,16 Sep 17:05
2026-09-16,Wed,5:30 pm to 6:00 pm,Pickleflow Social,Court 3,Not Booked,500,16 Sep 17:32
2026-09-16,Wed,6:00 pm to 6:30 pm,Pickleflow Social,Court 3,Not Booked,500,16 Sep 18:10
2026-09-16,Wed,6:30 pm to 7:00 pm,Pickleflow Social,Court 3,Not Booked,500,16 Sep 18:37
2026-09-16,Wed,7:00 am to 7:30 am,Pickleflow Social,Court 3,Not Booked,500,16 Sep 07:06
2026-09-16,Wed,7:00 pm to 7:30 pm,Pickleflow Social,Court 3,Not Booked,500,16 Sep 19:06
2026-09-16,Wed,7:30 am to 8:00 am,Pickleflow Social,Court 3,Not Booked,500,16 Sep 07:30
2026-09-16,Wed,7:30 pm to 8:00 pm,Pickleflow Social,Court 3,Not Booked,500,16 Sep 19:34
2026-09-16,Wed,8:00 am to 8:30 am,Pickleflow Social,Court 3,Not Booked,500,16 Sep 08:04
2026-09-16,Wed,8:00 pm to 8:30 pm,Pickleflow Social,Court 3,Not Booked,500,16 Sep 20:07
2026-09-16,Wed,8:30 am to 9:00 am,Pickleflow Social,Court 3,Not Booked,500,16 Sep 08:32
2026-09-16,Wed,8:30 pm to 9:00 pm,Pickleflow Social,Court 3,Not Booked,500,16 Sep 20:07
2026-09-16,Wed,9:00 am to 9:30 am,Pickleflow Social,Court 3,Not Booked,500,16 Sep 09:06
2026-09-16,Wed,9:00 pm to 9:30 pm,Pickleflow Social,Court 3,Not Booked,500,16 Sep 21:04
2026-09-16,Wed,9:30 am to 10:00 am,Pickleflow Social,Court 3,Not Booked,500,16 Sep 09:33
2026-09-16,Wed,9:30 pm to 10:00 pm,Pickleflow Social,Court 3,Not Booked,500,16 Sep 21:32
2026-09-16,Wed,10:00 am to 11:00 am,Pickleplay 121 | Indoor Arena,Court 1,Not Booked,700,16 Sep 10:30
2026-09-16,Wed,10:00 pm to 11:00 pm,Pickleplay 121 | Indoor Arena,Court 1,Not Booked,700,16 Sep 22:31
2026-09-16,Wed,11:00 am to 12:00 pm,Pickleplay 121 | Indoor Arena,Court 1,Not Booked,700,16 Sep 11:31
2026-09-16,Wed,11:00 pm to 12:00 am,Pickleplay 121 | Indoor Arena,Court 1,Not Booked,700,16 Sep 23:30
2026-09-16,Wed,12:00 am to 1:00 am,Pickleplay 121 | Indoor Arena,Court 1,Not Booked,700,16 Sep 00:33
2026-09-16,Wed,12:00 pm to 1:00 pm,Pickleplay 121 | Indoor Arena,Court 1,Not Booked,700,16 Sep 12:11
2026-09-16,Wed,1:00 pm to 2:00 pm,Pickleplay 121 | Indoor Arena,Court 1,Not Booked,700,16 Sep 13:33
2026-09-16,Wed,2:00 pm to 3:00 pm,Pickleplay 121 | Indoor Arena,Court 1,Not Booked,700,16 Sep 14:36
2026-09-16,Wed,3:00 pm to 4:00 pm,Pickleplay 121 | Indoor Arena,Court 1,Not Booked,700,16 Sep 15:32
2026-09-16,Wed,4:00 pm to 5:00 pm,Pickleplay 121 | Indoor Arena,Court 1,Not Booked,700,16 Sep 16:31
2026-09-16,Wed,5:00 pm to 6:00 pm,Pickleplay 121 | Indoor Arena,Court 1,Not Booked,700,16 Sep 17:32
2026-09-16,Wed,6:00 am to 7:00 am,Pickleplay 121 | Indoor Arena,Court 1,Not Booked,700,16 Sep 06:37
2026-09-16,Wed,6:00 pm to 7:00 pm,Pickleplay 121 | Indoor Arena,Court 1,Not Booked,700,16 Sep 18:37
2026-09-16,Wed,7:00 am to 8:00 am,Pickleplay 121 | Indoor Arena,Court 1,Not Booked,700,16 Sep 07:30
2026-09-16,Wed,7:00 pm to 8:00 pm,Pickleplay 121 | Indoor Arena,Court 1,Not Booked,700,16 Sep 19:34
2026-09-16,Wed,8:00 pm to 9:00 pm,Pickleplay 121 | Indoor Arena,Court 1,Not Booked,700,16 Sep 20:31
2026-09-16,Wed,9:00 pm to 10:00 pm,Pickleplay 121 | Indoor Arena,Court 1,Not Booked,700,16 Sep 21:32
2026-09-16,Wed,10:00 am to 11:00 am,Pickleplay 121 | Indoor Arena,Court 2,Not Booked,700,16 Sep 10:30
2026-09-16,Wed,10:00 pm to 11:00 pm,Pickleplay 121 | Indoor Arena,Court 2,Not Booked,700,16 Sep 18:10
2026-09-16,Wed,11:00 am to 12:00 pm,Pickleplay 121 | Indoor Arena,Court 2,Not Booked,700,16 Sep 11:31
2026-09-16,Wed,11:00 pm to 12:00 am,Pickleplay 121 | Indoor Arena,Court 2,Not Booked,700,16 Sep 23:30
2026-09-16,Wed,12:00 am to 1:00 am,Pickleplay 121 | Indoor Arena,Court 2,Not Booked,700,16 Sep 00:33
2026-09-16,Wed,12:00 pm to 1:00 pm,Pickleplay 121 | Indoor Arena,Court 2,Not Booked,700,16 Sep 12:37
2026-09-16,Wed,1:00 pm to 2:00 pm,Pickleplay 121 | Indoor Arena,Court 2,Not Booked,700,16 Sep 13:33
2026-09-16,Wed,2:00 pm to 3:00 pm,Pickleplay 121 | Indoor Arena,Court 2,Not Booked,700,16 Sep 14:36
2026-09-16,Wed,3:00 pm to 4:00 pm,Pickleplay 121 | Indoor Arena,Court 2,Not Booked,700,16 Sep 15:32
2026-09-16,Wed,4:00 pm to 5:00 pm,Pickleplay 121 | Indoor Arena,Court 2,Not Booked,700,16 Sep 16:31
2026-09-16,Wed,5:00 pm to 6:00 pm,Pickleplay 121 | Indoor Arena,Court 2,Not Booked,700,16 Sep 17:32
2026-09-16,Wed,6:00 am to 7:00 am,Pickleplay 121 | Indoor Arena,Court 2,Not Booked,700,16 Sep 06:37
2026-09-16,Wed,6:00 pm to 7:00 pm,Pickleplay 121 | Indoor Arena,Court 2,Not Booked,700,16 Sep 18:37
2026-09-16,Wed,7:00 am to 8:00 am,Pickleplay 121 | Indoor Arena,Court 2,Not Booked,700,16 Sep 07:30
2026-09-16,Wed,7:00 pm to 8:00 pm,Pickleplay 121 | Indoor Arena,Court 2,Not Booked,700,16 Sep 19:34
2026-09-16,Wed,8:00 am to 9:00 am,Pickleplay 121 | Indoor Arena,Court 2,Not Booked,700,16 Sep 08:32
2026-09-16,Wed,8:00 pm to 9:00 pm,Pickleplay 121 | Indoor Arena,Court 2,Not Booked,700,16 Sep 18:10
2026-09-16,Wed,9:00 am to 10:00 am,Pickleplay 121 | Indoor Arena,Court 2,Not Booked,700,16 Sep 09:33
2026-09-16,Wed,9:00 pm to 10:00 pm,Pickleplay 121 | Indoor Arena,Court 2,Not Booked,700,16 Sep 18:10
2026-09-16,Wed,10:00 am to 11:00 am,Pickleplay 121 | Indoor Arena,Court 3,Not Booked,700,16 Sep 10:30
2026-09-16,Wed,10:00 pm to 11:00 pm,Pickleplay 121 | Indoor Arena,Court 3,Not Booked,700,16 Sep 22:31
2026-09-16,Wed,11:00 am to 12:00 pm,Pickleplay 121 | Indoor Arena,Court 3,Not Booked,700,16 Sep 11:31
2026-09-16,Wed,11:00 pm to 12:00 am,Pickleplay 121 | Indoor Arena,Court 3,Not Booked,700,16 Sep 23:30
2026-09-16,Wed,12:00 am to 1:00 am,Pickleplay 121 | Indoor Arena,Court 3,Not Booked,700,16 Sep 00:33
2026-09-16,Wed,12:00 pm to 1:00 pm,Pickleplay 121 | Indoor Arena,Court 3,Not Booked,700,16 Sep 12:37
2026-09-16,Wed,1:00 pm to 2:00 pm,Pickleplay 121 | Indoor Arena,Court 3,Not Booked,700,16 Sep 13:33
2026-09-16,Wed,2:00 pm to 3:00 pm,Pickleplay 121 | Indoor Arena,Court 3,Not Booked,700,16 Sep 14:36
2026-09-16,Wed,3:00 pm to 4:00 pm,Pickleplay 121 | Indoor Arena,Court 3,Not Booked,700,16 Sep 15:32
2026-09-16,Wed,4:00 pm to 5:00 pm,Pickleplay 121 | Indoor Arena,Court 3,Not Booked,700,16 Sep 16:31
2026-09-16,Wed,5:00 pm to 6:00 pm,Pickleplay 121 | Indoor Arena,Court 3,Not Booked,700,16 Sep 17:32
2026-09-16,Wed,6:00 am to 7:00 am,Pickleplay 121 | Indoor Arena,Court 3,Not Booked,700,16 Sep 06:37
2026-09-16,Wed,6:00 pm to 7:00 pm,Pickleplay 121 | Indoor Arena,Court 3,Not Booked,700,16 Sep 18:37
2026-09-16,Wed,7:00 am to 8:00 am,Pickleplay 121 | Indoor Arena,Court 3,Not Booked,700,16 Sep 07:30
2026-09-16,Wed,7:00 pm to 8:00 pm,Pickleplay 121 | Indoor Arena,Court 3,Not Booked,700,16 Sep 19:34
2026-09-16,Wed,8:00 am to 9:00 am,Pickleplay 121 | Indoor Arena,Court 3,Not Booked,700,16 Sep 08:32
2026-09-16,Wed,8:00 pm to 9:00 pm,Pickleplay 121 | Indoor Arena,Court 3,Not Booked,700,16 Sep 20:31
2026-09-16,Wed,9:00 am to 10:00 am,Pickleplay 121 | Indoor Arena,Court 3,Not Booked,700,16 Sep 09:33
2026-09-16,Wed,9:00 pm to 10:00 pm,Pickleplay 121 | Indoor Arena,Court 3,Not Booked,700,16 Sep 21:32
2026-09-16,Wed,10:00 am to 10:30 am,Pitch Please X TSG Sports Arena,Court 1,Not Booked,300,16 Sep 09:33
2026-09-16,Wed,10:00 pm to 10:30 pm,Pitch Please X TSG Sports Arena,Court 1,Not Booked,300,16 Sep 22:05
2026-09-16,Wed,10:30 am to 11:00 am,Pitch Please X TSG Sports Arena,Court 1,Not Booked,300,16 Sep 10:30
2026-09-16,Wed,10:30 pm to 11:00 pm,Pitch Please X TSG Sports Arena,Court 1,Not Booked,300,16 Sep 22:31
2026-09-16,Wed,11:00 am to 11:30 am,Pitch Please X TSG Sports Arena,Court 1,Not Booked,300,16 Sep 11:03
2026-09-16,Wed,11:00 pm to 11:30 pm,Pitch Please X TSG Sports Arena,Court 1,Not Booked,300,16 Sep 23:02
2026-09-16,Wed,11:30 am to 12:00 pm,Pitch Please X TSG Sports Arena,Court 1,Not Booked,300,16 Sep 11:31
2026-09-16,Wed,11:30 pm to 12:00 am,Pitch Please X TSG Sports Arena,Court 1,Not Booked,300,16 Sep 23:30
2026-09-16,Wed,12:00 am to 12:30 am,Pitch Please X TSG Sports Arena,Court 1,Not Booked,300,16 Sep 00:33
2026-09-16,Wed,12:00 pm to 12:30 pm,Pitch Please X TSG Sports Arena,Court 1,Not Booked,300,16 Sep 12:11
2026-09-16,Wed,12:30 am to 1:00 am,Pitch Please X TSG Sports Arena,Court 1,Not Booked,300,16 Sep 00:33
2026-09-16,Wed,12:30 pm to 1:00 pm,Pitch Please X TSG Sports Arena,Court 1,Not Booked,300,16 Sep 12:37
2026-09-16,Wed,1:00 am to 1:30 am,Pitch Please X TSG Sports Arena,Court 1,Not Booked,300,16 Sep 00:33
2026-09-16,Wed,1:00 pm to 1:30 pm,Pitch Please X TSG Sports Arena,Court 1,Not Booked,300,16 Sep 13:06
2026-09-16,Wed,1:30 am to 2:00 am,Pitch Please X TSG Sports Arena,Court 1,Not Booked,300,16 Sep 01:30
2026-09-16,Wed,1:30 pm to 2:00 pm,Pitch Please X TSG Sports Arena,Court 1,Not Booked,300,16 Sep 13:33
2026-09-16,Wed,2:00 am to 2:30 am,Pitch Please X TSG Sports Arena,Court 1,Not Booked,300,16 Sep 02:05
2026-09-16,Wed,2:00 pm to 2:30 pm,Pitch Please X TSG Sports Arena,Court 1,Not Booked,300,16 Sep 14:07
2026-09-16,Wed,2:30 am to 3:00 am,Pitch Please X TSG Sports Arena,Court 1,Not Booked,300,16 Sep 02:32
2026-09-16,Wed,2:30 pm to 3:00 pm,Pitch Please X TSG Sports Arena,Court 1,Not Booked,300,16 Sep 14:36
2026-09-16,Wed,3:00 pm to 3:30 pm,Pitch Please X TSG Sports Arena,Court 1,Not Booked,300,16 Sep 15:06
2026-09-16,Wed,3:30 pm to 4:00 pm,Pitch Please X TSG Sports Arena,Court 1,Not Booked,300,16 Sep 15:32
2026-09-16,Wed,4:00 pm to 4:30 pm,Pitch Please X TSG Sports Arena,Court 1,Not Booked,300,16 Sep 15:32
2026-09-16,Wed,4:30 pm to 5:00 pm,Pitch Please X TSG Sports Arena,Court 1,Not Booked,300,16 Sep 16:31
2026-09-16,Wed,5:00 am to 5:30 am,Pitch Please X TSG Sports Arena,Court 1,Not Booked,300,16 Sep 05:02
2026-09-16,Wed,5:00 pm to 5:30 pm,Pitch Please X TSG Sports Arena,Court 1,Not Booked,300,16 Sep 17:05
2026-09-16,Wed,5:30 am to 6:00 am,Pitch Please X TSG Sports Arena,Court 1,Not Booked,300,16 Sep 05:31
2026-09-16,Wed,5:30 pm to 6:00 pm,Pitch Please X TSG Sports Arena,Court 1,Not Booked,300,16 Sep 17:32
2026-09-16,Wed,6:00 am to 6:30 am,Pitch Please X TSG Sports Arena,Court 1,Not Booked,300,16 Sep 06:11
2026-09-16,Wed,6:00 pm to 6:30 pm,Pitch Please X TSG Sports Arena,Court 1,Not Booked,300,16 Sep 18:10
2026-09-16,Wed,6:30 am to 7:00 am,Pitch Please X TSG Sports Arena,Court 1,Not Booked,300,16 Sep 06:37
2026-09-16,Wed,6:30 pm to 7:00 pm,Pitch Please X TSG Sports Arena,Court 1,Not Booked,300,16 Sep 18:37
2026-09-16,Wed,7:00 am to 7:30 am,Pitch Please X TSG Sports Arena,Court 1,Not Booked,300,16 Sep 07:06
2026-09-16,Wed,7:00 pm to 7:30 pm,Pitch Please X TSG Sports Arena,Court 1,Not Booked,300,16 Sep 19:06
2026-09-16,Wed,7:30 am to 8:00 am,Pitch Please X TSG Sports Arena,Court 1,Not Booked,300,16 Sep 07:30
2026-09-16,Wed,7:30 pm to 8:00 pm,Pitch Please X TSG Sports Arena,Court 1,Not Booked,300,16 Sep 19:34
2026-09-16,Wed,8:00 am to 8:30 am,Pitch Please X TSG Sports Arena,Court 1,Not Booked,300,16 Sep 08:04
2026-09-16,Wed,8:00 pm to 8:30 pm,Pitch Please X TSG Sports Arena,Court 1,Booked,300,16 Sep 20:07
2026-09-16,Wed,8:30 am to 9:00 am,Pitch Please X TSG Sports Arena,Court 1,Not Booked,300,16 Sep 08:32
2026-09-16,Wed,8:30 pm to 9:00 pm,Pitch Please X TSG Sports Arena,Court 1,Booked,300,16 Sep 20:31
2026-09-16,Wed,9:00 am to 9:30 am,Pitch Please X TSG Sports Arena,Court 1,Not Booked,300,16 Sep 09:06
2026-09-16,Wed,9:00 pm to 9:30 pm,Pitch Please X TSG Sports Arena,Court 1,Not Booked,300,16 Sep 21:04
2026-09-16,Wed,9:30 am to 10:00 am,Pitch Please X TSG Sports Arena,Court 1,Not Booked,300,16 Sep 09:33
2026-09-16,Wed,9:30 pm to 10:00 pm,Pitch Please X TSG Sports Arena,Court 1,Not Booked,300,16 Sep 21:32
2026-09-16,Wed,10:00 am to 10:30 am,Pitch Please X TSG Sports Arena,Court 2,Not Booked,300,16 Sep 10:03
2026-09-16,Wed,10:00 pm to 10:30 pm,Pitch Please X TSG Sports Arena,Court 2,Not Booked,300,16 Sep 22:05
2026-09-16,Wed,10:30 am to 11:00 am,Pitch Please X TSG Sports Arena,Court 2,Not Booked,300,16 Sep 10:30
2026-09-16,Wed,10:30 pm to 11:00 pm,Pitch Please X TSG Sports Arena,Court 2,Not Booked,300,16 Sep 22:31
2026-09-16,Wed,11:00 am to 11:30 am,Pitch Please X TSG Sports Arena,Court 2,Not Booked,300,16 Sep 11:03
2026-09-16,Wed,11:00 pm to 11:30 pm,Pitch Please X TSG Sports Arena,Court 2,Not Booked,300,16 Sep 23:02
2026-09-16,Wed,11:30 am to 12:00 pm,Pitch Please X TSG Sports Arena,Court 2,Not Booked,300,16 Sep 11:31
2026-09-16,Wed,11:30 pm to 12:00 am,Pitch Please X TSG Sports Arena,Court 2,Not Booked,300,16 Sep 23:30
2026-09-16,Wed,12:00 pm to 12:30 pm,Pitch Please X TSG Sports Arena,Court 2,Not Booked,300,16 Sep 12:11
2026-09-16,Wed,12:30 am to 1:00 am,Pitch Please X TSG Sports Arena,Court 2,Not Booked,300,16 Sep 00:33
2026-09-16,Wed,12:30 pm to 1:00 pm,Pitch Please X TSG Sports Arena,Court 2,Not Booked,300,16 Sep 12:37
2026-09-16,Wed,1:00 am to 1:30 am,Pitch Please X TSG Sports Arena,Court 2,Not Booked,300,16 Sep 01:03
2026-09-16,Wed,1:00 pm to 1:30 pm,Pitch Please X TSG Sports Arena,Court 2,Not Booked,300,16 Sep 13:06
2026-09-16,Wed,1:30 am to 2:00 am,Pitch Please X TSG Sports Arena,Court 2,Not Booked,300,16 Sep 01:30
2026-09-16,Wed,1:30 pm to 2:00 pm,Pitch Please X TSG Sports Arena,Court 2,Not Booked,300,16 Sep 13:33
2026-09-16,Wed,2:00 am to 2:30 am,Pitch Please X TSG Sports Arena,Court 2,Not Booked,300,16 Sep 02:05
2026-09-16,Wed,2:00 pm to 2:30 pm,Pitch Please X TSG Sports Arena,Court 2,Not Booked,300,16 Sep 14:07
2026-09-16,Wed,2:30 am to 3:00 am,Pitch Please X TSG Sports Arena,Court 2,Not Booked,300,16 Sep 02:32
2026-09-16,Wed,2:30 pm to 3:00 pm,Pitch Please X TSG Sports Arena,Court 2,Not Booked,300,16 Sep 14:36
2026-09-16,Wed,3:00 pm to 3:30 pm,Pitch Please X TSG Sports Arena,Court 2,Not Booked,300,16 Sep 15:06
2026-09-16,Wed,3:30 pm to 4:00 pm,Pitch Please X TSG Sports Arena,Court 2,Not Booked,300,16 Sep 15:06
2026-09-16,Wed,4:00 pm to 4:30 pm,Pitch Please X TSG Sports Arena,Court 2,Not Booked,300,16 Sep 16:07
2026-09-16,Wed,4:30 pm to 5:00 pm,Pitch Please X TSG Sports Arena,Court 2,Not Booked,300,16 Sep 16:31
2026-09-16,Wed,5:00 am to 5:30 am,Pitch Please X TSG Sports Arena,Court 2,Not Booked,300,16 Sep 05:02
2026-09-16,Wed,5:00 pm to 5:30 pm,Pitch Please X TSG Sports Arena,Court 2,Not Booked,300,16 Sep 16:31
2026-09-16,Wed,5:30 am to 6:00 am,Pitch Please X TSG Sports Arena,Court 2,Not Booked,300,16 Sep 05:31
2026-09-16,Wed,5:30 pm to 6:00 pm,Pitch Please X TSG Sports Arena,Court 2,Not Booked,300,16 Sep 17:32
2026-09-16,Wed,6:00 am to 6:30 am,Pitch Please X TSG Sports Arena,Court 2,Not Booked,300,16 Sep 06:11
2026-09-16,Wed,6:00 pm to 6:30 pm,Pitch Please X TSG Sports Arena,Court 2,Not Booked,300,16 Sep 18:10
2026-09-16,Wed,6:30 am to 7:00 am,Pitch Please X TSG Sports Arena,Court 2,Not Booked,300,16 Sep 06:37
2026-09-16,Wed,6:30 pm to 7:00 pm,Pitch Please X TSG Sports Arena,Court 2,Not Booked,300,16 Sep 18:37
2026-09-16,Wed,7:00 am to 7:30 am,Pitch Please X TSG Sports Arena,Court 2,Not Booked,300,16 Sep 07:06
2026-09-16,Wed,7:00 pm to 7:30 pm,Pitch Please X TSG Sports Arena,Court 2,Not Booked,300,16 Sep 19:06
2026-09-16,Wed,7:30 am to 8:00 am,Pitch Please X TSG Sports Arena,Court 2,Not Booked,300,16 Sep 07:30
2026-09-16,Wed,7:30 pm to 8:00 pm,Pitch Please X TSG Sports Arena,Court 2,Not Booked,300,16 Sep 19:34
2026-09-16,Wed,8:00 am to 8:30 am,Pitch Please X TSG Sports Arena,Court 2,Not Booked,300,16 Sep 08:04
2026-09-16,Wed,8:00 pm to 8:30 pm,Pitch Please X TSG Sports Arena,Court 2,Not Booked,300,16 Sep 20:07
2026-09-16,Wed,8:30 am to 9:00 am,Pitch Please X TSG Sports Arena,Court 2,Not Booked,300,16 Sep 08:32
2026-09-16,Wed,8:30 pm to 9:00 pm,Pitch Please X TSG Sports Arena,Court 2,Not Booked,300,16 Sep 20:07
2026-09-16,Wed,9:00 am to 9:30 am,Pitch Please X TSG Sports Arena,Court 2,Not Booked,300,16 Sep 09:06
2026-09-16,Wed,9:00 pm to 9:30 pm,Pitch Please X TSG Sports Arena,Court 2,Not Booked,300,16 Sep 21:04
2026-09-16,Wed,9:30 am to 10:00 am,Pitch Please X TSG Sports Arena,Court 2,Not Booked,300,16 Sep 09:33
2026-09-16,Wed,9:30 pm to 10:00 pm,Pitch Please X TSG Sports Arena,Court 2,Not Booked,300,16 Sep 21:32
2026-09-16,Wed,10:00 pm to 10:30 pm,PlayAll BSIC Noida 46,Court 1,Not Booked,300,16 Sep 22:05
2026-09-16,Wed,10:30 pm to 11:00 pm,PlayAll BSIC Noida 46,Court 1,Not Booked,300,16 Sep 22:31
2026-09-16,Wed,3:00 pm to 3:30 pm,PlayAll BSIC Noida 46,Court 1,Not Booked,150,16 Sep 15:06
2026-09-16,Wed,3:30 pm to 4:00 pm,PlayAll BSIC Noida 46,Court 1,Not Booked,150,16 Sep 15:32
2026-09-16,Wed,4:00 pm to 4:30 pm,PlayAll BSIC Noida 46,Court 1,Not Booked,150,16 Sep 16:07
2026-09-16,Wed,4:30 pm to 5:00 pm,PlayAll BSIC Noida 46,Court 1,Not Booked,150,16 Sep 16:31
2026-09-16,Wed,5:00 pm to 5:30 pm,PlayAll BSIC Noida 46,Court 1,Not Booked,150,16 Sep 17:05
2026-09-16,Wed,5:30 pm to 6:00 pm,PlayAll BSIC Noida 46,Court 1,Not Booked,150,16 Sep 17:32
2026-09-16,Wed,6:00 pm to 6:30 pm,PlayAll BSIC Noida 46,Court 1,Not Booked,200,16 Sep 18:10
2026-09-16,Wed,6:30 pm to 7:00 pm,PlayAll BSIC Noida 46,Court 1,Not Booked,200,16 Sep 18:10
2026-09-16,Wed,7:00 pm to 7:30 pm,PlayAll BSIC Noida 46,Court 1,Not Booked,300,16 Sep 18:10
2026-09-16,Wed,7:30 pm to 8:00 pm,PlayAll BSIC Noida 46,Court 1,Not Booked,300,16 Sep 19:34
2026-09-16,Wed,8:00 pm to 8:30 pm,PlayAll BSIC Noida 46,Court 1,Not Booked,300,16 Sep 20:07
2026-09-16,Wed,8:30 pm to 9:00 pm,PlayAll BSIC Noida 46,Court 1,Not Booked,300,16 Sep 20:31
2026-09-16,Wed,9:00 pm to 9:30 pm,PlayAll BSIC Noida 46,Court 1,Not Booked,300,16 Sep 21:04
2026-09-16,Wed,9:30 pm to 10:00 pm,PlayAll BSIC Noida 46,Court 1,Not Booked,300,16 Sep 21:32
2026-09-16,Wed,10:00 pm to 10:30 pm,PlayAll BSIC Noida 46,Court 2,Not Booked,300,16 Sep 22:05
2026-09-16,Wed,10:30 pm to 11:00 pm,PlayAll BSIC Noida 46,Court 2,Not Booked,300,16 Sep 22:31
2026-09-16,Wed,3:00 pm to 3:30 pm,PlayAll BSIC Noida 46,Court 2,Not Booked,150,16 Sep 15:06
2026-09-16,Wed,3:30 pm to 4:00 pm,PlayAll BSIC Noida 46,Court 2,Not Booked,150,16 Sep 15:06
2026-09-16,Wed,4:00 pm to 4:30 pm,PlayAll BSIC Noida 46,Court 2,Not Booked,150,16 Sep 16:07
2026-09-16,Wed,4:30 pm to 5:00 pm,PlayAll BSIC Noida 46,Court 2,Not Booked,150,16 Sep 16:31
2026-09-16,Wed,5:00 pm to 5:30 pm,PlayAll BSIC Noida 46,Court 2,Not Booked,150,16 Sep 17:05
2026-09-16,Wed,5:30 pm to 6:00 pm,PlayAll BSIC Noida 46,Court 2,Not Booked,150,16 Sep 17:32
2026-09-16,Wed,6:00 pm to 6:30 pm,PlayAll BSIC Noida 46,Court 2,Not Booked,200,16 Sep 17:32
2026-09-16,Wed,6:30 pm to 7:00 pm,PlayAll BSIC Noida 46,Court 2,Not Booked,200,16 Sep 17:32
2026-09-16,Wed,7:00 pm to 7:30 pm,PlayAll BSIC Noida 46,Court 2,Not Booked,300,16 Sep 19:06
2026-09-16,Wed,7:30 pm to 8:00 pm,PlayAll BSIC Noida 46,Court 2,Not Booked,300,16 Sep 19:34
2026-09-16,Wed,8:00 pm to 8:30 pm,PlayAll BSIC Noida 46,Court 2,Not Booked,300,16 Sep 20:07
2026-09-16,Wed,8:30 pm to 9:00 pm,PlayAll BSIC Noida 46,Court 2,Not Booked,300,16 Sep 20:31
2026-09-16,Wed,9:00 pm to 9:30 pm,PlayAll BSIC Noida 46,Court 2,Not Booked,300,16 Sep 21:04
2026-09-16,Wed,9:30 pm to 10:00 pm,PlayAll BSIC Noida 46,Court 2,Not Booked,300,16 Sep 21:32
2026-09-16,Wed,10:00 pm to 10:30 pm,PlayAll BSIC Noida 46,Court 3,Not Booked,300,16 Sep 22:05
2026-09-16,Wed,10:30 pm to 11:00 pm,PlayAll BSIC Noida 46,Court 3,Not Booked,300,16 Sep 22:31
2026-09-16,Wed,3:00 pm to 3:30 pm,PlayAll BSIC Noida 46,Court 3,Not Booked,150,16 Sep 15:06
2026-09-16,Wed,3:30 pm to 4:00 pm,PlayAll BSIC Noida 46,Court 3,Not Booked,150,16 Sep 15:32
2026-09-16,Wed,4:00 pm to 4:30 pm,PlayAll BSIC Noida 46,Court 3,Not Booked,150,16 Sep 16:07
2026-09-16,Wed,4:30 pm to 5:00 pm,PlayAll BSIC Noida 46,Court 3,Not Booked,150,16 Sep 16:31
2026-09-16,Wed,5:00 pm to 5:30 pm,PlayAll BSIC Noida 46,Court 3,Not Booked,150,16 Sep 17:05
2026-09-16,Wed,5:30 pm to 6:00 pm,PlayAll BSIC Noida 46,Court 3,Not Booked,150,16 Sep 17:32
2026-09-16,Wed,6:00 pm to 6:30 pm,PlayAll BSIC Noida 46,Court 3,Not Booked,200,16 Sep 18:10
2026-09-16,Wed,6:30 pm to 7:00 pm,PlayAll BSIC Noida 46,Court 3,Not Booked,200,16 Sep 18:37
2026-09-16,Wed,7:00 pm to 7:30 pm,PlayAll BSIC Noida 46,Court 3,Not Booked,300,16 Sep 19:06
2026-09-16,Wed,7:30 pm to 8:00 pm,PlayAll BSIC Noida 46,Court 3,Not Booked,300,16 Sep 19:34
2026-09-16,Wed,8:00 pm to 8:30 pm,PlayAll BSIC Noida 46,Court 3,Not Booked,300,16 Sep 20:07
2026-09-16,Wed,8:30 pm to 9:00 pm,PlayAll BSIC Noida 46,Court 3,Not Booked,300,16 Sep 20:07
2026-09-16,Wed,9:00 pm to 9:30 pm,PlayAll BSIC Noida 46,Court 3,Not Booked,300,16 Sep 21:04
2026-09-16,Wed,9:30 pm to 10:00 pm,PlayAll BSIC Noida 46,Court 3,Not Booked,300,16 Sep 21:32
2026-09-16,Wed,10:00 pm to 11:00 pm,PlayAll MPS Noida 11,Court 1,Not Booked,200,16 Sep 20:31
2026-09-16,Wed,10:30 pm to 11:30 pm,PlayAll MPS Noida 11,Court 1,Not Booked,200,16 Sep 23:02
2026-09-16,Wed,11:00 pm to 12:00 am,PlayAll MPS Noida 11,Court 1,Not Booked,175,16 Sep 23:02
2026-09-16,Wed,11:30 pm to 12:30 am,PlayAll MPS Noida 11,Court 1,Not Booked,175,17 Sep 00:11
2026-09-16,Wed,3:00 pm to 4:00 pm,PlayAll MPS Noida 11,Court 1,Not Booked,150,16 Sep 15:06
2026-09-16,Wed,3:30 pm to 4:30 pm,PlayAll MPS Noida 11,Court 1,Not Booked,150,16 Sep 16:07
2026-09-16,Wed,4:00 pm to 5:00 pm,PlayAll MPS Noida 11,Court 1,Not Booked,150,16 Sep 16:31
2026-09-16,Wed,4:30 pm to 5:30 pm,PlayAll MPS Noida 11,Court 1,Not Booked,150,16 Sep 16:31
2026-09-16,Wed,5:00 pm to 6:00 pm,PlayAll MPS Noida 11,Court 1,Not Booked,150,16 Sep 17:32
2026-09-16,Wed,5:30 pm to 6:30 pm,PlayAll MPS Noida 11,Court 1,Not Booked,150,16 Sep 17:32
2026-09-16,Wed,6:00 pm to 7:00 pm,PlayAll MPS Noida 11,Court 1,Not Booked,200,16 Sep 18:10
2026-09-16,Wed,6:30 pm to 7:30 pm,PlayAll MPS Noida 11,Court 1,Not Booked,200,16 Sep 19:06
2026-09-16,Wed,7:00 pm to 8:00 pm,PlayAll MPS Noida 11,Court 1,Not Booked,200,16 Sep 19:34
2026-09-16,Wed,7:30 pm to 8:30 pm,PlayAll MPS Noida 11,Court 1,Not Booked,200,16 Sep 14:07
2026-09-16,Wed,8:00 pm to 9:00 pm,PlayAll MPS Noida 11,Court 1,Not Booked,200,16 Sep 14:07
2026-09-16,Wed,8:30 pm to 9:30 pm,PlayAll MPS Noida 11,Court 1,Not Booked,200,16 Sep 14:07
2026-09-16,Wed,9:00 pm to 10:00 pm,PlayAll MPS Noida 11,Court 1,Not Booked,200,16 Sep 14:07
2026-09-16,Wed,9:30 pm to 10:30 pm,PlayAll MPS Noida 11,Court 1,Not Booked,200,16 Sep 20:31
2026-09-16,Wed,10:00 pm to 11:00 pm,PlayAll MPS Noida 11,Court 2,Not Booked,200,16 Sep 21:32
2026-09-16,Wed,10:30 pm to 11:30 pm,PlayAll MPS Noida 11,Court 2,Not Booked,200,16 Sep 23:02
2026-09-16,Wed,11:00 pm to 12:00 am,PlayAll MPS Noida 11,Court 2,Not Booked,175,16 Sep 23:30
2026-09-16,Wed,11:30 pm to 12:30 am,PlayAll MPS Noida 11,Court 2,Not Booked,175,17 Sep 00:11
2026-09-16,Wed,3:00 pm to 4:00 pm,PlayAll MPS Noida 11,Court 2,Not Booked,150,16 Sep 15:32
2026-09-16,Wed,3:30 pm to 4:30 pm,PlayAll MPS Noida 11,Court 2,Not Booked,150,16 Sep 16:07
2026-09-16,Wed,4:00 pm to 5:00 pm,PlayAll MPS Noida 11,Court 2,Not Booked,150,16 Sep 16:07
2026-09-16,Wed,4:30 pm to 5:30 pm,PlayAll MPS Noida 11,Court 2,Not Booked,150,16 Sep 17:05
2026-09-16,Wed,5:00 pm to 6:00 pm,PlayAll MPS Noida 11,Court 2,Not Booked,150,16 Sep 17:05
2026-09-16,Wed,5:30 pm to 6:30 pm,PlayAll MPS Noida 11,Court 2,Not Booked,150,16 Sep 17:05
2026-09-16,Wed,6:00 pm to 7:00 pm,PlayAll MPS Noida 11,Court 2,Not Booked,200,16 Sep 18:37
2026-09-16,Wed,6:30 pm to 7:30 pm,PlayAll MPS Noida 11,Court 2,Not Booked,200,16 Sep 19:06
2026-09-16,Wed,7:00 pm to 8:00 pm,PlayAll MPS Noida 11,Court 2,Not Booked,200,16 Sep 19:34
2026-09-16,Wed,7:30 pm to 8:30 pm,PlayAll MPS Noida 11,Court 2,Not Booked,200,16 Sep 20:07
2026-09-16,Wed,8:00 pm to 9:00 pm,PlayAll MPS Noida 11,Court 2,Not Booked,200,16 Sep 20:07
2026-09-16,Wed,8:30 pm to 9:30 pm,PlayAll MPS Noida 11,Court 2,Not Booked,200,16 Sep 20:07
2026-09-16,Wed,9:00 pm to 10:00 pm,PlayAll MPS Noida 11,Court 2,Not Booked,200,16 Sep 21:32
2026-09-16,Wed,9:30 pm to 10:30 pm,PlayAll MPS Noida 11,Court 2,Not Booked,200,16 Sep 21:32
2026-09-16,Wed,10:00 pm to 11:00 pm,PlayAll MPS Noida 11,Court 3,Not Booked,200,16 Sep 22:31
2026-09-16,Wed,10:30 pm to 11:30 pm,PlayAll MPS Noida 11,Court 3,Not Booked,200,16 Sep 23:02
2026-09-16,Wed,11:00 pm to 12:00 am,PlayAll MPS Noida 11,Court 3,Not Booked,175,16 Sep 23:30
2026-09-16,Wed,11:30 pm to 12:30 am,PlayAll MPS Noida 11,Court 3,Not Booked,175,17 Sep 00:11
2026-09-16,Wed,3:00 pm to 4:00 pm,PlayAll MPS Noida 11,Court 3,Not Booked,150,16 Sep 15:32
2026-09-16,Wed,3:30 pm to 4:30 pm,PlayAll MPS Noida 11,Court 3,Not Booked,150,16 Sep 16:07
2026-09-16,Wed,4:00 pm to 5:00 pm,PlayAll MPS Noida 11,Court 3,Not Booked,150,16 Sep 16:31
2026-09-16,Wed,4:30 pm to 5:30 pm,PlayAll MPS Noida 11,Court 3,Not Booked,150,16 Sep 17:05
2026-09-16,Wed,5:00 pm to 6:00 pm,PlayAll MPS Noida 11,Court 3,Not Booked,150,16 Sep 17:32
2026-09-16,Wed,5:30 pm to 6:30 pm,PlayAll MPS Noida 11,Court 3,Not Booked,150,16 Sep 17:32
2026-09-16,Wed,6:00 pm to 7:00 pm,PlayAll MPS Noida 11,Court 3,Not Booked,200,16 Sep 18:37
2026-09-16,Wed,6:30 pm to 7:30 pm,PlayAll MPS Noida 11,Court 3,Not Booked,200,16 Sep 19:06
2026-09-16,Wed,7:00 pm to 8:00 pm,PlayAll MPS Noida 11,Court 3,Not Booked,200,16 Sep 19:34
2026-09-16,Wed,7:30 pm to 8:30 pm,PlayAll MPS Noida 11,Court 3,Not Booked,200,16 Sep 20:07
2026-09-16,Wed,8:00 pm to 9:00 pm,PlayAll MPS Noida 11,Court 3,Not Booked,200,16 Sep 20:31
2026-09-16,Wed,8:30 pm to 9:30 pm,PlayAll MPS Noida 11,Court 3,Not Booked,200,16 Sep 20:31
2026-09-16,Wed,9:00 pm to 10:00 pm,PlayAll MPS Noida 11,Court 3,Not Booked,200,16 Sep 21:32
2026-09-16,Wed,9:30 pm to 10:30 pm,PlayAll MPS Noida 11,Court 3,Not Booked,200,16 Sep 22:05
2026-09-16,Wed,10:00 pm to 11:00 pm,PlayAll Noida 105,Court 1,Not Booked,300,16 Sep 20:31
2026-09-16,Wed,10:30 pm to 11:30 pm,PlayAll Noida 105,Court 1,Not Booked,300,16 Sep 20:31
2026-09-16,Wed,11:00 pm to 12:00 am,PlayAll Noida 105,Court 1,Not Booked,300,16 Sep 20:31
2026-09-16,Wed,11:30 pm to 12:30 am,PlayAll Noida 105,Court 1,Not Booked,300,17 Sep 00:11
2026-09-16,Wed,2:30 pm to 3:30 pm,PlayAll Noida 105,Court 1,Not Booked,150,16 Sep 14:36
2026-09-16,Wed,3:00 pm to 4:00 pm,PlayAll Noida 105,Court 1,Not Booked,150,16 Sep 15:32
2026-09-16,Wed,3:30 pm to 4:30 pm,PlayAll Noida 105,Court 1,Not Booked,150,16 Sep 15:32
2026-09-16,Wed,4:00 pm to 5:00 pm,PlayAll Noida 105,Court 1,Not Booked,150,16 Sep 15:32
2026-09-16,Wed,4:30 pm to 5:30 pm,PlayAll Noida 105,Court 1,Not Booked,150,16 Sep 15:32
2026-09-16,Wed,5:00 pm to 6:00 pm,PlayAll Noida 105,Court 1,Not Booked,150,16 Sep 17:32
2026-09-16,Wed,5:30 pm to 6:30 pm,PlayAll Noida 105,Court 1,Not Booked,150,16 Sep 17:32
2026-09-16,Wed,6:00 pm to 7:00 pm,PlayAll Noida 105,Court 1,Not Booked,200,16 Sep 17:32
2026-09-16,Wed,6:30 pm to 7:30 pm,PlayAll Noida 105,Court 1,Not Booked,200,16 Sep 17:32
2026-09-16,Wed,7:00 pm to 8:00 pm,PlayAll Noida 105,Court 1,Not Booked,300,16 Sep 17:32
2026-09-16,Wed,7:30 pm to 8:30 pm,PlayAll Noida 105,Court 1,Not Booked,300,16 Sep 17:32
2026-09-16,Wed,8:00 pm to 9:00 pm,PlayAll Noida 105,Court 1,Not Booked,300,16 Sep 15:32
2026-09-16,Wed,8:30 pm to 9:30 pm,PlayAll Noida 105,Court 1,Not Booked,300,16 Sep 15:32
2026-09-16,Wed,9:00 pm to 10:00 pm,PlayAll Noida 105,Court 1,Not Booked,300,16 Sep 15:32
2026-09-16,Wed,9:30 pm to 10:30 pm,PlayAll Noida 105,Court 1,Not Booked,300,16 Sep 15:32
2026-09-16,Wed,10:00 pm to 11:00 pm,PlayAll Noida 105,Court 2,Not Booked,300,16 Sep 22:31
2026-09-16,Wed,10:30 pm to 11:30 pm,PlayAll Noida 105,Court 2,Not Booked,300,16 Sep 23:02
2026-09-16,Wed,11:00 pm to 12:00 am,PlayAll Noida 105,Court 2,Not Booked,300,16 Sep 23:30
2026-09-16,Wed,11:30 pm to 12:30 am,PlayAll Noida 105,Court 2,Not Booked,300,17 Sep 00:11
2026-09-16,Wed,2:30 pm to 3:30 pm,PlayAll Noida 105,Court 2,Not Booked,150,16 Sep 15:06
2026-09-16,Wed,3:00 pm to 4:00 pm,PlayAll Noida 105,Court 2,Not Booked,150,16 Sep 15:32
2026-09-16,Wed,3:30 pm to 4:30 pm,PlayAll Noida 105,Court 2,Not Booked,150,16 Sep 16:07
2026-09-16,Wed,4:00 pm to 5:00 pm,PlayAll Noida 105,Court 2,Not Booked,150,16 Sep 16:31
2026-09-16,Wed,4:30 pm to 5:30 pm,PlayAll Noida 105,Court 2,Not Booked,150,16 Sep 17:05
2026-09-16,Wed,5:00 pm to 6:00 pm,PlayAll Noida 105,Court 2,Not Booked,150,16 Sep 17:32
2026-09-16,Wed,5:30 pm to 6:30 pm,PlayAll Noida 105,Court 2,Not Booked,150,16 Sep 18:10
2026-09-16,Wed,6:00 pm to 7:00 pm,PlayAll Noida 105,Court 2,Not Booked,200,16 Sep 18:37
2026-09-16,Wed,6:30 pm to 7:30 pm,PlayAll Noida 105,Court 2,Not Booked,200,16 Sep 19:06
2026-09-16,Wed,7:00 pm to 8:00 pm,PlayAll Noida 105,Court 2,Not Booked,300,16 Sep 18:10
2026-09-16,Wed,7:30 pm to 8:30 pm,PlayAll Noida 105,Court 2,Not Booked,300,16 Sep 18:10
2026-09-16,Wed,8:00 pm to 9:00 pm,PlayAll Noida 105,Court 2,Not Booked,300,16 Sep 19:34
2026-09-16,Wed,8:30 pm to 9:30 pm,PlayAll Noida 105,Court 2,Not Booked,300,16 Sep 19:34
2026-09-16,Wed,9:00 pm to 10:00 pm,PlayAll Noida 105,Court 2,Not Booked,300,16 Sep 21:32
2026-09-16,Wed,9:30 pm to 10:30 pm,PlayAll Noida 105,Court 2,Not Booked,300,16 Sep 22:05
2026-09-16,Wed,10:00 pm to 11:00 pm,PlayAll Noida 105,Court 3,Not Booked,300,16 Sep 22:31
2026-09-16,Wed,10:30 pm to 11:30 pm,PlayAll Noida 105,Court 3,Not Booked,300,16 Sep 23:02
2026-09-16,Wed,11:00 pm to 12:00 am,PlayAll Noida 105,Court 3,Not Booked,300,16 Sep 23:30
2026-09-16,Wed,11:30 pm to 12:30 am,PlayAll Noida 105,Court 3,Not Booked,300,17 Sep 00:11
2026-09-16,Wed,2:30 pm to 3:30 pm,PlayAll Noida 105,Court 3,Not Booked,150,16 Sep 14:36
2026-09-16,Wed,3:00 pm to 4:00 pm,PlayAll Noida 105,Court 3,Not Booked,150,16 Sep 14:36
2026-09-16,Wed,3:30 pm to 4:30 pm,PlayAll Noida 105,Court 3,Not Booked,150,16 Sep 16:07
2026-09-16,Wed,4:00 pm to 5:00 pm,PlayAll Noida 105,Court 3,Not Booked,150,16 Sep 16:31
2026-09-16,Wed,4:30 pm to 5:30 pm,PlayAll Noida 105,Court 3,Not Booked,150,16 Sep 17:05
2026-09-16,Wed,5:00 pm to 6:00 pm,PlayAll Noida 105,Court 3,Not Booked,150,16 Sep 17:32
2026-09-16,Wed,5:30 pm to 6:30 pm,PlayAll Noida 105,Court 3,Not Booked,150,16 Sep 17:32
2026-09-16,Wed,6:00 pm to 7:00 pm,PlayAll Noida 105,Court 3,Not Booked,200,16 Sep 18:37
2026-09-16,Wed,6:30 pm to 7:30 pm,PlayAll Noida 105,Court 3,Not Booked,200,16 Sep 19:06
2026-09-16,Wed,7:00 pm to 8:00 pm,PlayAll Noida 105,Court 3,Not Booked,300,16 Sep 17:05
2026-09-16,Wed,7:30 pm to 8:30 pm,PlayAll Noida 105,Court 3,Not Booked,300,16 Sep 17:05
2026-09-16,Wed,8:00 pm to 9:00 pm,PlayAll Noida 105,Court 3,Not Booked,300,16 Sep 17:05
2026-09-16,Wed,8:30 pm to 9:30 pm,PlayAll Noida 105,Court 3,Not Booked,300,16 Sep 17:05
2026-09-16,Wed,9:00 pm to 10:00 pm,PlayAll Noida 105,Court 3,Not Booked,300,16 Sep 17:05
2026-09-16,Wed,9:30 pm to 10:30 pm,PlayAll Noida 105,Court 3,Not Booked,300,16 Sep 21:32
2026-09-16,Wed,10:00 am to 11:00 am,PlayAll Noida 73,Court 1,Not Booked,150,16 Sep 10:30
2026-09-16,Wed,10:00 pm to 11:00 pm,PlayAll Noida 73,Court 1,Not Booked,250,16 Sep 21:04
2026-09-16,Wed,10:30 am to 11:30 am,PlayAll Noida 73,Court 1,Not Booked,150,16 Sep 11:03
2026-09-16,Wed,10:30 pm to 11:30 pm,PlayAll Noida 73,Court 1,Not Booked,250,16 Sep 23:02
2026-09-16,Wed,11:00 am to 12:00 pm,PlayAll Noida 73,Court 1,Not Booked,150,16 Sep 11:31
2026-09-16,Wed,11:00 pm to 12:00 am,PlayAll Noida 73,Court 1,Not Booked,200,16 Sep 23:30
2026-09-16,Wed,11:30 am to 12:30 pm,PlayAll Noida 73,Court 1,Not Booked,150,16 Sep 11:31
2026-09-16,Wed,11:30 pm to 12:30 am,PlayAll Noida 73,Court 1,Not Booked,200,17 Sep 00:11
2026-09-16,Wed,12:00 pm to 1:00 pm,PlayAll Noida 73,Court 1,Not Booked,150,16 Sep 12:11
2026-09-16,Wed,12:30 pm to 1:30 pm,PlayAll Noida 73,Court 1,Not Booked,150,16 Sep 13:06
2026-09-16,Wed,1:00 pm to 2:00 pm,PlayAll Noida 73,Court 1,Not Booked,150,16 Sep 13:06
2026-09-16,Wed,1:30 pm to 2:30 pm,PlayAll Noida 73,Court 1,Not Booked,150,16 Sep 14:07
2026-09-16,Wed,2:00 pm to 3:00 pm,PlayAll Noida 73,Court 1,Not Booked,150,16 Sep 14:36
2026-09-16,Wed,2:30 pm to 3:30 pm,PlayAll Noida 73,Court 1,Not Booked,150,16 Sep 15:06
2026-09-16,Wed,3:00 pm to 4:00 pm,PlayAll Noida 73,Court 1,Not Booked,150,16 Sep 15:32
2026-09-16,Wed,3:30 pm to 4:30 pm,PlayAll Noida 73,Court 1,Not Booked,150,16 Sep 16:07
2026-09-16,Wed,4:00 pm to 5:00 pm,PlayAll Noida 73,Court 1,Not Booked,150,16 Sep 16:31
2026-09-16,Wed,4:30 pm to 5:30 pm,PlayAll Noida 73,Court 1,Not Booked,150,16 Sep 16:31
2026-09-16,Wed,5:00 am to 6:00 am,PlayAll Noida 73,Court 1,Not Booked,100,16 Sep 04:29
2026-09-16,Wed,5:00 pm to 6:00 pm,PlayAll Noida 73,Court 1,Not Booked,150,16 Sep 16:31
2026-09-16,Wed,5:30 am to 6:30 am,PlayAll Noida 73,Court 1,Not Booked,100,16 Sep 04:29
2026-09-16,Wed,5:30 pm to 6:30 pm,PlayAll Noida 73,Court 1,Not Booked,150,16 Sep 16:31
2026-09-16,Wed,6:00 am to 7:00 am,PlayAll Noida 73,Court 1,Not Booked,150,16 Sep 06:37
2026-09-16,Wed,6:00 pm to 7:00 pm,PlayAll Noida 73,Court 1,Not Booked,250,16 Sep 18:10
2026-09-16,Wed,6:30 am to 7:30 am,PlayAll Noida 73,Court 1,Not Booked,150,16 Sep 07:06
2026-09-16,Wed,6:30 pm to 7:30 pm,PlayAll Noida 73,Court 1,Not Booked,250,16 Sep 19:06
2026-09-16,Wed,7:00 am to 8:00 am,PlayAll Noida 73,Court 1,Not Booked,150,16 Sep 07:30
2026-09-16,Wed,7:00 pm to 8:00 pm,PlayAll Noida 73,Court 1,Not Booked,250,16 Sep 19:06
2026-09-16,Wed,7:30 am to 8:30 am,PlayAll Noida 73,Court 1,Not Booked,150,16 Sep 07:30
2026-09-16,Wed,7:30 pm to 8:30 pm,PlayAll Noida 73,Court 1,Not Booked,250,16 Sep 20:07
2026-09-16,Wed,8:00 am to 9:00 am,PlayAll Noida 73,Court 1,Not Booked,150,16 Sep 07:30
2026-09-16,Wed,8:00 pm to 9:00 pm,PlayAll Noida 73,Court 1,Not Booked,250,16 Sep 20:31
2026-09-16,Wed,8:30 am to 9:30 am,PlayAll Noida 73,Court 1,Not Booked,150,16 Sep 09:06
2026-09-16,Wed,8:30 pm to 9:30 pm,PlayAll Noida 73,Court 1,Not Booked,250,16 Sep 21:04
2026-09-16,Wed,9:00 am to 10:00 am,PlayAll Noida 73,Court 1,Not Booked,150,16 Sep 09:33
2026-09-16,Wed,9:00 pm to 10:00 pm,PlayAll Noida 73,Court 1,Not Booked,250,16 Sep 21:32
2026-09-16,Wed,9:30 am to 10:30 am,PlayAll Noida 73,Court 1,Not Booked,150,16 Sep 10:03
2026-09-16,Wed,9:30 pm to 10:30 pm,PlayAll Noida 73,Court 1,Not Booked,250,16 Sep 21:04
2026-09-16,Wed,10:00 am to 11:00 am,PlayAll Noida 73,Court 2,Not Booked,150,16 Sep 09:33
2026-09-16,Wed,10:00 pm to 11:00 pm,PlayAll Noida 73,Court 2,Not Booked,250,16 Sep 22:31
2026-09-16,Wed,10:30 am to 11:30 am,PlayAll Noida 73,Court 2,Not Booked,150,16 Sep 11:03
2026-09-16,Wed,10:30 pm to 11:30 pm,PlayAll Noida 73,Court 2,Not Booked,250,16 Sep 23:02
2026-09-16,Wed,11:00 am to 12:00 pm,PlayAll Noida 73,Court 2,Not Booked,150,16 Sep 11:31
2026-09-16,Wed,11:00 pm to 12:00 am,PlayAll Noida 73,Court 2,Not Booked,200,16 Sep 23:30
2026-09-16,Wed,11:30 am to 12:30 pm,PlayAll Noida 73,Court 2,Not Booked,150,16 Sep 11:31
2026-09-16,Wed,11:30 pm to 12:30 am,PlayAll Noida 73,Court 2,Not Booked,200,16 Sep 23:30
2026-09-16,Wed,12:00 pm to 1:00 pm,PlayAll Noida 73,Court 2,Not Booked,150,16 Sep 12:11
2026-09-16,Wed,12:30 pm to 1:30 pm,PlayAll Noida 73,Court 2,Not Booked,150,16 Sep 12:11
2026-09-16,Wed,1:00 pm to 2:00 pm,PlayAll Noida 73,Court 2,Not Booked,150,16 Sep 13:33
2026-09-16,Wed,1:30 pm to 2:30 pm,PlayAll Noida 73,Court 2,Not Booked,150,16 Sep 14:07
2026-09-16,Wed,2:00 pm to 3:00 pm,PlayAll Noida 73,Court 2,Not Booked,150,16 Sep 14:36
2026-09-16,Wed,2:30 pm to 3:30 pm,PlayAll Noida 73,Court 2,Not Booked,150,16 Sep 15:06
2026-09-16,Wed,3:00 pm to 4:00 pm,PlayAll Noida 73,Court 2,Not Booked,150,16 Sep 15:32
2026-09-16,Wed,3:30 pm to 4:30 pm,PlayAll Noida 73,Court 2,Not Booked,150,16 Sep 16:07
2026-09-16,Wed,4:00 pm to 5:00 pm,PlayAll Noida 73,Court 2,Not Booked,150,16 Sep 16:07
2026-09-16,Wed,4:30 pm to 5:30 pm,PlayAll Noida 73,Court 2,Not Booked,150,16 Sep 17:05
2026-09-16,Wed,5:00 am to 6:00 am,PlayAll Noida 73,Court 2,Not Booked,100,16 Sep 05:31
2026-09-16,Wed,5:00 pm to 6:00 pm,PlayAll Noida 73,Court 2,Not Booked,150,16 Sep 17:32
2026-09-16,Wed,5:30 am to 6:30 am,PlayAll Noida 73,Court 2,Not Booked,100,16 Sep 05:31
2026-09-16,Wed,5:30 pm to 6:30 pm,PlayAll Noida 73,Court 2,Not Booked,150,16 Sep 17:32
2026-09-16,Wed,6:00 am to 7:00 am,PlayAll Noida 73,Court 2,Not Booked,150,16 Sep 06:11
2026-09-16,Wed,6:00 pm to 7:00 pm,PlayAll Noida 73,Court 2,Not Booked,250,16 Sep 18:10
2026-09-16,Wed,6:30 am to 7:30 am,PlayAll Noida 73,Court 2,Not Booked,150,16 Sep 06:11
2026-09-16,Wed,6:30 pm to 7:30 pm,PlayAll Noida 73,Court 2,Not Booked,250,16 Sep 18:37
2026-09-16,Wed,7:00 am to 8:00 am,PlayAll Noida 73,Court 2,Not Booked,150,16 Sep 07:30
2026-09-16,Wed,7:00 pm to 8:00 pm,PlayAll Noida 73,Court 2,Not Booked,250,16 Sep 19:34
2026-09-16,Wed,7:30 am to 8:30 am,PlayAll Noida 73,Court 2,Not Booked,150,16 Sep 08:04
2026-09-16,Wed,7:30 pm to 8:30 pm,PlayAll Noida 73,Court 2,Not Booked,250,16 Sep 19:34
2026-09-16,Wed,8:00 am to 9:00 am,PlayAll Noida 73,Court 2,Not Booked,150,16 Sep 08:32
2026-09-16,Wed,8:00 pm to 9:00 pm,PlayAll Noida 73,Court 2,Not Booked,250,16 Sep 20:31
2026-09-16,Wed,8:30 am to 9:30 am,PlayAll Noida 73,Court 2,Not Booked,150,16 Sep 09:06
2026-09-16,Wed,8:30 pm to 9:30 pm,PlayAll Noida 73,Court 2,Not Booked,250,16 Sep 20:31
2026-09-16,Wed,9:00 am to 10:00 am,PlayAll Noida 73,Court 2,Not Booked,150,16 Sep 09:33
2026-09-16,Wed,9:00 pm to 10:00 pm,PlayAll Noida 73,Court 2,Not Booked,250,16 Sep 21:32
2026-09-16,Wed,9:30 am to 10:30 am,PlayAll Noida 73,Court 2,Not Booked,150,16 Sep 09:33
2026-09-16,Wed,9:30 pm to 10:30 pm,PlayAll Noida 73,Court 2,Not Booked,250,16 Sep 21:32
2026-09-16,Wed,10:00 am to 11:00 am,PlayAll Noida 73,Court 3,Not Booked,150,16 Sep 10:30
2026-09-16,Wed,10:00 pm to 11:00 pm,PlayAll Noida 73,Court 3,Not Booked,250,16 Sep 22:05
2026-09-16,Wed,10:30 am to 11:30 am,PlayAll Noida 73,Court 3,Not Booked,150,16 Sep 11:03
2026-09-16,Wed,10:30 pm to 11:30 pm,PlayAll Noida 73,Court 3,Not Booked,250,16 Sep 23:02
2026-09-16,Wed,11:00 am to 12:00 pm,PlayAll Noida 73,Court 3,Not Booked,150,16 Sep 11:31
2026-09-16,Wed,11:00 pm to 12:00 am,PlayAll Noida 73,Court 3,Not Booked,200,16 Sep 23:30
2026-09-16,Wed,11:30 am to 12:30 pm,PlayAll Noida 73,Court 3,Not Booked,150,16 Sep 11:31
2026-09-16,Wed,11:30 pm to 12:30 am,PlayAll Noida 73,Court 3,Not Booked,200,16 Sep 23:30
2026-09-16,Wed,12:00 pm to 1:00 pm,PlayAll Noida 73,Court 3,Not Booked,150,16 Sep 12:11
2026-09-16,Wed,12:30 pm to 1:30 pm,PlayAll Noida 73,Court 3,Not Booked,150,16 Sep 12:37
2026-09-16,Wed,1:00 pm to 2:00 pm,PlayAll Noida 73,Court 3,Not Booked,150,16 Sep 13:33
2026-09-16,Wed,1:30 pm to 2:30 pm,PlayAll Noida 73,Court 3,Not Booked,150,16 Sep 13:33
2026-09-16,Wed,2:00 pm to 3:00 pm,PlayAll Noida 73,Court 3,Not Booked,150,16 Sep 14:36
2026-09-16,Wed,2:30 pm to 3:30 pm,PlayAll Noida 73,Court 3,Not Booked,150,16 Sep 14:36
2026-09-16,Wed,3:00 pm to 4:00 pm,PlayAll Noida 73,Court 3,Not Booked,150,16 Sep 14:36
2026-09-16,Wed,3:30 pm to 4:30 pm,PlayAll Noida 73,Court 3,Not Booked,150,16 Sep 14:36
2026-09-16,Wed,4:00 pm to 5:00 pm,PlayAll Noida 73,Court 3,Not Booked,150,16 Sep 16:31
2026-09-16,Wed,4:30 pm to 5:30 pm,PlayAll Noida 73,Court 3,Not Booked,150,16 Sep 17:05
2026-09-16,Wed,5:00 am to 6:00 am,PlayAll Noida 73,Court 3,Not Booked,100,16 Sep 05:31
2026-09-16,Wed,5:00 pm to 6:00 pm,PlayAll Noida 73,Court 3,Not Booked,150,16 Sep 17:05
2026-09-16,Wed,5:30 am to 6:30 am,PlayAll Noida 73,Court 3,Not Booked,100,16 Sep 05:31
2026-09-16,Wed,5:30 pm to 6:30 pm,PlayAll Noida 73,Court 3,Not Booked,150,16 Sep 17:05
2026-09-16,Wed,6:00 am to 7:00 am,PlayAll Noida 73,Court 3,Not Booked,150,16 Sep 05:31
2026-09-16,Wed,6:00 pm to 7:00 pm,PlayAll Noida 73,Court 3,Not Booked,250,16 Sep 18:10
2026-09-16,Wed,6:30 am to 7:30 am,PlayAll Noida 73,Court 3,Not Booked,150,16 Sep 06:37
2026-09-16,Wed,6:30 pm to 7:30 pm,PlayAll Noida 73,Court 3,Not Booked,250,16 Sep 18:10
2026-09-16,Wed,7:00 am to 8:00 am,PlayAll Noida 73,Court 3,Not Booked,150,16 Sep 07:30
2026-09-16,Wed,7:00 pm to 8:00 pm,PlayAll Noida 73,Court 3,Not Booked,250,16 Sep 19:06
2026-09-16,Wed,7:30 am to 8:30 am,PlayAll Noida 73,Court 3,Not Booked,150,16 Sep 07:30
2026-09-16,Wed,7:30 pm to 8:30 pm,PlayAll Noida 73,Court 3,Not Booked,250,16 Sep 19:06
2026-09-16,Wed,8:00 am to 9:00 am,PlayAll Noida 73,Court 3,Not Booked,150,16 Sep 07:30
2026-09-16,Wed,8:00 pm to 9:00 pm,PlayAll Noida 73,Court 3,Not Booked,250,16 Sep 20:07
2026-09-16,Wed,8:30 am to 9:30 am,PlayAll Noida 73,Court 3,Not Booked,150,16 Sep 09:06
2026-09-16,Wed,8:30 pm to 9:30 pm,PlayAll Noida 73,Court 3,Not Booked,250,16 Sep 20:07
2026-09-16,Wed,9:00 am to 10:00 am,PlayAll Noida 73,Court 3,Not Booked,150,16 Sep 09:33
2026-09-16,Wed,9:00 pm to 10:00 pm,PlayAll Noida 73,Court 3,Not Booked,250,16 Sep 20:07
2026-09-16,Wed,9:30 am to 10:30 am,PlayAll Noida 73,Court 3,Not Booked,150,16 Sep 10:03
2026-09-16,Wed,9:30 pm to 10:30 pm,PlayAll Noida 73,Court 3,Not Booked,250,16 Sep 22:05
2026-09-16,Wed,10:00 am to 10:30 am,PlayLife | Sector 163,Pickleball Court 1,Not Booked,200,16 Sep 10:03
2026-09-16,Wed,10:00 pm to 10:30 pm,PlayLife | Sector 163,Pickleball Court 1,Not Booked,200,16 Sep 22:05
2026-09-16,Wed,10:30 am to 11:00 am,PlayLife | Sector 163,Pickleball Court 1,Not Booked,200,16 Sep 10:30
2026-09-16,Wed,10:30 pm to 11:00 pm,PlayLife | Sector 163,Pickleball Court 1,Not Booked,200,16 Sep 22:31
2026-09-16,Wed,11:00 am to 11:30 am,PlayLife | Sector 163,Pickleball Court 1,Not Booked,200,16 Sep 11:03
2026-09-16,Wed,11:30 am to 12:00 pm,PlayLife | Sector 163,Pickleball Court 1,Not Booked,200,16 Sep 11:31
2026-09-16,Wed,12:00 pm to 12:30 pm,PlayLife | Sector 163,Pickleball Court 1,Not Booked,200,16 Sep 12:11
2026-09-16,Wed,12:30 pm to 1:00 pm,PlayLife | Sector 163,Pickleball Court 1,Not Booked,200,16 Sep 12:37
2026-09-16,Wed,1:00 pm to 1:30 pm,PlayLife | Sector 163,Pickleball Court 1,Not Booked,200,16 Sep 13:06
2026-09-16,Wed,1:30 pm to 2:00 pm,PlayLife | Sector 163,Pickleball Court 1,Not Booked,200,16 Sep 13:33
2026-09-16,Wed,2:00 pm to 2:30 pm,PlayLife | Sector 163,Pickleball Court 1,Not Booked,200,16 Sep 14:07
2026-09-16,Wed,2:30 pm to 3:00 pm,PlayLife | Sector 163,Pickleball Court 1,Not Booked,200,16 Sep 14:36
2026-09-16,Wed,3:00 pm to 3:30 pm,PlayLife | Sector 163,Pickleball Court 1,Not Booked,200,16 Sep 15:06
2026-09-16,Wed,3:30 pm to 4:00 pm,PlayLife | Sector 163,Pickleball Court 1,Not Booked,200,16 Sep 15:32
2026-09-16,Wed,4:00 pm to 4:30 pm,PlayLife | Sector 163,Pickleball Court 1,Not Booked,200,16 Sep 16:07
2026-09-16,Wed,4:30 pm to 5:00 pm,PlayLife | Sector 163,Pickleball Court 1,Not Booked,200,16 Sep 16:31
2026-09-16,Wed,5:00 pm to 5:30 pm,PlayLife | Sector 163,Pickleball Court 1,Not Booked,200,16 Sep 17:05
2026-09-16,Wed,5:30 pm to 6:00 pm,PlayLife | Sector 163,Pickleball Court 1,Not Booked,200,16 Sep 17:32
2026-09-16,Wed,6:00 am to 6:30 am,PlayLife | Sector 163,Pickleball Court 1,Not Booked,200,16 Sep 06:11
2026-09-16,Wed,6:00 pm to 6:30 pm,PlayLife | Sector 163,Pickleball Court 1,Not Booked,200,16 Sep 18:10
2026-09-16,Wed,6:30 am to 7:00 am,PlayLife | Sector 163,Pickleball Court 1,Not Booked,200,16 Sep 06:37
2026-09-16,Wed,6:30 pm to 7:00 pm,PlayLife | Sector 163,Pickleball Court 1,Not Booked,200,16 Sep 18:37
2026-09-16,Wed,7:00 am to 7:30 am,PlayLife | Sector 163,Pickleball Court 1,Not Booked,200,16 Sep 07:06
2026-09-16,Wed,7:00 pm to 7:30 pm,PlayLife | Sector 163,Pickleball Court 1,Not Booked,200,16 Sep 19:06
2026-09-16,Wed,7:30 am to 8:00 am,PlayLife | Sector 163,Pickleball Court 1,Not Booked,200,16 Sep 07:30
2026-09-16,Wed,7:30 pm to 8:00 pm,PlayLife | Sector 163,Pickleball Court 1,Not Booked,200,16 Sep 19:34
2026-09-16,Wed,8:00 am to 8:30 am,PlayLife | Sector 163,Pickleball Court 1,Not Booked,200,16 Sep 08:04
2026-09-16,Wed,8:00 pm to 8:30 pm,PlayLife | Sector 163,Pickleball Court 1,Not Booked,200,16 Sep 20:07
2026-09-16,Wed,8:30 am to 9:00 am,PlayLife | Sector 163,Pickleball Court 1,Not Booked,200,16 Sep 08:32
2026-09-16,Wed,8:30 pm to 9:00 pm,PlayLife | Sector 163,Pickleball Court 1,Not Booked,200,16 Sep 20:31
2026-09-16,Wed,9:00 am to 9:30 am,PlayLife | Sector 163,Pickleball Court 1,Not Booked,200,16 Sep 09:06
2026-09-16,Wed,9:00 pm to 9:30 pm,PlayLife | Sector 163,Pickleball Court 1,Not Booked,200,16 Sep 21:04
2026-09-16,Wed,9:30 am to 10:00 am,PlayLife | Sector 163,Pickleball Court 1,Not Booked,200,16 Sep 09:33
2026-09-16,Wed,9:30 pm to 10:00 pm,PlayLife | Sector 163,Pickleball Court 1,Not Booked,200,16 Sep 21:32
2026-09-16,Wed,10:00 am to 10:30 am,PlayLife | Sector 163,Pickleball Court 2,Not Booked,200,16 Sep 10:03
2026-09-16,Wed,10:00 pm to 10:30 pm,PlayLife | Sector 163,Pickleball Court 2,Not Booked,200,16 Sep 22:05
2026-09-16,Wed,10:30 am to 11:00 am,PlayLife | Sector 163,Pickleball Court 2,Not Booked,200,16 Sep 10:30
2026-09-16,Wed,10:30 pm to 11:00 pm,PlayLife | Sector 163,Pickleball Court 2,Not Booked,200,16 Sep 22:31
2026-09-16,Wed,11:00 am to 11:30 am,PlayLife | Sector 163,Pickleball Court 2,Not Booked,200,16 Sep 11:03
2026-09-16,Wed,11:30 am to 12:00 pm,PlayLife | Sector 163,Pickleball Court 2,Not Booked,200,16 Sep 11:31
2026-09-16,Wed,12:00 pm to 12:30 pm,PlayLife | Sector 163,Pickleball Court 2,Not Booked,200,16 Sep 12:11
2026-09-16,Wed,12:30 pm to 1:00 pm,PlayLife | Sector 163,Pickleball Court 2,Not Booked,200,16 Sep 12:37
2026-09-16,Wed,1:00 pm to 1:30 pm,PlayLife | Sector 163,Pickleball Court 2,Not Booked,200,16 Sep 13:06
2026-09-16,Wed,1:30 pm to 2:00 pm,PlayLife | Sector 163,Pickleball Court 2,Not Booked,200,16 Sep 13:33
2026-09-16,Wed,2:00 pm to 2:30 pm,PlayLife | Sector 163,Pickleball Court 2,Not Booked,200,16 Sep 14:07
2026-09-16,Wed,2:30 pm to 3:00 pm,PlayLife | Sector 163,Pickleball Court 2,Not Booked,200,16 Sep 14:36
2026-09-16,Wed,3:00 pm to 3:30 pm,PlayLife | Sector 163,Pickleball Court 2,Not Booked,200,16 Sep 15:06
2026-09-16,Wed,3:30 pm to 4:00 pm,PlayLife | Sector 163,Pickleball Court 2,Not Booked,200,16 Sep 15:32
2026-09-16,Wed,4:00 pm to 4:30 pm,PlayLife | Sector 163,Pickleball Court 2,Not Booked,200,16 Sep 16:07
2026-09-16,Wed,4:30 pm to 5:00 pm,PlayLife | Sector 163,Pickleball Court 2,Not Booked,200,16 Sep 16:31
2026-09-16,Wed,5:00 pm to 5:30 pm,PlayLife | Sector 163,Pickleball Court 2,Not Booked,200,16 Sep 17:05
2026-09-16,Wed,5:30 pm to 6:00 pm,PlayLife | Sector 163,Pickleball Court 2,Not Booked,200,16 Sep 17:32
2026-09-16,Wed,6:00 am to 6:30 am,PlayLife | Sector 163,Pickleball Court 2,Not Booked,200,16 Sep 06:11
2026-09-16,Wed,6:00 pm to 6:30 pm,PlayLife | Sector 163,Pickleball Court 2,Not Booked,200,16 Sep 18:10
2026-09-16,Wed,6:30 am to 7:00 am,PlayLife | Sector 163,Pickleball Court 2,Not Booked,200,16 Sep 06:37
2026-09-16,Wed,6:30 pm to 7:00 pm,PlayLife | Sector 163,Pickleball Court 2,Not Booked,200,16 Sep 18:37
2026-09-16,Wed,7:00 am to 7:30 am,PlayLife | Sector 163,Pickleball Court 2,Not Booked,200,16 Sep 07:06
2026-09-16,Wed,7:00 pm to 7:30 pm,PlayLife | Sector 163,Pickleball Court 2,Not Booked,200,16 Sep 19:06
2026-09-16,Wed,7:30 am to 8:00 am,PlayLife | Sector 163,Pickleball Court 2,Not Booked,200,16 Sep 07:30
2026-09-16,Wed,7:30 pm to 8:00 pm,PlayLife | Sector 163,Pickleball Court 2,Not Booked,200,16 Sep 19:34
2026-09-16,Wed,8:00 am to 8:30 am,PlayLife | Sector 163,Pickleball Court 2,Not Booked,200,16 Sep 08:04
2026-09-16,Wed,8:00 pm to 8:30 pm,PlayLife | Sector 163,Pickleball Court 2,Not Booked,200,16 Sep 20:07
2026-09-16,Wed,8:30 am to 9:00 am,PlayLife | Sector 163,Pickleball Court 2,Not Booked,200,16 Sep 08:32
2026-09-16,Wed,8:30 pm to 9:00 pm,PlayLife | Sector 163,Pickleball Court 2,Not Booked,200,16 Sep 20:31
2026-09-16,Wed,9:00 am to 9:30 am,PlayLife | Sector 163,Pickleball Court 2,Not Booked,200,16 Sep 09:06
2026-09-16,Wed,9:00 pm to 9:30 pm,PlayLife | Sector 163,Pickleball Court 2,Not Booked,200,16 Sep 21:04
2026-09-16,Wed,9:30 am to 10:00 am,PlayLife | Sector 163,Pickleball Court 2,Not Booked,200,16 Sep 09:33
2026-09-16,Wed,9:30 pm to 10:00 pm,PlayLife | Sector 163,Pickleball Court 2,Not Booked,200,16 Sep 21:32
2026-09-16,Wed,10:00 am to 10:30 am,PlayLife | Sector 163,Pickleball Court 3,Not Booked,200,16 Sep 10:03
2026-09-16,Wed,10:00 pm to 10:30 pm,PlayLife | Sector 163,Pickleball Court 3,Not Booked,200,16 Sep 22:05
2026-09-16,Wed,10:30 am to 11:00 am,PlayLife | Sector 163,Pickleball Court 3,Not Booked,200,16 Sep 10:30
2026-09-16,Wed,10:30 pm to 11:00 pm,PlayLife | Sector 163,Pickleball Court 3,Not Booked,200,16 Sep 22:31
2026-09-16,Wed,11:00 am to 11:30 am,PlayLife | Sector 163,Pickleball Court 3,Not Booked,200,16 Sep 11:03
2026-09-16,Wed,11:30 am to 12:00 pm,PlayLife | Sector 163,Pickleball Court 3,Not Booked,200,16 Sep 11:31
2026-09-16,Wed,12:00 pm to 12:30 pm,PlayLife | Sector 163,Pickleball Court 3,Not Booked,200,16 Sep 12:11
2026-09-16,Wed,12:30 pm to 1:00 pm,PlayLife | Sector 163,Pickleball Court 3,Not Booked,200,16 Sep 12:37
2026-09-16,Wed,1:00 pm to 1:30 pm,PlayLife | Sector 163,Pickleball Court 3,Not Booked,200,16 Sep 13:06
2026-09-16,Wed,1:30 pm to 2:00 pm,PlayLife | Sector 163,Pickleball Court 3,Not Booked,200,16 Sep 13:33
2026-09-16,Wed,2:00 pm to 2:30 pm,PlayLife | Sector 163,Pickleball Court 3,Not Booked,200,16 Sep 14:07
2026-09-16,Wed,2:30 pm to 3:00 pm,PlayLife | Sector 163,Pickleball Court 3,Not Booked,200,16 Sep 14:36
2026-09-16,Wed,3:00 pm to 3:30 pm,PlayLife | Sector 163,Pickleball Court 3,Not Booked,200,16 Sep 15:06
2026-09-16,Wed,3:30 pm to 4:00 pm,PlayLife | Sector 163,Pickleball Court 3,Not Booked,200,16 Sep 15:32
2026-09-16,Wed,4:00 pm to 4:30 pm,PlayLife | Sector 163,Pickleball Court 3,Not Booked,200,16 Sep 16:07
2026-09-16,Wed,4:30 pm to 5:00 pm,PlayLife | Sector 163,Pickleball Court 3,Not Booked,200,16 Sep 16:31
2026-09-16,Wed,5:00 pm to 5:30 pm,PlayLife | Sector 163,Pickleball Court 3,Not Booked,200,16 Sep 17:05
2026-09-16,Wed,5:30 pm to 6:00 pm,PlayLife | Sector 163,Pickleball Court 3,Not Booked,200,16 Sep 17:32
2026-09-16,Wed,6:00 am to 6:30 am,PlayLife | Sector 163,Pickleball Court 3,Not Booked,200,16 Sep 06:11
2026-09-16,Wed,6:00 pm to 6:30 pm,PlayLife | Sector 163,Pickleball Court 3,Not Booked,200,16 Sep 18:10
2026-09-16,Wed,6:30 am to 7:00 am,PlayLife | Sector 163,Pickleball Court 3,Not Booked,200,16 Sep 06:37
2026-09-16,Wed,6:30 pm to 7:00 pm,PlayLife | Sector 163,Pickleball Court 3,Not Booked,200,16 Sep 18:37
2026-09-16,Wed,7:00 am to 7:30 am,PlayLife | Sector 163,Pickleball Court 3,Not Booked,200,16 Sep 07:06
2026-09-16,Wed,7:00 pm to 7:30 pm,PlayLife | Sector 163,Pickleball Court 3,Not Booked,200,16 Sep 19:06
2026-09-16,Wed,7:30 am to 8:00 am,PlayLife | Sector 163,Pickleball Court 3,Not Booked,200,16 Sep 07:30
2026-09-16,Wed,7:30 pm to 8:00 pm,PlayLife | Sector 163,Pickleball Court 3,Not Booked,200,16 Sep 19:34
2026-09-16,Wed,8:00 am to 8:30 am,PlayLife | Sector 163,Pickleball Court 3,Not Booked,200,16 Sep 08:04
2026-09-16,Wed,8:00 pm to 8:30 pm,PlayLife | Sector 163,Pickleball Court 3,Not Booked,200,16 Sep 20:07
2026-09-16,Wed,8:30 am to 9:00 am,PlayLife | Sector 163,Pickleball Court 3,Not Booked,200,16 Sep 08:32
2026-09-16,Wed,8:30 pm to 9:00 pm,PlayLife | Sector 163,Pickleball Court 3,Not Booked,200,16 Sep 20:31
2026-09-16,Wed,9:00 am to 9:30 am,PlayLife | Sector 163,Pickleball Court 3,Not Booked,200,16 Sep 09:06
2026-09-16,Wed,9:00 pm to 9:30 pm,PlayLife | Sector 163,Pickleball Court 3,Not Booked,200,16 Sep 21:04
2026-09-16,Wed,9:30 am to 10:00 am,PlayLife | Sector 163,Pickleball Court 3,Not Booked,200,16 Sep 09:33
2026-09-16,Wed,9:30 pm to 10:00 pm,PlayLife | Sector 163,Pickleball Court 3,Not Booked,200,16 Sep 21:32
2026-09-16,Wed,10:00 am to 10:30 am,Rally N Roast | Sector 141,Court 1 (Blue),Not Booked,500,16 Sep 10:03
2026-09-16,Wed,10:00 pm to 10:30 pm,Rally N Roast | Sector 141,Court 1 (Blue),Not Booked,500,16 Sep 22:05
2026-09-16,Wed,10:30 am to 11:00 am,Rally N Roast | Sector 141,Court 1 (Blue),Not Booked,500,16 Sep 10:30
2026-09-16,Wed,10:30 pm to 11:00 pm,Rally N Roast | Sector 141,Court 1 (Blue),Not Booked,500,16 Sep 22:31
2026-09-16,Wed,11:00 am to 11:30 am,Rally N Roast | Sector 141,Court 1 (Blue),Not Booked,500,16 Sep 11:03
2026-09-16,Wed,11:30 am to 12:00 pm,Rally N Roast | Sector 141,Court 1 (Blue),Not Booked,500,16 Sep 11:31
2026-09-16,Wed,12:00 pm to 12:30 pm,Rally N Roast | Sector 141,Court 1 (Blue),Not Booked,500,16 Sep 12:11
2026-09-16,Wed,12:30 pm to 1:00 pm,Rally N Roast | Sector 141,Court 1 (Blue),Not Booked,500,16 Sep 12:37
2026-09-16,Wed,1:00 pm to 1:30 pm,Rally N Roast | Sector 141,Court 1 (Blue),Not Booked,500,16 Sep 13:06
2026-09-16,Wed,1:30 pm to 2:00 pm,Rally N Roast | Sector 141,Court 1 (Blue),Not Booked,500,16 Sep 13:33
2026-09-16,Wed,2:00 pm to 2:30 pm,Rally N Roast | Sector 141,Court 1 (Blue),Not Booked,500,16 Sep 14:07
2026-09-16,Wed,2:30 pm to 3:00 pm,Rally N Roast | Sector 141,Court 1 (Blue),Not Booked,500,16 Sep 14:36
2026-09-16,Wed,3:00 pm to 3:30 pm,Rally N Roast | Sector 141,Court 1 (Blue),Not Booked,500,16 Sep 15:06
2026-09-16,Wed,3:30 pm to 4:00 pm,Rally N Roast | Sector 141,Court 1 (Blue),Not Booked,500,16 Sep 15:32
2026-09-16,Wed,4:00 pm to 4:30 pm,Rally N Roast | Sector 141,Court 1 (Blue),Not Booked,500,16 Sep 16:07
2026-09-16,Wed,4:30 pm to 5:00 pm,Rally N Roast | Sector 141,Court 1 (Blue),Not Booked,500,16 Sep 16:31
2026-09-16,Wed,5:00 pm to 5:30 pm,Rally N Roast | Sector 141,Court 1 (Blue),Not Booked,500,16 Sep 17:05
2026-09-16,Wed,5:30 pm to 6:00 pm,Rally N Roast | Sector 141,Court 1 (Blue),Not Booked,500,16 Sep 17:32
2026-09-16,Wed,6:00 pm to 6:30 pm,Rally N Roast | Sector 141,Court 1 (Blue),Not Booked,500,16 Sep 18:10
2026-09-16,Wed,6:30 pm to 7:00 pm,Rally N Roast | Sector 141,Court 1 (Blue),Not Booked,500,16 Sep 18:37
2026-09-16,Wed,7:00 am to 7:30 am,Rally N Roast | Sector 141,Court 1 (Blue),Not Booked,500,16 Sep 07:06
2026-09-16,Wed,7:00 pm to 7:30 pm,Rally N Roast | Sector 141,Court 1 (Blue),Not Booked,500,16 Sep 19:06
2026-09-16,Wed,7:30 am to 8:00 am,Rally N Roast | Sector 141,Court 1 (Blue),Not Booked,500,16 Sep 07:30
2026-09-16,Wed,7:30 pm to 8:00 pm,Rally N Roast | Sector 141,Court 1 (Blue),Not Booked,500,16 Sep 19:34
2026-09-16,Wed,8:00 am to 8:30 am,Rally N Roast | Sector 141,Court 1 (Blue),Not Booked,500,16 Sep 08:04
2026-09-16,Wed,8:00 pm to 8:30 pm,Rally N Roast | Sector 141,Court 1 (Blue),Not Booked,500,16 Sep 20:07
2026-09-16,Wed,8:30 am to 9:00 am,Rally N Roast | Sector 141,Court 1 (Blue),Not Booked,500,16 Sep 08:32
2026-09-16,Wed,8:30 pm to 9:00 pm,Rally N Roast | Sector 141,Court 1 (Blue),Not Booked,500,16 Sep 20:31
2026-09-16,Wed,9:00 am to 9:30 am,Rally N Roast | Sector 141,Court 1 (Blue),Not Booked,500,16 Sep 09:06
2026-09-16,Wed,9:00 pm to 9:30 pm,Rally N Roast | Sector 141,Court 1 (Blue),Not Booked,500,16 Sep 21:04
2026-09-16,Wed,9:30 am to 10:00 am,Rally N Roast | Sector 141,Court 1 (Blue),Not Booked,500,16 Sep 09:33
2026-09-16,Wed,9:30 pm to 10:00 pm,Rally N Roast | Sector 141,Court 1 (Blue),Not Booked,500,16 Sep 21:32
2026-09-16,Wed,10:00 am to 10:30 am,Rally N Roast | Sector 141,Court 2 (Pink),Not Booked,500,16 Sep 10:03
2026-09-16,Wed,10:00 pm to 10:30 pm,Rally N Roast | Sector 141,Court 2 (Pink),Not Booked,500,16 Sep 22:05
2026-09-16,Wed,10:30 am to 11:00 am,Rally N Roast | Sector 141,Court 2 (Pink),Not Booked,500,16 Sep 10:30
2026-09-16,Wed,10:30 pm to 11:00 pm,Rally N Roast | Sector 141,Court 2 (Pink),Not Booked,500,16 Sep 22:31
2026-09-16,Wed,11:00 am to 11:30 am,Rally N Roast | Sector 141,Court 2 (Pink),Not Booked,500,16 Sep 11:03
2026-09-16,Wed,11:30 am to 12:00 pm,Rally N Roast | Sector 141,Court 2 (Pink),Not Booked,500,16 Sep 11:31
2026-09-16,Wed,12:00 pm to 12:30 pm,Rally N Roast | Sector 141,Court 2 (Pink),Not Booked,500,16 Sep 12:11
2026-09-16,Wed,12:30 pm to 1:00 pm,Rally N Roast | Sector 141,Court 2 (Pink),Not Booked,500,16 Sep 12:37
2026-09-16,Wed,1:00 pm to 1:30 pm,Rally N Roast | Sector 141,Court 2 (Pink),Not Booked,500,16 Sep 13:06
2026-09-16,Wed,1:30 pm to 2:00 pm,Rally N Roast | Sector 141,Court 2 (Pink),Not Booked,500,16 Sep 13:33
2026-09-16,Wed,2:00 pm to 2:30 pm,Rally N Roast | Sector 141,Court 2 (Pink),Not Booked,500,16 Sep 14:07
2026-09-16,Wed,2:30 pm to 3:00 pm,Rally N Roast | Sector 141,Court 2 (Pink),Not Booked,500,16 Sep 14:36
2026-09-16,Wed,3:00 pm to 3:30 pm,Rally N Roast | Sector 141,Court 2 (Pink),Not Booked,500,16 Sep 15:06
2026-09-16,Wed,3:30 pm to 4:00 pm,Rally N Roast | Sector 141,Court 2 (Pink),Not Booked,500,16 Sep 15:32
2026-09-16,Wed,4:00 pm to 4:30 pm,Rally N Roast | Sector 141,Court 2 (Pink),Not Booked,500,16 Sep 16:07
2026-09-16,Wed,4:30 pm to 5:00 pm,Rally N Roast | Sector 141,Court 2 (Pink),Not Booked,500,16 Sep 16:31
2026-09-16,Wed,5:00 pm to 5:30 pm,Rally N Roast | Sector 141,Court 2 (Pink),Not Booked,500,16 Sep 17:05
2026-09-16,Wed,5:30 pm to 6:00 pm,Rally N Roast | Sector 141,Court 2 (Pink),Not Booked,500,16 Sep 17:32
2026-09-16,Wed,6:00 pm to 6:30 pm,Rally N Roast | Sector 141,Court 2 (Pink),Not Booked,500,16 Sep 17:32
2026-09-16,Wed,6:30 pm to 7:00 pm,Rally N Roast | Sector 141,Court 2 (Pink),Not Booked,500,16 Sep 18:37
2026-09-16,Wed,7:00 am to 7:30 am,Rally N Roast | Sector 141,Court 2 (Pink),Not Booked,500,16 Sep 07:06
2026-09-16,Wed,7:00 pm to 7:30 pm,Rally N Roast | Sector 141,Court 2 (Pink),Not Booked,500,16 Sep 19:06
2026-09-16,Wed,7:30 am to 8:00 am,Rally N Roast | Sector 141,Court 2 (Pink),Not Booked,500,16 Sep 07:30
2026-09-16,Wed,7:30 pm to 8:00 pm,Rally N Roast | Sector 141,Court 2 (Pink),Not Booked,500,16 Sep 19:34
2026-09-16,Wed,8:00 am to 8:30 am,Rally N Roast | Sector 141,Court 2 (Pink),Not Booked,500,16 Sep 08:04
2026-09-16,Wed,8:00 pm to 8:30 pm,Rally N Roast | Sector 141,Court 2 (Pink),Not Booked,500,16 Sep 20:07
2026-09-16,Wed,8:30 am to 9:00 am,Rally N Roast | Sector 141,Court 2 (Pink),Not Booked,500,16 Sep 08:32
2026-09-16,Wed,8:30 pm to 9:00 pm,Rally N Roast | Sector 141,Court 2 (Pink),Not Booked,500,16 Sep 20:31
2026-09-16,Wed,9:00 am to 9:30 am,Rally N Roast | Sector 141,Court 2 (Pink),Not Booked,500,16 Sep 09:06
2026-09-16,Wed,9:00 pm to 9:30 pm,Rally N Roast | Sector 141,Court 2 (Pink),Not Booked,500,16 Sep 21:04
2026-09-16,Wed,9:30 am to 10:00 am,Rally N Roast | Sector 141,Court 2 (Pink),Not Booked,500,16 Sep 09:33
2026-09-16,Wed,9:30 pm to 10:00 pm,Rally N Roast | Sector 141,Court 2 (Pink),Not Booked,500,16 Sep 21:32
2026-09-16,Wed,10:00 am to 10:30 am,Rally N Roast | Sector 141,Court 3 (Blue),Not Booked,500,16 Sep 10:03
2026-09-16,Wed,10:00 pm to 10:30 pm,Rally N Roast | Sector 141,Court 3 (Blue),Not Booked,500,16 Sep 22:05
2026-09-16,Wed,10:30 am to 11:00 am,Rally N Roast | Sector 141,Court 3 (Blue),Not Booked,500,16 Sep 10:30
2026-09-16,Wed,10:30 pm to 11:00 pm,Rally N Roast | Sector 141,Court 3 (Blue),Not Booked,500,16 Sep 22:31
2026-09-16,Wed,11:00 am to 11:30 am,Rally N Roast | Sector 141,Court 3 (Blue),Not Booked,500,16 Sep 11:03
2026-09-16,Wed,11:30 am to 12:00 pm,Rally N Roast | Sector 141,Court 3 (Blue),Not Booked,500,16 Sep 11:31
2026-09-16,Wed,12:00 pm to 12:30 pm,Rally N Roast | Sector 141,Court 3 (Blue),Not Booked,500,16 Sep 12:11
2026-09-16,Wed,12:30 pm to 1:00 pm,Rally N Roast | Sector 141,Court 3 (Blue),Not Booked,500,16 Sep 12:37
2026-09-16,Wed,1:00 pm to 1:30 pm,Rally N Roast | Sector 141,Court 3 (Blue),Not Booked,500,16 Sep 13:06
2026-09-16,Wed,1:30 pm to 2:00 pm,Rally N Roast | Sector 141,Court 3 (Blue),Not Booked,500,16 Sep 13:33
2026-09-16,Wed,2:00 pm to 2:30 pm,Rally N Roast | Sector 141,Court 3 (Blue),Not Booked,500,16 Sep 14:07
2026-09-16,Wed,2:30 pm to 3:00 pm,Rally N Roast | Sector 141,Court 3 (Blue),Not Booked,500,16 Sep 14:36
2026-09-16,Wed,3:00 pm to 3:30 pm,Rally N Roast | Sector 141,Court 3 (Blue),Not Booked,500,16 Sep 14:36
2026-09-16,Wed,3:30 pm to 4:00 pm,Rally N Roast | Sector 141,Court 3 (Blue),Not Booked,500,16 Sep 15:32
2026-09-16,Wed,4:00 pm to 4:30 pm,Rally N Roast | Sector 141,Court 3 (Blue),Not Booked,500,16 Sep 16:07
2026-09-16,Wed,4:30 pm to 5:00 pm,Rally N Roast | Sector 141,Court 3 (Blue),Not Booked,500,16 Sep 16:31
2026-09-16,Wed,5:00 pm to 5:30 pm,Rally N Roast | Sector 141,Court 3 (Blue),Not Booked,500,16 Sep 17:05
2026-09-16,Wed,5:30 pm to 6:00 pm,Rally N Roast | Sector 141,Court 3 (Blue),Not Booked,500,16 Sep 17:32
2026-09-16,Wed,6:00 pm to 6:30 pm,Rally N Roast | Sector 141,Court 3 (Blue),Not Booked,500,16 Sep 18:10
2026-09-16,Wed,6:30 pm to 7:00 pm,Rally N Roast | Sector 141,Court 3 (Blue),Not Booked,500,16 Sep 18:37
2026-09-16,Wed,7:00 am to 7:30 am,Rally N Roast | Sector 141,Court 3 (Blue),Not Booked,500,16 Sep 07:06
2026-09-16,Wed,7:00 pm to 7:30 pm,Rally N Roast | Sector 141,Court 3 (Blue),Not Booked,500,16 Sep 19:06
2026-09-16,Wed,7:30 am to 8:00 am,Rally N Roast | Sector 141,Court 3 (Blue),Not Booked,500,16 Sep 07:30
2026-09-16,Wed,7:30 pm to 8:00 pm,Rally N Roast | Sector 141,Court 3 (Blue),Not Booked,500,16 Sep 19:34
2026-09-16,Wed,8:00 am to 8:30 am,Rally N Roast | Sector 141,Court 3 (Blue),Not Booked,500,16 Sep 08:04
2026-09-16,Wed,8:00 pm to 8:30 pm,Rally N Roast | Sector 141,Court 3 (Blue),Not Booked,500,16 Sep 20:07
2026-09-16,Wed,8:30 am to 9:00 am,Rally N Roast | Sector 141,Court 3 (Blue),Not Booked,500,16 Sep 08:32
2026-09-16,Wed,8:30 pm to 9:00 pm,Rally N Roast | Sector 141,Court 3 (Blue),Not Booked,500,16 Sep 20:31
2026-09-16,Wed,9:00 am to 9:30 am,Rally N Roast | Sector 141,Court 3 (Blue),Not Booked,500,16 Sep 09:06
2026-09-16,Wed,9:00 pm to 9:30 pm,Rally N Roast | Sector 141,Court 3 (Blue),Not Booked,500,16 Sep 21:04
2026-09-16,Wed,9:30 am to 10:00 am,Rally N Roast | Sector 141,Court 3 (Blue),Not Booked,500,16 Sep 09:33
2026-09-16,Wed,9:30 pm to 10:00 pm,Rally N Roast | Sector 141,Court 3 (Blue),Not Booked,500,16 Sep 21:32
2026-09-16,Wed,10:00 am to 10:30 am,Sky Nine Rackets,Court 1,Not Booked,225,16 Sep 09:33
2026-09-16,Wed,10:00 pm to 10:30 pm,Sky Nine Rackets,Court 1,Not Booked,270,16 Sep 21:32
2026-09-16,Wed,10:30 am to 11:00 am,Sky Nine Rackets,Court 1,Not Booked,225,16 Sep 10:30
2026-09-16,Wed,10:30 pm to 11:00 pm,Sky Nine Rackets,Court 1,Not Booked,270,16 Sep 21:32
2026-09-16,Wed,11:00 am to 11:30 am,Sky Nine Rackets,Court 1,Not Booked,225,16 Sep 10:30
2026-09-16,Wed,11:00 pm to 11:30 pm,Sky Nine Rackets,Court 1,Not Booked,270,16 Sep 21:32
2026-09-16,Wed,11:30 am to 12:00 pm,Sky Nine Rackets,Court 1,Not Booked,225,16 Sep 10:30
2026-09-16,Wed,11:30 pm to 12:00 am,Sky Nine Rackets,Court 1,Not Booked,270,16 Sep 21:32
2026-09-16,Wed,12:00 pm to 12:30 pm,Sky Nine Rackets,Court 1,Not Booked,225,16 Sep 10:30
2026-09-16,Wed,12:30 pm to 1:00 pm,Sky Nine Rackets,Court 1,Not Booked,225,16 Sep 10:30
2026-09-16,Wed,1:00 pm to 1:30 pm,Sky Nine Rackets,Court 1,Not Booked,225,16 Sep 13:06
2026-09-16,Wed,1:30 pm to 2:00 pm,Sky Nine Rackets,Court 1,Not Booked,225,16 Sep 13:06
2026-09-16,Wed,2:00 pm to 2:30 pm,Sky Nine Rackets,Court 1,Not Booked,225,16 Sep 14:07
2026-09-16,Wed,2:30 pm to 3:00 pm,Sky Nine Rackets,Court 1,Not Booked,225,16 Sep 14:36
2026-09-16,Wed,3:00 pm to 3:30 pm,Sky Nine Rackets,Court 1,Not Booked,225,16 Sep 15:06
2026-09-16,Wed,3:30 pm to 4:00 pm,Sky Nine Rackets,Court 1,Not Booked,225,16 Sep 15:32
2026-09-16,Wed,4:00 pm to 4:30 pm,Sky Nine Rackets,Court 1,Not Booked,225,16 Sep 16:07
2026-09-16,Wed,4:30 pm to 5:00 pm,Sky Nine Rackets,Court 1,Not Booked,225,16 Sep 16:31
2026-09-16,Wed,5:00 am to 5:30 am,Sky Nine Rackets,Court 1,Not Booked,225,16 Sep 04:04
2026-09-16,Wed,5:00 pm to 5:30 pm,Sky Nine Rackets,Court 1,Not Booked,270,16 Sep 16:31
2026-09-16,Wed,5:30 am to 6:00 am,Sky Nine Rackets,Court 1,Not Booked,225,16 Sep 05:31
2026-09-16,Wed,5:30 pm to 6:00 pm,Sky Nine Rackets,Court 1,Not Booked,270,16 Sep 16:31
2026-09-16,Wed,6:00 am to 6:30 am,Sky Nine Rackets,Court 1,Not Booked,225,16 Sep 06:11
2026-09-16,Wed,6:00 pm to 6:30 pm,Sky Nine Rackets,Court 1,Not Booked,270,16 Sep 18:10
2026-09-16,Wed,6:30 am to 7:00 am,Sky Nine Rackets,Court 1,Not Booked,225,16 Sep 06:37
2026-09-16,Wed,6:30 pm to 7:00 pm,Sky Nine Rackets,Court 1,Not Booked,270,16 Sep 18:37
2026-09-16,Wed,7:00 am to 7:30 am,Sky Nine Rackets,Court 1,Not Booked,225,16 Sep 07:06
2026-09-16,Wed,7:00 pm to 7:30 pm,Sky Nine Rackets,Court 1,Not Booked,270,16 Sep 18:37
2026-09-16,Wed,7:30 am to 8:00 am,Sky Nine Rackets,Court 1,Not Booked,225,16 Sep 07:06
2026-09-16,Wed,7:30 pm to 8:00 pm,Sky Nine Rackets,Court 1,Not Booked,270,16 Sep 19:34
2026-09-16,Wed,8:00 am to 8:30 am,Sky Nine Rackets,Court 1,Not Booked,225,16 Sep 08:04
2026-09-16,Wed,8:00 pm to 8:30 pm,Sky Nine Rackets,Court 1,Not Booked,270,16 Sep 20:07
2026-09-16,Wed,8:30 am to 9:00 am,Sky Nine Rackets,Court 1,Not Booked,225,16 Sep 08:32
2026-09-16,Wed,8:30 pm to 9:00 pm,Sky Nine Rackets,Court 1,Not Booked,270,16 Sep 20:07
2026-09-16,Wed,9:00 am to 9:30 am,Sky Nine Rackets,Court 1,Not Booked,225,16 Sep 08:32
2026-09-16,Wed,9:00 pm to 9:30 pm,Sky Nine Rackets,Court 1,Not Booked,270,16 Sep 20:07
2026-09-16,Wed,9:30 am to 10:00 am,Sky Nine Rackets,Court 1,Not Booked,225,16 Sep 09:33
2026-09-16,Wed,9:30 pm to 10:00 pm,Sky Nine Rackets,Court 1,Not Booked,270,16 Sep 21:32
2026-09-16,Wed,10:00 am to 10:30 am,Sky Nine Rackets,Court 2,Not Booked,225,16 Sep 10:03
2026-09-16,Wed,10:00 pm to 10:30 pm,Sky Nine Rackets,Court 2,Not Booked,270,16 Sep 22:05
2026-09-16,Wed,10:30 am to 11:00 am,Sky Nine Rackets,Court 2,Not Booked,225,16 Sep 10:30
2026-09-16,Wed,10:30 pm to 11:00 pm,Sky Nine Rackets,Court 2,Not Booked,270,16 Sep 22:31
2026-09-16,Wed,11:00 am to 11:30 am,Sky Nine Rackets,Court 2,Not Booked,225,16 Sep 11:03
2026-09-16,Wed,11:00 pm to 11:30 pm,Sky Nine Rackets,Court 2,Not Booked,270,16 Sep 23:02
2026-09-16,Wed,11:30 am to 12:00 pm,Sky Nine Rackets,Court 2,Not Booked,225,16 Sep 11:31
2026-09-16,Wed,11:30 pm to 12:00 am,Sky Nine Rackets,Court 2,Not Booked,270,16 Sep 23:30
2026-09-16,Wed,12:00 pm to 12:30 pm,Sky Nine Rackets,Court 2,Not Booked,225,16 Sep 12:11
2026-09-16,Wed,12:30 pm to 1:00 pm,Sky Nine Rackets,Court 2,Not Booked,225,16 Sep 12:37
2026-09-16,Wed,1:00 pm to 1:30 pm,Sky Nine Rackets,Court 2,Not Booked,225,16 Sep 12:37
2026-09-16,Wed,1:30 pm to 2:00 pm,Sky Nine Rackets,Court 2,Not Booked,225,16 Sep 13:33
2026-09-16,Wed,2:00 pm to 2:30 pm,Sky Nine Rackets,Court 2,Not Booked,225,16 Sep 14:07
2026-09-16,Wed,2:30 pm to 3:00 pm,Sky Nine Rackets,Court 2,Not Booked,225,16 Sep 14:07
2026-09-16,Wed,3:00 pm to 3:30 pm,Sky Nine Rackets,Court 2,Not Booked,225,16 Sep 15:06
2026-09-16,Wed,3:30 pm to 4:00 pm,Sky Nine Rackets,Court 2,Not Booked,225,16 Sep 15:32
2026-09-16,Wed,4:00 pm to 4:30 pm,Sky Nine Rackets,Court 2,Not Booked,225,16 Sep 16:07
2026-09-16,Wed,4:30 pm to 5:00 pm,Sky Nine Rackets,Court 2,Not Booked,225,16 Sep 16:31
2026-09-16,Wed,5:00 am to 5:30 am,Sky Nine Rackets,Court 2,Not Booked,225,16 Sep 05:02
2026-09-16,Wed,5:00 pm to 5:30 pm,Sky Nine Rackets,Court 2,Not Booked,270,16 Sep 17:05
2026-09-16,Wed,5:30 am to 6:00 am,Sky Nine Rackets,Court 2,Not Booked,225,16 Sep 05:31
2026-09-16,Wed,5:30 pm to 6:00 pm,Sky Nine Rackets,Court 2,Not Booked,270,16 Sep 17:32
2026-09-16,Wed,6:00 am to 6:30 am,Sky Nine Rackets,Court 2,Not Booked,225,16 Sep 06:11
2026-09-16,Wed,6:00 pm to 6:30 pm,Sky Nine Rackets,Court 2,Not Booked,270,16 Sep 17:32
2026-09-16,Wed,6:30 am to 7:00 am,Sky Nine Rackets,Court 2,Not Booked,225,16 Sep 06:37
2026-09-16,Wed,6:30 pm to 7:00 pm,Sky Nine Rackets,Court 2,Not Booked,270,16 Sep 18:37
2026-09-16,Wed,7:00 am to 7:30 am,Sky Nine Rackets,Court 2,Not Booked,225,16 Sep 07:06
2026-09-16,Wed,7:00 pm to 7:30 pm,Sky Nine Rackets,Court 2,Not Booked,270,16 Sep 19:06
2026-09-16,Wed,7:30 am to 8:00 am,Sky Nine Rackets,Court 2,Not Booked,225,16 Sep 07:30
2026-09-16,Wed,7:30 pm to 8:00 pm,Sky Nine Rackets,Court 2,Not Booked,270,16 Sep 19:34
2026-09-16,Wed,8:00 am to 8:30 am,Sky Nine Rackets,Court 2,Not Booked,225,16 Sep 08:04
2026-09-16,Wed,8:00 pm to 8:30 pm,Sky Nine Rackets,Court 2,Not Booked,270,16 Sep 20:07
2026-09-16,Wed,8:30 am to 9:00 am,Sky Nine Rackets,Court 2,Not Booked,225,16 Sep 08:32
2026-09-16,Wed,8:30 pm to 9:00 pm,Sky Nine Rackets,Court 2,Not Booked,270,16 Sep 20:31
2026-09-16,Wed,9:00 am to 9:30 am,Sky Nine Rackets,Court 2,Not Booked,225,16 Sep 09:06
2026-09-16,Wed,9:00 pm to 9:30 pm,Sky Nine Rackets,Court 2,Not Booked,270,16 Sep 21:04
2026-09-16,Wed,9:30 am to 10:00 am,Sky Nine Rackets,Court 2,Not Booked,225,16 Sep 09:06
2026-09-16,Wed,9:30 pm to 10:00 pm,Sky Nine Rackets,Court 2,Not Booked,270,16 Sep 21:32
2026-09-16,Wed,10:00 am to 10:30 am,Sky Nine Rackets,Court 3,Not Booked,225,16 Sep 09:33
2026-09-16,Wed,10:00 pm to 10:30 pm,Sky Nine Rackets,Court 3,Not Booked,270,16 Sep 21:32
2026-09-16,Wed,10:30 am to 11:00 am,Sky Nine Rackets,Court 3,Not Booked,225,16 Sep 09:33
2026-09-16,Wed,10:30 pm to 11:00 pm,Sky Nine Rackets,Court 3,Not Booked,270,16 Sep 22:31
2026-09-16,Wed,11:00 am to 11:30 am,Sky Nine Rackets,Court 3,Not Booked,225,16 Sep 11:03
2026-09-16,Wed,11:00 pm to 11:30 pm,Sky Nine Rackets,Court 3,Not Booked,270,16 Sep 23:02
2026-09-16,Wed,11:30 am to 12:00 pm,Sky Nine Rackets,Court 3,Not Booked,225,16 Sep 11:31
2026-09-16,Wed,11:30 pm to 12:00 am,Sky Nine Rackets,Court 3,Not Booked,270,16 Sep 23:30
2026-09-16,Wed,12:00 pm to 12:30 pm,Sky Nine Rackets,Court 3,Not Booked,225,16 Sep 12:11
2026-09-16,Wed,12:30 pm to 1:00 pm,Sky Nine Rackets,Court 3,Not Booked,225,16 Sep 12:37
2026-09-16,Wed,1:00 pm to 1:30 pm,Sky Nine Rackets,Court 3,Not Booked,225,16 Sep 13:06
2026-09-16,Wed,1:30 pm to 2:00 pm,Sky Nine Rackets,Court 3,Not Booked,225,16 Sep 13:33
2026-09-16,Wed,2:00 pm to 2:30 pm,Sky Nine Rackets,Court 3,Not Booked,225,16 Sep 14:07
2026-09-16,Wed,2:30 pm to 3:00 pm,Sky Nine Rackets,Court 3,Not Booked,225,16 Sep 14:36
2026-09-16,Wed,3:00 pm to 3:30 pm,Sky Nine Rackets,Court 3,Not Booked,225,16 Sep 15:06
2026-09-16,Wed,3:30 pm to 4:00 pm,Sky Nine Rackets,Court 3,Not Booked,225,16 Sep 15:32
2026-09-16,Wed,4:00 pm to 4:30 pm,Sky Nine Rackets,Court 3,Not Booked,225,16 Sep 16:07
2026-09-16,Wed,4:30 pm to 5:00 pm,Sky Nine Rackets,Court 3,Not Booked,225,16 Sep 16:31
2026-09-16,Wed,5:00 am to 5:30 am,Sky Nine Rackets,Court 3,Not Booked,225,16 Sep 05:02
2026-09-16,Wed,5:00 pm to 5:30 pm,Sky Nine Rackets,Court 3,Not Booked,270,16 Sep 17:05
2026-09-16,Wed,5:30 am to 6:00 am,Sky Nine Rackets,Court 3,Not Booked,225,16 Sep 05:31
2026-09-16,Wed,5:30 pm to 6:00 pm,Sky Nine Rackets,Court 3,Not Booked,270,16 Sep 17:32
2026-09-16,Wed,6:00 am to 6:30 am,Sky Nine Rackets,Court 3,Not Booked,225,16 Sep 06:11
2026-09-16,Wed,6:00 pm to 6:30 pm,Sky Nine Rackets,Court 3,Not Booked,270,16 Sep 18:10
2026-09-16,Wed,6:30 am to 7:00 am,Sky Nine Rackets,Court 3,Not Booked,225,16 Sep 06:37
2026-09-16,Wed,6:30 pm to 7:00 pm,Sky Nine Rackets,Court 3,Not Booked,270,16 Sep 18:37
2026-09-16,Wed,7:00 am to 7:30 am,Sky Nine Rackets,Court 3,Not Booked,225,16 Sep 07:06
2026-09-16,Wed,7:00 pm to 7:30 pm,Sky Nine Rackets,Court 3,Not Booked,270,16 Sep 19:06
2026-09-16,Wed,7:30 am to 8:00 am,Sky Nine Rackets,Court 3,Not Booked,225,16 Sep 07:30
2026-09-16,Wed,7:30 pm to 8:00 pm,Sky Nine Rackets,Court 3,Not Booked,270,16 Sep 19:34
2026-09-16,Wed,8:00 am to 8:30 am,Sky Nine Rackets,Court 3,Not Booked,225,16 Sep 08:04
2026-09-16,Wed,8:00 pm to 8:30 pm,Sky Nine Rackets,Court 3,Not Booked,270,16 Sep 20:07
2026-09-16,Wed,8:30 am to 9:00 am,Sky Nine Rackets,Court 3,Not Booked,225,16 Sep 08:32
2026-09-16,Wed,8:30 pm to 9:00 pm,Sky Nine Rackets,Court 3,Not Booked,270,16 Sep 20:07
2026-09-16,Wed,9:00 am to 9:30 am,Sky Nine Rackets,Court 3,Not Booked,225,16 Sep 08:32
2026-09-16,Wed,9:00 pm to 9:30 pm,Sky Nine Rackets,Court 3,Not Booked,270,16 Sep 21:04
2026-09-16,Wed,9:30 am to 10:00 am,Sky Nine Rackets,Court 3,Not Booked,225,16 Sep 09:33
2026-09-16,Wed,9:30 pm to 10:00 pm,Sky Nine Rackets,Court 3,Not Booked,270,16 Sep 21:32
2026-09-16,Wed,10:00 am to 10:30 am,Sky Nine Rackets,Court 4,Not Booked,225,16 Sep 10:03
2026-09-16,Wed,10:00 pm to 10:30 pm,Sky Nine Rackets,Court 4,Not Booked,270,16 Sep 22:05
2026-09-16,Wed,10:30 am to 11:00 am,Sky Nine Rackets,Court 4,Not Booked,225,16 Sep 10:30
2026-09-16,Wed,10:30 pm to 11:00 pm,Sky Nine Rackets,Court 4,Not Booked,270,16 Sep 22:31
2026-09-16,Wed,11:00 am to 11:30 am,Sky Nine Rackets,Court 4,Not Booked,225,16 Sep 10:30
2026-09-16,Wed,11:00 pm to 11:30 pm,Sky Nine Rackets,Court 4,Not Booked,270,16 Sep 23:02
2026-09-16,Wed,11:30 am to 12:00 pm,Sky Nine Rackets,Court 4,Not Booked,225,16 Sep 11:31
2026-09-16,Wed,11:30 pm to 12:00 am,Sky Nine Rackets,Court 4,Not Booked,270,16 Sep 23:02
2026-09-16,Wed,12:00 pm to 12:30 pm,Sky Nine Rackets,Court 4,Not Booked,225,16 Sep 12:11
2026-09-16,Wed,12:30 pm to 1:00 pm,Sky Nine Rackets,Court 4,Not Booked,225,16 Sep 12:11
2026-09-16,Wed,1:00 pm to 1:30 pm,Sky Nine Rackets,Court 4,Not Booked,225,16 Sep 13:06
2026-09-16,Wed,1:30 pm to 2:00 pm,Sky Nine Rackets,Court 4,Not Booked,225,16 Sep 13:33
2026-09-16,Wed,2:00 pm to 2:30 pm,Sky Nine Rackets,Court 4,Not Booked,225,16 Sep 14:07
2026-09-16,Wed,2:30 pm to 3:00 pm,Sky Nine Rackets,Court 4,Not Booked,225,16 Sep 14:36
2026-09-16,Wed,3:00 pm to 3:30 pm,Sky Nine Rackets,Court 4,Not Booked,225,16 Sep 15:06
2026-09-16,Wed,3:30 pm to 4:00 pm,Sky Nine Rackets,Court 4,Not Booked,225,16 Sep 15:32
2026-09-16,Wed,4:00 pm to 4:30 pm,Sky Nine Rackets,Court 4,Not Booked,225,16 Sep 16:07
2026-09-16,Wed,4:30 pm to 5:00 pm,Sky Nine Rackets,Court 4,Not Booked,225,16 Sep 16:07
2026-09-16,Wed,5:00 am to 5:30 am,Sky Nine Rackets,Court 4,Not Booked,225,16 Sep 05:02
2026-09-16,Wed,5:00 pm to 5:30 pm,Sky Nine Rackets,Court 4,Not Booked,270,16 Sep 17:05
2026-09-16,Wed,5:30 am to 6:00 am,Sky Nine Rackets,Court 4,Not Booked,225,16 Sep 05:31
2026-09-16,Wed,5:30 pm to 6:00 pm,Sky Nine Rackets,Court 4,Not Booked,270,16 Sep 17:32
2026-09-16,Wed,6:00 am to 6:30 am,Sky Nine Rackets,Court 4,Not Booked,225,16 Sep 06:11
2026-09-16,Wed,6:00 pm to 6:30 pm,Sky Nine Rackets,Court 4,Not Booked,270,16 Sep 18:10
2026-09-16,Wed,6:30 am to 7:00 am,Sky Nine Rackets,Court 4,Not Booked,225,16 Sep 06:37
2026-09-16,Wed,6:30 pm to 7:00 pm,Sky Nine Rackets,Court 4,Not Booked,270,16 Sep 18:10
2026-09-16,Wed,7:00 am to 7:30 am,Sky Nine Rackets,Court 4,Not Booked,225,16 Sep 07:06
2026-09-16,Wed,7:00 pm to 7:30 pm,Sky Nine Rackets,Court 4,Not Booked,270,16 Sep 19:06
2026-09-16,Wed,7:30 am to 8:00 am,Sky Nine Rackets,Court 4,Not Booked,225,16 Sep 07:30
2026-09-16,Wed,7:30 pm to 8:00 pm,Sky Nine Rackets,Court 4,Not Booked,270,16 Sep 19:34
2026-09-16,Wed,8:00 am to 8:30 am,Sky Nine Rackets,Court 4,Not Booked,225,16 Sep 08:04
2026-09-16,Wed,8:00 pm to 8:30 pm,Sky Nine Rackets,Court 4,Not Booked,270,16 Sep 20:07
2026-09-16,Wed,8:30 am to 9:00 am,Sky Nine Rackets,Court 4,Not Booked,225,16 Sep 08:32
2026-09-16,Wed,8:30 pm to 9:00 pm,Sky Nine Rackets,Court 4,Not Booked,270,16 Sep 20:31
2026-09-16,Wed,9:00 am to 9:30 am,Sky Nine Rackets,Court 4,Not Booked,225,16 Sep 09:06
2026-09-16,Wed,9:00 pm to 9:30 pm,Sky Nine Rackets,Court 4,Not Booked,270,16 Sep 21:04
2026-09-16,Wed,9:30 am to 10:00 am,Sky Nine Rackets,Court 4,Not Booked,225,16 Sep 09:33
2026-09-16,Wed,9:30 pm to 10:00 pm,Sky Nine Rackets,Court 4,Not Booked,270,16 Sep 21:32
2026-09-16,Wed,10:00 am to 10:30 am,Sky Nine Rackets,Court 5,Not Booked,225,16 Sep 10:03
2026-09-16,Wed,10:00 pm to 10:30 pm,Sky Nine Rackets,Court 5,Not Booked,270,16 Sep 22:05
2026-09-16,Wed,10:30 am to 11:00 am,Sky Nine Rackets,Court 5,Not Booked,225,16 Sep 10:03
2026-09-16,Wed,10:30 pm to 11:00 pm,Sky Nine Rackets,Court 5,Not Booked,270,16 Sep 22:05
2026-09-16,Wed,11:00 am to 11:30 am,Sky Nine Rackets,Court 5,Not Booked,225,16 Sep 11:03
2026-09-16,Wed,11:00 pm to 11:30 pm,Sky Nine Rackets,Court 5,Not Booked,270,16 Sep 23:02
2026-09-16,Wed,11:30 am to 12:00 pm,Sky Nine Rackets,Court 5,Not Booked,225,16 Sep 11:31
2026-09-16,Wed,11:30 pm to 12:00 am,Sky Nine Rackets,Court 5,Not Booked,270,16 Sep 23:30
2026-09-16,Wed,12:00 pm to 12:30 pm,Sky Nine Rackets,Court 5,Not Booked,225,16 Sep 12:11
2026-09-16,Wed,12:30 pm to 1:00 pm,Sky Nine Rackets,Court 5,Not Booked,225,16 Sep 12:37
2026-09-16,Wed,1:00 pm to 1:30 pm,Sky Nine Rackets,Court 5,Not Booked,225,16 Sep 13:06
2026-09-16,Wed,1:30 pm to 2:00 pm,Sky Nine Rackets,Court 5,Not Booked,225,16 Sep 13:33
2026-09-16,Wed,2:00 pm to 2:30 pm,Sky Nine Rackets,Court 5,Not Booked,225,16 Sep 14:07
2026-09-16,Wed,2:30 pm to 3:00 pm,Sky Nine Rackets,Court 5,Not Booked,225,16 Sep 14:36
2026-09-16,Wed,3:00 pm to 3:30 pm,Sky Nine Rackets,Court 5,Not Booked,225,16 Sep 15:06
2026-09-16,Wed,3:30 pm to 4:00 pm,Sky Nine Rackets,Court 5,Not Booked,225,16 Sep 15:32
2026-09-16,Wed,4:00 pm to 4:30 pm,Sky Nine Rackets,Court 5,Not Booked,225,16 Sep 16:07
2026-09-16,Wed,4:30 pm to 5:00 pm,Sky Nine Rackets,Court 5,Not Booked,225,16 Sep 16:31
2026-09-16,Wed,5:00 am to 5:30 am,Sky Nine Rackets,Court 5,Not Booked,225,16 Sep 05:02
2026-09-16,Wed,5:00 pm to 5:30 pm,Sky Nine Rackets,Court 5,Not Booked,270,16 Sep 17:05
2026-09-16,Wed,5:30 am to 6:00 am,Sky Nine Rackets,Court 5,Not Booked,225,16 Sep 05:31
2026-09-16,Wed,5:30 pm to 6:00 pm,Sky Nine Rackets,Court 5,Not Booked,270,16 Sep 17:05
2026-09-16,Wed,6:00 am to 6:30 am,Sky Nine Rackets,Court 5,Not Booked,225,16 Sep 05:31
2026-09-16,Wed,6:00 pm to 6:30 pm,Sky Nine Rackets,Court 5,Not Booked,270,16 Sep 17:05
2026-09-16,Wed,6:30 am to 7:00 am,Sky Nine Rackets,Court 5,Not Booked,225,16 Sep 06:37
2026-09-16,Wed,6:30 pm to 7:00 pm,Sky Nine Rackets,Court 5,Not Booked,270,16 Sep 18:37
2026-09-16,Wed,7:00 am to 7:30 am,Sky Nine Rackets,Court 5,Not Booked,225,16 Sep 07:06
2026-09-16,Wed,7:00 pm to 7:30 pm,Sky Nine Rackets,Court 5,Not Booked,270,16 Sep 19:06
2026-09-16,Wed,7:30 am to 8:00 am,Sky Nine Rackets,Court 5,Not Booked,225,16 Sep 07:30
2026-09-16,Wed,7:30 pm to 8:00 pm,Sky Nine Rackets,Court 5,Not Booked,270,16 Sep 19:34
2026-09-16,Wed,8:00 am to 8:30 am,Sky Nine Rackets,Court 5,Not Booked,225,16 Sep 08:04
2026-09-16,Wed,8:00 pm to 8:30 pm,Sky Nine Rackets,Court 5,Not Booked,270,16 Sep 20:07
2026-09-16,Wed,8:30 am to 9:00 am,Sky Nine Rackets,Court 5,Not Booked,225,16 Sep 08:32
2026-09-16,Wed,8:30 pm to 9:00 pm,Sky Nine Rackets,Court 5,Not Booked,270,16 Sep 20:07
2026-09-16,Wed,9:00 am to 9:30 am,Sky Nine Rackets,Court 5,Not Booked,225,16 Sep 09:06
2026-09-16,Wed,9:00 pm to 9:30 pm,Sky Nine Rackets,Court 5,Not Booked,270,16 Sep 21:04
2026-09-16,Wed,9:30 am to 10:00 am,Sky Nine Rackets,Court 5,Not Booked,225,16 Sep 09:06
2026-09-16,Wed,9:30 pm to 10:00 pm,Sky Nine Rackets,Court 5,Not Booked,270,16 Sep 21:32
2026-09-16,Wed,10:00 pm to 10:30 pm,Spodium Arena | Sector 29,Court 1,Not Booked,399,16 Sep 22:05
2026-09-16,Wed,10:30 pm to 11:00 pm,Spodium Arena | Sector 29,Court 1,Not Booked,399,16 Sep 22:31
2026-09-16,Wed,11:00 pm to 11:30 pm,Spodium Arena | Sector 29,Court 1,Not Booked,399,16 Sep 23:02
2026-09-16,Wed,11:30 pm to 12:00 am,Spodium Arena | Sector 29,Court 1,Not Booked,399,16 Sep 23:30
2026-09-16,Wed,12:00 pm to 12:30 pm,Spodium Arena | Sector 29,Court 1,Not Booked,149,16 Sep 12:11
2026-09-16,Wed,12:30 pm to 1:00 pm,Spodium Arena | Sector 29,Court 1,Not Booked,149,16 Sep 12:37
2026-09-16,Wed,1:00 pm to 1:30 pm,Spodium Arena | Sector 29,Court 1,Not Booked,149,16 Sep 13:06
2026-09-16,Wed,1:30 pm to 2:00 pm,Spodium Arena | Sector 29,Court 1,Not Booked,149,16 Sep 13:33
2026-09-16,Wed,2:00 pm to 2:30 pm,Spodium Arena | Sector 29,Court 1,Not Booked,299,16 Sep 14:07
2026-09-16,Wed,2:30 pm to 3:00 pm,Spodium Arena | Sector 29,Court 1,Not Booked,299,16 Sep 14:36
2026-09-16,Wed,3:00 pm to 3:30 pm,Spodium Arena | Sector 29,Court 1,Not Booked,299,16 Sep 15:06
2026-09-16,Wed,3:30 pm to 4:00 pm,Spodium Arena | Sector 29,Court 1,Not Booked,299,16 Sep 15:32
2026-09-16,Wed,4:00 pm to 4:30 pm,Spodium Arena | Sector 29,Court 1,Not Booked,299,16 Sep 16:07
2026-09-16,Wed,4:30 pm to 5:00 pm,Spodium Arena | Sector 29,Court 1,Not Booked,299,16 Sep 16:07
2026-09-16,Wed,5:00 am to 5:30 am,Spodium Arena | Sector 29,Court 1,Not Booked,299,16 Sep 05:02
2026-09-16,Wed,5:00 pm to 5:30 pm,Spodium Arena | Sector 29,Court 1,Not Booked,299,16 Sep 16:07
2026-09-16,Wed,5:30 am to 6:00 am,Spodium Arena | Sector 29,Court 1,Not Booked,299,16 Sep 05:31
2026-09-16,Wed,5:30 pm to 6:00 pm,Spodium Arena | Sector 29,Court 1,Not Booked,299,16 Sep 17:32
2026-09-16,Wed,6:00 am to 6:30 am,Spodium Arena | Sector 29,Court 1,Not Booked,299,16 Sep 06:11
2026-09-16,Wed,6:00 pm to 6:30 pm,Spodium Arena | Sector 29,Court 1,Not Booked,399,16 Sep 18:10
2026-09-16,Wed,6:30 am to 7:00 am,Spodium Arena | Sector 29,Court 1,Not Booked,299,16 Sep 06:37
2026-09-16,Wed,6:30 pm to 7:00 pm,Spodium Arena | Sector 29,Court 1,Not Booked,399,16 Sep 18:37
2026-09-16,Wed,7:00 am to 7:30 am,Spodium Arena | Sector 29,Court 1,Not Booked,299,16 Sep 07:06
2026-09-16,Wed,7:00 pm to 7:30 pm,Spodium Arena | Sector 29,Court 1,Not Booked,399,16 Sep 19:06
2026-09-16,Wed,7:30 am to 8:00 am,Spodium Arena | Sector 29,Court 1,Not Booked,299,16 Sep 07:30
2026-09-16,Wed,7:30 pm to 8:00 pm,Spodium Arena | Sector 29,Court 1,Not Booked,399,16 Sep 19:34
2026-09-16,Wed,8:00 pm to 8:30 pm,Spodium Arena | Sector 29,Court 1,Not Booked,399,16 Sep 20:07
2026-09-16,Wed,8:30 pm to 9:00 pm,Spodium Arena | Sector 29,Court 1,Not Booked,399,16 Sep 20:31
2026-09-16,Wed,9:00 pm to 9:30 pm,Spodium Arena | Sector 29,Court 1,Not Booked,399,16 Sep 21:04
2026-09-16,Wed,9:30 pm to 10:00 pm,Spodium Arena | Sector 29,Court 1,Not Booked,399,16 Sep 21:32
2026-09-16,Wed,10:00 pm to 10:30 pm,Spodium Arena | Sector 29,Court 2,Not Booked,399,16 Sep 22:05
2026-09-16,Wed,10:30 pm to 11:00 pm,Spodium Arena | Sector 29,Court 2,Not Booked,399,16 Sep 22:31
2026-09-16,Wed,11:00 pm to 11:30 pm,Spodium Arena | Sector 29,Court 2,Not Booked,399,16 Sep 23:02
2026-09-16,Wed,11:30 pm to 12:00 am,Spodium Arena | Sector 29,Court 2,Not Booked,399,16 Sep 23:30
2026-09-16,Wed,12:00 pm to 12:30 pm,Spodium Arena | Sector 29,Court 2,Not Booked,149,16 Sep 12:11
2026-09-16,Wed,12:30 pm to 1:00 pm,Spodium Arena | Sector 29,Court 2,Not Booked,149,16 Sep 12:37
2026-09-16,Wed,1:00 pm to 1:30 pm,Spodium Arena | Sector 29,Court 2,Not Booked,149,16 Sep 13:06
2026-09-16,Wed,1:30 pm to 2:00 pm,Spodium Arena | Sector 29,Court 2,Not Booked,149,16 Sep 13:33
2026-09-16,Wed,2:00 pm to 2:30 pm,Spodium Arena | Sector 29,Court 2,Not Booked,299,16 Sep 14:07
2026-09-16,Wed,2:30 pm to 3:00 pm,Spodium Arena | Sector 29,Court 2,Not Booked,299,16 Sep 14:36
2026-09-16,Wed,3:00 pm to 3:30 pm,Spodium Arena | Sector 29,Court 2,Not Booked,299,16 Sep 15:06
2026-09-16,Wed,3:30 pm to 4:00 pm,Spodium Arena | Sector 29,Court 2,Not Booked,299,16 Sep 15:32
2026-09-16,Wed,4:00 pm to 4:30 pm,Spodium Arena | Sector 29,Court 2,Not Booked,299,16 Sep 16:07
2026-09-16,Wed,4:30 pm to 5:00 pm,Spodium Arena | Sector 29,Court 2,Not Booked,299,16 Sep 16:31
2026-09-16,Wed,5:00 am to 5:30 am,Spodium Arena | Sector 29,Court 2,Not Booked,299,16 Sep 05:02
2026-09-16,Wed,5:00 pm to 5:30 pm,Spodium Arena | Sector 29,Court 2,Not Booked,299,16 Sep 17:05
2026-09-16,Wed,5:30 am to 6:00 am,Spodium Arena | Sector 29,Court 2,Not Booked,299,16 Sep 05:31
2026-09-16,Wed,5:30 pm to 6:00 pm,Spodium Arena | Sector 29,Court 2,Not Booked,299,16 Sep 17:32
2026-09-16,Wed,6:00 am to 6:30 am,Spodium Arena | Sector 29,Court 2,Not Booked,299,16 Sep 06:11
2026-09-16,Wed,6:00 pm to 6:30 pm,Spodium Arena | Sector 29,Court 2,Not Booked,399,16 Sep 18:10
2026-09-16,Wed,6:30 am to 7:00 am,Spodium Arena | Sector 29,Court 2,Not Booked,299,16 Sep 06:37
2026-09-16,Wed,6:30 pm to 7:00 pm,Spodium Arena | Sector 29,Court 2,Booked,399,16 Sep 18:37
2026-09-16,Wed,7:00 am to 7:30 am,Spodium Arena | Sector 29,Court 2,Not Booked,299,16 Sep 07:06
2026-09-16,Wed,7:00 pm to 7:30 pm,Spodium Arena | Sector 29,Court 2,Booked,399,16 Sep 19:06
2026-09-16,Wed,7:30 am to 8:00 am,Spodium Arena | Sector 29,Court 2,Not Booked,299,16 Sep 07:30
2026-09-16,Wed,7:30 pm to 8:00 pm,Spodium Arena | Sector 29,Court 2,Booked,399,16 Sep 19:34
2026-09-16,Wed,8:00 pm to 8:30 pm,Spodium Arena | Sector 29,Court 2,Not Booked,399,16 Sep 20:07
2026-09-16,Wed,8:30 pm to 9:00 pm,Spodium Arena | Sector 29,Court 2,Not Booked,399,16 Sep 20:31
2026-09-16,Wed,9:00 pm to 9:30 pm,Spodium Arena | Sector 29,Court 2,Not Booked,399,16 Sep 21:04
2026-09-16,Wed,9:30 pm to 10:00 pm,Spodium Arena | Sector 29,Court 2,Not Booked,399,16 Sep 21:32
2026-09-16,Wed,10:00 pm to 10:30 pm,Spodium Arena | Sector 29,Court 3,Not Booked,399,16 Sep 22:05
2026-09-16,Wed,10:30 pm to 11:00 pm,Spodium Arena | Sector 29,Court 3,Booked,399,16 Sep 22:31
2026-09-16,Wed,11:00 pm to 11:30 pm,Spodium Arena | Sector 29,Court 3,Booked,399,16 Sep 22:31
2026-09-16,Wed,11:30 pm to 12:00 am,Spodium Arena | Sector 29,Court 3,Not Booked,399,16 Sep 23:30
2026-09-16,Wed,2:00 pm to 2:30 pm,Spodium Arena | Sector 29,Court 3,Not Booked,299,16 Sep 14:07
2026-09-16,Wed,2:30 pm to 3:00 pm,Spodium Arena | Sector 29,Court 3,Not Booked,299,16 Sep 14:36
2026-09-16,Wed,3:00 pm to 3:30 pm,Spodium Arena | Sector 29,Court 3,Not Booked,299,16 Sep 15:06
2026-09-16,Wed,3:30 pm to 4:00 pm,Spodium Arena | Sector 29,Court 3,Not Booked,299,16 Sep 15:32
2026-09-16,Wed,4:00 pm to 4:30 pm,Spodium Arena | Sector 29,Court 3,Not Booked,299,16 Sep 16:07
2026-09-16,Wed,4:30 pm to 5:00 pm,Spodium Arena | Sector 29,Court 3,Not Booked,299,16 Sep 16:07
2026-09-16,Wed,5:00 am to 5:30 am,Spodium Arena | Sector 29,Court 3,Not Booked,299,16 Sep 05:02
2026-09-16,Wed,5:00 pm to 5:30 pm,Spodium Arena | Sector 29,Court 3,Not Booked,299,16 Sep 16:07
2026-09-16,Wed,5:30 am to 6:00 am,Spodium Arena | Sector 29,Court 3,Not Booked,299,16 Sep 05:31
2026-09-16,Wed,5:30 pm to 6:00 pm,Spodium Arena | Sector 29,Court 3,Not Booked,299,16 Sep 17:32
2026-09-16,Wed,6:00 am to 6:30 am,Spodium Arena | Sector 29,Court 3,Not Booked,299,16 Sep 06:11
2026-09-16,Wed,6:00 pm to 6:30 pm,Spodium Arena | Sector 29,Court 3,Not Booked,399,16 Sep 18:10
2026-09-16,Wed,6:30 am to 7:00 am,Spodium Arena | Sector 29,Court 3,Not Booked,299,16 Sep 06:37
2026-09-16,Wed,6:30 pm to 7:00 pm,Spodium Arena | Sector 29,Court 3,Not Booked,399,16 Sep 18:37
2026-09-16,Wed,7:00 am to 7:30 am,Spodium Arena | Sector 29,Court 3,Not Booked,299,16 Sep 07:06
2026-09-16,Wed,7:00 pm to 7:30 pm,Spodium Arena | Sector 29,Court 3,Booked,399,16 Sep 19:06
2026-09-16,Wed,7:30 am to 8:00 am,Spodium Arena | Sector 29,Court 3,Not Booked,299,16 Sep 07:30
2026-09-16,Wed,7:30 pm to 8:00 pm,Spodium Arena | Sector 29,Court 3,Booked,399,16 Sep 19:34
2026-09-16,Wed,8:00 pm to 8:30 pm,Spodium Arena | Sector 29,Court 3,Booked,399,16 Sep 19:34
2026-09-16,Wed,8:30 pm to 9:00 pm,Spodium Arena | Sector 29,Court 3,Booked,399,16 Sep 19:34
2026-09-16,Wed,9:00 pm to 9:30 pm,Spodium Arena | Sector 29,Court 3,Not Booked,399,16 Sep 21:04
2026-09-16,Wed,9:30 pm to 10:00 pm,Spodium Arena | Sector 29,Court 3,Not Booked,399,16 Sep 21:32
2026-09-16,Wed,10:00 pm to 10:30 pm,Spodium Arena | Sector 29,Court 4,Not Booked,399,16 Sep 22:05
2026-09-16,Wed,10:30 pm to 11:00 pm,Spodium Arena | Sector 29,Court 4,Not Booked,399,16 Sep 22:31
2026-09-16,Wed,11:00 pm to 11:30 pm,Spodium Arena | Sector 29,Court 4,Not Booked,399,16 Sep 23:02
2026-09-16,Wed,11:30 pm to 12:00 am,Spodium Arena | Sector 29,Court 4,Not Booked,399,16 Sep 23:30
2026-09-16,Wed,12:00 pm to 12:30 pm,Spodium Arena | Sector 29,Court 4,Not Booked,149,16 Sep 12:11
2026-09-16,Wed,12:30 pm to 1:00 pm,Spodium Arena | Sector 29,Court 4,Not Booked,149,16 Sep 12:37
2026-09-16,Wed,1:00 pm to 1:30 pm,Spodium Arena | Sector 29,Court 4,Not Booked,149,16 Sep 13:06
2026-09-16,Wed,1:30 pm to 2:00 pm,Spodium Arena | Sector 29,Court 4,Not Booked,149,16 Sep 13:33
2026-09-16,Wed,2:00 pm to 2:30 pm,Spodium Arena | Sector 29,Court 4,Not Booked,299,16 Sep 14:07
2026-09-16,Wed,2:30 pm to 3:00 pm,Spodium Arena | Sector 29,Court 4,Not Booked,299,16 Sep 14:36
2026-09-16,Wed,3:00 pm to 3:30 pm,Spodium Arena | Sector 29,Court 4,Not Booked,299,16 Sep 15:06
2026-09-16,Wed,3:30 pm to 4:00 pm,Spodium Arena | Sector 29,Court 4,Not Booked,299,16 Sep 15:32
2026-09-16,Wed,4:00 pm to 4:30 pm,Spodium Arena | Sector 29,Court 4,Not Booked,299,16 Sep 16:07
2026-09-16,Wed,4:30 pm to 5:00 pm,Spodium Arena | Sector 29,Court 4,Not Booked,299,16 Sep 16:31
2026-09-16,Wed,5:00 am to 5:30 am,Spodium Arena | Sector 29,Court 4,Not Booked,299,16 Sep 05:02
2026-09-16,Wed,5:00 pm to 5:30 pm,Spodium Arena | Sector 29,Court 4,Not Booked,299,16 Sep 17:05
2026-09-16,Wed,5:30 am to 6:00 am,Spodium Arena | Sector 29,Court 4,Not Booked,299,16 Sep 05:31
2026-09-16,Wed,5:30 pm to 6:00 pm,Spodium Arena | Sector 29,Court 4,Not Booked,299,16 Sep 17:32
2026-09-16,Wed,6:00 am to 6:30 am,Spodium Arena | Sector 29,Court 4,Not Booked,299,16 Sep 06:11
2026-09-16,Wed,6:00 pm to 6:30 pm,Spodium Arena | Sector 29,Court 4,Not Booked,399,16 Sep 18:10
2026-09-16,Wed,6:30 am to 7:00 am,Spodium Arena | Sector 29,Court 4,Not Booked,299,16 Sep 06:37
2026-09-16,Wed,6:30 pm to 7:00 pm,Spodium Arena | Sector 29,Court 4,Not Booked,399,16 Sep 18:37
2026-09-16,Wed,7:00 am to 7:30 am,Spodium Arena | Sector 29,Court 4,Not Booked,299,16 Sep 06:37
2026-09-16,Wed,7:00 pm to 7:30 pm,Spodium Arena | Sector 29,Court 4,Not Booked,399,16 Sep 18:37
2026-09-16,Wed,7:30 am to 8:00 am,Spodium Arena | Sector 29,Court 4,Not Booked,299,16 Sep 06:37
2026-09-16,Wed,7:30 pm to 8:00 pm,Spodium Arena | Sector 29,Court 4,Not Booked,399,16 Sep 18:37
2026-09-16,Wed,8:00 pm to 8:30 pm,Spodium Arena | Sector 29,Court 4,Not Booked,399,16 Sep 20:07
2026-09-16,Wed,8:30 pm to 9:00 pm,Spodium Arena | Sector 29,Court 4,Not Booked,399,16 Sep 20:31
2026-09-16,Wed,9:00 pm to 9:30 pm,Spodium Arena | Sector 29,Court 4,Not Booked,399,16 Sep 21:04
2026-09-16,Wed,9:30 pm to 10:00 pm,Spodium Arena | Sector 29,Court 4,Not Booked,399,16 Sep 21:04
2026-09-16,Wed,10:00 am to 11:00 am,Spuddy Multisports Academy | Noida,Pickleball (Indoor),Not Booked,350,16 Sep 10:30
2026-09-16,Wed,10:00 pm to 11:00 pm,Spuddy Multisports Academy | Noida,Pickleball (Indoor),Not Booked,400,16 Sep 22:31
2026-09-16,Wed,11:00 am to 12:00 pm,Spuddy Multisports Academy | Noida,Pickleball (Indoor),Not Booked,350,16 Sep 11:31
2026-09-16,Wed,11:00 pm to 12:00 am,Spuddy Multisports Academy | Noida,Pickleball (Indoor),Not Booked,400,16 Sep 23:30
2026-09-16,Wed,12:00 pm to 1:00 pm,Spuddy Multisports Academy | Noida,Pickleball (Indoor),Not Booked,350,16 Sep 12:37
2026-09-16,Wed,1:00 pm to 2:00 pm,Spuddy Multisports Academy | Noida,Pickleball (Indoor),Not Booked,350,16 Sep 13:33
2026-09-16,Wed,2:00 pm to 3:00 pm,Spuddy Multisports Academy | Noida,Pickleball (Indoor),Not Booked,350,16 Sep 14:36
2026-09-16,Wed,3:00 pm to 4:00 pm,Spuddy Multisports Academy | Noida,Pickleball (Indoor),Not Booked,350,16 Sep 15:32
2026-09-16,Wed,4:00 pm to 5:00 pm,Spuddy Multisports Academy | Noida,Pickleball (Indoor),Not Booked,350,16 Sep 16:31
2026-09-16,Wed,5:00 am to 6:00 am,Spuddy Multisports Academy | Noida,Pickleball (Indoor),Not Booked,500,16 Sep 05:31
2026-09-16,Wed,5:00 pm to 6:00 pm,Spuddy Multisports Academy | Noida,Pickleball (Indoor),Filling Fast,900,16 Sep 17:32
2026-09-16,Wed,6:00 am to 7:00 am,Spuddy Multisports Academy | Noida,Pickleball (Indoor),Not Booked,900,16 Sep 06:37
2026-09-16,Wed,6:00 pm to 7:00 pm,Spuddy Multisports Academy | Noida,Pickleball (Indoor),Filling Fast,900,16 Sep 18:37
2026-09-16,Wed,7:00 am to 8:00 am,Spuddy Multisports Academy | Noida,Pickleball (Indoor),Not Booked,900,16 Sep 07:30
2026-09-16,Wed,7:00 pm to 8:00 pm,Spuddy Multisports Academy | Noida,Pickleball (Indoor),Filling Fast,900,16 Sep 19:34
2026-09-16,Wed,8:00 am to 9:00 am,Spuddy Multisports Academy | Noida,Pickleball (Indoor),Not Booked,900,16 Sep 08:32
2026-09-16,Wed,8:00 pm to 9:00 pm,Spuddy Multisports Academy | Noida,Pickleball (Indoor),Filling Fast,400,16 Sep 20:31
2026-09-16,Wed,9:00 am to 10:00 am,Spuddy Multisports Academy | Noida,Pickleball (Indoor),Not Booked,350,16 Sep 09:33
2026-09-16,Wed,9:00 pm to 10:00 pm,Spuddy Multisports Academy | Noida,Pickleball (Indoor),Filling Fast,400,16 Sep 21:32
2026-09-16,Wed,10:00 pm to 10:30 pm,The Box Cage,Court 1,Not Booked,300,16 Sep 22:05
2026-09-16,Wed,10:30 pm to 11:00 pm,The Box Cage,Court 1,Not Booked,300,16 Sep 22:31
2026-09-16,Wed,11:00 pm to 11:30 pm,The Box Cage,Court 1,Not Booked,300,16 Sep 23:02
2026-09-16,Wed,11:30 pm to 12:00 am,The Box Cage,Court 1,Not Booked,300,16 Sep 23:30
2026-09-16,Wed,12:00 am to 12:30 am,The Box Cage,Court 1,Not Booked,300,16 Sep 00:33
2026-09-16,Wed,12:30 am to 1:00 am,The Box Cage,Court 1,Not Booked,300,16 Sep 00:33
2026-09-16,Wed,1:00 am to 1:30 am,The Box Cage,Court 1,Not Booked,300,16 Sep 01:03
2026-09-16,Wed,1:30 am to 2:00 am,The Box Cage,Court 1,Not Booked,300,16 Sep 01:30
2026-09-16,Wed,3:00 pm to 3:30 pm,The Box Cage,Court 1,Not Booked,300,16 Sep 15:06
2026-09-16,Wed,3:30 pm to 4:00 pm,The Box Cage,Court 1,Not Booked,300,16 Sep 15:32
2026-09-16,Wed,4:00 pm to 4:30 pm,The Box Cage,Court 1,Not Booked,300,16 Sep 16:07
2026-09-16,Wed,4:30 pm to 5:00 pm,The Box Cage,Court 1,Not Booked,300,16 Sep 16:07
2026-09-16,Wed,5:00 pm to 5:30 pm,The Box Cage,Court 1,Not Booked,300,16 Sep 17:05
2026-09-16,Wed,5:30 pm to 6:00 pm,The Box Cage,Court 1,Not Booked,300,16 Sep 17:32
2026-09-16,Wed,6:00 pm to 6:30 pm,The Box Cage,Court 1,Not Booked,300,16 Sep 18:10
2026-09-16,Wed,6:30 pm to 7:00 pm,The Box Cage,Court 1,Not Booked,300,16 Sep 18:37
2026-09-16,Wed,7:00 pm to 7:30 pm,The Box Cage,Court 1,Not Booked,300,16 Sep 19:06
2026-09-16,Wed,7:30 pm to 8:00 pm,The Box Cage,Court 1,Not Booked,300,16 Sep 19:34
2026-09-16,Wed,8:00 pm to 8:30 pm,The Box Cage,Court 1,Not Booked,300,16 Sep 20:07
2026-09-16,Wed,8:30 pm to 9:00 pm,The Box Cage,Court 1,Not Booked,300,16 Sep 20:31
2026-09-16,Wed,9:00 pm to 9:30 pm,The Box Cage,Court 1,Not Booked,300,16 Sep 21:04
2026-09-16,Wed,9:30 pm to 10:00 pm,The Box Cage,Court 1,Not Booked,300,16 Sep 21:32
2026-09-16,Wed,10:00 pm to 10:30 pm,The Box Cage,Court 2,Not Booked,300,16 Sep 22:05
2026-09-16,Wed,10:30 pm to 11:00 pm,The Box Cage,Court 2,Not Booked,300,16 Sep 22:31
2026-09-16,Wed,11:00 pm to 11:30 pm,The Box Cage,Court 2,Not Booked,300,16 Sep 22:31
2026-09-16,Wed,11:30 pm to 12:00 am,The Box Cage,Court 2,Not Booked,300,16 Sep 23:30
2026-09-16,Wed,12:00 am to 12:30 am,The Box Cage,Court 2,Not Booked,300,16 Sep 00:33
2026-09-16,Wed,12:30 am to 1:00 am,The Box Cage,Court 2,Not Booked,300,16 Sep 00:33
2026-09-16,Wed,1:00 am to 1:30 am,The Box Cage,Court 2,Not Booked,300,16 Sep 01:03
2026-09-16,Wed,1:30 am to 2:00 am,The Box Cage,Court 2,Not Booked,300,16 Sep 01:03
2026-09-16,Wed,3:00 pm to 3:30 pm,The Box Cage,Court 2,Not Booked,300,16 Sep 15:06
2026-09-16,Wed,3:30 pm to 4:00 pm,The Box Cage,Court 2,Not Booked,300,16 Sep 15:32
2026-09-16,Wed,4:00 pm to 4:30 pm,The Box Cage,Court 2,Not Booked,300,16 Sep 16:07
2026-09-16,Wed,4:30 pm to 5:00 pm,The Box Cage,Court 2,Not Booked,300,16 Sep 16:31
2026-09-16,Wed,5:00 pm to 5:30 pm,The Box Cage,Court 2,Not Booked,300,16 Sep 17:05
2026-09-16,Wed,5:30 pm to 6:00 pm,The Box Cage,Court 2,Not Booked,300,16 Sep 17:32
2026-09-16,Wed,6:00 pm to 6:30 pm,The Box Cage,Court 2,Not Booked,300,16 Sep 18:10
2026-09-16,Wed,6:30 pm to 7:00 pm,The Box Cage,Court 2,Not Booked,300,16 Sep 18:37
2026-09-16,Wed,7:00 pm to 7:30 pm,The Box Cage,Court 2,Not Booked,300,16 Sep 19:06
2026-09-16,Wed,7:30 pm to 8:00 pm,The Box Cage,Court 2,Not Booked,300,16 Sep 19:34
2026-09-16,Wed,8:00 pm to 8:30 pm,The Box Cage,Court 2,Not Booked,300,16 Sep 20:07
2026-09-16,Wed,8:30 pm to 9:00 pm,The Box Cage,Court 2,Not Booked,300,16 Sep 20:31
2026-09-16,Wed,9:00 pm to 9:30 pm,The Box Cage,Court 2,Not Booked,300,16 Sep 21:04
2026-09-16,Wed,9:30 pm to 10:00 pm,The Box Cage,Court 2,Not Booked,300,16 Sep 21:32
2026-09-16,Wed,10:00 pm to 10:30 pm,The Box Cage,Court 3,Not Booked,300,16 Sep 22:05
2026-09-16,Wed,10:30 pm to 11:00 pm,The Box Cage,Court 3,Not Booked,300,16 Sep 22:31
2026-09-16,Wed,11:00 pm to 11:30 pm,The Box Cage,Court 3,Not Booked,300,16 Sep 23:02
2026-09-16,Wed,11:30 pm to 12:00 am,The Box Cage,Court 3,Not Booked,300,16 Sep 23:30
2026-09-16,Wed,12:00 am to 12:30 am,The Box Cage,Court 3,Not Booked,300,16 Sep 00:33
2026-09-16,Wed,12:30 am to 1:00 am,The Box Cage,Court 3,Not Booked,300,16 Sep 00:33
2026-09-16,Wed,1:00 am to 1:30 am,The Box Cage,Court 3,Not Booked,300,16 Sep 00:33
2026-09-16,Wed,1:30 am to 2:00 am,The Box Cage,Court 3,Not Booked,300,16 Sep 01:30
2026-09-16,Wed,3:00 pm to 3:30 pm,The Box Cage,Court 3,Not Booked,300,16 Sep 15:06
2026-09-16,Wed,3:30 pm to 4:00 pm,The Box Cage,Court 3,Not Booked,300,16 Sep 15:32
2026-09-16,Wed,4:00 pm to 4:30 pm,The Box Cage,Court 3,Not Booked,300,16 Sep 16:07
2026-09-16,Wed,4:30 pm to 5:00 pm,The Box Cage,Court 3,Not Booked,300,16 Sep 16:31
2026-09-16,Wed,5:00 pm to 5:30 pm,The Box Cage,Court 3,Not Booked,300,16 Sep 17:05
2026-09-16,Wed,5:30 pm to 6:00 pm,The Box Cage,Court 3,Not Booked,300,16 Sep 17:32
2026-09-16,Wed,6:00 pm to 6:30 pm,The Box Cage,Court 3,Not Booked,300,16 Sep 18:10
2026-09-16,Wed,6:30 pm to 7:00 pm,The Box Cage,Court 3,Not Booked,300,16 Sep 18:37
2026-09-16,Wed,7:00 pm to 7:30 pm,The Box Cage,Court 3,Not Booked,300,16 Sep 19:06
2026-09-16,Wed,7:30 pm to 8:00 pm,The Box Cage,Court 3,Not Booked,300,16 Sep 19:06
2026-09-16,Wed,8:00 pm to 8:30 pm,The Box Cage,Court 3,Not Booked,300,16 Sep 20:07
2026-09-16,Wed,8:30 pm to 9:00 pm,The Box Cage,Court 3,Not Booked,300,16 Sep 20:31
2026-09-16,Wed,9:00 pm to 9:30 pm,The Box Cage,Court 3,Not Booked,300,16 Sep 21:04
2026-09-16,Wed,9:30 pm to 10:00 pm,The Box Cage,Court 3,Not Booked,300,16 Sep 21:32
2026-09-16,Wed,10:00 pm to 10:30 pm,The Box Cage,Court 4,Not Booked,300,16 Sep 22:05
2026-09-16,Wed,10:30 pm to 11:00 pm,The Box Cage,Court 4,Not Booked,300,16 Sep 22:31
2026-09-16,Wed,11:00 pm to 11:30 pm,The Box Cage,Court 4,Not Booked,300,16 Sep 23:02
2026-09-16,Wed,11:30 pm to 12:00 am,The Box Cage,Court 4,Not Booked,300,16 Sep 23:30
2026-09-16,Wed,12:00 am to 12:30 am,The Box Cage,Court 4,Not Booked,300,16 Sep 00:33
2026-09-16,Wed,12:30 am to 1:00 am,The Box Cage,Court 4,Not Booked,300,16 Sep 00:33
2026-09-16,Wed,1:00 am to 1:30 am,The Box Cage,Court 4,Not Booked,300,16 Sep 01:03
2026-09-16,Wed,1:30 am to 2:00 am,The Box Cage,Court 4,Not Booked,300,16 Sep 01:30
2026-09-16,Wed,3:00 pm to 3:30 pm,The Box Cage,Court 4,Not Booked,300,16 Sep 15:06
2026-09-16,Wed,3:30 pm to 4:00 pm,The Box Cage,Court 4,Not Booked,300,16 Sep 15:32
2026-09-16,Wed,4:00 pm to 4:30 pm,The Box Cage,Court 4,Not Booked,300,16 Sep 16:07
2026-09-16,Wed,4:30 pm to 5:00 pm,The Box Cage,Court 4,Not Booked,300,16 Sep 16:31
2026-09-16,Wed,5:00 pm to 5:30 pm,The Box Cage,Court 4,Not Booked,300,16 Sep 17:05
2026-09-16,Wed,5:30 pm to 6:00 pm,The Box Cage,Court 4,Not Booked,300,16 Sep 17:32
2026-09-16,Wed,6:00 pm to 6:30 pm,The Box Cage,Court 4,Not Booked,300,16 Sep 18:10
2026-09-16,Wed,6:30 pm to 7:00 pm,The Box Cage,Court 4,Not Booked,300,16 Sep 18:37
2026-09-16,Wed,7:00 pm to 7:30 pm,The Box Cage,Court 4,Not Booked,300,16 Sep 19:06
2026-09-16,Wed,7:30 pm to 8:00 pm,The Box Cage,Court 4,Not Booked,300,16 Sep 19:34
2026-09-16,Wed,8:00 pm to 8:30 pm,The Box Cage,Court 4,Not Booked,300,16 Sep 20:07
2026-09-16,Wed,8:30 pm to 9:00 pm,The Box Cage,Court 4,Not Booked,300,16 Sep 20:31
2026-09-16,Wed,9:00 pm to 9:30 pm,The Box Cage,Court 4,Not Booked,300,16 Sep 20:31
2026-09-16,Wed,9:30 pm to 10:00 pm,The Box Cage,Court 4,Not Booked,300,16 Sep 21:32
2026-09-16,Wed,4:00 pm to 4:30 pm,Zyng Gallant Sports Arena,Pickleball Courts (Outdoor),Not Booked,350,16 Sep 16:07
2026-09-16,Wed,4:30 pm to 5:00 pm,Zyng Gallant Sports Arena,Pickleball Courts (Outdoor),Not Booked,350,16 Sep 16:31
2026-09-16,Wed,5:00 pm to 5:30 pm,Zyng Gallant Sports Arena,Pickleball Courts (Outdoor),Not Booked,350,16 Sep 17:05
2026-09-16,Wed,5:30 pm to 6:00 pm,Zyng Gallant Sports Arena,Pickleball Courts (Outdoor),Not Booked,350,16 Sep 17:32
2026-09-16,Wed,6:00 pm to 6:30 pm,Zyng Gallant Sports Arena,Pickleball Courts (Outdoor),Not Booked,350,16 Sep 18:10
2026-09-16,Wed,6:30 pm to 7:00 pm,Zyng Gallant Sports Arena,Pickleball Courts (Outdoor),Not Booked,350,16 Sep 18:37
2026-09-16,Wed,7:00 pm to 7:30 pm,Zyng Gallant Sports Arena,Pickleball Courts (Outdoor),Not Booked,350,16 Sep 19:06
2026-09-16,Wed,7:30 pm to 8:00 pm,Zyng Gallant Sports Arena,Pickleball Courts (Outdoor),Not Booked,350,16 Sep 19:34
2026-09-16,Wed,8:00 pm to 8:30 pm,Zyng Gallant Sports Arena,Pickleball Courts (Outdoor),Not Booked,350,16 Sep 20:07
2026-09-16,Wed,8:30 pm to 9:00 pm,Zyng Gallant Sports Arena,Pickleball Courts (Outdoor),Not Booked,350,16 Sep 20:31
2026-09-16,Wed,9:00 pm to 9:30 pm,Zyng Gallant Sports Arena,Pickleball Courts (Outdoor),Not Booked,350,16 Sep 21:04
2026-09-16,Wed,9:30 pm to 10:00 pm,Zyng Gallant Sports Arena,Pickleball Courts (Outdoor),Not Booked,350,16 Sep 21:32
2026-09-17,Thu,10:00 am to 10:30 am,Anandmay Sports Club | Sector 128,Court 1,Not Booked,250,17 Sep 10:06
2026-09-17,Thu,10:00 pm to 10:30 pm,Anandmay Sports Club | Sector 128,Court 1,Not Booked,250,17 Sep 22:05
2026-09-17,Thu,10:30 am to 11:00 am,Anandmay Sports Club | Sector 128,Court 1,Not Booked,250,17 Sep 10:31
2026-09-17,Thu,10:30 pm to 11:00 pm,Anandmay Sports Club | Sector 128,Court 1,Not Booked,250,17 Sep 22:32
2026-09-17,Thu,11:00 am to 11:30 am,Anandmay Sports Club | Sector 128,Court 1,Not Booked,250,17 Sep 11:05
2026-09-17,Thu,11:00 pm to 11:30 pm,Anandmay Sports Club | Sector 128,Court 1,Not Booked,250,17 Sep 23:02
2026-09-17,Thu,11:30 am to 12:00 pm,Anandmay Sports Club | Sector 128,Court 1,Not Booked,250,17 Sep 11:32
2026-09-17,Thu,11:30 pm to 12:00 am,Anandmay Sports Club | Sector 128,Court 1,Not Booked,250,17 Sep 23:32
2026-09-17,Thu,12:00 am to 12:30 am,Anandmay Sports Club | Sector 128,Court 1,Not Booked,250,17 Sep 00:33
2026-09-17,Thu,12:00 pm to 12:30 pm,Anandmay Sports Club | Sector 128,Court 1,Not Booked,250,17 Sep 12:11
2026-09-17,Thu,12:30 am to 1:00 am,Anandmay Sports Club | Sector 128,Court 1,Not Booked,250,17 Sep 00:33
2026-09-17,Thu,12:30 pm to 1:00 pm,Anandmay Sports Club | Sector 128,Court 1,Not Booked,250,17 Sep 12:37
2026-09-17,Thu,1:00 am to 1:30 am,Anandmay Sports Club | Sector 128,Court 1,Not Booked,250,17 Sep 01:04
2026-09-17,Thu,1:00 pm to 1:30 pm,Anandmay Sports Club | Sector 128,Court 1,Not Booked,250,17 Sep 13:06
2026-09-17,Thu,1:30 am to 2:00 am,Anandmay Sports Club | Sector 128,Court 1,Not Booked,250,17 Sep 01:59
2026-09-17,Thu,1:30 pm to 2:00 pm,Anandmay Sports Club | Sector 128,Court 1,Not Booked,250,17 Sep 13:32
2026-09-17,Thu,2:00 am to 2:30 am,Anandmay Sports Club | Sector 128,Court 1,Not Booked,250,17 Sep 01:59
2026-09-17,Thu,2:00 pm to 2:30 pm,Anandmay Sports Club | Sector 128,Court 1,Not Booked,250,17 Sep 14:06
2026-09-17,Thu,2:30 am to 3:00 am,Anandmay Sports Club | Sector 128,Court 1,Not Booked,250,17 Sep 02:37
2026-09-17,Thu,2:30 pm to 3:00 pm,Anandmay Sports Club | Sector 128,Court 1,Not Booked,250,17 Sep 14:32
2026-09-17,Thu,3:00 am to 3:30 am,Anandmay Sports Club | Sector 128,Court 1,Not Booked,250,17 Sep 03:07
2026-09-17,Thu,3:00 pm to 3:30 pm,Anandmay Sports Club | Sector 128,Court 1,Not Booked,250,17 Sep 15:06
2026-09-17,Thu,3:30 am to 4:00 am,Anandmay Sports Club | Sector 128,Court 1,Not Booked,250,17 Sep 03:31
2026-09-17,Thu,3:30 pm to 4:00 pm,Anandmay Sports Club | Sector 128,Court 1,Not Booked,250,17 Sep 15:33
2026-09-17,Thu,4:00 am to 4:30 am,Anandmay Sports Club | Sector 128,Court 1,Not Booked,250,17 Sep 04:05
2026-09-17,Thu,4:00 pm to 4:30 pm,Anandmay Sports Club | Sector 128,Court 1,Not Booked,250,17 Sep 16:04
2026-09-17,Thu,4:30 am to 5:00 am,Anandmay Sports Club | Sector 128,Court 1,Not Booked,250,17 Sep 04:31
2026-09-17,Thu,4:30 pm to 5:00 pm,Anandmay Sports Club | Sector 128,Court 1,Not Booked,250,17 Sep 16:34
2026-09-17,Thu,5:00 am to 5:30 am,Anandmay Sports Club | Sector 128,Court 1,Not Booked,250,17 Sep 05:29
2026-09-17,Thu,5:00 pm to 5:30 pm,Anandmay Sports Club | Sector 128,Court 1,Not Booked,250,17 Sep 17:04
2026-09-17,Thu,5:30 am to 6:00 am,Anandmay Sports Club | Sector 128,Court 1,Not Booked,250,17 Sep 05:29
2026-09-17,Thu,5:30 pm to 6:00 pm,Anandmay Sports Club | Sector 128,Court 1,Not Booked,250,17 Sep 17:30
2026-09-17,Thu,6:00 am to 6:30 am,Anandmay Sports Club | Sector 128,Court 1,Not Booked,250,17 Sep 06:10
2026-09-17,Thu,6:00 pm to 6:30 pm,Anandmay Sports Club | Sector 128,Court 1,Not Booked,250,17 Sep 18:08
2026-09-17,Thu,6:30 am to 7:00 am,Anandmay Sports Club | Sector 128,Court 1,Not Booked,250,17 Sep 06:36
2026-09-17,Thu,6:30 pm to 7:00 pm,Anandmay Sports Club | Sector 128,Court 1,Not Booked,250,17 Sep 18:36
2026-09-17,Thu,7:00 am to 7:30 am,Anandmay Sports Club | Sector 128,Court 1,Not Booked,250,17 Sep 07:05
2026-09-17,Thu,7:00 pm to 7:30 pm,Anandmay Sports Club | Sector 128,Court 1,Not Booked,250,17 Sep 19:05
2026-09-17,Thu,7:30 am to 8:00 am,Anandmay Sports Club | Sector 128,Court 1,Not Booked,250,17 Sep 07:32
2026-09-17,Thu,7:30 pm to 8:00 pm,Anandmay Sports Club | Sector 128,Court 1,Not Booked,250,17 Sep 19:33
2026-09-17,Thu,8:00 am to 8:30 am,Anandmay Sports Club | Sector 128,Court 1,Not Booked,250,17 Sep 07:32
2026-09-17,Thu,8:00 pm to 8:30 pm,Anandmay Sports Club | Sector 128,Court 1,Not Booked,250,17 Sep 20:07
2026-09-17,Thu,8:30 am to 9:00 am,Anandmay Sports Club | Sector 128,Court 1,Not Booked,250,17 Sep 08:33
2026-09-17,Thu,8:30 pm to 9:00 pm,Anandmay Sports Club | Sector 128,Court 1,Not Booked,250,17 Sep 20:30
2026-09-17,Thu,9:00 am to 9:30 am,Anandmay Sports Club | Sector 128,Court 1,Not Booked,250,17 Sep 09:04
2026-09-17,Thu,9:00 pm to 9:30 pm,Anandmay Sports Club | Sector 128,Court 1,Not Booked,250,17 Sep 20:30
2026-09-17,Thu,9:30 am to 10:00 am,Anandmay Sports Club | Sector 128,Court 1,Not Booked,250,17 Sep 09:33
2026-09-17,Thu,9:30 pm to 10:00 pm,Anandmay Sports Club | Sector 128,Court 1,Not Booked,250,17 Sep 21:30
2026-09-17,Thu,10:00 am to 10:30 am,Anandmay Sports Club | Sector 128,Court 2,Not Booked,250,17 Sep 09:33
2026-09-17,Thu,10:00 pm to 10:30 pm,Anandmay Sports Club | Sector 128,Court 2,Not Booked,250,17 Sep 21:05
2026-09-17,Thu,10:30 am to 11:00 am,Anandmay Sports Club | Sector 128,Court 2,Not Booked,250,17 Sep 09:33
2026-09-17,Thu,10:30 pm to 11:00 pm,Anandmay Sports Club | Sector 128,Court 2,Not Booked,250,17 Sep 21:05
2026-09-17,Thu,11:00 am to 11:30 am,Anandmay Sports Club | Sector 128,Court 2,Not Booked,250,17 Sep 09:33
2026-09-17,Thu,11:00 pm to 11:30 pm,Anandmay Sports Club | Sector 128,Court 2,Not Booked,250,17 Sep 21:05
2026-09-17,Thu,11:30 am to 12:00 pm,Anandmay Sports Club | Sector 128,Court 2,Not Booked,250,17 Sep 09:33
2026-09-17,Thu,11:30 pm to 12:00 am,Anandmay Sports Club | Sector 128,Court 2,Not Booked,250,17 Sep 23:32
2026-09-17,Thu,12:00 pm to 12:30 pm,Anandmay Sports Club | Sector 128,Court 2,Not Booked,250,17 Sep 12:11
2026-09-17,Thu,12:30 am to 1:00 am,Anandmay Sports Club | Sector 128,Court 2,Not Booked,250,17 Sep 01:04
2026-09-17,Thu,12:30 pm to 1:00 pm,Anandmay Sports Club | Sector 128,Court 2,Not Booked,250,17 Sep 12:11
2026-09-17,Thu,1:00 am to 1:30 am,Anandmay Sports Club | Sector 128,Court 2,Not Booked,250,17 Sep 01:04
2026-09-17,Thu,1:00 pm to 1:30 pm,Anandmay Sports Club | Sector 128,Court 2,Not Booked,250,17 Sep 13:06
2026-09-17,Thu,1:30 am to 2:00 am,Anandmay Sports Club | Sector 128,Court 2,Not Booked,250,17 Sep 01:59
2026-09-17,Thu,1:30 pm to 2:00 pm,Anandmay Sports Club | Sector 128,Court 2,Not Booked,250,17 Sep 13:32
2026-09-17,Thu,2:00 am to 2:30 am,Anandmay Sports Club | Sector 128,Court 2,Not Booked,250,17 Sep 01:59
2026-09-17,Thu,2:00 pm to 2:30 pm,Anandmay Sports Club | Sector 128,Court 2,Not Booked,250,17 Sep 13:32
2026-09-17,Thu,2:30 am to 3:00 am,Anandmay Sports Club | Sector 128,Court 2,Not Booked,250,17 Sep 01:59
2026-09-17,Thu,2:30 pm to 3:00 pm,Anandmay Sports Club | Sector 128,Court 2,Not Booked,250,17 Sep 14:32
2026-09-17,Thu,3:00 am to 3:30 am,Anandmay Sports Club | Sector 128,Court 2,Not Booked,250,17 Sep 01:59
2026-09-17,Thu,3:00 pm to 3:30 pm,Anandmay Sports Club | Sector 128,Court 2,Not Booked,250,17 Sep 14:32
2026-09-17,Thu,3:30 am to 4:00 am,Anandmay Sports Club | Sector 128,Court 2,Not Booked,250,17 Sep 01:59
2026-09-17,Thu,3:30 pm to 4:00 pm,Anandmay Sports Club | Sector 128,Court 2,Not Booked,250,17 Sep 15:33
2026-09-17,Thu,4:00 am to 4:30 am,Anandmay Sports Club | Sector 128,Court 2,Not Booked,250,17 Sep 04:05
2026-09-17,Thu,4:00 pm to 4:30 pm,Anandmay Sports Club | Sector 128,Court 2,Not Booked,250,17 Sep 15:33
2026-09-17,Thu,4:30 am to 5:00 am,Anandmay Sports Club | Sector 128,Court 2,Not Booked,250,17 Sep 04:05
2026-09-17,Thu,4:30 pm to 5:00 pm,Anandmay Sports Club | Sector 128,Court 2,Not Booked,250,17 Sep 15:33
2026-09-17,Thu,5:00 am to 5:30 am,Anandmay Sports Club | Sector 128,Court 2,Not Booked,250,17 Sep 05:02
2026-09-17,Thu,5:00 pm to 5:30 pm,Anandmay Sports Club | Sector 128,Court 2,Not Booked,250,17 Sep 17:04
2026-09-17,Thu,5:30 am to 6:00 am,Anandmay Sports Club | Sector 128,Court 2,Not Booked,250,17 Sep 05:02
2026-09-17,Thu,5:30 pm to 6:00 pm,Anandmay Sports Club | Sector 128,Court 2,Not Booked,250,17 Sep 17:30
2026-09-17,Thu,6:00 am to 6:30 am,Anandmay Sports Club | Sector 128,Court 2,Not Booked,250,17 Sep 05:02
2026-09-17,Thu,6:00 pm to 6:30 pm,Anandmay Sports Club | Sector 128,Court 2,Not Booked,250,17 Sep 18:08
2026-09-17,Thu,6:30 am to 7:00 am,Anandmay Sports Club | Sector 128,Court 2,Not Booked,250,17 Sep 05:02
2026-09-17,Thu,6:30 pm to 7:00 pm,Anandmay Sports Club | Sector 128,Court 2,Not Booked,250,17 Sep 18:08
2026-09-17,Thu,7:00 am to 7:30 am,Anandmay Sports Club | Sector 128,Court 2,Not Booked,250,17 Sep 07:05
2026-09-17,Thu,7:00 pm to 7:30 pm,Anandmay Sports Club | Sector 128,Court 2,Not Booked,250,17 Sep 19:05
2026-09-17,Thu,7:30 am to 8:00 am,Anandmay Sports Club | Sector 128,Court 2,Not Booked,250,17 Sep 07:05
2026-09-17,Thu,7:30 pm to 8:00 pm,Anandmay Sports Club | Sector 128,Court 2,Not Booked,250,17 Sep 19:33
2026-09-17,Thu,8:00 am to 8:30 am,Anandmay Sports Club | Sector 128,Court 2,Not Booked,250,17 Sep 08:04
2026-09-17,Thu,8:00 pm to 8:30 pm,Anandmay Sports Club | Sector 128,Court 2,Not Booked,250,17 Sep 19:33
2026-09-17,Thu,8:30 am to 9:00 am,Anandmay Sports Club | Sector 128,Court 2,Not Booked,250,17 Sep 08:33
2026-09-17,Thu,8:30 pm to 9:00 pm,Anandmay Sports Club | Sector 128,Court 2,Not Booked,250,17 Sep 20:30
2026-09-17,Thu,9:00 am to 9:30 am,Anandmay Sports Club | Sector 128,Court 2,Not Booked,250,17 Sep 08:33
2026-09-17,Thu,9:00 pm to 9:30 pm,Anandmay Sports Club | Sector 128,Court 2,Not Booked,250,17 Sep 21:05
2026-09-17,Thu,9:30 am to 10:00 am,Anandmay Sports Club | Sector 128,Court 2,Not Booked,250,17 Sep 09:33
2026-09-17,Thu,9:30 pm to 10:00 pm,Anandmay Sports Club | Sector 128,Court 2,Not Booked,250,17 Sep 21:05
2026-09-17,Thu,10:00 am to 10:30 am,Arena 44,Court 1,Not Booked,550,17 Sep 10:06
2026-09-17,Thu,10:00 pm to 10:30 pm,Arena 44,Court 1,Not Booked,550,17 Sep 22:05
2026-09-17,Thu,10:30 am to 11:00 am,Arena 44,Court 1,Not Booked,550,17 Sep 10:31
2026-09-17,Thu,10:30 pm to 11:00 pm,Arena 44,Court 1,Not Booked,550,17 Sep 22:32
2026-09-17,Thu,3:00 pm to 3:30 pm,Arena 44,Court 1,Not Booked,550,17 Sep 15:06
2026-09-17,Thu,3:30 pm to 4:00 pm,Arena 44,Court 1,Not Booked,550,17 Sep 15:33
2026-09-17,Thu,4:00 pm to 4:30 pm,Arena 44,Court 1,Not Booked,550,17 Sep 16:04
2026-09-17,Thu,4:30 pm to 5:00 pm,Arena 44,Court 1,Not Booked,550,17 Sep 16:34
2026-09-17,Thu,5:00 pm to 5:30 pm,Arena 44,Court 1,Not Booked,550,17 Sep 16:34
2026-09-17,Thu,5:30 pm to 6:00 pm,Arena 44,Court 1,Not Booked,550,17 Sep 17:30
2026-09-17,Thu,6:00 pm to 6:30 pm,Arena 44,Court 1,Not Booked,550,17 Sep 18:08
2026-09-17,Thu,6:30 pm to 7:00 pm,Arena 44,Court 1,Not Booked,550,17 Sep 18:36
2026-09-17,Thu,7:00 am to 7:30 am,Arena 44,Court 1,Not Booked,550,17 Sep 07:05
2026-09-17,Thu,7:00 pm to 7:30 pm,Arena 44,Court 1,Not Booked,550,17 Sep 18:36
2026-09-17,Thu,7:30 am to 8:00 am,Arena 44,Court 1,Not Booked,550,17 Sep 07:32
2026-09-17,Thu,7:30 pm to 8:00 pm,Arena 44,Court 1,Booked,550,17 Sep 19:33
2026-09-17,Thu,8:00 am to 8:30 am,Arena 44,Court 1,Not Booked,550,17 Sep 07:32
2026-09-17,Thu,8:00 pm to 8:30 pm,Arena 44,Court 1,Booked,550,17 Sep 20:07
2026-09-17,Thu,8:30 am to 9:00 am,Arena 44,Court 1,Not Booked,550,17 Sep 08:33
2026-09-17,Thu,8:30 pm to 9:00 pm,Arena 44,Court 1,Booked,550,17 Sep 20:30
2026-09-17,Thu,9:00 am to 9:30 am,Arena 44,Court 1,Not Booked,550,17 Sep 09:04
2026-09-17,Thu,9:00 pm to 9:30 pm,Arena 44,Court 1,Booked,550,17 Sep 21:05
2026-09-17,Thu,9:30 am to 10:00 am,Arena 44,Court 1,Not Booked,550,17 Sep 09:33
2026-09-17,Thu,9:30 pm to 10:00 pm,Arena 44,Court 1,Not Booked,550,17 Sep 21:30
2026-09-17,Thu,10:00 am to 10:30 am,Arena 44,Court 2,Not Booked,550,17 Sep 10:06
2026-09-17,Thu,10:00 pm to 10:30 pm,Arena 44,Court 2,Not Booked,550,17 Sep 21:05
2026-09-17,Thu,10:30 am to 11:00 am,Arena 44,Court 2,Not Booked,550,17 Sep 10:31
2026-09-17,Thu,10:30 pm to 11:00 pm,Arena 44,Court 2,Not Booked,550,17 Sep 21:05
2026-09-17,Thu,3:00 pm to 3:30 pm,Arena 44,Court 2,Not Booked,550,17 Sep 15:06
2026-09-17,Thu,3:30 pm to 4:00 pm,Arena 44,Court 2,Not Booked,550,17 Sep 15:33
2026-09-17,Thu,4:00 pm to 4:30 pm,Arena 44,Court 2,Not Booked,550,17 Sep 15:33
2026-09-17,Thu,4:30 pm to 5:00 pm,Arena 44,Court 2,Not Booked,550,17 Sep 16:34
2026-09-17,Thu,5:00 pm to 5:30 pm,Arena 44,Court 2,Not Booked,550,17 Sep 17:04
2026-09-17,Thu,5:30 pm to 6:00 pm,Arena 44,Court 2,Not Booked,550,17 Sep 17:04
2026-09-17,Thu,6:00 pm to 6:30 pm,Arena 44,Court 2,Not Booked,550,17 Sep 17:04
2026-09-17,Thu,6:30 pm to 7:00 pm,Arena 44,Court 2,Not Booked,550,17 Sep 17:04
2026-09-17,Thu,7:00 am to 7:30 am,Arena 44,Court 2,Not Booked,550,17 Sep 07:05
2026-09-17,Thu,7:00 pm to 7:30 pm,Arena 44,Court 2,Booked,550,17 Sep 19:05
2026-09-17,Thu,7:30 am to 8:00 am,Arena 44,Court 2,Not Booked,550,17 Sep 07:05
2026-09-17,Thu,7:30 pm to 8:00 pm,Arena 44,Court 2,Booked,550,17 Sep 19:05
2026-09-17,Thu,8:00 am to 8:30 am,Arena 44,Court 2,Not Booked,550,17 Sep 08:04
2026-09-17,Thu,8:00 pm to 8:30 pm,Arena 44,Court 2,Booked,550,17 Sep 19:05
2026-09-17,Thu,8:30 am to 9:00 am,Arena 44,Court 2,Not Booked,550,17 Sep 08:33
2026-09-17,Thu,8:30 pm to 9:00 pm,Arena 44,Court 2,Booked,550,17 Sep 20:30
2026-09-17,Thu,9:00 am to 9:30 am,Arena 44,Court 2,Not Booked,550,17 Sep 08:33
2026-09-17,Thu,9:00 pm to 9:30 pm,Arena 44,Court 2,Not Booked,550,17 Sep 21:05
2026-09-17,Thu,9:30 am to 10:00 am,Arena 44,Court 2,Not Booked,550,17 Sep 08:33
2026-09-17,Thu,9:30 pm to 10:00 pm,Arena 44,Court 2,Not Booked,550,17 Sep 21:05
2026-09-17,Thu,10:00 am to 10:30 am,Arena 44,Court 3,Not Booked,550,17 Sep 09:33
2026-09-17,Thu,10:00 pm to 10:30 pm,Arena 44,Court 3,Not Booked,550,17 Sep 22:05
2026-09-17,Thu,10:30 am to 11:00 am,Arena 44,Court 3,Not Booked,550,17 Sep 10:31
2026-09-17,Thu,10:30 pm to 11:00 pm,Arena 44,Court 3,Not Booked,550,17 Sep 22:32
2026-09-17,Thu,3:00 pm to 3:30 pm,Arena 44,Court 3,Not Booked,550,17 Sep 15:06
2026-09-17,Thu,3:30 pm to 4:00 pm,Arena 44,Court 3,Not Booked,550,17 Sep 15:33
2026-09-17,Thu,4:00 pm to 4:30 pm,Arena 44,Court 3,Not Booked,550,17 Sep 16:04
2026-09-17,Thu,4:30 pm to 5:00 pm,Arena 44,Court 3,Not Booked,550,17 Sep 16:34
2026-09-17,Thu,5:00 pm to 5:30 pm,Arena 44,Court 3,Not Booked,550,17 Sep 16:34
2026-09-17,Thu,5:30 pm to 6:00 pm,Arena 44,Court 3,Not Booked,550,17 Sep 17:30
2026-09-17,Thu,6:00 pm to 6:30 pm,Arena 44,Court 3,Not Booked,550,17 Sep 18:08
2026-09-17,Thu,6:30 pm to 7:00 pm,Arena 44,Court 3,Not Booked,550,17 Sep 18:36
2026-09-17,Thu,7:00 am to 7:30 am,Arena 44,Court 3,Not Booked,550,17 Sep 07:05
2026-09-17,Thu,7:00 pm to 7:30 pm,Arena 44,Court 3,Booked,550,17 Sep 19:05
2026-09-17,Thu,7:30 am to 8:00 am,Arena 44,Court 3,Not Booked,550,17 Sep 07:32
2026-09-17,Thu,7:30 pm to 8:00 pm,Arena 44,Court 3,Booked,550,17 Sep 19:33
2026-09-17,Thu,8:00 am to 8:30 am,Arena 44,Court 3,Not Booked,550,17 Sep 08:04
2026-09-17,Thu,8:00 pm to 8:30 pm,Arena 44,Court 3,Booked,550,17 Sep 20:07
2026-09-17,Thu,8:30 am to 9:00 am,Arena 44,Court 3,Not Booked,550,17 Sep 08:33
2026-09-17,Thu,8:30 pm to 9:00 pm,Arena 44,Court 3,Booked,550,17 Sep 20:07
2026-09-17,Thu,9:00 am to 9:30 am,Arena 44,Court 3,Not Booked,550,17 Sep 09:04
2026-09-17,Thu,9:00 pm to 9:30 pm,Arena 44,Court 3,Filling Fast,550,17 Sep 21:05
2026-09-17,Thu,9:30 am to 10:00 am,Arena 44,Court 3,Not Booked,550,17 Sep 09:33
2026-09-17,Thu,9:30 pm to 10:00 pm,Arena 44,Court 3,Filling Fast,550,17 Sep 21:30
2026-09-17,Thu,10:00 am to 10:30 am,Arena 44,Hardy's Court 1,Not Booked,450,17 Sep 10:06
2026-09-17,Thu,10:00 pm to 10:30 pm,Arena 44,Hardy's Court 1,Not Booked,450,17 Sep 22:05
2026-09-17,Thu,10:30 am to 11:00 am,Arena 44,Hardy's Court 1,Not Booked,450,17 Sep 10:31
2026-09-17,Thu,10:30 pm to 11:00 pm,Arena 44,Hardy's Court 1,Not Booked,450,17 Sep 22:32
2026-09-17,Thu,3:00 pm to 3:30 pm,Arena 44,Hardy's Court 1,Not Booked,450,17 Sep 15:06
2026-09-17,Thu,3:30 pm to 4:00 pm,Arena 44,Hardy's Court 1,Not Booked,450,17 Sep 15:33
2026-09-17,Thu,4:00 pm to 4:30 pm,Arena 44,Hardy's Court 1,Not Booked,450,17 Sep 16:04
2026-09-17,Thu,4:30 pm to 5:00 pm,Arena 44,Hardy's Court 1,Not Booked,450,17 Sep 16:34
2026-09-17,Thu,5:00 pm to 5:30 pm,Arena 44,Hardy's Court 1,Not Booked,450,17 Sep 17:04
2026-09-17,Thu,5:30 pm to 6:00 pm,Arena 44,Hardy's Court 1,Not Booked,450,17 Sep 17:30
2026-09-17,Thu,6:00 pm to 6:30 pm,Arena 44,Hardy's Court 1,Not Booked,450,17 Sep 18:08
2026-09-17,Thu,6:30 pm to 7:00 pm,Arena 44,Hardy's Court 1,Booked,450,17 Sep 18:36
2026-09-17,Thu,7:00 am to 7:30 am,Arena 44,Hardy's Court 1,Not Booked,450,17 Sep 07:05
2026-09-17,Thu,7:00 pm to 7:30 pm,Arena 44,Hardy's Court 1,Booked,450,17 Sep 19:05
2026-09-17,Thu,7:30 am to 8:00 am,Arena 44,Hardy's Court 1,Not Booked,450,17 Sep 07:32
2026-09-17,Thu,7:30 pm to 8:00 pm,Arena 44,Hardy's Court 1,Booked,450,17 Sep 19:33
2026-09-17,Thu,8:00 am to 8:30 am,Arena 44,Hardy's Court 1,Not Booked,450,17 Sep 08:04
2026-09-17,Thu,8:00 pm to 8:30 pm,Arena 44,Hardy's Court 1,Booked,450,17 Sep 20:07
2026-09-17,Thu,8:30 am to 9:00 am,Arena 44,Hardy's Court 1,Not Booked,450,17 Sep 08:33
2026-09-17,Thu,8:30 pm to 9:00 pm,Arena 44,Hardy's Court 1,Booked,450,17 Sep 20:30
2026-09-17,Thu,9:00 am to 9:30 am,Arena 44,Hardy's Court 1,Not Booked,450,17 Sep 09:04
2026-09-17,Thu,9:00 pm to 9:30 pm,Arena 44,Hardy's Court 1,Booked,450,17 Sep 21:05
2026-09-17,Thu,9:30 am to 10:00 am,Arena 44,Hardy's Court 1,Not Booked,450,17 Sep 09:33
2026-09-17,Thu,9:30 pm to 10:00 pm,Arena 44,Hardy's Court 1,Booked,450,17 Sep 21:30
2026-09-17,Thu,10:00 am to 10:30 am,Arena 44,Hardy's Court 2,Not Booked,450,17 Sep 10:06
2026-09-17,Thu,10:00 pm to 10:30 pm,Arena 44,Hardy's Court 2,Booked,450,17 Sep 22:05
2026-09-17,Thu,10:30 am to 11:00 am,Arena 44,Hardy's Court 2,Not Booked,450,17 Sep 10:31
2026-09-17,Thu,10:30 pm to 11:00 pm,Arena 44,Hardy's Court 2,Not Booked,450,17 Sep 22:32
2026-09-17,Thu,3:00 pm to 3:30 pm,Arena 44,Hardy's Court 2,Not Booked,450,17 Sep 15:06
2026-09-17,Thu,3:30 pm to 4:00 pm,Arena 44,Hardy's Court 2,Not Booked,450,17 Sep 15:33
2026-09-17,Thu,4:00 pm to 4:30 pm,Arena 44,Hardy's Court 2,Not Booked,450,17 Sep 16:04
2026-09-17,Thu,4:30 pm to 5:00 pm,Arena 44,Hardy's Court 2,Not Booked,450,17 Sep 16:34
2026-09-17,Thu,5:00 pm to 5:30 pm,Arena 44,Hardy's Court 2,Not Booked,450,17 Sep 17:04
2026-09-17,Thu,5:30 pm to 6:00 pm,Arena 44,Hardy's Court 2,Not Booked,450,17 Sep 17:30
2026-09-17,Thu,6:00 pm to 6:30 pm,Arena 44,Hardy's Court 2,Not Booked,450,17 Sep 18:08
2026-09-17,Thu,6:30 pm to 7:00 pm,Arena 44,Hardy's Court 2,Not Booked,450,17 Sep 18:36
2026-09-17,Thu,7:00 am to 7:30 am,Arena 44,Hardy's Court 2,Not Booked,450,17 Sep 07:05
2026-09-17,Thu,7:00 pm to 7:30 pm,Arena 44,Hardy's Court 2,Booked,450,17 Sep 16:04
2026-09-17,Thu,7:30 am to 8:00 am,Arena 44,Hardy's Court 2,Not Booked,450,17 Sep 07:32
2026-09-17,Thu,7:30 pm to 8:00 pm,Arena 44,Hardy's Court 2,Booked,450,17 Sep 19:33
2026-09-17,Thu,8:00 am to 8:30 am,Arena 44,Hardy's Court 2,Not Booked,450,17 Sep 08:04
2026-09-17,Thu,8:00 pm to 8:30 pm,Arena 44,Hardy's Court 2,Booked,450,17 Sep 20:07
2026-09-17,Thu,8:30 am to 9:00 am,Arena 44,Hardy's Court 2,Not Booked,450,17 Sep 08:33
2026-09-17,Thu,8:30 pm to 9:00 pm,Arena 44,Hardy's Court 2,Booked,450,17 Sep 20:30
2026-09-17,Thu,9:00 am to 9:30 am,Arena 44,Hardy's Court 2,Not Booked,450,17 Sep 09:04
2026-09-17,Thu,9:00 pm to 9:30 pm,Arena 44,Hardy's Court 2,Booked,450,17 Sep 21:05
2026-09-17,Thu,9:30 am to 10:00 am,Arena 44,Hardy's Court 2,Not Booked,450,17 Sep 09:33
2026-09-17,Thu,9:30 pm to 10:00 pm,Arena 44,Hardy's Court 2,Booked,450,17 Sep 21:30
2026-09-17,Thu,10:00 am to 10:30 am,Arena 44,Hardy's Court 3,Not Booked,450,17 Sep 10:06
2026-09-17,Thu,10:00 pm to 10:30 pm,Arena 44,Hardy's Court 3,Booked,450,17 Sep 22:05
2026-09-17,Thu,10:30 am to 11:00 am,Arena 44,Hardy's Court 3,Not Booked,450,17 Sep 10:31
2026-09-17,Thu,10:30 pm to 11:00 pm,Arena 44,Hardy's Court 3,Not Booked,450,17 Sep 22:32
2026-09-17,Thu,3:00 pm to 3:30 pm,Arena 44,Hardy's Court 3,Not Booked,450,17 Sep 15:06
2026-09-17,Thu,3:30 pm to 4:00 pm,Arena 44,Hardy's Court 3,Not Booked,450,17 Sep 15:33
2026-09-17,Thu,4:00 pm to 4:30 pm,Arena 44,Hardy's Court 3,Not Booked,450,17 Sep 16:04
2026-09-17,Thu,4:30 pm to 5:00 pm,Arena 44,Hardy's Court 3,Not Booked,450,17 Sep 16:34
2026-09-17,Thu,5:00 pm to 5:30 pm,Arena 44,Hardy's Court 3,Not Booked,450,17 Sep 16:34
2026-09-17,Thu,5:30 pm to 6:00 pm,Arena 44,Hardy's Court 3,Not Booked,450,17 Sep 17:30
2026-09-17,Thu,6:00 pm to 6:30 pm,Arena 44,Hardy's Court 3,Not Booked,450,17 Sep 17:30
2026-09-17,Thu,6:30 pm to 7:00 pm,Arena 44,Hardy's Court 3,Not Booked,450,17 Sep 18:36
2026-09-17,Thu,7:00 am to 7:30 am,Arena 44,Hardy's Court 3,Not Booked,450,17 Sep 07:05
2026-09-17,Thu,7:00 pm to 7:30 pm,Arena 44,Hardy's Court 3,Booked,450,17 Sep 18:36
2026-09-17,Thu,7:30 am to 8:00 am,Arena 44,Hardy's Court 3,Not Booked,450,17 Sep 07:32
2026-09-17,Thu,7:30 pm to 8:00 pm,Arena 44,Hardy's Court 3,Booked,450,17 Sep 19:33
2026-09-17,Thu,8:00 am to 8:30 am,Arena 44,Hardy's Court 3,Not Booked,450,17 Sep 07:32
2026-09-17,Thu,8:00 pm to 8:30 pm,Arena 44,Hardy's Court 3,Booked,450,17 Sep 20:07
2026-09-17,Thu,8:30 am to 9:00 am,Arena 44,Hardy's Court 3,Not Booked,450,17 Sep 08:33
2026-09-17,Thu,8:30 pm to 9:00 pm,Arena 44,Hardy's Court 3,Booked,450,17 Sep 20:30
2026-09-17,Thu,9:00 am to 9:30 am,Arena 44,Hardy's Court 3,Not Booked,450,17 Sep 09:04
2026-09-17,Thu,9:00 pm to 9:30 pm,Arena 44,Hardy's Court 3,Booked,450,17 Sep 20:30
2026-09-17,Thu,9:30 am to 10:00 am,Arena 44,Hardy's Court 3,Not Booked,450,17 Sep 09:33
2026-09-17,Thu,9:30 pm to 10:00 pm,Arena 44,Hardy's Court 3,Booked,450,17 Sep 21:30
2026-09-17,Thu,10:00 am to 10:30 am,Arena 44,Hardy's Court 4,Not Booked,450,17 Sep 09:33
2026-09-17,Thu,10:00 pm to 10:30 pm,Arena 44,Hardy's Court 4,Booked,450,17 Sep 22:05
2026-09-17,Thu,10:30 am to 11:00 am,Arena 44,Hardy's Court 4,Not Booked,450,17 Sep 09:33
2026-09-17,Thu,10:30 pm to 11:00 pm,Arena 44,Hardy's Court 4,Not Booked,450,17 Sep 22:32
2026-09-17,Thu,3:00 pm to 3:30 pm,Arena 44,Hardy's Court 4,Not Booked,450,17 Sep 15:06
2026-09-17,Thu,3:30 pm to 4:00 pm,Arena 44,Hardy's Court 4,Not Booked,450,17 Sep 15:33
2026-09-17,Thu,4:00 pm to 4:30 pm,Arena 44,Hardy's Court 4,Not Booked,450,17 Sep 15:33
2026-09-17,Thu,4:30 pm to 5:00 pm,Arena 44,Hardy's Court 4,Not Booked,450,17 Sep 15:33
2026-09-17,Thu,5:00 pm to 5:30 pm,Arena 44,Hardy's Court 4,Not Booked,450,17 Sep 17:04
2026-09-17,Thu,5:30 pm to 6:00 pm,Arena 44,Hardy's Court 4,Not Booked,450,17 Sep 17:04
2026-09-17,Thu,6:00 pm to 6:30 pm,Arena 44,Hardy's Court 4,Not Booked,450,17 Sep 18:08
2026-09-17,Thu,6:30 pm to 7:00 pm,Arena 44,Hardy's Court 4,Not Booked,450,17 Sep 18:36
2026-09-17,Thu,7:00 am to 7:30 am,Arena 44,Hardy's Court 4,Not Booked,450,17 Sep 07:05
2026-09-17,Thu,7:00 pm to 7:30 pm,Arena 44,Hardy's Court 4,Booked,450,17 Sep 19:05
2026-09-17,Thu,7:30 am to 8:00 am,Arena 44,Hardy's Court 4,Not Booked,450,17 Sep 07:05
2026-09-17,Thu,7:30 pm to 8:00 pm,Arena 44,Hardy's Court 4,Booked,450,17 Sep 19:33
2026-09-17,Thu,8:00 am to 8:30 am,Arena 44,Hardy's Court 4,Not Booked,450,17 Sep 08:04
2026-09-17,Thu,8:00 pm to 8:30 pm,Arena 44,Hardy's Court 4,Booked,450,17 Sep 20:07
2026-09-17,Thu,8:30 am to 9:00 am,Arena 44,Hardy's Court 4,Not Booked,450,17 Sep 08:04
2026-09-17,Thu,8:30 pm to 9:00 pm,Arena 44,Hardy's Court 4,Booked,450,17 Sep 20:07
2026-09-17,Thu,9:00 am to 9:30 am,Arena 44,Hardy's Court 4,Not Booked,450,17 Sep 08:04
2026-09-17,Thu,9:00 pm to 9:30 pm,Arena 44,Hardy's Court 4,Booked,450,17 Sep 21:05
2026-09-17,Thu,9:30 am to 10:00 am,Arena 44,Hardy's Court 4,Not Booked,450,17 Sep 09:33
2026-09-17,Thu,9:30 pm to 10:00 pm,Arena 44,Hardy's Court 4,Booked,450,17 Sep 21:30
2026-09-17,Thu,10:00 pm to 10:30 pm,CoPlay RISE | Sec 73 Noida,Court 1,Not Booked,200,17 Sep 19:05
2026-09-17,Thu,10:30 pm to 11:00 pm,CoPlay RISE | Sec 73 Noida,Court 1,Not Booked,200,17 Sep 19:05
2026-09-17,Thu,11:00 pm to 11:30 pm,CoPlay RISE | Sec 73 Noida,Court 1,Not Booked,200,17 Sep 19:05
2026-09-17,Thu,11:30 pm to 12:00 am,CoPlay RISE | Sec 73 Noida,Court 1,Not Booked,200,17 Sep 19:05
2026-09-17,Thu,5:00 am to 5:30 am,CoPlay RISE | Sec 73 Noida,Court 1,Not Booked,200,17 Sep 05:29
2026-09-17,Thu,5:30 am to 6:00 am,CoPlay RISE | Sec 73 Noida,Court 1,Not Booked,200,17 Sep 05:29
2026-09-17,Thu,6:00 am to 6:30 am,CoPlay RISE | Sec 73 Noida,Court 1,Not Booked,200,17 Sep 06:10
2026-09-17,Thu,6:30 am to 7:00 am,CoPlay RISE | Sec 73 Noida,Court 1,Not Booked,200,17 Sep 06:36
2026-09-17,Thu,7:00 am to 7:30 am,CoPlay RISE | Sec 73 Noida,Court 1,Not Booked,200,17 Sep 07:05
2026-09-17,Thu,7:00 pm to 7:30 pm,CoPlay RISE | Sec 73 Noida,Court 1,Not Booked,200,17 Sep 19:05
2026-09-17,Thu,7:30 am to 8:00 am,CoPlay RISE | Sec 73 Noida,Court 1,Not Booked,200,17 Sep 07:32
2026-09-17,Thu,7:30 pm to 8:00 pm,CoPlay RISE | Sec 73 Noida,Court 1,Not Booked,200,17 Sep 19:33
2026-09-17,Thu,8:00 am to 8:30 am,CoPlay RISE | Sec 73 Noida,Court 1,Not Booked,200,17 Sep 08:04
2026-09-17,Thu,8:00 pm to 8:30 pm,CoPlay RISE | Sec 73 Noida,Court 1,Not Booked,200,17 Sep 20:07
2026-09-17,Thu,8:30 am to 9:00 am,CoPlay RISE | Sec 73 Noida,Court 1,Not Booked,200,17 Sep 08:33
2026-09-17,Thu,8:30 pm to 9:00 pm,CoPlay RISE | Sec 73 Noida,Court 1,Not Booked,200,17 Sep 20:30
2026-09-17,Thu,9:00 pm to 9:30 pm,CoPlay RISE | Sec 73 Noida,Court 1,Not Booked,200,17 Sep 21:05
2026-09-17,Thu,9:30 pm to 10:00 pm,CoPlay RISE | Sec 73 Noida,Court 1,Not Booked,200,17 Sep 21:30
2026-09-17,Thu,10:00 pm to 10:30 pm,CoPlay RISE | Sec 73 Noida,Court 2,Not Booked,200,17 Sep 19:05
2026-09-17,Thu,10:30 pm to 11:00 pm,CoPlay RISE | Sec 73 Noida,Court 2,Not Booked,200,17 Sep 19:05
2026-09-17,Thu,11:00 pm to 11:30 pm,CoPlay RISE | Sec 73 Noida,Court 2,Not Booked,200,17 Sep 19:05
2026-09-17,Thu,11:30 pm to 12:00 am,CoPlay RISE | Sec 73 Noida,Court 2,Not Booked,200,17 Sep 19:05
2026-09-17,Thu,5:00 am to 5:30 am,CoPlay RISE | Sec 73 Noida,Court 2,Not Booked,200,17 Sep 05:29
2026-09-17,Thu,5:30 am to 6:00 am,CoPlay RISE | Sec 73 Noida,Court 2,Not Booked,200,17 Sep 05:29
2026-09-17,Thu,6:00 am to 6:30 am,CoPlay RISE | Sec 73 Noida,Court 2,Not Booked,200,17 Sep 06:10
2026-09-17,Thu,6:30 am to 7:00 am,CoPlay RISE | Sec 73 Noida,Court 2,Not Booked,200,17 Sep 06:36
2026-09-17,Thu,7:00 am to 7:30 am,CoPlay RISE | Sec 73 Noida,Court 2,Not Booked,200,17 Sep 07:05
2026-09-17,Thu,7:00 pm to 7:30 pm,CoPlay RISE | Sec 73 Noida,Court 2,Not Booked,200,17 Sep 19:05
2026-09-17,Thu,7:30 am to 8:00 am,CoPlay RISE | Sec 73 Noida,Court 2,Not Booked,200,17 Sep 07:32
2026-09-17,Thu,7:30 pm to 8:00 pm,CoPlay RISE | Sec 73 Noida,Court 2,Not Booked,200,17 Sep 19:33
2026-09-17,Thu,8:00 am to 8:30 am,CoPlay RISE | Sec 73 Noida,Court 2,Not Booked,200,17 Sep 08:04
2026-09-17,Thu,8:00 pm to 8:30 pm,CoPlay RISE | Sec 73 Noida,Court 2,Not Booked,200,17 Sep 20:07
2026-09-17,Thu,8:30 am to 9:00 am,CoPlay RISE | Sec 73 Noida,Court 2,Not Booked,200,17 Sep 08:33
2026-09-17,Thu,8:30 pm to 9:00 pm,CoPlay RISE | Sec 73 Noida,Court 2,Not Booked,200,17 Sep 20:30
2026-09-17,Thu,9:00 pm to 9:30 pm,CoPlay RISE | Sec 73 Noida,Court 2,Not Booked,200,17 Sep 21:05
2026-09-17,Thu,9:30 pm to 10:00 pm,CoPlay RISE | Sec 73 Noida,Court 2,Not Booked,200,17 Sep 21:30
2026-09-17,Thu,4:00 pm to 4:30 pm,CoPlay | Sec 50 Noida,Court 1,Not Booked,350,17 Sep 15:33
2026-09-17,Thu,4:30 pm to 5:00 pm,CoPlay | Sec 50 Noida,Court 1,Not Booked,350,17 Sep 16:34
2026-09-17,Thu,7:00 pm to 7:30 pm,CoPlay | Sec 50 Noida,Court 1,Not Booked,350,17 Sep 18:36
2026-09-17,Thu,7:30 pm to 8:00 pm,CoPlay | Sec 50 Noida,Court 1,Not Booked,350,17 Sep 19:33
2026-09-17,Thu,8:00 pm to 8:30 pm,CoPlay | Sec 50 Noida,Court 1,Not Booked,350,17 Sep 20:07
2026-09-17,Thu,8:30 pm to 9:00 pm,CoPlay | Sec 50 Noida,Court 1,Not Booked,350,17 Sep 20:30
2026-09-17,Thu,4:00 pm to 4:30 pm,CoPlay | Sec 50 Noida,Court 2,Not Booked,350,17 Sep 16:04
2026-09-17,Thu,4:30 pm to 5:00 pm,CoPlay | Sec 50 Noida,Court 2,Not Booked,350,17 Sep 16:34
2026-09-17,Thu,7:00 pm to 7:30 pm,CoPlay | Sec 50 Noida,Court 2,Not Booked,350,17 Sep 19:05
2026-09-17,Thu,7:30 pm to 8:00 pm,CoPlay | Sec 50 Noida,Court 2,Not Booked,350,17 Sep 19:33
2026-09-17,Thu,8:00 pm to 8:30 pm,CoPlay | Sec 50 Noida,Court 2,Not Booked,350,17 Sep 20:07
2026-09-17,Thu,8:30 pm to 9:00 pm,CoPlay | Sec 50 Noida,Court 2,Not Booked,350,17 Sep 20:30
2026-09-17,Thu,4:00 pm to 4:30 pm,CoPlay | Sec 50 Noida,Court 3,Not Booked,350,17 Sep 16:04
2026-09-17,Thu,4:30 pm to 5:00 pm,CoPlay | Sec 50 Noida,Court 3,Not Booked,350,17 Sep 16:34
2026-09-17,Thu,7:00 pm to 7:30 pm,CoPlay | Sec 50 Noida,Court 3,Not Booked,350,17 Sep 19:05
2026-09-17,Thu,7:30 pm to 8:00 pm,CoPlay | Sec 50 Noida,Court 3,Not Booked,350,17 Sep 19:33
2026-09-17,Thu,8:00 pm to 8:30 pm,CoPlay | Sec 50 Noida,Court 3,Not Booked,350,17 Sep 20:07
2026-09-17,Thu,8:30 pm to 9:00 pm,CoPlay | Sec 50 Noida,Court 3,Not Booked,350,17 Sep 20:07
2026-09-17,Thu,10:00 am to 10:30 am,Crickdome,Court 1,Not Booked,400,17 Sep 09:04
2026-09-17,Thu,10:00 pm to 10:30 pm,Crickdome,Court 1,Not Booked,400,17 Sep 19:33
2026-09-17,Thu,10:30 am to 11:00 am,Crickdome,Court 1,Not Booked,400,17 Sep 09:04
2026-09-17,Thu,10:30 pm to 11:00 pm,Crickdome,Court 1,Not Booked,400,17 Sep 19:33
2026-09-17,Thu,11:00 am to 11:30 am,Crickdome,Court 1,Not Booked,400,17 Sep 09:04
2026-09-17,Thu,11:00 pm to 11:30 pm,Crickdome,Court 1,Not Booked,400,17 Sep 23:02
2026-09-17,Thu,11:30 am to 12:00 pm,Crickdome,Court 1,Not Booked,400,17 Sep 09:04
2026-09-17,Thu,11:30 pm to 12:00 am,Crickdome,Court 1,Not Booked,400,17 Sep 23:32
2026-09-17,Thu,12:00 am to 12:30 am,Crickdome,Court 1,Not Booked,400,17 Sep 00:33
2026-09-17,Thu,12:00 pm to 12:30 pm,Crickdome,Court 1,Not Booked,400,17 Sep 12:11
2026-09-17,Thu,12:30 am to 1:00 am,Crickdome,Court 1,Not Booked,400,17 Sep 00:33
2026-09-17,Thu,12:30 pm to 1:00 pm,Crickdome,Court 1,Not Booked,400,17 Sep 12:11
2026-09-17,Thu,1:00 pm to 1:30 pm,Crickdome,Court 1,Not Booked,400,17 Sep 13:06
2026-09-17,Thu,1:30 pm to 2:00 pm,Crickdome,Court 1,Not Booked,400,17 Sep 13:06
2026-09-17,Thu,2:00 pm to 2:30 pm,Crickdome,Court 1,Not Booked,400,17 Sep 14:06
2026-09-17,Thu,2:30 pm to 3:00 pm,Crickdome,Court 1,Not Booked,400,17 Sep 14:32
2026-09-17,Thu,3:00 pm to 3:30 pm,Crickdome,Court 1,Not Booked,400,17 Sep 14:32
2026-09-17,Thu,3:30 pm to 4:00 pm,Crickdome,Court 1,Not Booked,400,17 Sep 15:33
2026-09-17,Thu,4:00 pm to 4:30 pm,Crickdome,Court 1,Not Booked,400,17 Sep 16:04
2026-09-17,Thu,4:30 pm to 5:00 pm,Crickdome,Court 1,Not Booked,400,17 Sep 16:34
2026-09-17,Thu,5:00 am to 5:30 am,Crickdome,Court 1,Not Booked,400,17 Sep 05:29
2026-09-17,Thu,5:00 pm to 5:30 pm,Crickdome,Court 1,Not Booked,400,17 Sep 17:04
2026-09-17,Thu,5:30 am to 6:00 am,Crickdome,Court 1,Not Booked,400,17 Sep 05:29
2026-09-17,Thu,5:30 pm to 6:00 pm,Crickdome,Court 1,Not Booked,400,17 Sep 17:30
2026-09-17,Thu,6:00 am to 6:30 am,Crickdome,Court 1,Not Booked,400,17 Sep 05:29
2026-09-17,Thu,6:00 pm to 6:30 pm,Crickdome,Court 1,Not Booked,400,17 Sep 18:08
2026-09-17,Thu,6:30 am to 7:00 am,Crickdome,Court 1,Not Booked,400,17 Sep 06:36
2026-09-17,Thu,6:30 pm to 7:00 pm,Crickdome,Court 1,Not Booked,400,17 Sep 18:08
2026-09-17,Thu,7:00 am to 7:30 am,Crickdome,Court 1,Not Booked,400,17 Sep 06:36
2026-09-17,Thu,7:00 pm to 7:30 pm,Crickdome,Court 1,Not Booked,400,17 Sep 19:05
2026-09-17,Thu,7:30 am to 8:00 am,Crickdome,Court 1,Not Booked,400,17 Sep 07:32
2026-09-17,Thu,7:30 pm to 8:00 pm,Crickdome,Court 1,Not Booked,400,17 Sep 19:33
2026-09-17,Thu,8:00 am to 8:30 am,Crickdome,Court 1,Not Booked,400,17 Sep 07:32
2026-09-17,Thu,8:00 pm to 8:30 pm,Crickdome,Court 1,Not Booked,400,17 Sep 19:33
2026-09-17,Thu,8:30 am to 9:00 am,Crickdome,Court 1,Not Booked,400,17 Sep 08:33
2026-09-17,Thu,8:30 pm to 9:00 pm,Crickdome,Court 1,Not Booked,400,17 Sep 19:33
2026-09-17,Thu,9:00 am to 9:30 am,Crickdome,Court 1,Not Booked,400,17 Sep 09:04
2026-09-17,Thu,9:00 pm to 9:30 pm,Crickdome,Court 1,Not Booked,400,17 Sep 19:33
2026-09-17,Thu,9:30 am to 10:00 am,Crickdome,Court 1,Not Booked,400,17 Sep 09:04
2026-09-17,Thu,9:30 pm to 10:00 pm,Crickdome,Court 1,Not Booked,400,17 Sep 19:33
2026-09-17,Thu,10:00 am to 10:30 am,Crickdome,Court 2,Not Booked,400,17 Sep 10:06
2026-09-17,Thu,10:00 pm to 10:30 pm,Crickdome,Court 2,Not Booked,400,17 Sep 22:05
2026-09-17,Thu,10:30 am to 11:00 am,Crickdome,Court 2,Not Booked,400,17 Sep 10:31
2026-09-17,Thu,10:30 pm to 11:00 pm,Crickdome,Court 2,Not Booked,400,17 Sep 22:32
2026-09-17,Thu,11:00 am to 11:30 am,Crickdome,Court 2,Not Booked,400,17 Sep 11:05
2026-09-17,Thu,11:00 pm to 11:30 pm,Crickdome,Court 2,Not Booked,400,17 Sep 23:02
2026-09-17,Thu,11:30 am to 12:00 pm,Crickdome,Court 2,Not Booked,400,17 Sep 11:32
2026-09-17,Thu,11:30 pm to 12:00 am,Crickdome,Court 2,Not Booked,400,17 Sep 23:32
2026-09-17,Thu,12:00 am to 12:30 am,Crickdome,Court 2,Not Booked,400,17 Sep 00:33
2026-09-17,Thu,12:00 pm to 12:30 pm,Crickdome,Court 2,Not Booked,400,17 Sep 12:11
2026-09-17,Thu,12:30 am to 1:00 am,Crickdome,Court 2,Not Booked,400,17 Sep 00:33
2026-09-17,Thu,12:30 pm to 1:00 pm,Crickdome,Court 2,Not Booked,400,17 Sep 12:37
2026-09-17,Thu,1:00 pm to 1:30 pm,Crickdome,Court 2,Not Booked,400,17 Sep 12:37
2026-09-17,Thu,1:30 pm to 2:00 pm,Crickdome,Court 2,Not Booked,400,17 Sep 13:32
2026-09-17,Thu,2:00 pm to 2:30 pm,Crickdome,Court 2,Not Booked,400,17 Sep 14:06
2026-09-17,Thu,2:30 pm to 3:00 pm,Crickdome,Court 2,Not Booked,400,17 Sep 14:06
2026-09-17,Thu,3:00 pm to 3:30 pm,Crickdome,Court 2,Not Booked,400,17 Sep 15:06
2026-09-17,Thu,3:30 pm to 4:00 pm,Crickdome,Court 2,Not Booked,400,17 Sep 15:33
2026-09-17,Thu,4:00 pm to 4:30 pm,Crickdome,Court 2,Not Booked,400,17 Sep 16:04
2026-09-17,Thu,4:30 pm to 5:00 pm,Crickdome,Court 2,Not Booked,400,17 Sep 16:34
2026-09-17,Thu,5:00 am to 5:30 am,Crickdome,Court 2,Not Booked,400,17 Sep 05:29
2026-09-17,Thu,5:00 pm to 5:30 pm,Crickdome,Court 2,Not Booked,400,17 Sep 17:04
2026-09-17,Thu,5:30 am to 6:00 am,Crickdome,Court 2,Not Booked,400,17 Sep 05:29
2026-09-17,Thu,5:30 pm to 6:00 pm,Crickdome,Court 2,Not Booked,400,17 Sep 17:30
2026-09-17,Thu,6:00 am to 6:30 am,Crickdome,Court 2,Not Booked,400,17 Sep 06:10
2026-09-17,Thu,6:00 pm to 6:30 pm,Crickdome,Court 2,Not Booked,400,17 Sep 18:08
2026-09-17,Thu,6:30 am to 7:00 am,Crickdome,Court 2,Not Booked,400,17 Sep 06:36
2026-09-17,Thu,6:30 pm to 7:00 pm,Crickdome,Court 2,Not Booked,400,17 Sep 18:36
2026-09-17,Thu,7:00 am to 7:30 am,Crickdome,Court 2,Not Booked,400,17 Sep 07:05
2026-09-17,Thu,7:00 pm to 7:30 pm,Crickdome,Court 2,Not Booked,400,17 Sep 19:05
2026-09-17,Thu,7:30 am to 8:00 am,Crickdome,Court 2,Not Booked,400,17 Sep 07:32
2026-09-17,Thu,7:30 pm to 8:00 pm,Crickdome,Court 2,Not Booked,400,17 Sep 19:05
2026-09-17,Thu,8:00 am to 8:30 am,Crickdome,Court 2,Not Booked,400,17 Sep 08:04
2026-09-17,Thu,8:00 pm to 8:30 pm,Crickdome,Court 2,Not Booked,400,17 Sep 20:07
2026-09-17,Thu,8:30 am to 9:00 am,Crickdome,Court 2,Not Booked,400,17 Sep 08:33
2026-09-17,Thu,8:30 pm to 9:00 pm,Crickdome,Court 2,Not Booked,400,17 Sep 20:30
2026-09-17,Thu,9:00 am to 9:30 am,Crickdome,Court 2,Not Booked,400,17 Sep 08:33
2026-09-17,Thu,9:00 pm to 9:30 pm,Crickdome,Court 2,Not Booked,400,17 Sep 21:05
2026-09-17,Thu,9:30 am to 10:00 am,Crickdome,Court 2,Not Booked,400,17 Sep 09:33
2026-09-17,Thu,9:30 pm to 10:00 pm,Crickdome,Court 2,Not Booked,400,17 Sep 21:30
2026-09-17,Thu,10:00 am to 10:30 am,Dinking Zone One29,Court 1,Not Booked,300,17 Sep 10:06
2026-09-17,Thu,10:00 pm to 10:30 pm,Dinking Zone One29,Court 1,Not Booked,400,17 Sep 22:05
2026-09-17,Thu,10:30 am to 11:00 am,Dinking Zone One29,Court 1,Not Booked,300,17 Sep 10:06
2026-09-17,Thu,10:30 pm to 11:00 pm,Dinking Zone One29,Court 1,Not Booked,400,17 Sep 22:32
2026-09-17,Thu,11:00 am to 11:30 am,Dinking Zone One29,Court 1,Not Booked,300,17 Sep 10:06
2026-09-17,Thu,11:00 pm to 11:30 pm,Dinking Zone One29,Court 1,Not Booked,400,17 Sep 23:02
2026-09-17,Thu,11:30 am to 12:00 pm,Dinking Zone One29,Court 1,Not Booked,300,17 Sep 11:32
2026-09-17,Thu,11:30 pm to 12:00 am,Dinking Zone One29,Court 1,Not Booked,400,17 Sep 23:02
2026-09-17,Thu,12:00 am to 12:30 am,Dinking Zone One29,Court 1,Not Booked,400,17 Sep 00:33
2026-09-17,Thu,12:00 pm to 12:30 pm,Dinking Zone One29,Court 1,Not Booked,300,17 Sep 12:11
2026-09-17,Thu,12:30 am to 1:00 am,Dinking Zone One29,Court 1,Not Booked,400,17 Sep 00:33
2026-09-17,Thu,12:30 pm to 1:00 pm,Dinking Zone One29,Court 1,Not Booked,300,17 Sep 12:37
2026-09-17,Thu,1:00 am to 1:30 am,Dinking Zone One29,Court 1,Not Booked,400,17 Sep 01:04
2026-09-17,Thu,1:00 pm to 1:30 pm,Dinking Zone One29,Court 1,Not Booked,300,17 Sep 13:06
2026-09-17,Thu,1:30 am to 2:00 am,Dinking Zone One29,Court 1,Not Booked,400,17 Sep 01:59
2026-09-17,Thu,1:30 pm to 2:00 pm,Dinking Zone One29,Court 1,Not Booked,300,17 Sep 13:32
2026-09-17,Thu,2:00 am to 2:30 am,Dinking Zone One29,Court 1,Not Booked,400,17 Sep 01:59
2026-09-17,Thu,2:00 pm to 2:30 pm,Dinking Zone One29,Court 1,Not Booked,300,17 Sep 14:06
2026-09-17,Thu,2:30 am to 3:00 am,Dinking Zone One29,Court 1,Not Booked,400,17 Sep 02:37
2026-09-17,Thu,2:30 pm to 3:00 pm,Dinking Zone One29,Court 1,Not Booked,300,17 Sep 14:32
2026-09-17,Thu,3:00 am to 3:30 am,Dinking Zone One29,Court 1,Not Booked,400,17 Sep 03:07
2026-09-17,Thu,3:00 pm to 3:30 pm,Dinking Zone One29,Court 1,Not Booked,300,17 Sep 15:06
2026-09-17,Thu,3:30 am to 4:00 am,Dinking Zone One29,Court 1,Not Booked,400,17 Sep 03:07
2026-09-17,Thu,3:30 pm to 4:00 pm,Dinking Zone One29,Court 1,Not Booked,300,17 Sep 15:33
2026-09-17,Thu,4:00 am to 4:30 am,Dinking Zone One29,Court 1,Not Booked,400,17 Sep 04:05
2026-09-17,Thu,4:00 pm to 4:30 pm,Dinking Zone One29,Court 1,Not Booked,400,17 Sep 16:04
2026-09-17,Thu,4:30 am to 5:00 am,Dinking Zone One29,Court 1,Not Booked,400,17 Sep 04:31
2026-09-17,Thu,4:30 pm to 5:00 pm,Dinking Zone One29,Court 1,Not Booked,400,17 Sep 16:34
2026-09-17,Thu,5:00 am to 5:30 am,Dinking Zone One29,Court 1,Not Booked,350,17 Sep 05:29
2026-09-17,Thu,5:00 pm to 5:30 pm,Dinking Zone One29,Court 1,Not Booked,400,17 Sep 17:04
2026-09-17,Thu,5:30 am to 6:00 am,Dinking Zone One29,Court 1,Not Booked,350,17 Sep 05:29
2026-09-17,Thu,5:30 pm to 6:00 pm,Dinking Zone One29,Court 1,Not Booked,400,17 Sep 17:30
2026-09-17,Thu,6:00 am to 6:30 am,Dinking Zone One29,Court 1,Not Booked,350,17 Sep 06:10
2026-09-17,Thu,6:00 pm to 6:30 pm,Dinking Zone One29,Court 1,Not Booked,400,17 Sep 17:30
2026-09-17,Thu,6:30 am to 7:00 am,Dinking Zone One29,Court 1,Not Booked,350,17 Sep 06:36
2026-09-17,Thu,6:30 pm to 7:00 pm,Dinking Zone One29,Court 1,Not Booked,400,17 Sep 18:36
2026-09-17,Thu,7:00 am to 7:30 am,Dinking Zone One29,Court 1,Not Booked,350,17 Sep 07:05
2026-09-17,Thu,7:00 pm to 7:30 pm,Dinking Zone One29,Court 1,Not Booked,400,17 Sep 19:05
2026-09-17,Thu,7:30 am to 8:00 am,Dinking Zone One29,Court 1,Not Booked,350,17 Sep 07:32
2026-09-17,Thu,7:30 pm to 8:00 pm,Dinking Zone One29,Court 1,Not Booked,400,17 Sep 19:33
2026-09-17,Thu,8:00 am to 8:30 am,Dinking Zone One29,Court 1,Not Booked,350,17 Sep 08:04
2026-09-17,Thu,8:00 pm to 8:30 pm,Dinking Zone One29,Court 1,Not Booked,400,17 Sep 20:07
2026-09-17,Thu,8:30 am to 9:00 am,Dinking Zone One29,Court 1,Not Booked,350,17 Sep 08:33
2026-09-17,Thu,8:30 pm to 9:00 pm,Dinking Zone One29,Court 1,Not Booked,400,17 Sep 20:07
2026-09-17,Thu,9:00 am to 9:30 am,Dinking Zone One29,Court 1,Not Booked,350,17 Sep 09:04
2026-09-17,Thu,9:00 pm to 9:30 pm,Dinking Zone One29,Court 1,Not Booked,400,17 Sep 21:05
2026-09-17,Thu,9:30 am to 10:00 am,Dinking Zone One29,Court 1,Not Booked,350,17 Sep 09:33
2026-09-17,Thu,9:30 pm to 10:00 pm,Dinking Zone One29,Court 1,Not Booked,400,17 Sep 21:30
2026-09-17,Thu,10:00 am to 10:30 am,Dinking Zone One29,Court 2,Not Booked,300,17 Sep 09:33
2026-09-17,Thu,10:00 pm to 10:30 pm,Dinking Zone One29,Court 2,Not Booked,400,17 Sep 21:30
2026-09-17,Thu,10:30 am to 11:00 am,Dinking Zone One29,Court 2,Not Booked,300,17 Sep 10:31
2026-09-17,Thu,10:30 pm to 11:00 pm,Dinking Zone One29,Court 2,Not Booked,400,17 Sep 22:32
2026-09-17,Thu,11:00 am to 11:30 am,Dinking Zone One29,Court 2,Not Booked,300,17 Sep 11:05
2026-09-17,Thu,11:00 pm to 11:30 pm,Dinking Zone One29,Court 2,Not Booked,400,17 Sep 23:02
2026-09-17,Thu,11:30 am to 12:00 pm,Dinking Zone One29,Court 2,Booked,300,17 Sep 11:32
2026-09-17,Thu,11:30 pm to 12:00 am,Dinking Zone One29,Court 2,Not Booked,400,17 Sep 23:32
2026-09-17,Thu,12:00 pm to 12:30 pm,Dinking Zone One29,Court 2,Not Booked,300,17 Sep 12:11
2026-09-17,Thu,12:30 am to 1:00 am,Dinking Zone One29,Court 2,Not Booked,400,17 Sep 01:04
2026-09-17,Thu,12:30 pm to 1:00 pm,Dinking Zone One29,Court 2,Not Booked,300,17 Sep 12:11
2026-09-17,Thu,1:00 am to 1:30 am,Dinking Zone One29,Court 2,Not Booked,400,17 Sep 01:04
2026-09-17,Thu,1:00 pm to 1:30 pm,Dinking Zone One29,Court 2,Not Booked,300,17 Sep 12:11
2026-09-17,Thu,1:30 am to 2:00 am,Dinking Zone One29,Court 2,Not Booked,400,17 Sep 01:30
2026-09-17,Thu,1:30 pm to 2:00 pm,Dinking Zone One29,Court 2,Not Booked,300,17 Sep 13:32
2026-09-17,Thu,2:00 am to 2:30 am,Dinking Zone One29,Court 2,Not Booked,400,17 Sep 01:30
2026-09-17,Thu,2:00 pm to 2:30 pm,Dinking Zone One29,Court 2,Not Booked,300,17 Sep 14:06
2026-09-17,Thu,2:30 am to 3:00 am,Dinking Zone One29,Court 2,Not Booked,400,17 Sep 02:37
2026-09-17,Thu,2:30 pm to 3:00 pm,Dinking Zone One29,Court 2,Not Booked,300,17 Sep 14:32
2026-09-17,Thu,3:00 am to 3:30 am,Dinking Zone One29,Court 2,Not Booked,400,17 Sep 03:07
2026-09-17,Thu,3:00 pm to 3:30 pm,Dinking Zone One29,Court 2,Not Booked,300,17 Sep 14:32
2026-09-17,Thu,3:30 am to 4:00 am,Dinking Zone One29,Court 2,Not Booked,400,17 Sep 03:31
2026-09-17,Thu,3:30 pm to 4:00 pm,Dinking Zone One29,Court 2,Not Booked,300,17 Sep 15:33
2026-09-17,Thu,4:00 am to 4:30 am,Dinking Zone One29,Court 2,Not Booked,400,17 Sep 04:05
2026-09-17,Thu,4:00 pm to 4:30 pm,Dinking Zone One29,Court 2,Not Booked,400,17 Sep 16:04
2026-09-17,Thu,4:30 am to 5:00 am,Dinking Zone One29,Court 2,Not Booked,400,17 Sep 04:31
2026-09-17,Thu,4:30 pm to 5:00 pm,Dinking Zone One29,Court 2,Not Booked,400,17 Sep 16:34
2026-09-17,Thu,5:00 am to 5:30 am,Dinking Zone One29,Court 2,Not Booked,350,17 Sep 05:02
2026-09-17,Thu,5:00 pm to 5:30 pm,Dinking Zone One29,Court 2,Not Booked,400,17 Sep 17:04
2026-09-17,Thu,5:30 am to 6:00 am,Dinking Zone One29,Court 2,Not Booked,350,17 Sep 05:02
2026-09-17,Thu,5:30 pm to 6:00 pm,Dinking Zone One29,Court 2,Not Booked,400,17 Sep 17:30
2026-09-17,Thu,6:00 am to 6:30 am,Dinking Zone One29,Court 2,Not Booked,350,17 Sep 06:10
2026-09-17,Thu,6:00 pm to 6:30 pm,Dinking Zone One29,Court 2,Not Booked,400,17 Sep 18:08
2026-09-17,Thu,6:30 am to 7:00 am,Dinking Zone One29,Court 2,Not Booked,350,17 Sep 06:10
2026-09-17,Thu,6:30 pm to 7:00 pm,Dinking Zone One29,Court 2,Not Booked,400,17 Sep 18:36
2026-09-17,Thu,7:00 am to 7:30 am,Dinking Zone One29,Court 2,Not Booked,350,17 Sep 06:10
2026-09-17,Thu,7:00 pm to 7:30 pm,Dinking Zone One29,Court 2,Not Booked,400,17 Sep 19:05
2026-09-17,Thu,7:30 am to 8:00 am,Dinking Zone One29,Court 2,Not Booked,350,17 Sep 07:32
2026-09-17,Thu,7:30 pm to 8:00 pm,Dinking Zone One29,Court 2,Not Booked,400,17 Sep 16:34
2026-09-17,Thu,8:00 am to 8:30 am,Dinking Zone One29,Court 2,Not Booked,350,17 Sep 08:04
2026-09-17,Thu,8:00 pm to 8:30 pm,Dinking Zone One29,Court 2,Not Booked,400,17 Sep 16:34
2026-09-17,Thu,8:30 am to 9:00 am,Dinking Zone One29,Court 2,Not Booked,350,17 Sep 08:33
2026-09-17,Thu,8:30 pm to 9:00 pm,Dinking Zone One29,Court 2,Not Booked,400,17 Sep 20:30
2026-09-17,Thu,9:00 am to 9:30 am,Dinking Zone One29,Court 2,Not Booked,350,17 Sep 09:04
2026-09-17,Thu,9:00 pm to 9:30 pm,Dinking Zone One29,Court 2,Not Booked,400,17 Sep 21:05
2026-09-17,Thu,9:30 am to 10:00 am,Dinking Zone One29,Court 2,Not Booked,350,17 Sep 09:33
2026-09-17,Thu,9:30 pm to 10:00 pm,Dinking Zone One29,Court 2,Not Booked,400,17 Sep 21:30
2026-09-17,Thu,10:00 am to 10:30 am,Dinking Zone One29,Court 3,Not Booked,300,17 Sep 10:06
2026-09-17,Thu,10:00 pm to 10:30 pm,Dinking Zone One29,Court 3,Not Booked,400,17 Sep 22:05
2026-09-17,Thu,10:30 am to 11:00 am,Dinking Zone One29,Court 3,Not Booked,300,17 Sep 10:06
2026-09-17,Thu,10:30 pm to 11:00 pm,Dinking Zone One29,Court 3,Not Booked,400,17 Sep 22:32
2026-09-17,Thu,11:00 am to 11:30 am,Dinking Zone One29,Court 3,Not Booked,300,17 Sep 11:05
2026-09-17,Thu,11:00 pm to 11:30 pm,Dinking Zone One29,Court 3,Not Booked,400,17 Sep 23:02
2026-09-17,Thu,11:30 am to 12:00 pm,Dinking Zone One29,Court 3,Not Booked,300,17 Sep 11:32
2026-09-17,Thu,11:30 pm to 12:00 am,Dinking Zone One29,Court 3,Not Booked,400,17 Sep 23:32
2026-09-17,Thu,12:00 am to 12:30 am,Dinking Zone One29,Court 3,Booked,400,17 Sep 00:33
2026-09-17,Thu,12:00 pm to 12:30 pm,Dinking Zone One29,Court 3,Not Booked,300,17 Sep 12:11
2026-09-17,Thu,12:30 am to 1:00 am,Dinking Zone One29,Court 3,Booked,400,17 Sep 00:33
2026-09-17,Thu,12:30 pm to 1:00 pm,Dinking Zone One29,Court 3,Not Booked,300,17 Sep 12:37
2026-09-17,Thu,1:00 am to 1:30 am,Dinking Zone One29,Court 3,Not Booked,400,17 Sep 01:04
2026-09-17,Thu,1:00 pm to 1:30 pm,Dinking Zone One29,Court 3,Not Booked,300,17 Sep 13:06
2026-09-17,Thu,1:30 am to 2:00 am,Dinking Zone One29,Court 3,Not Booked,400,17 Sep 01:59
2026-09-17,Thu,1:30 pm to 2:00 pm,Dinking Zone One29,Court 3,Not Booked,300,17 Sep 13:32
2026-09-17,Thu,2:00 am to 2:30 am,Dinking Zone One29,Court 3,Not Booked,400,17 Sep 01:59
2026-09-17,Thu,2:00 pm to 2:30 pm,Dinking Zone One29,Court 3,Not Booked,300,17 Sep 14:06
2026-09-17,Thu,2:30 am to 3:00 am,Dinking Zone One29,Court 3,Not Booked,400,17 Sep 02:37
2026-09-17,Thu,2:30 pm to 3:00 pm,Dinking Zone One29,Court 3,Not Booked,300,17 Sep 14:32
2026-09-17,Thu,3:00 am to 3:30 am,Dinking Zone One29,Court 3,Not Booked,400,17 Sep 03:07
2026-09-17,Thu,3:00 pm to 3:30 pm,Dinking Zone One29,Court 3,Not Booked,300,17 Sep 15:06
2026-09-17,Thu,3:30 am to 4:00 am,Dinking Zone One29,Court 3,Not Booked,400,17 Sep 03:07
2026-09-17,Thu,3:30 pm to 4:00 pm,Dinking Zone One29,Court 3,Not Booked,300,17 Sep 15:06
2026-09-17,Thu,4:00 am to 4:30 am,Dinking Zone One29,Court 3,Not Booked,400,17 Sep 04:05
2026-09-17,Thu,4:00 pm to 4:30 pm,Dinking Zone One29,Court 3,Not Booked,400,17 Sep 15:06
2026-09-17,Thu,4:30 am to 5:00 am,Dinking Zone One29,Court 3,Not Booked,400,17 Sep 04:31
2026-09-17,Thu,4:30 pm to 5:00 pm,Dinking Zone One29,Court 3,Not Booked,400,17 Sep 16:34
2026-09-17,Thu,5:00 am to 5:30 am,Dinking Zone One29,Court 3,Not Booked,350,17 Sep 05:29
2026-09-17,Thu,5:00 pm to 5:30 pm,Dinking Zone One29,Court 3,Not Booked,400,17 Sep 16:34
2026-09-17,Thu,5:30 am to 6:00 am,Dinking Zone One29,Court 3,Not Booked,350,17 Sep 05:29
2026-09-17,Thu,5:30 pm to 6:00 pm,Dinking Zone One29,Court 3,Not Booked,400,17 Sep 17:30
2026-09-17,Thu,6:00 am to 6:30 am,Dinking Zone One29,Court 3,Not Booked,350,17 Sep 06:10
2026-09-17,Thu,6:00 pm to 6:30 pm,Dinking Zone One29,Court 3,Not Booked,400,17 Sep 17:30
2026-09-17,Thu,6:30 am to 7:00 am,Dinking Zone One29,Court 3,Not Booked,350,17 Sep 06:36
2026-09-17,Thu,6:30 pm to 7:00 pm,Dinking Zone One29,Court 3,Not Booked,400,17 Sep 18:36
2026-09-17,Thu,7:00 am to 7:30 am,Dinking Zone One29,Court 3,Not Booked,350,17 Sep 07:05
2026-09-17,Thu,7:00 pm to 7:30 pm,Dinking Zone One29,Court 3,Not Booked,400,17 Sep 19:05
2026-09-17,Thu,7:30 am to 8:00 am,Dinking Zone One29,Court 3,Not Booked,350,17 Sep 07:32
2026-09-17,Thu,7:30 pm to 8:00 pm,Dinking Zone One29,Court 3,Not Booked,400,17 Sep 19:33
2026-09-17,Thu,8:00 am to 8:30 am,Dinking Zone One29,Court 3,Not Booked,350,17 Sep 08:04
2026-09-17,Thu,8:00 pm to 8:30 pm,Dinking Zone One29,Court 3,Not Booked,400,17 Sep 19:33
2026-09-17,Thu,8:30 am to 9:00 am,Dinking Zone One29,Court 3,Not Booked,350,17 Sep 08:33
2026-09-17,Thu,8:30 pm to 9:00 pm,Dinking Zone One29,Court 3,Not Booked,400,17 Sep 20:30
2026-09-17,Thu,9:00 am to 9:30 am,Dinking Zone One29,Court 3,Not Booked,350,17 Sep 09:04
2026-09-17,Thu,9:00 pm to 9:30 pm,Dinking Zone One29,Court 3,Not Booked,400,17 Sep 21:05
2026-09-17,Thu,9:30 am to 10:00 am,Dinking Zone One29,Court 3,Not Booked,350,17 Sep 09:33
2026-09-17,Thu,9:30 pm to 10:00 pm,Dinking Zone One29,Court 3,Not Booked,400,17 Sep 21:30
2026-09-17,Thu,3:00 pm to 4:00 pm,Downtown Pickleball | Sector 37,Pickleball Court,Not Booked,800,17 Sep 15:33
2026-09-17,Thu,4:00 pm to 5:00 pm,Downtown Pickleball | Sector 37,Pickleball Court,Not Booked,800,17 Sep 16:34
2026-09-17,Thu,5:00 pm to 6:00 pm,Downtown Pickleball | Sector 37,Pickleball Court,Not Booked,800,17 Sep 17:30
2026-09-17,Thu,6:00 pm to 7:00 pm,Downtown Pickleball | Sector 37,Pickleball Court,Not Booked,800,17 Sep 18:36
2026-09-17,Thu,7:00 pm to 8:00 pm,Downtown Pickleball | Sector 37,Pickleball Court,Not Booked,800,17 Sep 19:33
2026-09-17,Thu,8:00 pm to 9:00 pm,Downtown Pickleball | Sector 37,Pickleball Court,Not Booked,800,17 Sep 20:30
2026-09-17,Thu,9:00 pm to 10:00 pm,Downtown Pickleball | Sector 37,Pickleball Court,Not Booked,800,17 Sep 21:30
2026-09-17,Thu,10:00 am to 10:30 am,Heat Sports Arena 150,Court 1,Not Booked,450,17 Sep 10:06
2026-09-17,Thu,10:00 pm to 10:30 pm,Heat Sports Arena 150,Court 1,Not Booked,450,17 Sep 22:05
2026-09-17,Thu,10:30 am to 11:00 am,Heat Sports Arena 150,Court 1,Not Booked,450,17 Sep 10:31
2026-09-17,Thu,10:30 pm to 11:00 pm,Heat Sports Arena 150,Court 1,Not Booked,450,17 Sep 22:32
2026-09-17,Thu,11:00 am to 11:30 am,Heat Sports Arena 150,Court 1,Not Booked,450,17 Sep 11:05
2026-09-17,Thu,11:00 pm to 11:30 pm,Heat Sports Arena 150,Court 1,Not Booked,450,17 Sep 23:02
2026-09-17,Thu,11:30 am to 12:00 pm,Heat Sports Arena 150,Court 1,Not Booked,450,17 Sep 11:32
2026-09-17,Thu,11:30 pm to 12:00 am,Heat Sports Arena 150,Court 1,Not Booked,450,17 Sep 23:32
2026-09-17,Thu,12:00 pm to 12:30 pm,Heat Sports Arena 150,Court 1,Not Booked,450,17 Sep 12:11
2026-09-17,Thu,12:30 am to 1:00 am,Heat Sports Arena 150,Court 1,Not Booked,450,17 Sep 00:33
2026-09-17,Thu,12:30 pm to 1:00 pm,Heat Sports Arena 150,Court 1,Not Booked,450,17 Sep 12:37
2026-09-17,Thu,1:00 am to 1:30 am,Heat Sports Arena 150,Court 1,Not Booked,450,17 Sep 01:04
2026-09-17,Thu,1:00 pm to 1:30 pm,Heat Sports Arena 150,Court 1,Not Booked,450,17 Sep 13:06
2026-09-17,Thu,1:30 am to 2:00 am,Heat Sports Arena 150,Court 1,Not Booked,450,17 Sep 01:59
2026-09-17,Thu,1:30 pm to 2:00 pm,Heat Sports Arena 150,Court 1,Not Booked,450,17 Sep 13:32
2026-09-17,Thu,2:00 am to 2:30 am,Heat Sports Arena 150,Court 1,Not Booked,450,17 Sep 01:59
2026-09-17,Thu,2:00 pm to 2:30 pm,Heat Sports Arena 150,Court 1,Not Booked,450,17 Sep 14:06
2026-09-17,Thu,2:30 am to 3:00 am,Heat Sports Arena 150,Court 1,Not Booked,450,17 Sep 02:37
2026-09-17,Thu,2:30 pm to 3:00 pm,Heat Sports Arena 150,Court 1,Not Booked,450,17 Sep 14:32
2026-09-17,Thu,3:00 am to 3:30 am,Heat Sports Arena 150,Court 1,Not Booked,450,17 Sep 03:07
2026-09-17,Thu,3:00 pm to 3:30 pm,Heat Sports Arena 150,Court 1,Not Booked,450,17 Sep 15:06
2026-09-17,Thu,3:30 am to 4:00 am,Heat Sports Arena 150,Court 1,Not Booked,450,17 Sep 03:31
2026-09-17,Thu,3:30 pm to 4:00 pm,Heat Sports Arena 150,Court 1,Not Booked,450,17 Sep 15:33
2026-09-17,Thu,4:00 am to 4:30 am,Heat Sports Arena 150,Court 1,Not Booked,450,17 Sep 04:05
2026-09-17,Thu,4:00 pm to 4:30 pm,Heat Sports Arena 150,Court 1,Not Booked,450,17 Sep 16:04
2026-09-17,Thu,4:30 am to 5:00 am,Heat Sports Arena 150,Court 1,Not Booked,450,17 Sep 04:31
2026-09-17,Thu,4:30 pm to 5:00 pm,Heat Sports Arena 150,Court 1,Not Booked,450,17 Sep 16:34
2026-09-17,Thu,5:00 am to 5:30 am,Heat Sports Arena 150,Court 1,Not Booked,450,17 Sep 05:29
2026-09-17,Thu,5:00 pm to 5:30 pm,Heat Sports Arena 150,Court 1,Not Booked,450,17 Sep 17:04
2026-09-17,Thu,5:30 am to 6:00 am,Heat Sports Arena 150,Court 1,Not Booked,450,17 Sep 05:29
2026-09-17,Thu,5:30 pm to 6:00 pm,Heat Sports Arena 150,Court 1,Not Booked,450,17 Sep 17:30
2026-09-17,Thu,6:00 am to 6:30 am,Heat Sports Arena 150,Court 1,Not Booked,450,17 Sep 06:10
2026-09-17,Thu,6:00 pm to 6:30 pm,Heat Sports Arena 150,Court 1,Not Booked,450,17 Sep 18:08
2026-09-17,Thu,6:30 am to 7:00 am,Heat Sports Arena 150,Court 1,Not Booked,450,17 Sep 06:36
2026-09-17,Thu,6:30 pm to 7:00 pm,Heat Sports Arena 150,Court 1,Not Booked,450,17 Sep 18:36
2026-09-17,Thu,7:00 am to 7:30 am,Heat Sports Arena 150,Court 1,Not Booked,450,17 Sep 07:05
2026-09-17,Thu,7:00 pm to 7:30 pm,Heat Sports Arena 150,Court 1,Not Booked,450,17 Sep 19:05
2026-09-17,Thu,7:30 am to 8:00 am,Heat Sports Arena 150,Court 1,Not Booked,450,17 Sep 07:32
2026-09-17,Thu,7:30 pm to 8:00 pm,Heat Sports Arena 150,Court 1,Not Booked,450,17 Sep 19:33
2026-09-17,Thu,8:00 am to 8:30 am,Heat Sports Arena 150,Court 1,Not Booked,450,17 Sep 08:04
2026-09-17,Thu,8:00 pm to 8:30 pm,Heat Sports Arena 150,Court 1,Not Booked,450,17 Sep 20:07
2026-09-17,Thu,8:30 am to 9:00 am,Heat Sports Arena 150,Court 1,Not Booked,450,17 Sep 08:33
2026-09-17,Thu,8:30 pm to 9:00 pm,Heat Sports Arena 150,Court 1,Not Booked,450,17 Sep 20:30
2026-09-17,Thu,9:00 am to 9:30 am,Heat Sports Arena 150,Court 1,Not Booked,450,17 Sep 09:04
2026-09-17,Thu,9:00 pm to 9:30 pm,Heat Sports Arena 150,Court 1,Not Booked,450,17 Sep 21:05
2026-09-17,Thu,9:30 am to 10:00 am,Heat Sports Arena 150,Court 1,Not Booked,450,17 Sep 09:33
2026-09-17,Thu,9:30 pm to 10:00 pm,Heat Sports Arena 150,Court 1,Not Booked,450,17 Sep 21:30
2026-09-17,Thu,10:00 am to 10:30 am,Heat Sports Arena 150,Court 2,Not Booked,450,17 Sep 10:06
2026-09-17,Thu,10:00 pm to 10:30 pm,Heat Sports Arena 150,Court 2,Not Booked,450,17 Sep 22:05
2026-09-17,Thu,10:30 am to 11:00 am,Heat Sports Arena 150,Court 2,Not Booked,450,17 Sep 10:31
2026-09-17,Thu,10:30 pm to 11:00 pm,Heat Sports Arena 150,Court 2,Not Booked,450,17 Sep 22:32
2026-09-17,Thu,11:00 am to 11:30 am,Heat Sports Arena 150,Court 2,Not Booked,450,17 Sep 11:05
2026-09-17,Thu,11:00 pm to 11:30 pm,Heat Sports Arena 150,Court 2,Not Booked,450,17 Sep 23:02
2026-09-17,Thu,11:30 am to 12:00 pm,Heat Sports Arena 150,Court 2,Not Booked,450,17 Sep 11:32
2026-09-17,Thu,11:30 pm to 12:00 am,Heat Sports Arena 150,Court 2,Not Booked,450,17 Sep 23:32
2026-09-17,Thu,12:00 pm to 12:30 pm,Heat Sports Arena 150,Court 2,Not Booked,450,17 Sep 12:11
2026-09-17,Thu,12:30 am to 1:00 am,Heat Sports Arena 150,Court 2,Not Booked,450,17 Sep 00:33
2026-09-17,Thu,12:30 pm to 1:00 pm,Heat Sports Arena 150,Court 2,Not Booked,450,17 Sep 12:37
2026-09-17,Thu,1:00 am to 1:30 am,Heat Sports Arena 150,Court 2,Not Booked,450,17 Sep 01:04
2026-09-17,Thu,1:00 pm to 1:30 pm,Heat Sports Arena 150,Court 2,Not Booked,450,17 Sep 13:06
2026-09-17,Thu,1:30 am to 2:00 am,Heat Sports Arena 150,Court 2,Not Booked,450,17 Sep 01:59
2026-09-17,Thu,1:30 pm to 2:00 pm,Heat Sports Arena 150,Court 2,Not Booked,450,17 Sep 13:32
2026-09-17,Thu,2:00 am to 2:30 am,Heat Sports Arena 150,Court 2,Not Booked,450,17 Sep 01:59
2026-09-17,Thu,2:00 pm to 2:30 pm,Heat Sports Arena 150,Court 2,Not Booked,450,17 Sep 14:06
2026-09-17,Thu,2:30 am to 3:00 am,Heat Sports Arena 150,Court 2,Not Booked,450,17 Sep 02:37
2026-09-17,Thu,2:30 pm to 3:00 pm,Heat Sports Arena 150,Court 2,Not Booked,450,17 Sep 14:32
2026-09-17,Thu,3:00 am to 3:30 am,Heat Sports Arena 150,Court 2,Not Booked,450,17 Sep 03:07
2026-09-17,Thu,3:00 pm to 3:30 pm,Heat Sports Arena 150,Court 2,Not Booked,450,17 Sep 15:06
2026-09-17,Thu,3:30 am to 4:00 am,Heat Sports Arena 150,Court 2,Not Booked,450,17 Sep 03:31
2026-09-17,Thu,3:30 pm to 4:00 pm,Heat Sports Arena 150,Court 2,Not Booked,450,17 Sep 15:33
2026-09-17,Thu,4:00 am to 4:30 am,Heat Sports Arena 150,Court 2,Not Booked,450,17 Sep 04:05
2026-09-17,Thu,4:00 pm to 4:30 pm,Heat Sports Arena 150,Court 2,Not Booked,450,17 Sep 16:04
2026-09-17,Thu,4:30 am to 5:00 am,Heat Sports Arena 150,Court 2,Not Booked,450,17 Sep 04:31
2026-09-17,Thu,4:30 pm to 5:00 pm,Heat Sports Arena 150,Court 2,Not Booked,450,17 Sep 16:34
2026-09-17,Thu,5:00 am to 5:30 am,Heat Sports Arena 150,Court 2,Not Booked,450,17 Sep 05:29
2026-09-17,Thu,5:00 pm to 5:30 pm,Heat Sports Arena 150,Court 2,Not Booked,450,17 Sep 17:04
2026-09-17,Thu,5:30 am to 6:00 am,Heat Sports Arena 150,Court 2,Not Booked,450,17 Sep 05:29
2026-09-17,Thu,5:30 pm to 6:00 pm,Heat Sports Arena 150,Court 2,Not Booked,450,17 Sep 17:30
2026-09-17,Thu,6:00 am to 6:30 am,Heat Sports Arena 150,Court 2,Not Booked,450,17 Sep 06:10
2026-09-17,Thu,6:00 pm to 6:30 pm,Heat Sports Arena 150,Court 2,Not Booked,450,17 Sep 18:08
2026-09-17,Thu,6:30 am to 7:00 am,Heat Sports Arena 150,Court 2,Not Booked,450,17 Sep 06:36
2026-09-17,Thu,6:30 pm to 7:00 pm,Heat Sports Arena 150,Court 2,Not Booked,450,17 Sep 18:36
2026-09-17,Thu,7:00 am to 7:30 am,Heat Sports Arena 150,Court 2,Not Booked,450,17 Sep 07:05
2026-09-17,Thu,7:00 pm to 7:30 pm,Heat Sports Arena 150,Court 2,Not Booked,450,17 Sep 19:05
2026-09-17,Thu,7:30 am to 8:00 am,Heat Sports Arena 150,Court 2,Not Booked,450,17 Sep 07:32
2026-09-17,Thu,7:30 pm to 8:00 pm,Heat Sports Arena 150,Court 2,Not Booked,450,17 Sep 19:33
2026-09-17,Thu,8:00 am to 8:30 am,Heat Sports Arena 150,Court 2,Not Booked,450,17 Sep 08:04
2026-09-17,Thu,8:00 pm to 8:30 pm,Heat Sports Arena 150,Court 2,Not Booked,450,17 Sep 20:07
2026-09-17,Thu,8:30 am to 9:00 am,Heat Sports Arena 150,Court 2,Not Booked,450,17 Sep 08:33
2026-09-17,Thu,8:30 pm to 9:00 pm,Heat Sports Arena 150,Court 2,Not Booked,450,17 Sep 20:30
2026-09-17,Thu,9:00 am to 9:30 am,Heat Sports Arena 150,Court 2,Not Booked,450,17 Sep 09:04
2026-09-17,Thu,9:00 pm to 9:30 pm,Heat Sports Arena 150,Court 2,Not Booked,450,17 Sep 21:05
2026-09-17,Thu,9:30 am to 10:00 am,Heat Sports Arena 150,Court 2,Not Booked,450,17 Sep 09:33
2026-09-17,Thu,9:30 pm to 10:00 pm,Heat Sports Arena 150,Court 2,Not Booked,450,17 Sep 21:30
2026-09-17,Thu,10:00 am to 11:00 am,Noida Indoor Stadium,Court 1,Not Booked,944,17 Sep 10:31
2026-09-17,Thu,10:00 pm to 11:00 pm,Noida Indoor Stadium,Court 1,Not Booked,944,17 Sep 22:32
2026-09-17,Thu,11:00 am to 12:00 pm,Noida Indoor Stadium,Court 1,Not Booked,944,17 Sep 11:32
2026-09-17,Thu,11:00 pm to 12:00 am,Noida Indoor Stadium,Court 1,Not Booked,944,17 Sep 23:32
2026-09-17,Thu,12:00 pm to 1:00 pm,Noida Indoor Stadium,Court 1,Not Booked,944,17 Sep 11:32
2026-09-17,Thu,1:00 pm to 2:00 pm,Noida Indoor Stadium,Court 1,Not Booked,944,17 Sep 13:32
2026-09-17,Thu,2:00 pm to 3:00 pm,Noida Indoor Stadium,Court 1,Not Booked,944,17 Sep 14:32
2026-09-17,Thu,3:00 pm to 4:00 pm,Noida Indoor Stadium,Court 1,Not Booked,944,17 Sep 15:33
2026-09-17,Thu,6:00 am to 7:00 am,Noida Indoor Stadium,Court 1,Not Booked,944,17 Sep 06:36
2026-09-17,Thu,7:00 am to 8:00 am,Noida Indoor Stadium,Court 1,Not Booked,944,17 Sep 07:32
2026-09-17,Thu,8:00 am to 9:00 am,Noida Indoor Stadium,Court 1,Not Booked,944,17 Sep 08:33
2026-09-17,Thu,9:00 am to 10:00 am,Noida Indoor Stadium,Court 1,Not Booked,944,17 Sep 09:33
2026-09-17,Thu,9:00 pm to 10:00 pm,Noida Indoor Stadium,Court 1,Not Booked,944,17 Sep 21:30
2026-09-17,Thu,10:00 am to 11:00 am,Noida Indoor Stadium,Court 2,Not Booked,944,17 Sep 10:31
2026-09-17,Thu,10:00 pm to 11:00 pm,Noida Indoor Stadium,Court 2,Not Booked,944,17 Sep 22:32
2026-09-17,Thu,11:00 am to 12:00 pm,Noida Indoor Stadium,Court 2,Not Booked,944,17 Sep 10:31
2026-09-17,Thu,11:00 pm to 12:00 am,Noida Indoor Stadium,Court 2,Not Booked,944,17 Sep 23:32
2026-09-17,Thu,12:00 pm to 1:00 pm,Noida Indoor Stadium,Court 2,Not Booked,944,17 Sep 12:37
2026-09-17,Thu,1:00 pm to 2:00 pm,Noida Indoor Stadium,Court 2,Not Booked,944,17 Sep 13:06
2026-09-17,Thu,2:00 pm to 3:00 pm,Noida Indoor Stadium,Court 2,Not Booked,944,17 Sep 14:32
2026-09-17,Thu,3:00 pm to 4:00 pm,Noida Indoor Stadium,Court 2,Not Booked,944,17 Sep 14:32
2026-09-17,Thu,4:00 pm to 5:00 pm,Noida Indoor Stadium,Court 2,Not Booked,944,17 Sep 16:34
2026-09-17,Thu,5:00 pm to 6:00 pm,Noida Indoor Stadium,Court 2,Not Booked,944,17 Sep 17:30
2026-09-17,Thu,6:00 am to 7:00 am,Noida Indoor Stadium,Court 2,Not Booked,944,17 Sep 06:36
2026-09-17,Thu,6:00 pm to 7:00 pm,Noida Indoor Stadium,Court 2,Not Booked,944,17 Sep 18:36
2026-09-17,Thu,7:00 am to 8:00 am,Noida Indoor Stadium,Court 2,Not Booked,944,17 Sep 07:32
2026-09-17,Thu,8:00 am to 9:00 am,Noida Indoor Stadium,Court 2,Not Booked,944,17 Sep 08:33
2026-09-17,Thu,9:00 am to 10:00 am,Noida Indoor Stadium,Court 2,Not Booked,944,17 Sep 09:33
2026-09-17,Thu,9:00 pm to 10:00 pm,Noida Indoor Stadium,Court 2,Not Booked,944,17 Sep 20:30
2026-09-17,Thu,10:00 am to 11:00 am,Noida Indoor Stadium,Court 3,Not Booked,944,17 Sep 10:31
2026-09-17,Thu,10:00 pm to 11:00 pm,Noida Indoor Stadium,Court 3,Not Booked,944,17 Sep 22:32
2026-09-17,Thu,11:00 am to 12:00 pm,Noida Indoor Stadium,Court 3,Not Booked,944,17 Sep 11:32
2026-09-17,Thu,11:00 pm to 12:00 am,Noida Indoor Stadium,Court 3,Not Booked,944,17 Sep 23:02
2026-09-17,Thu,12:00 pm to 1:00 pm,Noida Indoor Stadium,Court 3,Not Booked,944,17 Sep 12:37
2026-09-17,Thu,1:00 pm to 2:00 pm,Noida Indoor Stadium,Court 3,Not Booked,944,17 Sep 13:32
2026-09-17,Thu,2:00 pm to 3:00 pm,Noida Indoor Stadium,Court 3,Not Booked,944,17 Sep 14:32
2026-09-17,Thu,3:00 pm to 4:00 pm,Noida Indoor Stadium,Court 3,Not Booked,944,17 Sep 15:33
2026-09-17,Thu,6:00 am to 7:00 am,Noida Indoor Stadium,Court 3,Not Booked,944,17 Sep 06:36
2026-09-17,Thu,7:00 am to 8:00 am,Noida Indoor Stadium,Court 3,Not Booked,944,17 Sep 07:32
2026-09-17,Thu,8:00 am to 9:00 am,Noida Indoor Stadium,Court 3,Not Booked,944,17 Sep 08:33
2026-09-17,Thu,9:00 am to 10:00 am,Noida Indoor Stadium,Court 3,Not Booked,944,17 Sep 09:33
2026-09-17,Thu,9:00 pm to 10:00 pm,Noida Indoor Stadium,Court 3,Not Booked,944,17 Sep 21:30
2026-09-17,Thu,10:00 am to 10:30 am,Noida Pickleball Courts | Sec-100,Court 1,Not Booked,400,17 Sep 10:06
2026-09-17,Thu,10:00 pm to 10:30 pm,Noida Pickleball Courts | Sec-100,Court 1,Not Booked,400,17 Sep 22:05
2026-09-17,Thu,10:30 am to 11:00 am,Noida Pickleball Courts | Sec-100,Court 1,Not Booked,400,17 Sep 10:06
2026-09-17,Thu,10:30 pm to 11:00 pm,Noida Pickleball Courts | Sec-100,Court 1,Not Booked,400,17 Sep 22:05
2026-09-17,Thu,11:00 am to 11:30 am,Noida Pickleball Courts | Sec-100,Court 1,Not Booked,400,17 Sep 11:05
2026-09-17,Thu,11:00 pm to 11:30 pm,Noida Pickleball Courts | Sec-100,Court 1,Not Booked,400,17 Sep 23:02
2026-09-17,Thu,11:30 am to 12:00 pm,Noida Pickleball Courts | Sec-100,Court 1,Not Booked,400,17 Sep 11:32
2026-09-17,Thu,11:30 pm to 12:00 am,Noida Pickleball Courts | Sec-100,Court 1,Not Booked,400,17 Sep 23:32
2026-09-17,Thu,12:00 pm to 12:30 pm,Noida Pickleball Courts | Sec-100,Court 1,Not Booked,400,17 Sep 12:11
2026-09-17,Thu,12:30 pm to 1:00 pm,Noida Pickleball Courts | Sec-100,Court 1,Not Booked,400,17 Sep 12:37
2026-09-17,Thu,1:00 pm to 1:30 pm,Noida Pickleball Courts | Sec-100,Court 1,Not Booked,400,17 Sep 13:06
2026-09-17,Thu,1:30 pm to 2:00 pm,Noida Pickleball Courts | Sec-100,Court 1,Not Booked,400,17 Sep 13:32
2026-09-17,Thu,2:00 pm to 2:30 pm,Noida Pickleball Courts | Sec-100,Court 1,Not Booked,400,17 Sep 14:06
2026-09-17,Thu,2:30 pm to 3:00 pm,Noida Pickleball Courts | Sec-100,Court 1,Not Booked,400,17 Sep 14:32
2026-09-17,Thu,3:00 pm to 3:30 pm,Noida Pickleball Courts | Sec-100,Court 1,Not Booked,400,17 Sep 15:06
2026-09-17,Thu,3:30 pm to 4:00 pm,Noida Pickleball Courts | Sec-100,Court 1,Not Booked,400,17 Sep 15:33
2026-09-17,Thu,4:00 pm to 4:30 pm,Noida Pickleball Courts | Sec-100,Court 1,Not Booked,400,17 Sep 16:04
2026-09-17,Thu,4:30 pm to 5:00 pm,Noida Pickleball Courts | Sec-100,Court 1,Not Booked,400,17 Sep 16:34
2026-09-17,Thu,5:00 pm to 5:30 pm,Noida Pickleball Courts | Sec-100,Court 1,Not Booked,400,17 Sep 17:04
2026-09-17,Thu,5:30 pm to 6:00 pm,Noida Pickleball Courts | Sec-100,Court 1,Not Booked,400,17 Sep 17:30
2026-09-17,Thu,6:00 am to 6:30 am,Noida Pickleball Courts | Sec-100,Court 1,Not Booked,400,17 Sep 05:29
2026-09-17,Thu,6:00 pm to 6:30 pm,Noida Pickleball Courts | Sec-100,Court 1,Not Booked,400,17 Sep 18:08
2026-09-17,Thu,6:30 am to 7:00 am,Noida Pickleball Courts | Sec-100,Court 1,Not Booked,400,17 Sep 06:36
2026-09-17,Thu,6:30 pm to 7:00 pm,Noida Pickleball Courts | Sec-100,Court 1,Not Booked,400,17 Sep 18:36
2026-09-17,Thu,7:00 am to 7:30 am,Noida Pickleball Courts | Sec-100,Court 1,Not Booked,400,17 Sep 07:05
2026-09-17,Thu,7:00 pm to 7:30 pm,Noida Pickleball Courts | Sec-100,Court 1,Not Booked,400,17 Sep 19:05
2026-09-17,Thu,7:30 am to 8:00 am,Noida Pickleball Courts | Sec-100,Court 1,Not Booked,400,17 Sep 07:32
2026-09-17,Thu,7:30 pm to 8:00 pm,Noida Pickleball Courts | Sec-100,Court 1,Not Booked,400,17 Sep 19:33
2026-09-17,Thu,8:00 am to 8:30 am,Noida Pickleball Courts | Sec-100,Court 1,Not Booked,400,17 Sep 07:32
2026-09-17,Thu,8:00 pm to 8:30 pm,Noida Pickleball Courts | Sec-100,Court 1,Not Booked,400,17 Sep 19:33
2026-09-17,Thu,8:30 am to 9:00 am,Noida Pickleball Courts | Sec-100,Court 1,Not Booked,400,17 Sep 08:33
2026-09-17,Thu,8:30 pm to 9:00 pm,Noida Pickleball Courts | Sec-100,Court 1,Not Booked,400,17 Sep 20:30
2026-09-17,Thu,9:00 am to 9:30 am,Noida Pickleball Courts | Sec-100,Court 1,Not Booked,400,17 Sep 09:04
2026-09-17,Thu,9:00 pm to 9:30 pm,Noida Pickleball Courts | Sec-100,Court 1,Not Booked,400,17 Sep 21:05
2026-09-17,Thu,9:30 am to 10:00 am,Noida Pickleball Courts | Sec-100,Court 1,Not Booked,400,17 Sep 09:33
2026-09-17,Thu,9:30 pm to 10:00 pm,Noida Pickleball Courts | Sec-100,Court 1,Not Booked,400,17 Sep 21:05
2026-09-17,Thu,10:00 am to 10:30 am,Noida Pickleball Courts | Sec-100,Court 2,Not Booked,400,17 Sep 10:06
2026-09-17,Thu,10:00 pm to 10:30 pm,Noida Pickleball Courts | Sec-100,Court 2,Not Booked,400,17 Sep 22:05
2026-09-17,Thu,10:30 am to 11:00 am,Noida Pickleball Courts | Sec-100,Court 2,Not Booked,400,17 Sep 10:31
2026-09-17,Thu,10:30 pm to 11:00 pm,Noida Pickleball Courts | Sec-100,Court 2,Not Booked,400,17 Sep 22:32
2026-09-17,Thu,11:00 am to 11:30 am,Noida Pickleball Courts | Sec-100,Court 2,Not Booked,400,17 Sep 11:05
2026-09-17,Thu,11:00 pm to 11:30 pm,Noida Pickleball Courts | Sec-100,Court 2,Not Booked,400,17 Sep 23:02
2026-09-17,Thu,11:30 am to 12:00 pm,Noida Pickleball Courts | Sec-100,Court 2,Not Booked,400,17 Sep 11:32
2026-09-17,Thu,11:30 pm to 12:00 am,Noida Pickleball Courts | Sec-100,Court 2,Not Booked,400,17 Sep 23:32
2026-09-17,Thu,12:00 pm to 12:30 pm,Noida Pickleball Courts | Sec-100,Court 2,Not Booked,400,17 Sep 12:11
2026-09-17,Thu,12:30 pm to 1:00 pm,Noida Pickleball Courts | Sec-100,Court 2,Not Booked,400,17 Sep 12:37
2026-09-17,Thu,1:00 pm to 1:30 pm,Noida Pickleball Courts | Sec-100,Court 2,Not Booked,400,17 Sep 13:06
2026-09-17,Thu,1:30 pm to 2:00 pm,Noida Pickleball Courts | Sec-100,Court 2,Not Booked,400,17 Sep 13:32
2026-09-17,Thu,2:00 pm to 2:30 pm,Noida Pickleball Courts | Sec-100,Court 2,Not Booked,400,17 Sep 14:06
2026-09-17,Thu,2:30 pm to 3:00 pm,Noida Pickleball Courts | Sec-100,Court 2,Not Booked,400,17 Sep 14:32
2026-09-17,Thu,3:00 pm to 3:30 pm,Noida Pickleball Courts | Sec-100,Court 2,Not Booked,400,17 Sep 15:06
2026-09-17,Thu,3:30 pm to 4:00 pm,Noida Pickleball Courts | Sec-100,Court 2,Not Booked,400,17 Sep 15:33
2026-09-17,Thu,4:00 pm to 4:30 pm,Noida Pickleball Courts | Sec-100,Court 2,Not Booked,400,17 Sep 16:04
2026-09-17,Thu,4:30 pm to 5:00 pm,Noida Pickleball Courts | Sec-100,Court 2,Not Booked,400,17 Sep 16:34
2026-09-17,Thu,5:00 pm to 5:30 pm,Noida Pickleball Courts | Sec-100,Court 2,Not Booked,400,17 Sep 17:04
2026-09-17,Thu,5:30 pm to 6:00 pm,Noida Pickleball Courts | Sec-100,Court 2,Not Booked,400,17 Sep 17:30
2026-09-17,Thu,6:00 am to 6:30 am,Noida Pickleball Courts | Sec-100,Court 2,Not Booked,400,17 Sep 06:10
2026-09-17,Thu,6:00 pm to 6:30 pm,Noida Pickleball Courts | Sec-100,Court 2,Not Booked,400,17 Sep 17:30
2026-09-17,Thu,6:30 am to 7:00 am,Noida Pickleball Courts | Sec-100,Court 2,Not Booked,400,17 Sep 06:36
2026-09-17,Thu,6:30 pm to 7:00 pm,Noida Pickleball Courts | Sec-100,Court 2,Not Booked,400,17 Sep 18:36
2026-09-17,Thu,7:00 am to 7:30 am,Noida Pickleball Courts | Sec-100,Court 2,Not Booked,400,17 Sep 07:05
2026-09-17,Thu,7:00 pm to 7:30 pm,Noida Pickleball Courts | Sec-100,Court 2,Not Booked,400,17 Sep 19:05
2026-09-17,Thu,7:30 am to 8:00 am,Noida Pickleball Courts | Sec-100,Court 2,Not Booked,400,17 Sep 07:32
2026-09-17,Thu,7:30 pm to 8:00 pm,Noida Pickleball Courts | Sec-100,Court 2,Not Booked,400,17 Sep 19:33
2026-09-17,Thu,8:00 am to 8:30 am,Noida Pickleball Courts | Sec-100,Court 2,Not Booked,400,17 Sep 08:04
2026-09-17,Thu,8:00 pm to 8:30 pm,Noida Pickleball Courts | Sec-100,Court 2,Not Booked,400,17 Sep 20:07
2026-09-17,Thu,8:30 am to 9:00 am,Noida Pickleball Courts | Sec-100,Court 2,Not Booked,400,17 Sep 08:33
2026-09-17,Thu,8:30 pm to 9:00 pm,Noida Pickleball Courts | Sec-100,Court 2,Not Booked,400,17 Sep 20:07
2026-09-17,Thu,9:00 am to 9:30 am,Noida Pickleball Courts | Sec-100,Court 2,Not Booked,400,17 Sep 09:04
2026-09-17,Thu,9:00 pm to 9:30 pm,Noida Pickleball Courts | Sec-100,Court 2,Not Booked,400,17 Sep 21:05
2026-09-17,Thu,9:30 am to 10:00 am,Noida Pickleball Courts | Sec-100,Court 2,Not Booked,400,17 Sep 09:33
2026-09-17,Thu,9:30 pm to 10:00 pm,Noida Pickleball Courts | Sec-100,Court 2,Not Booked,400,17 Sep 21:30
2026-09-17,Thu,10:00 am to 11:00 am,Pickit | Vijay Sri Academy,Court 1,Not Booked,600,17 Sep 10:31
2026-09-17,Thu,10:00 pm to 11:00 pm,Pickit | Vijay Sri Academy,Court 1,Not Booked,600,17 Sep 22:32
2026-09-17,Thu,11:00 am to 12:00 pm,Pickit | Vijay Sri Academy,Court 1,Not Booked,600,17 Sep 11:32
2026-09-17,Thu,11:00 pm to 12:00 am,Pickit | Vijay Sri Academy,Court 1,Not Booked,600,17 Sep 23:32
2026-09-17,Thu,12:00 pm to 1:00 pm,Pickit | Vijay Sri Academy,Court 1,Not Booked,600,17 Sep 12:37
2026-09-17,Thu,1:00 pm to 2:00 pm,Pickit | Vijay Sri Academy,Court 1,Not Booked,600,17 Sep 13:32
2026-09-17,Thu,2:00 pm to 3:00 pm,Pickit | Vijay Sri Academy,Court 1,Not Booked,600,17 Sep 14:32
2026-09-17,Thu,3:00 pm to 4:00 pm,Pickit | Vijay Sri Academy,Court 1,Not Booked,600,17 Sep 15:33
2026-09-17,Thu,4:00 pm to 5:00 pm,Pickit | Vijay Sri Academy,Court 1,Not Booked,600,17 Sep 16:34
2026-09-17,Thu,5:00 pm to 6:00 pm,Pickit | Vijay Sri Academy,Court 1,Not Booked,600,17 Sep 17:30
2026-09-17,Thu,6:00 am to 7:00 am,Pickit | Vijay Sri Academy,Court 1,Not Booked,600,17 Sep 06:10
2026-09-17,Thu,6:00 pm to 7:00 pm,Pickit | Vijay Sri Academy,Court 1,Not Booked,600,17 Sep 18:36
2026-09-17,Thu,7:00 am to 8:00 am,Pickit | Vijay Sri Academy,Court 1,Not Booked,600,17 Sep 07:32
2026-09-17,Thu,7:00 pm to 8:00 pm,Pickit | Vijay Sri Academy,Court 1,Not Booked,600,17 Sep 19:33
2026-09-17,Thu,8:00 am to 9:00 am,Pickit | Vijay Sri Academy,Court 1,Not Booked,600,17 Sep 08:33
2026-09-17,Thu,8:00 pm to 9:00 pm,Pickit | Vijay Sri Academy,Court 1,Not Booked,600,17 Sep 20:30
2026-09-17,Thu,9:00 am to 10:00 am,Pickit | Vijay Sri Academy,Court 1,Not Booked,600,17 Sep 09:33
2026-09-17,Thu,9:00 pm to 10:00 pm,Pickit | Vijay Sri Academy,Court 1,Not Booked,600,17 Sep 21:30
2026-09-17,Thu,10:00 am to 11:00 am,Pickit | Vijay Sri Academy,Court 2,Not Booked,600,17 Sep 10:06
2026-09-17,Thu,10:00 pm to 11:00 pm,Pickit | Vijay Sri Academy,Court 2,Not Booked,600,17 Sep 22:32
2026-09-17,Thu,11:00 am to 12:00 pm,Pickit | Vijay Sri Academy,Court 2,Not Booked,600,17 Sep 11:32
2026-09-17,Thu,11:00 pm to 12:00 am,Pickit | Vijay Sri Academy,Court 2,Not Booked,600,17 Sep 23:32
2026-09-17,Thu,12:00 pm to 1:00 pm,Pickit | Vijay Sri Academy,Court 2,Not Booked,600,17 Sep 12:37
2026-09-17,Thu,1:00 pm to 2:00 pm,Pickit | Vijay Sri Academy,Court 2,Not Booked,600,17 Sep 13:32
2026-09-17,Thu,2:00 pm to 3:00 pm,Pickit | Vijay Sri Academy,Court 2,Not Booked,600,17 Sep 14:32
2026-09-17,Thu,3:00 pm to 4:00 pm,Pickit | Vijay Sri Academy,Court 2,Not Booked,600,17 Sep 15:33
2026-09-17,Thu,4:00 pm to 5:00 pm,Pickit | Vijay Sri Academy,Court 2,Not Booked,600,17 Sep 16:34
2026-09-17,Thu,5:00 pm to 6:00 pm,Pickit | Vijay Sri Academy,Court 2,Not Booked,600,17 Sep 17:30
2026-09-17,Thu,6:00 am to 7:00 am,Pickit | Vijay Sri Academy,Court 2,Not Booked,600,17 Sep 06:36
2026-09-17,Thu,6:00 pm to 7:00 pm,Pickit | Vijay Sri Academy,Court 2,Not Booked,600,17 Sep 18:36
2026-09-17,Thu,7:00 am to 8:00 am,Pickit | Vijay Sri Academy,Court 2,Not Booked,600,17 Sep 07:32
2026-09-17,Thu,7:00 pm to 8:00 pm,Pickit | Vijay Sri Academy,Court 2,Not Booked,600,17 Sep 19:33
2026-09-17,Thu,8:00 am to 9:00 am,Pickit | Vijay Sri Academy,Court 2,Not Booked,600,17 Sep 08:33
2026-09-17,Thu,8:00 pm to 9:00 pm,Pickit | Vijay Sri Academy,Court 2,Not Booked,600,17 Sep 20:07
2026-09-17,Thu,9:00 am to 10:00 am,Pickit | Vijay Sri Academy,Court 2,Not Booked,600,17 Sep 09:33
2026-09-17,Thu,9:00 pm to 10:00 pm,Pickit | Vijay Sri Academy,Court 2,Not Booked,600,17 Sep 21:30
2026-09-17,Thu,10:00 am to 11:00 am,Pickit | Vijay Sri Academy,Court 3,Not Booked,600,17 Sep 10:31
2026-09-17,Thu,10:00 pm to 11:00 pm,Pickit | Vijay Sri Academy,Court 3,Not Booked,600,17 Sep 22:32
2026-09-17,Thu,11:00 am to 12:00 pm,Pickit | Vijay Sri Academy,Court 3,Not Booked,600,17 Sep 11:32
2026-09-17,Thu,11:00 pm to 12:00 am,Pickit | Vijay Sri Academy,Court 3,Not Booked,600,17 Sep 23:32
2026-09-17,Thu,12:00 pm to 1:00 pm,Pickit | Vijay Sri Academy,Court 3,Not Booked,600,17 Sep 12:37
2026-09-17,Thu,1:00 pm to 2:00 pm,Pickit | Vijay Sri Academy,Court 3,Not Booked,600,17 Sep 13:06
2026-09-17,Thu,2:00 pm to 3:00 pm,Pickit | Vijay Sri Academy,Court 3,Not Booked,600,17 Sep 14:32
2026-09-17,Thu,3:00 pm to 4:00 pm,Pickit | Vijay Sri Academy,Court 3,Not Booked,600,17 Sep 15:33
2026-09-17,Thu,4:00 pm to 5:00 pm,Pickit | Vijay Sri Academy,Court 3,Not Booked,600,17 Sep 16:34
2026-09-17,Thu,5:00 pm to 6:00 pm,Pickit | Vijay Sri Academy,Court 3,Not Booked,600,17 Sep 17:30
2026-09-17,Thu,6:00 am to 7:00 am,Pickit | Vijay Sri Academy,Court 3,Not Booked,600,17 Sep 06:36
2026-09-17,Thu,6:00 pm to 7:00 pm,Pickit | Vijay Sri Academy,Court 3,Not Booked,600,17 Sep 18:08
2026-09-17,Thu,7:00 am to 8:00 am,Pickit | Vijay Sri Academy,Court 3,Not Booked,600,17 Sep 07:32
2026-09-17,Thu,7:00 pm to 8:00 pm,Pickit | Vijay Sri Academy,Court 3,Not Booked,600,17 Sep 19:33
2026-09-17,Thu,8:00 am to 9:00 am,Pickit | Vijay Sri Academy,Court 3,Not Booked,600,17 Sep 08:33
2026-09-17,Thu,8:00 pm to 9:00 pm,Pickit | Vijay Sri Academy,Court 3,Not Booked,600,17 Sep 20:30
2026-09-17,Thu,9:00 am to 10:00 am,Pickit | Vijay Sri Academy,Court 3,Not Booked,600,17 Sep 09:33
2026-09-17,Thu,9:00 pm to 10:00 pm,Pickit | Vijay Sri Academy,Court 3,Not Booked,600,17 Sep 21:30
2026-09-17,Thu,10:00 pm to 10:30 pm,Pickle Pros | Noida,Pickleball Court 1,Not Booked,400,17 Sep 22:05
2026-09-17,Thu,3:30 pm to 4:00 pm,Pickle Pros | Noida,Pickleball Court 1,Not Booked,400,17 Sep 15:33
2026-09-17,Thu,4:00 pm to 4:30 pm,Pickle Pros | Noida,Pickleball Court 1,Not Booked,400,17 Sep 16:04
2026-09-17,Thu,4:30 pm to 5:00 pm,Pickle Pros | Noida,Pickleball Court 1,Not Booked,400,17 Sep 16:04
2026-09-17,Thu,5:00 pm to 5:30 pm,Pickle Pros | Noida,Pickleball Court 1,Not Booked,400,17 Sep 17:04
2026-09-17,Thu,5:30 pm to 6:00 pm,Pickle Pros | Noida,Pickleball Court 1,Not Booked,400,17 Sep 17:30
2026-09-17,Thu,6:00 pm to 6:30 pm,Pickle Pros | Noida,Pickleball Court 1,Not Booked,400,17 Sep 18:08
2026-09-17,Thu,6:30 pm to 7:00 pm,Pickle Pros | Noida,Pickleball Court 1,Not Booked,400,17 Sep 18:08
2026-09-17,Thu,7:00 pm to 7:30 pm,Pickle Pros | Noida,Pickleball Court 1,Booked,400,17 Sep 18:08
2026-09-17,Thu,7:30 pm to 8:00 pm,Pickle Pros | Noida,Pickleball Court 1,Booked,400,17 Sep 19:33
2026-09-17,Thu,8:00 pm to 8:30 pm,Pickle Pros | Noida,Pickleball Court 1,Not Booked,400,17 Sep 20:07
2026-09-17,Thu,8:30 pm to 9:00 pm,Pickle Pros | Noida,Pickleball Court 1,Not Booked,400,17 Sep 20:07
2026-09-17,Thu,9:00 pm to 9:30 pm,Pickle Pros | Noida,Pickleball Court 1,Not Booked,400,17 Sep 20:07
2026-09-17,Thu,9:30 pm to 10:00 pm,Pickle Pros | Noida,Pickleball Court 1,Not Booked,400,17 Sep 21:30
2026-09-17,Thu,10:00 pm to 10:30 pm,Pickle Pros | Noida,Pickleball Court 2,Not Booked,400,17 Sep 21:05
2026-09-17,Thu,3:30 pm to 4:00 pm,Pickle Pros | Noida,Pickleball Court 2,Not Booked,400,17 Sep 15:33
2026-09-17,Thu,4:00 pm to 4:30 pm,Pickle Pros | Noida,Pickleball Court 2,Not Booked,400,17 Sep 15:33
2026-09-17,Thu,4:30 pm to 5:00 pm,Pickle Pros | Noida,Pickleball Court 2,Not Booked,400,17 Sep 16:34
2026-09-17,Thu,5:00 pm to 5:30 pm,Pickle Pros | Noida,Pickleball Court 2,Not Booked,400,17 Sep 17:04
2026-09-17,Thu,5:30 pm to 6:00 pm,Pickle Pros | Noida,Pickleball Court 2,Not Booked,400,17 Sep 17:30
2026-09-17,Thu,6:00 pm to 6:30 pm,Pickle Pros | Noida,Pickleball Court 2,Not Booked,400,17 Sep 18:08
2026-09-17,Thu,6:30 pm to 7:00 pm,Pickle Pros | Noida,Pickleball Court 2,Not Booked,400,17 Sep 18:36
2026-09-17,Thu,7:00 pm to 7:30 pm,Pickle Pros | Noida,Pickleball Court 2,Not Booked,400,17 Sep 19:05
2026-09-17,Thu,7:30 pm to 8:00 pm,Pickle Pros | Noida,Pickleball Court 2,Not Booked,400,17 Sep 19:33
2026-09-17,Thu,8:00 pm to 8:30 pm,Pickle Pros | Noida,Pickleball Court 2,Not Booked,400,17 Sep 20:07
2026-09-17,Thu,8:30 pm to 9:00 pm,Pickle Pros | Noida,Pickleball Court 2,Not Booked,400,17 Sep 20:30
2026-09-17,Thu,9:00 pm to 9:30 pm,Pickle Pros | Noida,Pickleball Court 2,Not Booked,400,17 Sep 21:05
2026-09-17,Thu,9:30 pm to 10:00 pm,Pickle Pros | Noida,Pickleball Court 2,Not Booked,400,17 Sep 21:05
2026-09-17,Thu,10:00 pm to 10:30 pm,Pickle Pros | Noida,Pickleball Court 3,Not Booked,400,17 Sep 22:05
2026-09-17,Thu,3:30 pm to 4:00 pm,Pickle Pros | Noida,Pickleball Court 3,Not Booked,400,17 Sep 15:33
2026-09-17,Thu,4:00 pm to 4:30 pm,Pickle Pros | Noida,Pickleball Court 3,Not Booked,400,17 Sep 16:04
2026-09-17,Thu,4:30 pm to 5:00 pm,Pickle Pros | Noida,Pickleball Court 3,Not Booked,400,17 Sep 16:34
2026-09-17,Thu,5:00 pm to 5:30 pm,Pickle Pros | Noida,Pickleball Court 3,Not Booked,400,17 Sep 16:34
2026-09-17,Thu,5:30 pm to 6:00 pm,Pickle Pros | Noida,Pickleball Court 3,Not Booked,400,17 Sep 17:30
2026-09-17,Thu,6:00 pm to 6:30 pm,Pickle Pros | Noida,Pickleball Court 3,Not Booked,400,17 Sep 18:08
2026-09-17,Thu,6:30 pm to 7:00 pm,Pickle Pros | Noida,Pickleball Court 3,Not Booked,400,17 Sep 18:36
2026-09-17,Thu,7:00 pm to 7:30 pm,Pickle Pros | Noida,Pickleball Court 3,Not Booked,400,17 Sep 19:05
2026-09-17,Thu,7:30 pm to 8:00 pm,Pickle Pros | Noida,Pickleball Court 3,Not Booked,400,17 Sep 19:33
2026-09-17,Thu,8:00 pm to 8:30 pm,Pickle Pros | Noida,Pickleball Court 3,Not Booked,400,17 Sep 20:07
2026-09-17,Thu,8:30 pm to 9:00 pm,Pickle Pros | Noida,Pickleball Court 3,Not Booked,400,17 Sep 20:30
2026-09-17,Thu,9:00 pm to 9:30 pm,Pickle Pros | Noida,Pickleball Court 3,Not Booked,400,17 Sep 21:05
2026-09-17,Thu,9:30 pm to 10:00 pm,Pickle Pros | Noida,Pickleball Court 3,Not Booked,400,17 Sep 21:30
2026-09-17,Thu,10:00 pm to 10:30 pm,Pickle Pros | Noida,Pickleball Court 4,Not Booked,400,17 Sep 21:30
2026-09-17,Thu,3:30 pm to 4:00 pm,Pickle Pros | Noida,Pickleball Court 4,Not Booked,400,17 Sep 15:06
2026-09-17,Thu,4:00 pm to 4:30 pm,Pickle Pros | Noida,Pickleball Court 4,Not Booked,400,17 Sep 15:06
2026-09-17,Thu,4:30 pm to 5:00 pm,Pickle Pros | Noida,Pickleball Court 4,Not Booked,400,17 Sep 16:34
2026-09-17,Thu,5:00 pm to 5:30 pm,Pickle Pros | Noida,Pickleball Court 4,Not Booked,400,17 Sep 17:04
2026-09-17,Thu,5:30 pm to 6:00 pm,Pickle Pros | Noida,Pickleball Court 4,Not Booked,400,17 Sep 17:30
2026-09-17,Thu,6:00 pm to 6:30 pm,Pickle Pros | Noida,Pickleball Court 4,Not Booked,400,17 Sep 18:08
2026-09-17,Thu,6:30 pm to 7:00 pm,Pickle Pros | Noida,Pickleball Court 4,Not Booked,400,17 Sep 18:08
2026-09-17,Thu,7:00 pm to 7:30 pm,Pickle Pros | Noida,Pickleball Court 4,Not Booked,400,17 Sep 18:08
2026-09-17,Thu,7:30 pm to 8:00 pm,Pickle Pros | Noida,Pickleball Court 4,Not Booked,400,17 Sep 18:08
2026-09-17,Thu,8:00 pm to 8:30 pm,Pickle Pros | Noida,Pickleball Court 4,Not Booked,400,17 Sep 20:07
2026-09-17,Thu,8:30 pm to 9:00 pm,Pickle Pros | Noida,Pickleball Court 4,Not Booked,400,17 Sep 20:30
2026-09-17,Thu,9:00 pm to 9:30 pm,Pickle Pros | Noida,Pickleball Court 4,Not Booked,400,17 Sep 21:05
2026-09-17,Thu,9:30 pm to 10:00 pm,Pickle Pros | Noida,Pickleball Court 4,Not Booked,400,17 Sep 21:30
2026-09-17,Thu,10:00 am to 10:30 am,Pickleflow Social,Court 1,Not Booked,500,17 Sep 10:06
2026-09-17,Thu,10:00 pm to 10:30 pm,Pickleflow Social,Court 1,Not Booked,500,17 Sep 22:05
2026-09-17,Thu,10:30 am to 11:00 am,Pickleflow Social,Court 1,Not Booked,500,17 Sep 10:31
2026-09-17,Thu,10:30 pm to 11:00 pm,Pickleflow Social,Court 1,Not Booked,500,17 Sep 22:32
2026-09-17,Thu,11:00 am to 11:30 am,Pickleflow Social,Court 1,Not Booked,500,17 Sep 11:05
2026-09-17,Thu,11:00 pm to 11:30 pm,Pickleflow Social,Court 1,Not Booked,500,17 Sep 23:02
2026-09-17,Thu,11:30 am to 12:00 pm,Pickleflow Social,Court 1,Not Booked,500,17 Sep 11:32
2026-09-17,Thu,11:30 pm to 12:00 am,Pickleflow Social,Court 1,Not Booked,500,17 Sep 23:02
2026-09-17,Thu,12:00 am to 12:30 am,Pickleflow Social,Court 1,Not Booked,400,17 Sep 00:33
2026-09-17,Thu,12:00 pm to 12:30 pm,Pickleflow Social,Court 1,Not Booked,500,17 Sep 12:11
2026-09-17,Thu,12:30 am to 1:00 am,Pickleflow Social,Court 1,Not Booked,400,17 Sep 00:33
2026-09-17,Thu,12:30 pm to 1:00 pm,Pickleflow Social,Court 1,Not Booked,500,17 Sep 12:11
2026-09-17,Thu,1:00 am to 1:30 am,Pickleflow Social,Court 1,Not Booked,400,17 Sep 00:33
2026-09-17,Thu,1:00 pm to 1:30 pm,Pickleflow Social,Court 1,Not Booked,500,17 Sep 12:11
2026-09-17,Thu,1:30 am to 2:00 am,Pickleflow Social,Court 1,Not Booked,400,17 Sep 01:30
2026-09-17,Thu,1:30 pm to 2:00 pm,Pickleflow Social,Court 1,Not Booked,500,17 Sep 12:11
2026-09-17,Thu,2:00 pm to 2:30 pm,Pickleflow Social,Court 1,Not Booked,500,17 Sep 14:06
2026-09-17,Thu,2:30 pm to 3:00 pm,Pickleflow Social,Court 1,Not Booked,500,17 Sep 14:32
2026-09-17,Thu,3:00 pm to 3:30 pm,Pickleflow Social,Court 1,Not Booked,500,17 Sep 15:06
2026-09-17,Thu,3:30 pm to 4:00 pm,Pickleflow Social,Court 1,Not Booked,500,17 Sep 15:33
2026-09-17,Thu,4:00 pm to 4:30 pm,Pickleflow Social,Court 1,Not Booked,500,17 Sep 16:04
2026-09-17,Thu,4:30 pm to 5:00 pm,Pickleflow Social,Court 1,Not Booked,500,17 Sep 16:34
2026-09-17,Thu,5:00 pm to 5:30 pm,Pickleflow Social,Court 1,Not Booked,500,17 Sep 16:34
2026-09-17,Thu,5:30 pm to 6:00 pm,Pickleflow Social,Court 1,Booked,500,17 Sep 16:34
2026-09-17,Thu,6:00 pm to 6:30 pm,Pickleflow Social,Court 1,Booked,500,17 Sep 18:08
2026-09-17,Thu,6:30 pm to 7:00 pm,Pickleflow Social,Court 1,Not Booked,500,17 Sep 18:08
2026-09-17,Thu,7:00 am to 7:30 am,Pickleflow Social,Court 1,Not Booked,500,17 Sep 07:05
2026-09-17,Thu,7:00 pm to 7:30 pm,Pickleflow Social,Court 1,Not Booked,500,17 Sep 19:05
2026-09-17,Thu,7:30 am to 8:00 am,Pickleflow Social,Court 1,Not Booked,500,17 Sep 07:32
2026-09-17,Thu,7:30 pm to 8:00 pm,Pickleflow Social,Court 1,Not Booked,500,17 Sep 19:33
2026-09-17,Thu,8:00 am to 8:30 am,Pickleflow Social,Court 1,Not Booked,500,17 Sep 08:04
2026-09-17,Thu,8:00 pm to 8:30 pm,Pickleflow Social,Court 1,Not Booked,500,17 Sep 20:07
2026-09-17,Thu,8:30 am to 9:00 am,Pickleflow Social,Court 1,Not Booked,500,17 Sep 08:33
2026-09-17,Thu,8:30 pm to 9:00 pm,Pickleflow Social,Court 1,Booked,500,17 Sep 20:07
2026-09-17,Thu,9:00 am to 9:30 am,Pickleflow Social,Court 1,Not Booked,500,17 Sep 09:04
2026-09-17,Thu,9:00 pm to 9:30 pm,Pickleflow Social,Court 1,Booked,500,17 Sep 21:05
2026-09-17,Thu,9:30 am to 10:00 am,Pickleflow Social,Court 1,Not Booked,500,17 Sep 09:04
2026-09-17,Thu,9:30 pm to 10:00 pm,Pickleflow Social,Court 1,Not Booked,500,17 Sep 21:05
2026-09-17,Thu,10:00 am to 10:30 am,Pickleflow Social,Court 2,Not Booked,500,17 Sep 10:06
2026-09-17,Thu,10:00 pm to 10:30 pm,Pickleflow Social,Court 2,Not Booked,500,17 Sep 22:05
2026-09-17,Thu,10:30 am to 11:00 am,Pickleflow Social,Court 2,Not Booked,500,17 Sep 10:31
2026-09-17,Thu,10:30 pm to 11:00 pm,Pickleflow Social,Court 2,Not Booked,500,17 Sep 22:32
2026-09-17,Thu,11:00 am to 11:30 am,Pickleflow Social,Court 2,Not Booked,500,17 Sep 10:31
2026-09-17,Thu,11:00 pm to 11:30 pm,Pickleflow Social,Court 2,Not Booked,500,17 Sep 23:02
2026-09-17,Thu,11:30 am to 12:00 pm,Pickleflow Social,Court 2,Not Booked,500,17 Sep 11:32
2026-09-17,Thu,11:30 pm to 12:00 am,Pickleflow Social,Court 2,Not Booked,500,17 Sep 23:32
2026-09-17,Thu,12:00 am to 12:30 am,Pickleflow Social,Court 2,Not Booked,400,17 Sep 00:33
2026-09-17,Thu,12:00 pm to 12:30 pm,Pickleflow Social,Court 2,Not Booked,500,17 Sep 11:32
2026-09-17,Thu,12:30 am to 1:00 am,Pickleflow Social,Court 2,Not Booked,400,17 Sep 00:33
2026-09-17,Thu,12:30 pm to 1:00 pm,Pickleflow Social,Court 2,Not Booked,500,17 Sep 12:37
2026-09-17,Thu,1:00 am to 1:30 am,Pickleflow Social,Court 2,Not Booked,400,17 Sep 01:04
2026-09-17,Thu,1:00 pm to 1:30 pm,Pickleflow Social,Court 2,Not Booked,500,17 Sep 13:06
2026-09-17,Thu,1:30 am to 2:00 am,Pickleflow Social,Court 2,Not Booked,400,17 Sep 01:59
2026-09-17,Thu,1:30 pm to 2:00 pm,Pickleflow Social,Court 2,Not Booked,500,17 Sep 13:32
2026-09-17,Thu,2:00 pm to 2:30 pm,Pickleflow Social,Court 2,Not Booked,500,17 Sep 13:32
2026-09-17,Thu,2:30 pm to 3:00 pm,Pickleflow Social,Court 2,Not Booked,500,17 Sep 14:32
2026-09-17,Thu,3:00 pm to 3:30 pm,Pickleflow Social,Court 2,Not Booked,500,17 Sep 15:06
2026-09-17,Thu,3:30 pm to 4:00 pm,Pickleflow Social,Court 2,Not Booked,500,17 Sep 15:33
2026-09-17,Thu,4:00 pm to 4:30 pm,Pickleflow Social,Court 2,Not Booked,500,17 Sep 16:04
2026-09-17,Thu,4:30 pm to 5:00 pm,Pickleflow Social,Court 2,Not Booked,500,17 Sep 16:34
2026-09-17,Thu,5:00 pm to 5:30 pm,Pickleflow Social,Court 2,Not Booked,500,17 Sep 17:04
2026-09-17,Thu,5:30 pm to 6:00 pm,Pickleflow Social,Court 2,Not Booked,500,17 Sep 17:30
2026-09-17,Thu,6:00 pm to 6:30 pm,Pickleflow Social,Court 2,Not Booked,500,17 Sep 17:30
2026-09-17,Thu,6:30 pm to 7:00 pm,Pickleflow Social,Court 2,Not Booked,500,17 Sep 18:36
2026-09-17,Thu,7:00 am to 7:30 am,Pickleflow Social,Court 2,Not Booked,500,17 Sep 07:05
2026-09-17,Thu,7:00 pm to 7:30 pm,Pickleflow Social,Court 2,Booked,500,17 Sep 19:05
2026-09-17,Thu,7:30 am to 8:00 am,Pickleflow Social,Court 2,Not Booked,500,17 Sep 07:32
2026-09-17,Thu,7:30 pm to 8:00 pm,Pickleflow Social,Court 2,Booked,500,17 Sep 19:05
2026-09-17,Thu,8:00 am to 8:30 am,Pickleflow Social,Court 2,Not Booked,500,17 Sep 08:04
2026-09-17,Thu,8:00 pm to 8:30 pm,Pickleflow Social,Court 2,Not Booked,500,17 Sep 20:07
2026-09-17,Thu,8:30 am to 9:00 am,Pickleflow Social,Court 2,Not Booked,500,17 Sep 08:04
2026-09-17,Thu,8:30 pm to 9:00 pm,Pickleflow Social,Court 2,Not Booked,500,17 Sep 20:30
2026-09-17,Thu,9:00 am to 9:30 am,Pickleflow Social,Court 2,Not Booked,500,17 Sep 08:04
2026-09-17,Thu,9:00 pm to 9:30 pm,Pickleflow Social,Court 2,Booked,500,17 Sep 21:05
2026-09-17,Thu,9:30 am to 10:00 am,Pickleflow Social,Court 2,Not Booked,500,17 Sep 09:33
2026-09-17,Thu,9:30 pm to 10:00 pm,Pickleflow Social,Court 2,Not Booked,500,17 Sep 21:30
2026-09-17,Thu,10:00 am to 10:30 am,Pickleflow Social,Court 3,Not Booked,500,17 Sep 10:06
2026-09-17,Thu,10:00 pm to 10:30 pm,Pickleflow Social,Court 3,Booked,500,17 Sep 22:05
2026-09-17,Thu,10:30 am to 11:00 am,Pickleflow Social,Court 3,Not Booked,500,17 Sep 10:31
2026-09-17,Thu,10:30 pm to 11:00 pm,Pickleflow Social,Court 3,Not Booked,500,17 Sep 22:32
2026-09-17,Thu,11:00 am to 11:30 am,Pickleflow Social,Court 3,Not Booked,500,17 Sep 11:05
2026-09-17,Thu,11:00 pm to 11:30 pm,Pickleflow Social,Court 3,Not Booked,500,17 Sep 23:02
2026-09-17,Thu,11:30 am to 12:00 pm,Pickleflow Social,Court 3,Not Booked,500,17 Sep 11:32
2026-09-17,Thu,11:30 pm to 12:00 am,Pickleflow Social,Court 3,Not Booked,500,17 Sep 23:32
2026-09-17,Thu,12:00 am to 12:30 am,Pickleflow Social,Court 3,Not Booked,400,17 Sep 00:33
2026-09-17,Thu,12:00 pm to 12:30 pm,Pickleflow Social,Court 3,Not Booked,500,17 Sep 12:11
2026-09-17,Thu,12:30 am to 1:00 am,Pickleflow Social,Court 3,Not Booked,400,17 Sep 00:33
2026-09-17,Thu,12:30 pm to 1:00 pm,Pickleflow Social,Court 3,Not Booked,500,17 Sep 12:37
2026-09-17,Thu,1:00 am to 1:30 am,Pickleflow Social,Court 3,Not Booked,400,17 Sep 01:04
2026-09-17,Thu,1:00 pm to 1:30 pm,Pickleflow Social,Court 3,Not Booked,500,17 Sep 12:37
2026-09-17,Thu,1:30 am to 2:00 am,Pickleflow Social,Court 3,Not Booked,400,17 Sep 01:59
2026-09-17,Thu,1:30 pm to 2:00 pm,Pickleflow Social,Court 3,Not Booked,500,17 Sep 13:32
2026-09-17,Thu,2:00 pm to 2:30 pm,Pickleflow Social,Court 3,Not Booked,500,17 Sep 14:06
2026-09-17,Thu,2:30 pm to 3:00 pm,Pickleflow Social,Court 3,Not Booked,500,17 Sep 14:32
2026-09-17,Thu,3:00 pm to 3:30 pm,Pickleflow Social,Court 3,Not Booked,500,17 Sep 15:06
2026-09-17,Thu,3:30 pm to 4:00 pm,Pickleflow Social,Court 3,Not Booked,500,17 Sep 15:33
2026-09-17,Thu,4:00 pm to 4:30 pm,Pickleflow Social,Court 3,Not Booked,500,17 Sep 16:04
2026-09-17,Thu,4:30 pm to 5:00 pm,Pickleflow Social,Court 3,Not Booked,500,17 Sep 16:34
2026-09-17,Thu,5:00 pm to 5:30 pm,Pickleflow Social,Court 3,Not Booked,500,17 Sep 17:04
2026-09-17,Thu,5:30 pm to 6:00 pm,Pickleflow Social,Court 3,Not Booked,500,17 Sep 17:30
2026-09-17,Thu,6:00 pm to 6:30 pm,Pickleflow Social,Court 3,Not Booked,500,17 Sep 18:08
2026-09-17,Thu,6:30 pm to 7:00 pm,Pickleflow Social,Court 3,Not Booked,500,17 Sep 18:36
2026-09-17,Thu,7:00 am to 7:30 am,Pickleflow Social,Court 3,Not Booked,500,17 Sep 07:05
2026-09-17,Thu,7:00 pm to 7:30 pm,Pickleflow Social,Court 3,Not Booked,500,17 Sep 19:05
2026-09-17,Thu,7:30 am to 8:00 am,Pickleflow Social,Court 3,Not Booked,500,17 Sep 07:32
2026-09-17,Thu,7:30 pm to 8:00 pm,Pickleflow Social,Court 3,Not Booked,500,17 Sep 19:33
2026-09-17,Thu,8:00 am to 8:30 am,Pickleflow Social,Court 3,Not Booked,500,17 Sep 08:04
2026-09-17,Thu,8:00 pm to 8:30 pm,Pickleflow Social,Court 3,Not Booked,500,17 Sep 20:07
2026-09-17,Thu,8:30 am to 9:00 am,Pickleflow Social,Court 3,Not Booked,500,17 Sep 08:33
2026-09-17,Thu,8:30 pm to 9:00 pm,Pickleflow Social,Court 3,Not Booked,500,17 Sep 20:30
2026-09-17,Thu,9:00 am to 9:30 am,Pickleflow Social,Court 3,Not Booked,500,17 Sep 09:04
2026-09-17,Thu,9:00 pm to 9:30 pm,Pickleflow Social,Court 3,Booked,500,17 Sep 21:05
2026-09-17,Thu,9:30 am to 10:00 am,Pickleflow Social,Court 3,Not Booked,500,17 Sep 09:33
2026-09-17,Thu,9:30 pm to 10:00 pm,Pickleflow Social,Court 3,Booked,500,17 Sep 21:30
2026-09-17,Thu,10:00 am to 11:00 am,Pickleplay 121 | Indoor Arena,Court 1,Not Booked,700,17 Sep 10:31
2026-09-17,Thu,10:00 pm to 11:00 pm,Pickleplay 121 | Indoor Arena,Court 1,Not Booked,700,17 Sep 22:32
2026-09-17,Thu,11:00 am to 12:00 pm,Pickleplay 121 | Indoor Arena,Court 1,Not Booked,700,17 Sep 11:32
2026-09-17,Thu,11:00 pm to 12:00 am,Pickleplay 121 | Indoor Arena,Court 1,Not Booked,700,17 Sep 23:32
2026-09-17,Thu,12:00 am to 1:00 am,Pickleplay 121 | Indoor Arena,Court 1,Not Booked,700,17 Sep 00:33
2026-09-17,Thu,12:00 pm to 1:00 pm,Pickleplay 121 | Indoor Arena,Court 1,Not Booked,700,17 Sep 12:37
2026-09-17,Thu,1:00 pm to 2:00 pm,Pickleplay 121 | Indoor Arena,Court 1,Not Booked,700,17 Sep 13:32
2026-09-17,Thu,2:00 pm to 3:00 pm,Pickleplay 121 | Indoor Arena,Court 1,Not Booked,700,17 Sep 14:32
2026-09-17,Thu,3:00 pm to 4:00 pm,Pickleplay 121 | Indoor Arena,Court 1,Not Booked,700,17 Sep 15:33
2026-09-17,Thu,4:00 pm to 5:00 pm,Pickleplay 121 | Indoor Arena,Court 1,Not Booked,700,17 Sep 16:34
2026-09-17,Thu,5:00 pm to 6:00 pm,Pickleplay 121 | Indoor Arena,Court 1,Not Booked,700,17 Sep 17:30
2026-09-17,Thu,6:00 am to 7:00 am,Pickleplay 121 | Indoor Arena,Court 1,Not Booked,700,17 Sep 06:36
2026-09-17,Thu,6:00 pm to 7:00 pm,Pickleplay 121 | Indoor Arena,Court 1,Not Booked,700,17 Sep 18:36
2026-09-17,Thu,7:00 am to 8:00 am,Pickleplay 121 | Indoor Arena,Court 1,Not Booked,700,17 Sep 07:32
2026-09-17,Thu,7:00 pm to 8:00 pm,Pickleplay 121 | Indoor Arena,Court 1,Not Booked,700,17 Sep 19:33
2026-09-17,Thu,8:00 pm to 9:00 pm,Pickleplay 121 | Indoor Arena,Court 1,Not Booked,700,17 Sep 20:30
2026-09-17,Thu,9:00 pm to 10:00 pm,Pickleplay 121 | Indoor Arena,Court 1,Not Booked,700,17 Sep 21:30
2026-09-17,Thu,10:00 am to 11:00 am,Pickleplay 121 | Indoor Arena,Court 2,Not Booked,700,17 Sep 10:31
2026-09-17,Thu,10:00 pm to 11:00 pm,Pickleplay 121 | Indoor Arena,Court 2,Not Booked,700,17 Sep 20:30
2026-09-17,Thu,11:00 am to 12:00 pm,Pickleplay 121 | Indoor Arena,Court 2,Not Booked,700,17 Sep 11:32
2026-09-17,Thu,11:00 pm to 12:00 am,Pickleplay 121 | Indoor Arena,Court 2,Not Booked,700,17 Sep 23:32
2026-09-17,Thu,12:00 am to 1:00 am,Pickleplay 121 | Indoor Arena,Court 2,Not Booked,700,17 Sep 00:33
2026-09-17,Thu,12:00 pm to 1:00 pm,Pickleplay 121 | Indoor Arena,Court 2,Not Booked,700,17 Sep 12:37
2026-09-17,Thu,1:00 pm to 2:00 pm,Pickleplay 121 | Indoor Arena,Court 2,Not Booked,700,17 Sep 13:32
2026-09-17,Thu,2:00 pm to 3:00 pm,Pickleplay 121 | Indoor Arena,Court 2,Not Booked,700,17 Sep 14:32
2026-09-17,Thu,3:00 pm to 4:00 pm,Pickleplay 121 | Indoor Arena,Court 2,Not Booked,700,17 Sep 15:33
2026-09-17,Thu,4:00 pm to 5:00 pm,Pickleplay 121 | Indoor Arena,Court 2,Not Booked,700,17 Sep 16:34
2026-09-17,Thu,5:00 pm to 6:00 pm,Pickleplay 121 | Indoor Arena,Court 2,Not Booked,700,17 Sep 17:30
2026-09-17,Thu,6:00 am to 7:00 am,Pickleplay 121 | Indoor Arena,Court 2,Not Booked,700,17 Sep 06:36
2026-09-17,Thu,6:00 pm to 7:00 pm,Pickleplay 121 | Indoor Arena,Court 2,Not Booked,700,17 Sep 18:36
2026-09-17,Thu,7:00 am to 8:00 am,Pickleplay 121 | Indoor Arena,Court 2,Not Booked,700,17 Sep 07:32
2026-09-17,Thu,7:00 pm to 8:00 pm,Pickleplay 121 | Indoor Arena,Court 2,Not Booked,700,17 Sep 19:33
2026-09-17,Thu,8:00 am to 9:00 am,Pickleplay 121 | Indoor Arena,Court 2,Not Booked,700,17 Sep 08:33
2026-09-17,Thu,8:00 pm to 9:00 pm,Pickleplay 121 | Indoor Arena,Court 2,Booked,700,17 Sep 20:30
2026-09-17,Thu,9:00 am to 10:00 am,Pickleplay 121 | Indoor Arena,Court 2,Not Booked,700,17 Sep 09:33
2026-09-17,Thu,9:00 pm to 10:00 pm,Pickleplay 121 | Indoor Arena,Court 2,Not Booked,700,17 Sep 21:30
2026-09-17,Thu,10:00 am to 11:00 am,Pickleplay 121 | Indoor Arena,Court 3,Not Booked,700,17 Sep 10:31
2026-09-17,Thu,10:00 pm to 11:00 pm,Pickleplay 121 | Indoor Arena,Court 3,Not Booked,700,17 Sep 22:32
2026-09-17,Thu,11:00 am to 12:00 pm,Pickleplay 121 | Indoor Arena,Court 3,Not Booked,700,17 Sep 11:32
2026-09-17,Thu,11:00 pm to 12:00 am,Pickleplay 121 | Indoor Arena,Court 3,Not Booked,700,17 Sep 22:32
2026-09-17,Thu,12:00 am to 1:00 am,Pickleplay 121 | Indoor Arena,Court 3,Not Booked,700,17 Sep 00:33
2026-09-17,Thu,12:00 pm to 1:00 pm,Pickleplay 121 | Indoor Arena,Court 3,Not Booked,700,17 Sep 11:05
2026-09-17,Thu,1:00 pm to 2:00 pm,Pickleplay 121 | Indoor Arena,Court 3,Not Booked,700,17 Sep 13:32
2026-09-17,Thu,2:00 pm to 3:00 pm,Pickleplay 121 | Indoor Arena,Court 3,Not Booked,700,17 Sep 14:32
2026-09-17,Thu,3:00 pm to 4:00 pm,Pickleplay 121 | Indoor Arena,Court 3,Not Booked,700,17 Sep 15:33
2026-09-17,Thu,4:00 pm to 5:00 pm,Pickleplay 121 | Indoor Arena,Court 3,Not Booked,700,17 Sep 16:34
2026-09-17,Thu,5:00 pm to 6:00 pm,Pickleplay 121 | Indoor Arena,Court 3,Not Booked,700,17 Sep 17:30
2026-09-17,Thu,6:00 am to 7:00 am,Pickleplay 121 | Indoor Arena,Court 3,Not Booked,700,17 Sep 06:36
2026-09-17,Thu,6:00 pm to 7:00 pm,Pickleplay 121 | Indoor Arena,Court 3,Not Booked,700,17 Sep 18:36
2026-09-17,Thu,7:00 am to 8:00 am,Pickleplay 121 | Indoor Arena,Court 3,Not Booked,700,17 Sep 07:32
2026-09-17,Thu,7:00 pm to 8:00 pm,Pickleplay 121 | Indoor Arena,Court 3,Not Booked,700,17 Sep 19:33
2026-09-17,Thu,8:00 am to 9:00 am,Pickleplay 121 | Indoor Arena,Court 3,Not Booked,700,17 Sep 08:33
2026-09-17,Thu,8:00 pm to 9:00 pm,Pickleplay 121 | Indoor Arena,Court 3,Booked,700,17 Sep 20:30
2026-09-17,Thu,9:00 am to 10:00 am,Pickleplay 121 | Indoor Arena,Court 3,Not Booked,700,17 Sep 09:33
2026-09-17,Thu,9:00 pm to 10:00 pm,Pickleplay 121 | Indoor Arena,Court 3,Not Booked,700,17 Sep 16:04
2026-09-17,Thu,10:00 am to 10:30 am,Pitch Please X TSG Sports Arena,Court 1,Not Booked,300,17 Sep 10:06
2026-09-17,Thu,10:00 pm to 10:30 pm,Pitch Please X TSG Sports Arena,Court 1,Not Booked,300,17 Sep 20:30
2026-09-17,Thu,10:30 am to 11:00 am,Pitch Please X TSG Sports Arena,Court 1,Not Booked,300,17 Sep 10:31
2026-09-17,Thu,10:30 pm to 11:00 pm,Pitch Please X TSG Sports Arena,Court 1,Not Booked,300,17 Sep 20:30
2026-09-17,Thu,11:00 am to 11:30 am,Pitch Please X TSG Sports Arena,Court 1,Not Booked,300,17 Sep 11:05
2026-09-17,Thu,11:00 pm to 11:30 pm,Pitch Please X TSG Sports Arena,Court 1,Not Booked,300,17 Sep 20:30
2026-09-17,Thu,11:30 am to 12:00 pm,Pitch Please X TSG Sports Arena,Court 1,Not Booked,300,17 Sep 11:32
2026-09-17,Thu,11:30 pm to 12:00 am,Pitch Please X TSG Sports Arena,Court 1,Not Booked,300,17 Sep 20:30
2026-09-17,Thu,12:00 am to 12:30 am,Pitch Please X TSG Sports Arena,Court 1,Not Booked,300,17 Sep 00:33
2026-09-17,Thu,12:00 pm to 12:30 pm,Pitch Please X TSG Sports Arena,Court 1,Not Booked,300,17 Sep 12:11
2026-09-17,Thu,12:30 am to 1:00 am,Pitch Please X TSG Sports Arena,Court 1,Not Booked,300,17 Sep 00:33
2026-09-17,Thu,12:30 pm to 1:00 pm,Pitch Please X TSG Sports Arena,Court 1,Not Booked,300,17 Sep 12:37
2026-09-17,Thu,1:00 am to 1:30 am,Pitch Please X TSG Sports Arena,Court 1,Not Booked,300,17 Sep 01:04
2026-09-17,Thu,1:00 pm to 1:30 pm,Pitch Please X TSG Sports Arena,Court 1,Not Booked,300,17 Sep 13:06
2026-09-17,Thu,1:30 am to 2:00 am,Pitch Please X TSG Sports Arena,Court 1,Not Booked,300,17 Sep 01:30
2026-09-17,Thu,1:30 pm to 2:00 pm,Pitch Please X TSG Sports Arena,Court 1,Not Booked,300,17 Sep 13:32
2026-09-17,Thu,2:00 am to 2:30 am,Pitch Please X TSG Sports Arena,Court 1,Not Booked,300,17 Sep 01:30
2026-09-17,Thu,2:00 pm to 2:30 pm,Pitch Please X TSG Sports Arena,Court 1,Not Booked,300,17 Sep 14:06
2026-09-17,Thu,2:30 am to 3:00 am,Pitch Please X TSG Sports Arena,Court 1,Not Booked,300,17 Sep 02:37
2026-09-17,Thu,2:30 pm to 3:00 pm,Pitch Please X TSG Sports Arena,Court 1,Not Booked,300,17 Sep 14:32
2026-09-17,Thu,3:00 pm to 3:30 pm,Pitch Please X TSG Sports Arena,Court 1,Not Booked,300,17 Sep 15:06
2026-09-17,Thu,3:30 pm to 4:00 pm,Pitch Please X TSG Sports Arena,Court 1,Not Booked,300,17 Sep 15:33
2026-09-17,Thu,4:00 pm to 4:30 pm,Pitch Please X TSG Sports Arena,Court 1,Not Booked,300,17 Sep 16:04
2026-09-17,Thu,4:30 pm to 5:00 pm,Pitch Please X TSG Sports Arena,Court 1,Not Booked,300,17 Sep 16:34
2026-09-17,Thu,5:00 am to 5:30 am,Pitch Please X TSG Sports Arena,Court 1,Not Booked,300,17 Sep 05:29
2026-09-17,Thu,5:00 pm to 5:30 pm,Pitch Please X TSG Sports Arena,Court 1,Not Booked,300,17 Sep 16:34
2026-09-17,Thu,5:30 am to 6:00 am,Pitch Please X TSG Sports Arena,Court 1,Not Booked,300,17 Sep 05:29
2026-09-17,Thu,5:30 pm to 6:00 pm,Pitch Please X TSG Sports Arena,Court 1,Not Booked,300,17 Sep 16:34
2026-09-17,Thu,6:00 am to 6:30 am,Pitch Please X TSG Sports Arena,Court 1,Not Booked,300,17 Sep 06:10
2026-09-17,Thu,6:00 pm to 6:30 pm,Pitch Please X TSG Sports Arena,Court 1,Not Booked,300,17 Sep 16:34
2026-09-17,Thu,6:30 am to 7:00 am,Pitch Please X TSG Sports Arena,Court 1,Not Booked,300,17 Sep 06:36
2026-09-17,Thu,6:30 pm to 7:00 pm,Pitch Please X TSG Sports Arena,Court 1,Not Booked,300,17 Sep 18:36
2026-09-17,Thu,7:00 am to 7:30 am,Pitch Please X TSG Sports Arena,Court 1,Not Booked,300,17 Sep 07:05
2026-09-17,Thu,7:00 pm to 7:30 pm,Pitch Please X TSG Sports Arena,Court 1,Not Booked,300,17 Sep 19:05
2026-09-17,Thu,7:30 am to 8:00 am,Pitch Please X TSG Sports Arena,Court 1,Not Booked,300,17 Sep 07:32
2026-09-17,Thu,7:30 pm to 8:00 pm,Pitch Please X TSG Sports Arena,Court 1,Not Booked,300,17 Sep 19:33
2026-09-17,Thu,8:00 am to 8:30 am,Pitch Please X TSG Sports Arena,Court 1,Not Booked,300,17 Sep 08:04
2026-09-17,Thu,8:00 pm to 8:30 pm,Pitch Please X TSG Sports Arena,Court 1,Not Booked,300,17 Sep 20:07
2026-09-17,Thu,8:30 am to 9:00 am,Pitch Please X TSG Sports Arena,Court 1,Not Booked,300,17 Sep 08:33
2026-09-17,Thu,8:30 pm to 9:00 pm,Pitch Please X TSG Sports Arena,Court 1,Not Booked,300,17 Sep 20:30
2026-09-17,Thu,9:00 am to 9:30 am,Pitch Please X TSG Sports Arena,Court 1,Not Booked,300,17 Sep 09:04
2026-09-17,Thu,9:00 pm to 9:30 pm,Pitch Please X TSG Sports Arena,Court 1,Not Booked,300,17 Sep 20:30
2026-09-17,Thu,9:30 am to 10:00 am,Pitch Please X TSG Sports Arena,Court 1,Not Booked,300,17 Sep 09:33
2026-09-17,Thu,9:30 pm to 10:00 pm,Pitch Please X TSG Sports Arena,Court 1,Not Booked,300,17 Sep 20:30
2026-09-17,Thu,10:00 am to 10:30 am,Pitch Please X TSG Sports Arena,Court 2,Not Booked,300,17 Sep 10:06
2026-09-17,Thu,10:00 pm to 10:30 pm,Pitch Please X TSG Sports Arena,Court 2,Not Booked,300,17 Sep 20:30
2026-09-17,Thu,10:30 am to 11:00 am,Pitch Please X TSG Sports Arena,Court 2,Not Booked,300,17 Sep 10:06
2026-09-17,Thu,10:30 pm to 11:00 pm,Pitch Please X TSG Sports Arena,Court 2,Not Booked,300,17 Sep 20:30
2026-09-17,Thu,11:00 am to 11:30 am,Pitch Please X TSG Sports Arena,Court 2,Not Booked,300,17 Sep 11:05
2026-09-17,Thu,11:00 pm to 11:30 pm,Pitch Please X TSG Sports Arena,Court 2,Not Booked,300,17 Sep 20:30
2026-09-17,Thu,11:30 am to 12:00 pm,Pitch Please X TSG Sports Arena,Court 2,Not Booked,300,17 Sep 11:32
2026-09-17,Thu,11:30 pm to 12:00 am,Pitch Please X TSG Sports Arena,Court 2,Not Booked,300,17 Sep 20:30
2026-09-17,Thu,12:00 pm to 12:30 pm,Pitch Please X TSG Sports Arena,Court 2,Not Booked,300,17 Sep 12:11
2026-09-17,Thu,12:30 pm to 1:00 pm,Pitch Please X TSG Sports Arena,Court 2,Not Booked,300,17 Sep 12:37
2026-09-17,Thu,1:00 am to 1:30 am,Pitch Please X TSG Sports Arena,Court 2,Not Booked,300,17 Sep 01:04
2026-09-17,Thu,1:00 pm to 1:30 pm,Pitch Please X TSG Sports Arena,Court 2,Not Booked,300,17 Sep 13:06
2026-09-17,Thu,1:30 am to 2:00 am,Pitch Please X TSG Sports Arena,Court 2,Not Booked,300,17 Sep 01:59
2026-09-17,Thu,1:30 pm to 2:00 pm,Pitch Please X TSG Sports Arena,Court 2,Not Booked,300,17 Sep 13:32
2026-09-17,Thu,2:00 am to 2:30 am,Pitch Please X TSG Sports Arena,Court 2,Not Booked,300,17 Sep 01:59
2026-09-17,Thu,2:00 pm to 2:30 pm,Pitch Please X TSG Sports Arena,Court 2,Not Booked,300,17 Sep 14:06
2026-09-17,Thu,2:30 am to 3:00 am,Pitch Please X TSG Sports Arena,Court 2,Not Booked,300,17 Sep 02:37
2026-09-17,Thu,2:30 pm to 3:00 pm,Pitch Please X TSG Sports Arena,Court 2,Not Booked,300,17 Sep 14:32
2026-09-17,Thu,3:00 pm to 3:30 pm,Pitch Please X TSG Sports Arena,Court 2,Not Booked,300,17 Sep 15:06
2026-09-17,Thu,3:30 pm to 4:00 pm,Pitch Please X TSG Sports Arena,Court 2,Not Booked,300,17 Sep 15:33
2026-09-17,Thu,4:00 pm to 4:30 pm,Pitch Please X TSG Sports Arena,Court 2,Not Booked,300,17 Sep 16:04
2026-09-17,Thu,4:30 pm to 5:00 pm,Pitch Please X TSG Sports Arena,Court 2,Not Booked,300,17 Sep 16:34
2026-09-17,Thu,5:00 am to 5:30 am,Pitch Please X TSG Sports Arena,Court 2,Not Booked,300,17 Sep 05:29
2026-09-17,Thu,5:00 pm to 5:30 pm,Pitch Please X TSG Sports Arena,Court 2,Not Booked,300,17 Sep 17:04
2026-09-17,Thu,5:30 am to 6:00 am,Pitch Please X TSG Sports Arena,Court 2,Not Booked,300,17 Sep 05:29
2026-09-17,Thu,5:30 pm to 6:00 pm,Pitch Please X TSG Sports Arena,Court 2,Not Booked,300,17 Sep 17:30
2026-09-17,Thu,6:00 am to 6:30 am,Pitch Please X TSG Sports Arena,Court 2,Not Booked,300,17 Sep 06:10
2026-09-17,Thu,6:00 pm to 6:30 pm,Pitch Please X TSG Sports Arena,Court 2,Not Booked,300,17 Sep 18:08
2026-09-17,Thu,6:30 am to 7:00 am,Pitch Please X TSG Sports Arena,Court 2,Not Booked,300,17 Sep 06:36
2026-09-17,Thu,6:30 pm to 7:00 pm,Pitch Please X TSG Sports Arena,Court 2,Not Booked,300,17 Sep 18:36
2026-09-17,Thu,7:00 am to 7:30 am,Pitch Please X TSG Sports Arena,Court 2,Not Booked,300,17 Sep 07:05
2026-09-17,Thu,7:00 pm to 7:30 pm,Pitch Please X TSG Sports Arena,Court 2,Not Booked,300,17 Sep 18:36
2026-09-17,Thu,7:30 am to 8:00 am,Pitch Please X TSG Sports Arena,Court 2,Not Booked,300,17 Sep 07:32
2026-09-17,Thu,7:30 pm to 8:00 pm,Pitch Please X TSG Sports Arena,Court 2,Not Booked,300,17 Sep 19:33
2026-09-17,Thu,8:00 am to 8:30 am,Pitch Please X TSG Sports Arena,Court 2,Booked,300,17 Sep 08:04
2026-09-17,Thu,8:00 pm to 8:30 pm,Pitch Please X TSG Sports Arena,Court 2,Not Booked,300,17 Sep 20:07
2026-09-17,Thu,8:30 am to 9:00 am,Pitch Please X TSG Sports Arena,Court 2,Booked,300,17 Sep 08:33
2026-09-17,Thu,8:30 pm to 9:00 pm,Pitch Please X TSG Sports Arena,Court 2,Not Booked,300,17 Sep 20:30
2026-09-17,Thu,9:00 am to 9:30 am,Pitch Please X TSG Sports Arena,Court 2,Not Booked,300,17 Sep 09:04
2026-09-17,Thu,9:00 pm to 9:30 pm,Pitch Please X TSG Sports Arena,Court 2,Not Booked,300,17 Sep 20:30
2026-09-17,Thu,9:30 am to 10:00 am,Pitch Please X TSG Sports Arena,Court 2,Not Booked,300,17 Sep 09:33
2026-09-17,Thu,9:30 pm to 10:00 pm,Pitch Please X TSG Sports Arena,Court 2,Not Booked,300,17 Sep 20:30
2026-09-17,Thu,10:00 pm to 10:30 pm,PlayAll BSIC Noida 46,Court 1,Not Booked,300,17 Sep 22:05
2026-09-17,Thu,10:30 pm to 11:00 pm,PlayAll BSIC Noida 46,Court 1,Not Booked,300,17 Sep 22:32
2026-09-17,Thu,3:00 pm to 3:30 pm,PlayAll BSIC Noida 46,Court 1,Not Booked,150,17 Sep 15:06
2026-09-17,Thu,3:30 pm to 4:00 pm,PlayAll BSIC Noida 46,Court 1,Not Booked,150,17 Sep 15:33
2026-09-17,Thu,4:00 pm to 4:30 pm,PlayAll BSIC Noida 46,Court 1,Not Booked,150,17 Sep 16:04
2026-09-17,Thu,4:30 pm to 5:00 pm,PlayAll BSIC Noida 46,Court 1,Not Booked,150,17 Sep 16:34
2026-09-17,Thu,5:00 pm to 5:30 pm,PlayAll BSIC Noida 46,Court 1,Not Booked,150,17 Sep 17:04
2026-09-17,Thu,5:30 pm to 6:00 pm,PlayAll BSIC Noida 46,Court 1,Not Booked,150,17 Sep 17:30
2026-09-17,Thu,6:00 pm to 6:30 pm,PlayAll BSIC Noida 46,Court 1,Not Booked,200,17 Sep 13:06
2026-09-17,Thu,6:30 pm to 7:00 pm,PlayAll BSIC Noida 46,Court 1,Not Booked,200,17 Sep 13:06
2026-09-17,Thu,7:00 pm to 7:30 pm,PlayAll BSIC Noida 46,Court 1,Not Booked,300,17 Sep 19:05
2026-09-17,Thu,7:30 pm to 8:00 pm,PlayAll BSIC Noida 46,Court 1,Not Booked,300,17 Sep 19:33
2026-09-17,Thu,8:00 pm to 8:30 pm,PlayAll BSIC Noida 46,Court 1,Not Booked,300,17 Sep 20:07
2026-09-17,Thu,8:30 pm to 9:00 pm,PlayAll BSIC Noida 46,Court 1,Not Booked,300,17 Sep 20:30
2026-09-17,Thu,9:00 pm to 9:30 pm,PlayAll BSIC Noida 46,Court 1,Not Booked,300,17 Sep 19:05
2026-09-17,Thu,9:30 pm to 10:00 pm,PlayAll BSIC Noida 46,Court 1,Not Booked,300,17 Sep 19:05
2026-09-17,Thu,10:00 pm to 10:30 pm,PlayAll BSIC Noida 46,Court 2,Not Booked,300,17 Sep 22:05
2026-09-17,Thu,10:30 pm to 11:00 pm,PlayAll BSIC Noida 46,Court 2,Not Booked,300,17 Sep 22:32
2026-09-17,Thu,3:00 pm to 3:30 pm,PlayAll BSIC Noida 46,Court 2,Not Booked,150,17 Sep 14:32
2026-09-17,Thu,3:30 pm to 4:00 pm,PlayAll BSIC Noida 46,Court 2,Not Booked,150,17 Sep 15:33
2026-09-17,Thu,4:00 pm to 4:30 pm,PlayAll BSIC Noida 46,Court 2,Not Booked,150,17 Sep 16:04
2026-09-17,Thu,4:30 pm to 5:00 pm,PlayAll BSIC Noida 46,Court 2,Not Booked,150,17 Sep 16:34
2026-09-17,Thu,5:00 pm to 5:30 pm,PlayAll BSIC Noida 46,Court 2,Not Booked,150,17 Sep 16:34
2026-09-17,Thu,5:30 pm to 6:00 pm,PlayAll BSIC Noida 46,Court 2,Not Booked,150,17 Sep 17:30
2026-09-17,Thu,6:00 pm to 6:30 pm,PlayAll BSIC Noida 46,Court 2,Not Booked,200,17 Sep 17:30
2026-09-17,Thu,6:30 pm to 7:00 pm,PlayAll BSIC Noida 46,Court 2,Not Booked,200,17 Sep 18:36
2026-09-17,Thu,7:00 pm to 7:30 pm,PlayAll BSIC Noida 46,Court 2,Not Booked,300,17 Sep 19:05
2026-09-17,Thu,7:30 pm to 8:00 pm,PlayAll BSIC Noida 46,Court 2,Not Booked,300,17 Sep 19:33
2026-09-17,Thu,8:00 pm to 8:30 pm,PlayAll BSIC Noida 46,Court 2,Not Booked,300,17 Sep 20:07
2026-09-17,Thu,8:30 pm to 9:00 pm,PlayAll BSIC Noida 46,Court 2,Not Booked,300,17 Sep 20:30
2026-09-17,Thu,9:00 pm to 9:30 pm,PlayAll BSIC Noida 46,Court 2,Not Booked,300,17 Sep 21:05
2026-09-17,Thu,9:30 pm to 10:00 pm,PlayAll BSIC Noida 46,Court 2,Not Booked,300,17 Sep 21:30
2026-09-17,Thu,10:00 pm to 10:30 pm,PlayAll BSIC Noida 46,Court 3,Not Booked,300,17 Sep 22:05
2026-09-17,Thu,10:30 pm to 11:00 pm,PlayAll BSIC Noida 46,Court 3,Not Booked,300,17 Sep 22:32
2026-09-17,Thu,3:00 pm to 3:30 pm,PlayAll BSIC Noida 46,Court 3,Not Booked,150,17 Sep 15:06
2026-09-17,Thu,3:30 pm to 4:00 pm,PlayAll BSIC Noida 46,Court 3,Not Booked,150,17 Sep 15:33
2026-09-17,Thu,4:00 pm to 4:30 pm,PlayAll BSIC Noida 46,Court 3,Not Booked,150,17 Sep 16:04
2026-09-17,Thu,4:30 pm to 5:00 pm,PlayAll BSIC Noida 46,Court 3,Not Booked,150,17 Sep 16:34
2026-09-17,Thu,5:00 pm to 5:30 pm,PlayAll BSIC Noida 46,Court 3,Not Booked,150,17 Sep 17:04
2026-09-17,Thu,5:30 pm to 6:00 pm,PlayAll BSIC Noida 46,Court 3,Not Booked,150,17 Sep 17:30
2026-09-17,Thu,6:00 pm to 6:30 pm,PlayAll BSIC Noida 46,Court 3,Not Booked,200,17 Sep 18:08
2026-09-17,Thu,6:30 pm to 7:00 pm,PlayAll BSIC Noida 46,Court 3,Not Booked,200,17 Sep 18:36
2026-09-17,Thu,7:00 pm to 7:30 pm,PlayAll BSIC Noida 46,Court 3,Not Booked,300,17 Sep 18:36
2026-09-17,Thu,7:30 pm to 8:00 pm,PlayAll BSIC Noida 46,Court 3,Not Booked,300,17 Sep 19:33
2026-09-17,Thu,8:00 pm to 8:30 pm,PlayAll BSIC Noida 46,Court 3,Not Booked,300,17 Sep 20:07
2026-09-17,Thu,8:30 pm to 9:00 pm,PlayAll BSIC Noida 46,Court 3,Not Booked,300,17 Sep 20:30
2026-09-17,Thu,9:00 pm to 9:30 pm,PlayAll BSIC Noida 46,Court 3,Not Booked,300,17 Sep 21:05
2026-09-17,Thu,9:30 pm to 10:00 pm,PlayAll BSIC Noida 46,Court 3,Not Booked,300,17 Sep 21:30
2026-09-17,Thu,10:00 pm to 11:00 pm,PlayAll MPS Noida 11,Court 1,Not Booked,200,17 Sep 21:30
2026-09-17,Thu,10:30 pm to 11:30 pm,PlayAll MPS Noida 11,Court 1,Not Booked,200,17 Sep 22:32
2026-09-17,Thu,11:00 pm to 12:00 am,PlayAll MPS Noida 11,Court 1,Not Booked,175,17 Sep 22:05
2026-09-17,Thu,11:30 pm to 12:30 am,PlayAll MPS Noida 11,Court 1,Not Booked,175,17 Sep 22:05
2026-09-17,Thu,3:00 pm to 4:00 pm,PlayAll MPS Noida 11,Court 1,Not Booked,150,17 Sep 15:33
2026-09-17,Thu,3:30 pm to 4:30 pm,PlayAll MPS Noida 11,Court 1,Not Booked,150,17 Sep 16:04
2026-09-17,Thu,4:00 pm to 5:00 pm,PlayAll MPS Noida 11,Court 1,Not Booked,150,17 Sep 16:04
2026-09-17,Thu,4:30 pm to 5:30 pm,PlayAll MPS Noida 11,Court 1,Not Booked,150,17 Sep 16:04
2026-09-17,Thu,5:00 pm to 6:00 pm,PlayAll MPS Noida 11,Court 1,Not Booked,150,17 Sep 16:04
2026-09-17,Thu,5:30 pm to 6:30 pm,PlayAll MPS Noida 11,Court 1,Not Booked,150,17 Sep 16:04
2026-09-17,Thu,6:00 pm to 7:00 pm,PlayAll MPS Noida 11,Court 1,Not Booked,200,17 Sep 18:36
2026-09-17,Thu,6:30 pm to 7:30 pm,PlayAll MPS Noida 11,Court 1,Not Booked,200,17 Sep 19:05
2026-09-17,Thu,7:00 pm to 8:00 pm,PlayAll MPS Noida 11,Court 1,Not Booked,200,17 Sep 19:33
2026-09-17,Thu,7:30 pm to 8:30 pm,PlayAll MPS Noida 11,Court 1,Not Booked,200,17 Sep 19:33
2026-09-17,Thu,8:00 pm to 9:00 pm,PlayAll MPS Noida 11,Court 1,Not Booked,200,17 Sep 19:33
2026-09-17,Thu,8:30 pm to 9:30 pm,PlayAll MPS Noida 11,Court 1,Not Booked,200,17 Sep 21:05
2026-09-17,Thu,9:00 pm to 10:00 pm,PlayAll MPS Noida 11,Court 1,Not Booked,200,17 Sep 19:33
2026-09-17,Thu,9:30 pm to 10:30 pm,PlayAll MPS Noida 11,Court 1,Not Booked,200,17 Sep 19:33
2026-09-17,Thu,10:00 pm to 11:00 pm,PlayAll MPS Noida 11,Court 2,Not Booked,200,17 Sep 22:32
2026-09-17,Thu,10:30 pm to 11:30 pm,PlayAll MPS Noida 11,Court 2,Not Booked,200,17 Sep 23:02
2026-09-17,Thu,11:00 pm to 12:00 am,PlayAll MPS Noida 11,Court 2,Not Booked,175,17 Sep 23:32
2026-09-17,Thu,11:30 pm to 12:30 am,PlayAll MPS Noida 11,Court 2,Not Booked,175,18 Sep 00:12
2026-09-17,Thu,3:00 pm to 4:00 pm,PlayAll MPS Noida 11,Court 2,Not Booked,150,17 Sep 14:32
2026-09-17,Thu,3:30 pm to 4:30 pm,PlayAll MPS Noida 11,Court 2,Not Booked,150,17 Sep 16:04
2026-09-17,Thu,4:00 pm to 5:00 pm,PlayAll MPS Noida 11,Court 2,Not Booked,150,17 Sep 16:34
2026-09-17,Thu,4:30 pm to 5:30 pm,PlayAll MPS Noida 11,Court 2,Not Booked,150,17 Sep 17:04
2026-09-17,Thu,5:00 pm to 6:00 pm,PlayAll MPS Noida 11,Court 2,Not Booked,150,17 Sep 17:30
2026-09-17,Thu,5:30 pm to 6:30 pm,PlayAll MPS Noida 11,Court 2,Not Booked,150,17 Sep 17:30
2026-09-17,Thu,6:00 pm to 7:00 pm,PlayAll MPS Noida 11,Court 2,Not Booked,200,17 Sep 18:36
2026-09-17,Thu,6:30 pm to 7:30 pm,PlayAll MPS Noida 11,Court 2,Not Booked,200,17 Sep 18:36
2026-09-17,Thu,7:00 pm to 8:00 pm,PlayAll MPS Noida 11,Court 2,Not Booked,200,17 Sep 19:33
2026-09-17,Thu,7:30 pm to 8:30 pm,PlayAll MPS Noida 11,Court 2,Not Booked,200,17 Sep 20:07
2026-09-17,Thu,8:00 pm to 9:00 pm,PlayAll MPS Noida 11,Court 2,Not Booked,200,17 Sep 18:36
2026-09-17,Thu,8:30 pm to 9:30 pm,PlayAll MPS Noida 11,Court 2,Not Booked,200,17 Sep 18:36
2026-09-17,Thu,9:00 pm to 10:00 pm,PlayAll MPS Noida 11,Court 2,Not Booked,200,17 Sep 21:30
2026-09-17,Thu,9:30 pm to 10:30 pm,PlayAll MPS Noida 11,Court 2,Not Booked,200,17 Sep 22:05
2026-09-17,Thu,10:00 pm to 11:00 pm,PlayAll MPS Noida 11,Court 3,Not Booked,200,17 Sep 22:32
2026-09-17,Thu,10:30 pm to 11:30 pm,PlayAll MPS Noida 11,Court 3,Not Booked,200,17 Sep 23:02
2026-09-17,Thu,11:00 pm to 12:00 am,PlayAll MPS Noida 11,Court 3,Not Booked,175,17 Sep 23:32
2026-09-17,Thu,11:30 pm to 12:30 am,PlayAll MPS Noida 11,Court 3,Not Booked,175,17 Sep 23:32
2026-09-17,Thu,3:00 pm to 4:00 pm,PlayAll MPS Noida 11,Court 3,Not Booked,150,17 Sep 15:33
2026-09-17,Thu,3:30 pm to 4:30 pm,PlayAll MPS Noida 11,Court 3,Not Booked,150,17 Sep 16:04
2026-09-17,Thu,4:00 pm to 5:00 pm,PlayAll MPS Noida 11,Court 3,Not Booked,150,17 Sep 16:34
2026-09-17,Thu,4:30 pm to 5:30 pm,PlayAll MPS Noida 11,Court 3,Not Booked,150,17 Sep 17:04
2026-09-17,Thu,5:00 pm to 6:00 pm,PlayAll MPS Noida 11,Court 3,Not Booked,150,17 Sep 17:30
2026-09-17,Thu,5:30 pm to 6:30 pm,PlayAll MPS Noida 11,Court 3,Not Booked,150,17 Sep 17:30
2026-09-17,Thu,6:00 pm to 7:00 pm,PlayAll MPS Noida 11,Court 3,Not Booked,200,17 Sep 18:36
2026-09-17,Thu,6:30 pm to 7:30 pm,PlayAll MPS Noida 11,Court 3,Not Booked,200,17 Sep 19:05
2026-09-17,Thu,7:00 pm to 8:00 pm,PlayAll MPS Noida 11,Court 3,Not Booked,200,17 Sep 19:33
2026-09-17,Thu,7:30 pm to 8:30 pm,PlayAll MPS Noida 11,Court 3,Not Booked,200,17 Sep 20:07
2026-09-17,Thu,8:00 pm to 9:00 pm,PlayAll MPS Noida 11,Court 3,Not Booked,200,17 Sep 20:30
2026-09-17,Thu,8:30 pm to 9:30 pm,PlayAll MPS Noida 11,Court 3,Not Booked,200,17 Sep 21:05
2026-09-17,Thu,9:00 pm to 10:00 pm,PlayAll MPS Noida 11,Court 3,Not Booked,200,17 Sep 21:30
2026-09-17,Thu,9:30 pm to 10:30 pm,PlayAll MPS Noida 11,Court 3,Not Booked,200,17 Sep 22:05
2026-09-17,Thu,10:00 pm to 11:00 pm,PlayAll Noida 105,Court 1,Not Booked,300,17 Sep 20:07
2026-09-17,Thu,10:30 pm to 11:30 pm,PlayAll Noida 105,Court 1,Not Booked,300,17 Sep 20:07
2026-09-17,Thu,11:00 pm to 12:00 am,PlayAll Noida 105,Court 1,Not Booked,300,17 Sep 23:32
2026-09-17,Thu,11:30 pm to 12:30 am,PlayAll Noida 105,Court 1,Not Booked,300,18 Sep 00:12
2026-09-17,Thu,2:30 pm to 3:30 pm,PlayAll Noida 105,Court 1,Not Booked,150,17 Sep 15:06
2026-09-17,Thu,3:00 pm to 4:00 pm,PlayAll Noida 105,Court 1,Not Booked,150,17 Sep 15:33
2026-09-17,Thu,3:30 pm to 4:30 pm,PlayAll Noida 105,Court 1,Not Booked,150,17 Sep 16:04
2026-09-17,Thu,4:00 pm to 5:00 pm,PlayAll Noida 105,Court 1,Not Booked,150,17 Sep 16:34
2026-09-17,Thu,4:30 pm to 5:30 pm,PlayAll Noida 105,Court 1,Not Booked,150,17 Sep 17:04
2026-09-17,Thu,5:00 pm to 6:00 pm,PlayAll Noida 105,Court 1,Not Booked,150,17 Sep 17:30
2026-09-17,Thu,5:30 pm to 6:30 pm,PlayAll Noida 105,Court 1,Not Booked,150,17 Sep 18:08
2026-09-17,Thu,6:00 pm to 7:00 pm,PlayAll Noida 105,Court 1,Not Booked,200,17 Sep 13:06
2026-09-17,Thu,6:30 pm to 7:30 pm,PlayAll Noida 105,Court 1,Not Booked,200,17 Sep 13:06
2026-09-17,Thu,7:00 pm to 8:00 pm,PlayAll Noida 105,Court 1,Not Booked,300,17 Sep 13:06
2026-09-17,Thu,7:30 pm to 8:30 pm,PlayAll Noida 105,Court 1,Not Booked,300,17 Sep 20:07
2026-09-17,Thu,8:00 pm to 9:00 pm,PlayAll Noida 105,Court 1,Not Booked,300,17 Sep 19:05
2026-09-17,Thu,8:30 pm to 9:30 pm,PlayAll Noida 105,Court 1,Not Booked,300,17 Sep 19:05
2026-09-17,Thu,9:00 pm to 10:00 pm,PlayAll Noida 105,Court 1,Not Booked,300,17 Sep 19:05
2026-09-17,Thu,9:30 pm to 10:30 pm,PlayAll Noida 105,Court 1,Not Booked,300,17 Sep 21:05
2026-09-17,Thu,10:00 pm to 11:00 pm,PlayAll Noida 105,Court 2,Not Booked,300,17 Sep 22:32
2026-09-17,Thu,10:30 pm to 11:30 pm,PlayAll Noida 105,Court 2,Not Booked,300,17 Sep 23:02
2026-09-17,Thu,11:00 pm to 12:00 am,PlayAll Noida 105,Court 2,Not Booked,300,17 Sep 23:02
2026-09-17,Thu,11:30 pm to 12:30 am,PlayAll Noida 105,Court 2,Not Booked,300,18 Sep 00:12
2026-09-17,Thu,2:30 pm to 3:30 pm,PlayAll Noida 105,Court 2,Not Booked,150,17 Sep 14:32
2026-09-17,Thu,3:00 pm to 4:00 pm,PlayAll Noida 105,Court 2,Not Booked,150,17 Sep 14:32
2026-09-17,Thu,3:30 pm to 4:30 pm,PlayAll Noida 105,Court 2,Not Booked,150,17 Sep 16:04
2026-09-17,Thu,4:00 pm to 5:00 pm,PlayAll Noida 105,Court 2,Not Booked,150,17 Sep 16:34
2026-09-17,Thu,4:30 pm to 5:30 pm,PlayAll Noida 105,Court 2,Not Booked,150,17 Sep 17:04
2026-09-17,Thu,5:00 pm to 6:00 pm,PlayAll Noida 105,Court 2,Not Booked,150,17 Sep 17:30
2026-09-17,Thu,5:30 pm to 6:30 pm,PlayAll Noida 105,Court 2,Not Booked,150,17 Sep 17:30
2026-09-17,Thu,6:00 pm to 7:00 pm,PlayAll Noida 105,Court 2,Not Booked,200,17 Sep 18:36
2026-09-17,Thu,6:30 pm to 7:30 pm,PlayAll Noida 105,Court 2,Not Booked,200,17 Sep 18:36
2026-09-17,Thu,7:00 pm to 8:00 pm,PlayAll Noida 105,Court 2,Not Booked,300,17 Sep 19:33
2026-09-17,Thu,7:30 pm to 8:30 pm,PlayAll Noida 105,Court 2,Not Booked,300,17 Sep 20:07
2026-09-17,Thu,8:00 pm to 9:00 pm,PlayAll Noida 105,Court 2,Not Booked,300,17 Sep 12:37
2026-09-17,Thu,8:30 pm to 9:30 pm,PlayAll Noida 105,Court 2,Not Booked,300,17 Sep 12:37
2026-09-17,Thu,9:00 pm to 10:00 pm,PlayAll Noida 105,Court 2,Not Booked,300,17 Sep 12:37
2026-09-17,Thu,9:30 pm to 10:30 pm,PlayAll Noida 105,Court 2,Not Booked,300,17 Sep 22:05
2026-09-17,Thu,10:00 pm to 11:00 pm,PlayAll Noida 105,Court 3,Not Booked,300,17 Sep 21:05
2026-09-17,Thu,10:30 pm to 11:30 pm,PlayAll Noida 105,Court 3,Not Booked,300,17 Sep 21:05
2026-09-17,Thu,11:00 pm to 12:00 am,PlayAll Noida 105,Court 3,Not Booked,300,17 Sep 21:05
2026-09-17,Thu,11:30 pm to 12:30 am,PlayAll Noida 105,Court 3,Not Booked,300,18 Sep 00:12
2026-09-17,Thu,2:30 pm to 3:30 pm,PlayAll Noida 105,Court 3,Not Booked,150,17 Sep 15:06
2026-09-17,Thu,3:00 pm to 4:00 pm,PlayAll Noida 105,Court 3,Not Booked,150,17 Sep 15:33
2026-09-17,Thu,3:30 pm to 4:30 pm,PlayAll Noida 105,Court 3,Not Booked,150,17 Sep 16:04
2026-09-17,Thu,4:00 pm to 5:00 pm,PlayAll Noida 105,Court 3,Not Booked,150,17 Sep 16:34
2026-09-17,Thu,4:30 pm to 5:30 pm,PlayAll Noida 105,Court 3,Not Booked,150,17 Sep 17:04
2026-09-17,Thu,5:00 pm to 6:00 pm,PlayAll Noida 105,Court 3,Not Booked,150,17 Sep 17:04
2026-09-17,Thu,5:30 pm to 6:30 pm,PlayAll Noida 105,Court 3,Not Booked,150,17 Sep 18:08
2026-09-17,Thu,6:00 pm to 7:00 pm,PlayAll Noida 105,Court 3,Not Booked,200,17 Sep 18:36
2026-09-17,Thu,6:30 pm to 7:30 pm,PlayAll Noida 105,Court 3,Not Booked,200,17 Sep 19:05
2026-09-17,Thu,7:00 pm to 8:00 pm,PlayAll Noida 105,Court 3,Not Booked,300,17 Sep 19:33
2026-09-17,Thu,7:30 pm to 8:30 pm,PlayAll Noida 105,Court 3,Not Booked,300,17 Sep 20:07
2026-09-17,Thu,8:00 pm to 9:00 pm,PlayAll Noida 105,Court 3,Not Booked,300,17 Sep 20:30
2026-09-17,Thu,8:30 pm to 9:30 pm,PlayAll Noida 105,Court 3,Not Booked,300,17 Sep 21:05
2026-09-17,Thu,9:00 pm to 10:00 pm,PlayAll Noida 105,Court 3,Not Booked,300,17 Sep 17:04
2026-09-17,Thu,9:30 pm to 10:30 pm,PlayAll Noida 105,Court 3,Not Booked,300,17 Sep 17:04
2026-09-17,Thu,10:00 am to 11:00 am,PlayAll Noida 73,Court 1,Not Booked,150,17 Sep 10:31
2026-09-17,Thu,10:00 pm to 11:00 pm,PlayAll Noida 73,Court 1,Not Booked,250,17 Sep 22:05
2026-09-17,Thu,10:30 am to 11:30 am,PlayAll Noida 73,Court 1,Not Booked,150,17 Sep 10:31
2026-09-17,Thu,10:30 pm to 11:30 pm,PlayAll Noida 73,Court 1,Not Booked,250,17 Sep 22:05
2026-09-17,Thu,11:00 am to 12:00 pm,PlayAll Noida 73,Court 1,Not Booked,150,17 Sep 11:32
2026-09-17,Thu,11:00 pm to 12:00 am,PlayAll Noida 73,Court 1,Not Booked,200,17 Sep 23:32
2026-09-17,Thu,11:30 am to 12:30 pm,PlayAll Noida 73,Court 1,Not Booked,150,17 Sep 11:32
2026-09-17,Thu,11:30 pm to 12:30 am,PlayAll Noida 73,Court 1,Not Booked,200,17 Sep 23:32
2026-09-17,Thu,12:00 pm to 1:00 pm,PlayAll Noida 73,Court 1,Not Booked,150,17 Sep 12:11
2026-09-17,Thu,12:30 pm to 1:30 pm,PlayAll Noida 73,Court 1,Not Booked,150,17 Sep 12:37
2026-09-17,Thu,1:00 pm to 2:00 pm,PlayAll Noida 73,Court 1,Not Booked,150,17 Sep 13:32
2026-09-17,Thu,1:30 pm to 2:30 pm,PlayAll Noida 73,Court 1,Not Booked,150,17 Sep 14:06
2026-09-17,Thu,2:00 pm to 3:00 pm,PlayAll Noida 73,Court 1,Not Booked,150,17 Sep 14:06
2026-09-17,Thu,2:30 pm to 3:30 pm,PlayAll Noida 73,Court 1,Not Booked,150,17 Sep 15:06
2026-09-17,Thu,3:00 pm to 4:00 pm,PlayAll Noida 73,Court 1,Not Booked,150,17 Sep 15:33
2026-09-17,Thu,3:30 pm to 4:30 pm,PlayAll Noida 73,Court 1,Not Booked,150,17 Sep 16:04
2026-09-17,Thu,4:00 pm to 5:00 pm,PlayAll Noida 73,Court 1,Not Booked,150,17 Sep 16:34
2026-09-17,Thu,4:30 pm to 5:30 pm,PlayAll Noida 73,Court 1,Not Booked,150,17 Sep 17:04
2026-09-17,Thu,5:00 am to 6:00 am,PlayAll Noida 73,Court 1,Not Booked,100,17 Sep 05:29
2026-09-17,Thu,5:00 pm to 6:00 pm,PlayAll Noida 73,Court 1,Not Booked,150,17 Sep 17:30
2026-09-17,Thu,5:30 am to 6:30 am,PlayAll Noida 73,Court 1,Not Booked,100,17 Sep 05:29
2026-09-17,Thu,5:30 pm to 6:30 pm,PlayAll Noida 73,Court 1,Not Booked,150,17 Sep 17:30
2026-09-17,Thu,6:00 am to 7:00 am,PlayAll Noida 73,Court 1,Not Booked,150,17 Sep 06:36
2026-09-17,Thu,6:00 pm to 7:00 pm,PlayAll Noida 73,Court 1,Not Booked,250,17 Sep 18:36
2026-09-17,Thu,6:30 am to 7:30 am,PlayAll Noida 73,Court 1,Not Booked,150,17 Sep 07:05
2026-09-17,Thu,6:30 pm to 7:30 pm,PlayAll Noida 73,Court 1,Not Booked,250,17 Sep 19:05
2026-09-17,Thu,7:00 am to 8:00 am,PlayAll Noida 73,Court 1,Not Booked,150,17 Sep 07:32
2026-09-17,Thu,7:00 pm to 8:00 pm,PlayAll Noida 73,Court 1,Not Booked,250,17 Sep 19:05
2026-09-17,Thu,7:30 am to 8:30 am,PlayAll Noida 73,Court 1,Not Booked,150,17 Sep 08:04
2026-09-17,Thu,7:30 pm to 8:30 pm,PlayAll Noida 73,Court 1,Not Booked,250,17 Sep 20:07
2026-09-17,Thu,8:00 am to 9:00 am,PlayAll Noida 73,Court 1,Not Booked,150,17 Sep 08:33
2026-09-17,Thu,8:00 pm to 9:00 pm,PlayAll Noida 73,Court 1,Not Booked,250,17 Sep 20:30
2026-09-17,Thu,8:30 am to 9:30 am,PlayAll Noida 73,Court 1,Not Booked,150,17 Sep 09:04
2026-09-17,Thu,8:30 pm to 9:30 pm,PlayAll Noida 73,Court 1,Not Booked,250,17 Sep 21:05
2026-09-17,Thu,9:00 am to 10:00 am,PlayAll Noida 73,Court 1,Not Booked,150,17 Sep 09:33
2026-09-17,Thu,9:00 pm to 10:00 pm,PlayAll Noida 73,Court 1,Not Booked,250,17 Sep 18:08
2026-09-17,Thu,9:30 am to 10:30 am,PlayAll Noida 73,Court 1,Not Booked,150,17 Sep 10:06
2026-09-17,Thu,9:30 pm to 10:30 pm,PlayAll Noida 73,Court 1,Not Booked,250,17 Sep 18:08
2026-09-17,Thu,10:00 am to 11:00 am,PlayAll Noida 73,Court 2,Not Booked,150,17 Sep 10:06
2026-09-17,Thu,10:00 pm to 11:00 pm,PlayAll Noida 73,Court 2,Not Booked,250,17 Sep 21:30
2026-09-17,Thu,10:30 am to 11:30 am,PlayAll Noida 73,Court 2,Not Booked,150,17 Sep 11:05
2026-09-17,Thu,10:30 pm to 11:30 pm,PlayAll Noida 73,Court 2,Not Booked,250,17 Sep 23:02
2026-09-17,Thu,11:00 am to 12:00 pm,PlayAll Noida 73,Court 2,Not Booked,150,17 Sep 11:32
2026-09-17,Thu,11:00 pm to 12:00 am,PlayAll Noida 73,Court 2,Not Booked,200,17 Sep 23:32
2026-09-17,Thu,11:30 am to 12:30 pm,PlayAll Noida 73,Court 2,Not Booked,150,17 Sep 11:32
2026-09-17,Thu,11:30 pm to 12:30 am,PlayAll Noida 73,Court 2,Not Booked,200,17 Sep 23:32
2026-09-17,Thu,12:00 pm to 1:00 pm,PlayAll Noida 73,Court 2,Not Booked,150,17 Sep 11:32
2026-09-17,Thu,12:30 pm to 1:30 pm,PlayAll Noida 73,Court 2,Not Booked,150,17 Sep 13:06
2026-09-17,Thu,1:00 pm to 2:00 pm,PlayAll Noida 73,Court 2,Not Booked,150,17 Sep 13:06
2026-09-17,Thu,1:30 pm to 2:30 pm,PlayAll Noida 73,Court 2,Not Booked,150,17 Sep 13:06
2026-09-17,Thu,2:00 pm to 3:00 pm,PlayAll Noida 73,Court 2,Not Booked,150,17 Sep 14:32
2026-09-17,Thu,2:30 pm to 3:30 pm,PlayAll Noida 73,Court 2,Not Booked,150,17 Sep 14:32
2026-09-17,Thu,3:00 pm to 4:00 pm,PlayAll Noida 73,Court 2,Not Booked,150,17 Sep 15:33
2026-09-17,Thu,3:30 pm to 4:30 pm,PlayAll Noida 73,Court 2,Not Booked,150,17 Sep 16:04
2026-09-17,Thu,4:00 pm to 5:00 pm,PlayAll Noida 73,Court 2,Not Booked,150,17 Sep 16:34
2026-09-17,Thu,4:30 pm to 5:30 pm,PlayAll Noida 73,Court 2,Not Booked,150,17 Sep 16:34
2026-09-17,Thu,5:00 am to 6:00 am,PlayAll Noida 73,Court 2,Not Booked,100,17 Sep 05:29
2026-09-17,Thu,5:00 pm to 6:00 pm,PlayAll Noida 73,Court 2,Not Booked,150,17 Sep 17:30
2026-09-17,Thu,5:30 am to 6:30 am,PlayAll Noida 73,Court 2,Not Booked,100,17 Sep 05:29
2026-09-17,Thu,5:30 pm to 6:30 pm,PlayAll Noida 73,Court 2,Not Booked,150,17 Sep 17:30
2026-09-17,Thu,6:00 am to 7:00 am,PlayAll Noida 73,Court 2,Not Booked,150,17 Sep 06:10
2026-09-17,Thu,6:00 pm to 7:00 pm,PlayAll Noida 73,Court 2,Not Booked,250,17 Sep 17:30
2026-09-17,Thu,6:30 am to 7:30 am,PlayAll Noida 73,Court 2,Not Booked,150,17 Sep 07:05
2026-09-17,Thu,6:30 pm to 7:30 pm,PlayAll Noida 73,Court 2,Not Booked,250,17 Sep 17:30
2026-09-17,Thu,7:00 am to 8:00 am,PlayAll Noida 73,Court 2,Not Booked,150,17 Sep 07:05
2026-09-17,Thu,7:00 pm to 8:00 pm,PlayAll Noida 73,Court 2,Not Booked,250,17 Sep 19:33
2026-09-17,Thu,7:30 am to 8:30 am,PlayAll Noida 73,Court 2,Not Booked,150,17 Sep 08:04
2026-09-17,Thu,7:30 pm to 8:30 pm,PlayAll Noida 73,Court 2,Not Booked,250,17 Sep 19:33
2026-09-17,Thu,8:00 am to 9:00 am,PlayAll Noida 73,Court 2,Not Booked,150,17 Sep 08:33
2026-09-17,Thu,8:00 pm to 9:00 pm,PlayAll Noida 73,Court 2,Not Booked,250,17 Sep 20:07
2026-09-17,Thu,8:30 am to 9:30 am,PlayAll Noida 73,Court 2,Not Booked,150,17 Sep 09:04
2026-09-17,Thu,8:30 pm to 9:30 pm,PlayAll Noida 73,Court 2,Not Booked,250,17 Sep 20:07
2026-09-17,Thu,9:00 am to 10:00 am,PlayAll Noida 73,Court 2,Not Booked,150,17 Sep 09:33
2026-09-17,Thu,9:00 pm to 10:00 pm,PlayAll Noida 73,Court 2,Not Booked,250,17 Sep 21:30
2026-09-17,Thu,9:30 am to 10:30 am,PlayAll Noida 73,Court 2,Not Booked,150,17 Sep 10:06
2026-09-17,Thu,9:30 pm to 10:30 pm,PlayAll Noida 73,Court 2,Not Booked,250,17 Sep 21:30
2026-09-17,Thu,10:00 am to 11:00 am,PlayAll Noida 73,Court 3,Not Booked,150,17 Sep 10:31
2026-09-17,Thu,10:00 pm to 11:00 pm,PlayAll Noida 73,Court 3,Not Booked,250,17 Sep 22:32
2026-09-17,Thu,10:30 am to 11:30 am,PlayAll Noida 73,Court 3,Not Booked,150,17 Sep 11:05
2026-09-17,Thu,10:30 pm to 11:30 pm,PlayAll Noida 73,Court 3,Not Booked,250,17 Sep 22:32
2026-09-17,Thu,11:00 am to 12:00 pm,PlayAll Noida 73,Court 3,Not Booked,150,17 Sep 11:32
2026-09-17,Thu,11:00 pm to 12:00 am,PlayAll Noida 73,Court 3,Not Booked,200,17 Sep 23:32
2026-09-17,Thu,11:30 am to 12:30 pm,PlayAll Noida 73,Court 3,Not Booked,150,17 Sep 11:32
2026-09-17,Thu,11:30 pm to 12:30 am,PlayAll Noida 73,Court 3,Not Booked,200,17 Sep 23:32
2026-09-17,Thu,12:00 pm to 1:00 pm,PlayAll Noida 73,Court 3,Not Booked,150,17 Sep 12:11
2026-09-17,Thu,12:30 pm to 1:30 pm,PlayAll Noida 73,Court 3,Not Booked,150,17 Sep 12:37
2026-09-17,Thu,1:00 pm to 2:00 pm,PlayAll Noida 73,Court 3,Not Booked,150,17 Sep 13:32
2026-09-17,Thu,1:30 pm to 2:30 pm,PlayAll Noida 73,Court 3,Not Booked,150,17 Sep 13:32
2026-09-17,Thu,2:00 pm to 3:00 pm,PlayAll Noida 73,Court 3,Not Booked,150,17 Sep 14:32
2026-09-17,Thu,2:30 pm to 3:30 pm,PlayAll Noida 73,Court 3,Not Booked,150,17 Sep 14:32
2026-09-17,Thu,3:00 pm to 4:00 pm,PlayAll Noida 73,Court 3,Not Booked,150,17 Sep 15:33
2026-09-17,Thu,3:30 pm to 4:30 pm,PlayAll Noida 73,Court 3,Not Booked,150,17 Sep 16:04
2026-09-17,Thu,4:00 pm to 5:00 pm,PlayAll Noida 73,Court 3,Not Booked,150,17 Sep 16:34
2026-09-17,Thu,4:30 pm to 5:30 pm,PlayAll Noida 73,Court 3,Not Booked,150,17 Sep 17:04
2026-09-17,Thu,5:00 am to 6:00 am,PlayAll Noida 73,Court 3,Not Booked,100,17 Sep 05:29
2026-09-17,Thu,5:00 pm to 6:00 pm,PlayAll Noida 73,Court 3,Not Booked,150,17 Sep 17:04
2026-09-17,Thu,5:30 am to 6:30 am,PlayAll Noida 73,Court 3,Not Booked,100,17 Sep 05:29
2026-09-17,Thu,5:30 pm to 6:30 pm,PlayAll Noida 73,Court 3,Not Booked,150,17 Sep 17:04
2026-09-17,Thu,6:00 am to 7:00 am,PlayAll Noida 73,Court 3,Not Booked,150,17 Sep 05:29
2026-09-17,Thu,6:00 pm to 7:00 pm,PlayAll Noida 73,Court 3,Not Booked,250,17 Sep 18:08
2026-09-17,Thu,6:30 am to 7:30 am,PlayAll Noida 73,Court 3,Not Booked,150,17 Sep 07:05
2026-09-17,Thu,6:30 pm to 7:30 pm,PlayAll Noida 73,Court 3,Not Booked,250,17 Sep 18:36
2026-09-17,Thu,7:00 am to 8:00 am,PlayAll Noida 73,Court 3,Not Booked,150,17 Sep 07:32
2026-09-17,Thu,7:00 pm to 8:00 pm,PlayAll Noida 73,Court 3,Not Booked,250,17 Sep 19:05
2026-09-17,Thu,7:30 am to 8:30 am,PlayAll Noida 73,Court 3,Not Booked,150,17 Sep 08:04
2026-09-17,Thu,7:30 pm to 8:30 pm,PlayAll Noida 73,Court 3,Not Booked,250,17 Sep 19:05
2026-09-17,Thu,8:00 am to 9:00 am,PlayAll Noida 73,Court 3,Not Booked,150,17 Sep 08:33
2026-09-17,Thu,8:00 pm to 9:00 pm,PlayAll Noida 73,Court 3,Not Booked,250,17 Sep 20:30
2026-09-17,Thu,8:30 am to 9:30 am,PlayAll Noida 73,Court 3,Not Booked,150,17 Sep 08:33
2026-09-17,Thu,8:30 pm to 9:30 pm,PlayAll Noida 73,Court 3,Not Booked,250,17 Sep 21:05
2026-09-17,Thu,9:00 am to 10:00 am,PlayAll Noida 73,Court 3,Not Booked,150,17 Sep 09:33
2026-09-17,Thu,9:00 pm to 10:00 pm,PlayAll Noida 73,Court 3,Not Booked,250,17 Sep 21:05
2026-09-17,Thu,9:30 am to 10:30 am,PlayAll Noida 73,Court 3,Not Booked,150,17 Sep 09:33
2026-09-17,Thu,9:30 pm to 10:30 pm,PlayAll Noida 73,Court 3,Not Booked,250,17 Sep 21:05
2026-09-17,Thu,10:00 am to 10:30 am,PlayLife | Sector 163,Pickleball Court 1,Not Booked,200,17 Sep 10:06
2026-09-17,Thu,10:00 pm to 10:30 pm,PlayLife | Sector 163,Pickleball Court 1,Booked,200,17 Sep 22:05
2026-09-17,Thu,10:30 am to 11:00 am,PlayLife | Sector 163,Pickleball Court 1,Not Booked,200,17 Sep 10:31
2026-09-17,Thu,10:30 pm to 11:00 pm,PlayLife | Sector 163,Pickleball Court 1,Booked,200,17 Sep 22:32
2026-09-17,Thu,11:00 am to 11:30 am,PlayLife | Sector 163,Pickleball Court 1,Not Booked,200,17 Sep 11:05
2026-09-17,Thu,11:30 am to 12:00 pm,PlayLife | Sector 163,Pickleball Court 1,Not Booked,200,17 Sep 11:32
2026-09-17,Thu,12:00 pm to 12:30 pm,PlayLife | Sector 163,Pickleball Court 1,Not Booked,200,17 Sep 12:11
2026-09-17,Thu,12:30 pm to 1:00 pm,PlayLife | Sector 163,Pickleball Court 1,Not Booked,200,17 Sep 12:37
2026-09-17,Thu,1:00 pm to 1:30 pm,PlayLife | Sector 163,Pickleball Court 1,Not Booked,200,17 Sep 13:06
2026-09-17,Thu,1:30 pm to 2:00 pm,PlayLife | Sector 163,Pickleball Court 1,Not Booked,200,17 Sep 13:32
2026-09-17,Thu,2:00 pm to 2:30 pm,PlayLife | Sector 163,Pickleball Court 1,Not Booked,200,17 Sep 14:06
2026-09-17,Thu,2:30 pm to 3:00 pm,PlayLife | Sector 163,Pickleball Court 1,Not Booked,200,17 Sep 14:32
2026-09-17,Thu,3:00 pm to 3:30 pm,PlayLife | Sector 163,Pickleball Court 1,Not Booked,200,17 Sep 15:06
2026-09-17,Thu,3:30 pm to 4:00 pm,PlayLife | Sector 163,Pickleball Court 1,Not Booked,200,17 Sep 15:33
2026-09-17,Thu,4:00 pm to 4:30 pm,PlayLife | Sector 163,Pickleball Court 1,Not Booked,200,17 Sep 16:04
2026-09-17,Thu,4:30 pm to 5:00 pm,PlayLife | Sector 163,Pickleball Court 1,Not Booked,200,17 Sep 16:34
2026-09-17,Thu,5:00 pm to 5:30 pm,PlayLife | Sector 163,Pickleball Court 1,Not Booked,200,17 Sep 17:04
2026-09-17,Thu,5:30 pm to 6:00 pm,PlayLife | Sector 163,Pickleball Court 1,Not Booked,200,17 Sep 17:30
2026-09-17,Thu,6:00 am to 6:30 am,PlayLife | Sector 163,Pickleball Court 1,Not Booked,200,17 Sep 06:10
2026-09-17,Thu,6:00 pm to 6:30 pm,PlayLife | Sector 163,Pickleball Court 1,Not Booked,200,17 Sep 18:08
2026-09-17,Thu,6:30 am to 7:00 am,PlayLife | Sector 163,Pickleball Court 1,Not Booked,200,17 Sep 06:36
2026-09-17,Thu,6:30 pm to 7:00 pm,PlayLife | Sector 163,Pickleball Court 1,Not Booked,200,17 Sep 18:36
2026-09-17,Thu,7:00 am to 7:30 am,PlayLife | Sector 163,Pickleball Court 1,Not Booked,200,17 Sep 07:05
2026-09-17,Thu,7:00 pm to 7:30 pm,PlayLife | Sector 163,Pickleball Court 1,Booked,200,17 Sep 19:05
2026-09-17,Thu,7:30 am to 8:00 am,PlayLife | Sector 163,Pickleball Court 1,Not Booked,200,17 Sep 07:32
2026-09-17,Thu,7:30 pm to 8:00 pm,PlayLife | Sector 163,Pickleball Court 1,Booked,200,17 Sep 19:33
2026-09-17,Thu,8:00 am to 8:30 am,PlayLife | Sector 163,Pickleball Court 1,Not Booked,200,17 Sep 08:04
2026-09-17,Thu,8:00 pm to 8:30 pm,PlayLife | Sector 163,Pickleball Court 1,Booked,200,17 Sep 20:07
2026-09-17,Thu,8:30 am to 9:00 am,PlayLife | Sector 163,Pickleball Court 1,Not Booked,200,17 Sep 08:33
2026-09-17,Thu,8:30 pm to 9:00 pm,PlayLife | Sector 163,Pickleball Court 1,Booked,200,17 Sep 20:07
2026-09-17,Thu,9:00 am to 9:30 am,PlayLife | Sector 163,Pickleball Court 1,Not Booked,200,17 Sep 09:04
2026-09-17,Thu,9:00 pm to 9:30 pm,PlayLife | Sector 163,Pickleball Court 1,Booked,200,17 Sep 21:05
2026-09-17,Thu,9:30 am to 10:00 am,PlayLife | Sector 163,Pickleball Court 1,Not Booked,200,17 Sep 09:33
2026-09-17,Thu,9:30 pm to 10:00 pm,PlayLife | Sector 163,Pickleball Court 1,Booked,200,17 Sep 21:30
2026-09-17,Thu,10:00 am to 10:30 am,PlayLife | Sector 163,Pickleball Court 2,Not Booked,200,17 Sep 10:06
2026-09-17,Thu,10:00 pm to 10:30 pm,PlayLife | Sector 163,Pickleball Court 2,Not Booked,200,17 Sep 22:05
2026-09-17,Thu,10:30 am to 11:00 am,PlayLife | Sector 163,Pickleball Court 2,Not Booked,200,17 Sep 10:31
2026-09-17,Thu,10:30 pm to 11:00 pm,PlayLife | Sector 163,Pickleball Court 2,Not Booked,200,17 Sep 22:32
2026-09-17,Thu,11:00 am to 11:30 am,PlayLife | Sector 163,Pickleball Court 2,Not Booked,200,17 Sep 11:05
2026-09-17,Thu,11:30 am to 12:00 pm,PlayLife | Sector 163,Pickleball Court 2,Not Booked,200,17 Sep 11:32
2026-09-17,Thu,12:00 pm to 12:30 pm,PlayLife | Sector 163,Pickleball Court 2,Not Booked,200,17 Sep 12:11
2026-09-17,Thu,12:30 pm to 1:00 pm,PlayLife | Sector 163,Pickleball Court 2,Not Booked,200,17 Sep 12:37
2026-09-17,Thu,1:00 pm to 1:30 pm,PlayLife | Sector 163,Pickleball Court 2,Not Booked,200,17 Sep 13:06
2026-09-17,Thu,1:30 pm to 2:00 pm,PlayLife | Sector 163,Pickleball Court 2,Not Booked,200,17 Sep 13:32
2026-09-17,Thu,2:00 pm to 2:30 pm,PlayLife | Sector 163,Pickleball Court 2,Not Booked,200,17 Sep 14:06
2026-09-17,Thu,2:30 pm to 3:00 pm,PlayLife | Sector 163,Pickleball Court 2,Not Booked,200,17 Sep 14:32
2026-09-17,Thu,3:00 pm to 3:30 pm,PlayLife | Sector 163,Pickleball Court 2,Not Booked,200,17 Sep 15:06
2026-09-17,Thu,3:30 pm to 4:00 pm,PlayLife | Sector 163,Pickleball Court 2,Not Booked,200,17 Sep 15:33
2026-09-17,Thu,4:00 pm to 4:30 pm,PlayLife | Sector 163,Pickleball Court 2,Not Booked,200,17 Sep 16:04
2026-09-17,Thu,4:30 pm to 5:00 pm,PlayLife | Sector 163,Pickleball Court 2,Not Booked,200,17 Sep 16:34
2026-09-17,Thu,5:00 pm to 5:30 pm,PlayLife | Sector 163,Pickleball Court 2,Not Booked,200,17 Sep 17:04
2026-09-17,Thu,5:30 pm to 6:00 pm,PlayLife | Sector 163,Pickleball Court 2,Not Booked,200,17 Sep 17:30
2026-09-17,Thu,6:00 am to 6:30 am,PlayLife | Sector 163,Pickleball Court 2,Not Booked,200,17 Sep 06:10
2026-09-17,Thu,6:00 pm to 6:30 pm,PlayLife | Sector 163,Pickleball Court 2,Not Booked,200,17 Sep 18:08
2026-09-17,Thu,6:30 am to 7:00 am,PlayLife | Sector 163,Pickleball Court 2,Not Booked,200,17 Sep 06:36
2026-09-17,Thu,6:30 pm to 7:00 pm,PlayLife | Sector 163,Pickleball Court 2,Not Booked,200,17 Sep 18:36
2026-09-17,Thu,7:00 am to 7:30 am,PlayLife | Sector 163,Pickleball Court 2,Not Booked,200,17 Sep 07:05
2026-09-17,Thu,7:00 pm to 7:30 pm,PlayLife | Sector 163,Pickleball Court 2,Not Booked,200,17 Sep 19:05
2026-09-17,Thu,7:30 am to 8:00 am,PlayLife | Sector 163,Pickleball Court 2,Not Booked,200,17 Sep 07:32
2026-09-17,Thu,7:30 pm to 8:00 pm,PlayLife | Sector 163,Pickleball Court 2,Booked,200,17 Sep 19:33
2026-09-17,Thu,8:00 am to 8:30 am,PlayLife | Sector 163,Pickleball Court 2,Not Booked,200,17 Sep 08:04
2026-09-17,Thu,8:00 pm to 8:30 pm,PlayLife | Sector 163,Pickleball Court 2,Booked,200,17 Sep 20:07
2026-09-17,Thu,8:30 am to 9:00 am,PlayLife | Sector 163,Pickleball Court 2,Not Booked,200,17 Sep 08:33
2026-09-17,Thu,8:30 pm to 9:00 pm,PlayLife | Sector 163,Pickleball Court 2,Not Booked,200,17 Sep 20:30
2026-09-17,Thu,9:00 am to 9:30 am,PlayLife | Sector 163,Pickleball Court 2,Not Booked,200,17 Sep 09:04
2026-09-17,Thu,9:00 pm to 9:30 pm,PlayLife | Sector 163,Pickleball Court 2,Not Booked,200,17 Sep 21:05
2026-09-17,Thu,9:30 am to 10:00 am,PlayLife | Sector 163,Pickleball Court 2,Not Booked,200,17 Sep 09:33
2026-09-17,Thu,9:30 pm to 10:00 pm,PlayLife | Sector 163,Pickleball Court 2,Not Booked,200,17 Sep 21:30
2026-09-17,Thu,10:00 am to 10:30 am,PlayLife | Sector 163,Pickleball Court 3,Not Booked,200,17 Sep 10:06
2026-09-17,Thu,10:00 pm to 10:30 pm,PlayLife | Sector 163,Pickleball Court 3,Not Booked,200,17 Sep 22:05
2026-09-17,Thu,10:30 am to 11:00 am,PlayLife | Sector 163,Pickleball Court 3,Not Booked,200,17 Sep 10:31
2026-09-17,Thu,10:30 pm to 11:00 pm,PlayLife | Sector 163,Pickleball Court 3,Not Booked,200,17 Sep 22:32
2026-09-17,Thu,11:00 am to 11:30 am,PlayLife | Sector 163,Pickleball Court 3,Not Booked,200,17 Sep 11:05
2026-09-17,Thu,11:30 am to 12:00 pm,PlayLife | Sector 163,Pickleball Court 3,Not Booked,200,17 Sep 11:05
2026-09-17,Thu,12:00 pm to 12:30 pm,PlayLife | Sector 163,Pickleball Court 3,Not Booked,200,17 Sep 12:11
2026-09-17,Thu,12:30 pm to 1:00 pm,PlayLife | Sector 163,Pickleball Court 3,Not Booked,200,17 Sep 12:37
2026-09-17,Thu,1:00 pm to 1:30 pm,PlayLife | Sector 163,Pickleball Court 3,Not Booked,200,17 Sep 13:06
2026-09-17,Thu,1:30 pm to 2:00 pm,PlayLife | Sector 163,Pickleball Court 3,Not Booked,200,17 Sep 13:32
2026-09-17,Thu,2:00 pm to 2:30 pm,PlayLife | Sector 163,Pickleball Court 3,Not Booked,200,17 Sep 14:06
2026-09-17,Thu,2:30 pm to 3:00 pm,PlayLife | Sector 163,Pickleball Court 3,Not Booked,200,17 Sep 14:32
2026-09-17,Thu,3:00 pm to 3:30 pm,PlayLife | Sector 163,Pickleball Court 3,Not Booked,200,17 Sep 15:06
2026-09-17,Thu,3:30 pm to 4:00 pm,PlayLife | Sector 163,Pickleball Court 3,Not Booked,200,17 Sep 15:33
2026-09-17,Thu,4:00 pm to 4:30 pm,PlayLife | Sector 163,Pickleball Court 3,Not Booked,200,17 Sep 16:04
2026-09-17,Thu,4:30 pm to 5:00 pm,PlayLife | Sector 163,Pickleball Court 3,Not Booked,200,17 Sep 16:34
2026-09-17,Thu,5:00 pm to 5:30 pm,PlayLife | Sector 163,Pickleball Court 3,Not Booked,200,17 Sep 17:04
2026-09-17,Thu,5:30 pm to 6:00 pm,PlayLife | Sector 163,Pickleball Court 3,Not Booked,200,17 Sep 17:30
2026-09-17,Thu,6:00 am to 6:30 am,PlayLife | Sector 163,Pickleball Court 3,Not Booked,200,17 Sep 06:10
2026-09-17,Thu,6:00 pm to 6:30 pm,PlayLife | Sector 163,Pickleball Court 3,Not Booked,200,17 Sep 18:08
2026-09-17,Thu,6:30 am to 7:00 am,PlayLife | Sector 163,Pickleball Court 3,Not Booked,200,17 Sep 06:36
2026-09-17,Thu,6:30 pm to 7:00 pm,PlayLife | Sector 163,Pickleball Court 3,Not Booked,200,17 Sep 18:36
2026-09-17,Thu,7:00 am to 7:30 am,PlayLife | Sector 163,Pickleball Court 3,Not Booked,200,17 Sep 07:05
2026-09-17,Thu,7:00 pm to 7:30 pm,PlayLife | Sector 163,Pickleball Court 3,Not Booked,200,17 Sep 19:05
2026-09-17,Thu,7:30 am to 8:00 am,PlayLife | Sector 163,Pickleball Court 3,Not Booked,200,17 Sep 07:32
2026-09-17,Thu,7:30 pm to 8:00 pm,PlayLife | Sector 163,Pickleball Court 3,Not Booked,200,17 Sep 19:33
2026-09-17,Thu,8:00 am to 8:30 am,PlayLife | Sector 163,Pickleball Court 3,Not Booked,200,17 Sep 08:04
2026-09-17,Thu,8:00 pm to 8:30 pm,PlayLife | Sector 163,Pickleball Court 3,Not Booked,200,17 Sep 20:07
2026-09-17,Thu,8:30 am to 9:00 am,PlayLife | Sector 163,Pickleball Court 3,Not Booked,200,17 Sep 08:33
2026-09-17,Thu,8:30 pm to 9:00 pm,PlayLife | Sector 163,Pickleball Court 3,Not Booked,200,17 Sep 20:30
2026-09-17,Thu,9:00 am to 9:30 am,PlayLife | Sector 163,Pickleball Court 3,Not Booked,200,17 Sep 09:04
2026-09-17,Thu,9:00 pm to 9:30 pm,PlayLife | Sector 163,Pickleball Court 3,Not Booked,200,17 Sep 21:05
2026-09-17,Thu,9:30 am to 10:00 am,PlayLife | Sector 163,Pickleball Court 3,Not Booked,200,17 Sep 09:33
2026-09-17,Thu,9:30 pm to 10:00 pm,PlayLife | Sector 163,Pickleball Court 3,Not Booked,200,17 Sep 21:30
2026-09-17,Thu,10:00 am to 10:30 am,Rally N Roast | Sector 141,Court 1 (Blue),Not Booked,500,17 Sep 10:06
2026-09-17,Thu,10:00 pm to 10:30 pm,Rally N Roast | Sector 141,Court 1 (Blue),Not Booked,500,17 Sep 22:05
2026-09-17,Thu,10:30 am to 11:00 am,Rally N Roast | Sector 141,Court 1 (Blue),Not Booked,500,17 Sep 10:31
2026-09-17,Thu,10:30 pm to 11:00 pm,Rally N Roast | Sector 141,Court 1 (Blue),Not Booked,500,17 Sep 22:32
2026-09-17,Thu,11:00 am to 11:30 am,Rally N Roast | Sector 141,Court 1 (Blue),Not Booked,500,17 Sep 11:05
2026-09-17,Thu,11:30 am to 12:00 pm,Rally N Roast | Sector 141,Court 1 (Blue),Not Booked,500,17 Sep 11:32
2026-09-17,Thu,12:00 pm to 12:30 pm,Rally N Roast | Sector 141,Court 1 (Blue),Not Booked,500,17 Sep 12:11
2026-09-17,Thu,12:30 pm to 1:00 pm,Rally N Roast | Sector 141,Court 1 (Blue),Not Booked,500,17 Sep 12:37
2026-09-17,Thu,1:00 pm to 1:30 pm,Rally N Roast | Sector 141,Court 1 (Blue),Not Booked,500,17 Sep 13:06
2026-09-17,Thu,1:30 pm to 2:00 pm,Rally N Roast | Sector 141,Court 1 (Blue),Not Booked,500,17 Sep 13:32
2026-09-17,Thu,2:00 pm to 2:30 pm,Rally N Roast | Sector 141,Court 1 (Blue),Not Booked,500,17 Sep 14:06
2026-09-17,Thu,2:30 pm to 3:00 pm,Rally N Roast | Sector 141,Court 1 (Blue),Not Booked,500,17 Sep 14:06
2026-09-17,Thu,3:00 pm to 3:30 pm,Rally N Roast | Sector 141,Court 1 (Blue),Not Booked,500,17 Sep 15:06
2026-09-17,Thu,3:30 pm to 4:00 pm,Rally N Roast | Sector 141,Court 1 (Blue),Not Booked,500,17 Sep 15:33
2026-09-17,Thu,4:00 pm to 4:30 pm,Rally N Roast | Sector 141,Court 1 (Blue),Not Booked,500,17 Sep 16:04
2026-09-17,Thu,4:30 pm to 5:00 pm,Rally N Roast | Sector 141,Court 1 (Blue),Not Booked,500,17 Sep 16:34
2026-09-17,Thu,5:00 pm to 5:30 pm,Rally N Roast | Sector 141,Court 1 (Blue),Not Booked,500,17 Sep 17:04
2026-09-17,Thu,5:30 pm to 6:00 pm,Rally N Roast | Sector 141,Court 1 (Blue),Not Booked,500,17 Sep 17:30
2026-09-17,Thu,6:00 pm to 6:30 pm,Rally N Roast | Sector 141,Court 1 (Blue),Not Booked,500,17 Sep 18:08
2026-09-17,Thu,6:30 pm to 7:00 pm,Rally N Roast | Sector 141,Court 1 (Blue),Not Booked,500,17 Sep 18:36
2026-09-17,Thu,7:00 am to 7:30 am,Rally N Roast | Sector 141,Court 1 (Blue),Not Booked,500,17 Sep 07:05
2026-09-17,Thu,7:00 pm to 7:30 pm,Rally N Roast | Sector 141,Court 1 (Blue),Not Booked,500,17 Sep 19:05
2026-09-17,Thu,7:30 am to 8:00 am,Rally N Roast | Sector 141,Court 1 (Blue),Not Booked,500,17 Sep 07:32
2026-09-17,Thu,7:30 pm to 8:00 pm,Rally N Roast | Sector 141,Court 1 (Blue),Not Booked,500,17 Sep 19:33
2026-09-17,Thu,8:00 am to 8:30 am,Rally N Roast | Sector 141,Court 1 (Blue),Not Booked,500,17 Sep 08:04
2026-09-17,Thu,8:00 pm to 8:30 pm,Rally N Roast | Sector 141,Court 1 (Blue),Not Booked,500,17 Sep 20:07
2026-09-17,Thu,8:30 am to 9:00 am,Rally N Roast | Sector 141,Court 1 (Blue),Not Booked,500,17 Sep 08:33
2026-09-17,Thu,8:30 pm to 9:00 pm,Rally N Roast | Sector 141,Court 1 (Blue),Not Booked,500,17 Sep 20:30
2026-09-17,Thu,9:00 am to 9:30 am,Rally N Roast | Sector 141,Court 1 (Blue),Not Booked,500,17 Sep 09:04
2026-09-17,Thu,9:00 pm to 9:30 pm,Rally N Roast | Sector 141,Court 1 (Blue),Not Booked,500,17 Sep 21:05
2026-09-17,Thu,9:30 am to 10:00 am,Rally N Roast | Sector 141,Court 1 (Blue),Not Booked,500,17 Sep 09:33
2026-09-17,Thu,9:30 pm to 10:00 pm,Rally N Roast | Sector 141,Court 1 (Blue),Not Booked,500,17 Sep 21:30
2026-09-17,Thu,10:00 am to 10:30 am,Rally N Roast | Sector 141,Court 2 (Pink),Not Booked,500,17 Sep 10:06
2026-09-17,Thu,10:00 pm to 10:30 pm,Rally N Roast | Sector 141,Court 2 (Pink),Not Booked,500,17 Sep 22:05
2026-09-17,Thu,10:30 am to 11:00 am,Rally N Roast | Sector 141,Court 2 (Pink),Not Booked,500,17 Sep 10:31
2026-09-17,Thu,10:30 pm to 11:00 pm,Rally N Roast | Sector 141,Court 2 (Pink),Not Booked,500,17 Sep 22:32
2026-09-17,Thu,11:00 am to 11:30 am,Rally N Roast | Sector 141,Court 2 (Pink),Not Booked,500,17 Sep 11:05
2026-09-17,Thu,11:30 am to 12:00 pm,Rally N Roast | Sector 141,Court 2 (Pink),Not Booked,500,17 Sep 11:32
2026-09-17,Thu,12:00 pm to 12:30 pm,Rally N Roast | Sector 141,Court 2 (Pink),Not Booked,500,17 Sep 12:11
2026-09-17,Thu,12:30 pm to 1:00 pm,Rally N Roast | Sector 141,Court 2 (Pink),Not Booked,500,17 Sep 12:37
2026-09-17,Thu,1:00 pm to 1:30 pm,Rally N Roast | Sector 141,Court 2 (Pink),Not Booked,500,17 Sep 13:06
2026-09-17,Thu,1:30 pm to 2:00 pm,Rally N Roast | Sector 141,Court 2 (Pink),Not Booked,500,17 Sep 13:32
2026-09-17,Thu,2:00 pm to 2:30 pm,Rally N Roast | Sector 141,Court 2 (Pink),Not Booked,500,17 Sep 14:06
2026-09-17,Thu,2:30 pm to 3:00 pm,Rally N Roast | Sector 141,Court 2 (Pink),Not Booked,500,17 Sep 14:32
2026-09-17,Thu,3:00 pm to 3:30 pm,Rally N Roast | Sector 141,Court 2 (Pink),Not Booked,500,17 Sep 15:06
2026-09-17,Thu,3:30 pm to 4:00 pm,Rally N Roast | Sector 141,Court 2 (Pink),Not Booked,500,17 Sep 15:33
2026-09-17,Thu,4:00 pm to 4:30 pm,Rally N Roast | Sector 141,Court 2 (Pink),Not Booked,500,17 Sep 16:04
2026-09-17,Thu,4:30 pm to 5:00 pm,Rally N Roast | Sector 141,Court 2 (Pink),Not Booked,500,17 Sep 16:34
2026-09-17,Thu,5:00 pm to 5:30 pm,Rally N Roast | Sector 141,Court 2 (Pink),Not Booked,500,17 Sep 17:04
2026-09-17,Thu,5:30 pm to 6:00 pm,Rally N Roast | Sector 141,Court 2 (Pink),Not Booked,500,17 Sep 17:30
2026-09-17,Thu,6:00 pm to 6:30 pm,Rally N Roast | Sector 141,Court 2 (Pink),Not Booked,500,17 Sep 18:08
2026-09-17,Thu,6:30 pm to 7:00 pm,Rally N Roast | Sector 141,Court 2 (Pink),Not Booked,500,17 Sep 18:36
2026-09-17,Thu,7:00 am to 7:30 am,Rally N Roast | Sector 141,Court 2 (Pink),Not Booked,500,17 Sep 07:05
2026-09-17,Thu,7:00 pm to 7:30 pm,Rally N Roast | Sector 141,Court 2 (Pink),Not Booked,500,17 Sep 19:05
2026-09-17,Thu,7:30 am to 8:00 am,Rally N Roast | Sector 141,Court 2 (Pink),Not Booked,500,17 Sep 07:32
2026-09-17,Thu,7:30 pm to 8:00 pm,Rally N Roast | Sector 141,Court 2 (Pink),Not Booked,500,17 Sep 19:33
2026-09-17,Thu,8:00 am to 8:30 am,Rally N Roast | Sector 141,Court 2 (Pink),Not Booked,500,17 Sep 08:04
2026-09-17,Thu,8:00 pm to 8:30 pm,Rally N Roast | Sector 141,Court 2 (Pink),Not Booked,500,17 Sep 20:07
2026-09-17,Thu,8:30 am to 9:00 am,Rally N Roast | Sector 141,Court 2 (Pink),Not Booked,500,17 Sep 08:33
2026-09-17,Thu,8:30 pm to 9:00 pm,Rally N Roast | Sector 141,Court 2 (Pink),Not Booked,500,17 Sep 20:30
2026-09-17,Thu,9:00 am to 9:30 am,Rally N Roast | Sector 141,Court 2 (Pink),Not Booked,500,17 Sep 09:04
2026-09-17,Thu,9:00 pm to 9:30 pm,Rally N Roast | Sector 141,Court 2 (Pink),Not Booked,500,17 Sep 21:05
2026-09-17,Thu,9:30 am to 10:00 am,Rally N Roast | Sector 141,Court 2 (Pink),Not Booked,500,17 Sep 09:33
2026-09-17,Thu,9:30 pm to 10:00 pm,Rally N Roast | Sector 141,Court 2 (Pink),Not Booked,500,17 Sep 21:30
2026-09-17,Thu,10:00 am to 10:30 am,Rally N Roast | Sector 141,Court 3 (Blue),Not Booked,500,17 Sep 10:06
2026-09-17,Thu,10:00 pm to 10:30 pm,Rally N Roast | Sector 141,Court 3 (Blue),Not Booked,500,17 Sep 22:05
2026-09-17,Thu,10:30 am to 11:00 am,Rally N Roast | Sector 141,Court 3 (Blue),Not Booked,500,17 Sep 10:31
2026-09-17,Thu,10:30 pm to 11:00 pm,Rally N Roast | Sector 141,Court 3 (Blue),Not Booked,500,17 Sep 22:32
2026-09-17,Thu,11:00 am to 11:30 am,Rally N Roast | Sector 141,Court 3 (Blue),Not Booked,500,17 Sep 11:05
2026-09-17,Thu,11:30 am to 12:00 pm,Rally N Roast | Sector 141,Court 3 (Blue),Not Booked,500,17 Sep 11:32
2026-09-17,Thu,12:00 pm to 12:30 pm,Rally N Roast | Sector 141,Court 3 (Blue),Not Booked,500,17 Sep 12:11
2026-09-17,Thu,12:30 pm to 1:00 pm,Rally N Roast | Sector 141,Court 3 (Blue),Not Booked,500,17 Sep 12:37
2026-09-17,Thu,1:00 pm to 1:30 pm,Rally N Roast | Sector 141,Court 3 (Blue),Not Booked,500,17 Sep 13:06
2026-09-17,Thu,1:30 pm to 2:00 pm,Rally N Roast | Sector 141,Court 3 (Blue),Not Booked,500,17 Sep 13:32
2026-09-17,Thu,2:00 pm to 2:30 pm,Rally N Roast | Sector 141,Court 3 (Blue),Not Booked,500,17 Sep 14:06
2026-09-17,Thu,2:30 pm to 3:00 pm,Rally N Roast | Sector 141,Court 3 (Blue),Not Booked,500,17 Sep 14:32
2026-09-17,Thu,3:00 pm to 3:30 pm,Rally N Roast | Sector 141,Court 3 (Blue),Not Booked,500,17 Sep 15:06
2026-09-17,Thu,3:30 pm to 4:00 pm,Rally N Roast | Sector 141,Court 3 (Blue),Not Booked,500,17 Sep 15:33
2026-09-17,Thu,4:00 pm to 4:30 pm,Rally N Roast | Sector 141,Court 3 (Blue),Not Booked,500,17 Sep 16:04
2026-09-17,Thu,4:30 pm to 5:00 pm,Rally N Roast | Sector 141,Court 3 (Blue),Not Booked,500,17 Sep 16:34
2026-09-17,Thu,5:00 pm to 5:30 pm,Rally N Roast | Sector 141,Court 3 (Blue),Not Booked,500,17 Sep 17:04
2026-09-17,Thu,5:30 pm to 6:00 pm,Rally N Roast | Sector 141,Court 3 (Blue),Not Booked,500,17 Sep 17:30
2026-09-17,Thu,6:00 pm to 6:30 pm,Rally N Roast | Sector 141,Court 3 (Blue),Not Booked,500,17 Sep 18:08
2026-09-17,Thu,6:30 pm to 7:00 pm,Rally N Roast | Sector 141,Court 3 (Blue),Not Booked,500,17 Sep 18:36
2026-09-17,Thu,7:00 am to 7:30 am,Rally N Roast | Sector 141,Court 3 (Blue),Not Booked,500,17 Sep 07:05
2026-09-17,Thu,7:00 pm to 7:30 pm,Rally N Roast | Sector 141,Court 3 (Blue),Not Booked,500,17 Sep 19:05
2026-09-17,Thu,7:30 am to 8:00 am,Rally N Roast | Sector 141,Court 3 (Blue),Not Booked,500,17 Sep 07:32
2026-09-17,Thu,7:30 pm to 8:00 pm,Rally N Roast | Sector 141,Court 3 (Blue),Not Booked,500,17 Sep 19:33
2026-09-17,Thu,8:00 am to 8:30 am,Rally N Roast | Sector 141,Court 3 (Blue),Not Booked,500,17 Sep 08:04
2026-09-17,Thu,8:00 pm to 8:30 pm,Rally N Roast | Sector 141,Court 3 (Blue),Not Booked,500,17 Sep 20:07
2026-09-17,Thu,8:30 am to 9:00 am,Rally N Roast | Sector 141,Court 3 (Blue),Not Booked,500,17 Sep 08:33
2026-09-17,Thu,8:30 pm to 9:00 pm,Rally N Roast | Sector 141,Court 3 (Blue),Not Booked,500,17 Sep 20:30
2026-09-17,Thu,9:00 am to 9:30 am,Rally N Roast | Sector 141,Court 3 (Blue),Not Booked,500,17 Sep 09:04
2026-09-17,Thu,9:00 pm to 9:30 pm,Rally N Roast | Sector 141,Court 3 (Blue),Not Booked,500,17 Sep 21:05
2026-09-17,Thu,9:30 am to 10:00 am,Rally N Roast | Sector 141,Court 3 (Blue),Not Booked,500,17 Sep 09:04
2026-09-17,Thu,9:30 pm to 10:00 pm,Rally N Roast | Sector 141,Court 3 (Blue),Not Booked,500,17 Sep 21:30
2026-09-17,Thu,10:00 am to 10:30 am,Sky Nine Rackets,Court 1,Not Booked,225,17 Sep 10:06
2026-09-17,Thu,10:00 pm to 10:30 pm,Sky Nine Rackets,Court 1,Not Booked,270,17 Sep 21:30
2026-09-17,Thu,10:30 am to 11:00 am,Sky Nine Rackets,Court 1,Not Booked,225,17 Sep 10:31
2026-09-17,Thu,10:30 pm to 11:00 pm,Sky Nine Rackets,Court 1,Not Booked,270,17 Sep 21:30
2026-09-17,Thu,11:00 am to 11:30 am,Sky Nine Rackets,Court 1,Not Booked,225,17 Sep 10:31
2026-09-17,Thu,11:00 pm to 11:30 pm,Sky Nine Rackets,Court 1,Not Booked,270,17 Sep 23:02
2026-09-17,Thu,11:30 am to 12:00 pm,Sky Nine Rackets,Court 1,Not Booked,225,17 Sep 10:31
2026-09-17,Thu,11:30 pm to 12:00 am,Sky Nine Rackets,Court 1,Not Booked,270,17 Sep 23:32
2026-09-17,Thu,12:00 pm to 12:30 pm,Sky Nine Rackets,Court 1,Not Booked,225,17 Sep 12:11
2026-09-17,Thu,12:30 pm to 1:00 pm,Sky Nine Rackets,Court 1,Not Booked,225,17 Sep 12:37
2026-09-17,Thu,1:00 pm to 1:30 pm,Sky Nine Rackets,Court 1,Not Booked,225,17 Sep 12:37
2026-09-17,Thu,1:30 pm to 2:00 pm,Sky Nine Rackets,Court 1,Not Booked,225,17 Sep 12:37
2026-09-17,Thu,2:00 pm to 2:30 pm,Sky Nine Rackets,Court 1,Not Booked,225,17 Sep 12:37
2026-09-17,Thu,2:30 pm to 3:00 pm,Sky Nine Rackets,Court 1,Not Booked,225,17 Sep 12:37
2026-09-17,Thu,3:00 pm to 3:30 pm,Sky Nine Rackets,Court 1,Not Booked,225,17 Sep 15:06
2026-09-17,Thu,3:30 pm to 4:00 pm,Sky Nine Rackets,Court 1,Not Booked,225,17 Sep 15:33
2026-09-17,Thu,4:00 pm to 4:30 pm,Sky Nine Rackets,Court 1,Not Booked,225,17 Sep 15:33
2026-09-17,Thu,4:30 pm to 5:00 pm,Sky Nine Rackets,Court 1,Not Booked,225,17 Sep 15:33
2026-09-17,Thu,5:00 am to 5:30 am,Sky Nine Rackets,Court 1,Not Booked,225,17 Sep 05:02
2026-09-17,Thu,5:00 pm to 5:30 pm,Sky Nine Rackets,Court 1,Not Booked,270,17 Sep 17:04
2026-09-17,Thu,5:30 am to 6:00 am,Sky Nine Rackets,Court 1,Not Booked,225,17 Sep 05:02
2026-09-17,Thu,5:30 pm to 6:00 pm,Sky Nine Rackets,Court 1,Not Booked,270,17 Sep 17:30
2026-09-17,Thu,6:00 am to 6:30 am,Sky Nine Rackets,Court 1,Not Booked,225,17 Sep 05:02
2026-09-17,Thu,6:00 pm to 6:30 pm,Sky Nine Rackets,Court 1,Not Booked,270,17 Sep 18:08
2026-09-17,Thu,6:30 am to 7:00 am,Sky Nine Rackets,Court 1,Not Booked,225,17 Sep 06:36
2026-09-17,Thu,6:30 pm to 7:00 pm,Sky Nine Rackets,Court 1,Not Booked,270,17 Sep 18:08
2026-09-17,Thu,7:00 am to 7:30 am,Sky Nine Rackets,Court 1,Not Booked,225,17 Sep 07:05
2026-09-17,Thu,7:00 pm to 7:30 pm,Sky Nine Rackets,Court 1,Not Booked,270,17 Sep 19:05
2026-09-17,Thu,7:30 am to 8:00 am,Sky Nine Rackets,Court 1,Not Booked,225,17 Sep 07:32
2026-09-17,Thu,7:30 pm to 8:00 pm,Sky Nine Rackets,Court 1,Not Booked,270,17 Sep 19:33
2026-09-17,Thu,8:00 am to 8:30 am,Sky Nine Rackets,Court 1,Not Booked,225,17 Sep 08:04
2026-09-17,Thu,8:00 pm to 8:30 pm,Sky Nine Rackets,Court 1,Not Booked,270,17 Sep 20:07
2026-09-17,Thu,8:30 am to 9:00 am,Sky Nine Rackets,Court 1,Not Booked,225,17 Sep 08:33
2026-09-17,Thu,8:30 pm to 9:00 pm,Sky Nine Rackets,Court 1,Not Booked,270,17 Sep 20:07
2026-09-17,Thu,9:00 am to 9:30 am,Sky Nine Rackets,Court 1,Not Booked,225,17 Sep 08:33
2026-09-17,Thu,9:00 pm to 9:30 pm,Sky Nine Rackets,Court 1,Not Booked,270,17 Sep 21:05
2026-09-17,Thu,9:30 am to 10:00 am,Sky Nine Rackets,Court 1,Not Booked,225,17 Sep 09:33
2026-09-17,Thu,9:30 pm to 10:00 pm,Sky Nine Rackets,Court 1,Not Booked,270,17 Sep 21:30
2026-09-17,Thu,10:00 am to 10:30 am,Sky Nine Rackets,Court 2,Not Booked,225,17 Sep 10:06
2026-09-17,Thu,10:00 pm to 10:30 pm,Sky Nine Rackets,Court 2,Not Booked,270,17 Sep 22:05
2026-09-17,Thu,10:30 am to 11:00 am,Sky Nine Rackets,Court 2,Not Booked,225,17 Sep 10:31
2026-09-17,Thu,10:30 pm to 11:00 pm,Sky Nine Rackets,Court 2,Not Booked,270,17 Sep 22:32
2026-09-17,Thu,11:00 am to 11:30 am,Sky Nine Rackets,Court 2,Not Booked,225,17 Sep 11:05
2026-09-17,Thu,11:00 pm to 11:30 pm,Sky Nine Rackets,Court 2,Not Booked,270,17 Sep 23:02
2026-09-17,Thu,11:30 am to 12:00 pm,Sky Nine Rackets,Court 2,Not Booked,225,17 Sep 11:32
2026-09-17,Thu,11:30 pm to 12:00 am,Sky Nine Rackets,Court 2,Not Booked,270,17 Sep 23:02
2026-09-17,Thu,12:00 pm to 12:30 pm,Sky Nine Rackets,Court 2,Not Booked,225,17 Sep 11:32
2026-09-17,Thu,12:30 pm to 1:00 pm,Sky Nine Rackets,Court 2,Not Booked,225,17 Sep 12:37
2026-09-17,Thu,1:00 pm to 1:30 pm,Sky Nine Rackets,Court 2,Not Booked,225,17 Sep 13:06
2026-09-17,Thu,1:30 pm to 2:00 pm,Sky Nine Rackets,Court 2,Not Booked,225,17 Sep 13:32
2026-09-17,Thu,2:00 pm to 2:30 pm,Sky Nine Rackets,Court 2,Not Booked,225,17 Sep 14:06
2026-09-17,Thu,2:30 pm to 3:00 pm,Sky Nine Rackets,Court 2,Not Booked,225,17 Sep 14:32
2026-09-17,Thu,3:00 pm to 3:30 pm,Sky Nine Rackets,Court 2,Not Booked,225,17 Sep 15:06
2026-09-17,Thu,3:30 pm to 4:00 pm,Sky Nine Rackets,Court 2,Not Booked,225,17 Sep 15:33
2026-09-17,Thu,4:00 pm to 4:30 pm,Sky Nine Rackets,Court 2,Not Booked,225,17 Sep 16:04
2026-09-17,Thu,4:30 pm to 5:00 pm,Sky Nine Rackets,Court 2,Not Booked,225,17 Sep 16:34
2026-09-17,Thu,5:00 am to 5:30 am,Sky Nine Rackets,Court 2,Not Booked,225,17 Sep 05:29
2026-09-17,Thu,5:00 pm to 5:30 pm,Sky Nine Rackets,Court 2,Not Booked,270,17 Sep 17:04
2026-09-17,Thu,5:30 am to 6:00 am,Sky Nine Rackets,Court 2,Not Booked,225,17 Sep 05:29
2026-09-17,Thu,5:30 pm to 6:00 pm,Sky Nine Rackets,Court 2,Not Booked,270,17 Sep 17:30
2026-09-17,Thu,6:00 am to 6:30 am,Sky Nine Rackets,Court 2,Not Booked,225,17 Sep 06:10
2026-09-17,Thu,6:00 pm to 6:30 pm,Sky Nine Rackets,Court 2,Not Booked,270,17 Sep 17:30
2026-09-17,Thu,6:30 am to 7:00 am,Sky Nine Rackets,Court 2,Not Booked,225,17 Sep 06:36
2026-09-17,Thu,6:30 pm to 7:00 pm,Sky Nine Rackets,Court 2,Not Booked,270,17 Sep 18:36
2026-09-17,Thu,7:00 am to 7:30 am,Sky Nine Rackets,Court 2,Not Booked,225,17 Sep 07:05
2026-09-17,Thu,7:00 pm to 7:30 pm,Sky Nine Rackets,Court 2,Not Booked,270,17 Sep 19:05
2026-09-17,Thu,7:30 am to 8:00 am,Sky Nine Rackets,Court 2,Not Booked,225,17 Sep 07:32
2026-09-17,Thu,7:30 pm to 8:00 pm,Sky Nine Rackets,Court 2,Not Booked,270,17 Sep 19:33
2026-09-17,Thu,8:00 am to 8:30 am,Sky Nine Rackets,Court 2,Not Booked,225,17 Sep 08:04
2026-09-17,Thu,8:00 pm to 8:30 pm,Sky Nine Rackets,Court 2,Not Booked,270,17 Sep 20:07
2026-09-17,Thu,8:30 am to 9:00 am,Sky Nine Rackets,Court 2,Not Booked,225,17 Sep 08:04
2026-09-17,Thu,8:30 pm to 9:00 pm,Sky Nine Rackets,Court 2,Not Booked,270,17 Sep 20:30
2026-09-17,Thu,9:00 am to 9:30 am,Sky Nine Rackets,Court 2,Not Booked,225,17 Sep 09:04
2026-09-17,Thu,9:00 pm to 9:30 pm,Sky Nine Rackets,Court 2,Not Booked,270,17 Sep 20:30
2026-09-17,Thu,9:30 am to 10:00 am,Sky Nine Rackets,Court 2,Not Booked,225,17 Sep 09:33
2026-09-17,Thu,9:30 pm to 10:00 pm,Sky Nine Rackets,Court 2,Not Booked,270,17 Sep 21:30
2026-09-17,Thu,10:00 am to 10:30 am,Sky Nine Rackets,Court 3,Not Booked,225,17 Sep 10:06
2026-09-17,Thu,10:00 pm to 10:30 pm,Sky Nine Rackets,Court 3,Not Booked,270,17 Sep 22:05
2026-09-17,Thu,10:30 am to 11:00 am,Sky Nine Rackets,Court 3,Not Booked,225,17 Sep 10:31
2026-09-17,Thu,10:30 pm to 11:00 pm,Sky Nine Rackets,Court 3,Not Booked,270,17 Sep 22:32
2026-09-17,Thu,11:00 am to 11:30 am,Sky Nine Rackets,Court 3,Not Booked,225,17 Sep 11:05
2026-09-17,Thu,11:00 pm to 11:30 pm,Sky Nine Rackets,Court 3,Not Booked,270,17 Sep 23:02
2026-09-17,Thu,11:30 am to 12:00 pm,Sky Nine Rackets,Court 3,Not Booked,225,17 Sep 11:32
2026-09-17,Thu,11:30 pm to 12:00 am,Sky Nine Rackets,Court 3,Not Booked,270,17 Sep 23:32
2026-09-17,Thu,12:00 pm to 12:30 pm,Sky Nine Rackets,Court 3,Not Booked,225,17 Sep 12:11
2026-09-17,Thu,12:30 pm to 1:00 pm,Sky Nine Rackets,Court 3,Not Booked,225,17 Sep 12:11
2026-09-17,Thu,1:00 pm to 1:30 pm,Sky Nine Rackets,Court 3,Not Booked,225,17 Sep 13:06
2026-09-17,Thu,1:30 pm to 2:00 pm,Sky Nine Rackets,Court 3,Not Booked,225,17 Sep 13:32
2026-09-17,Thu,2:00 pm to 2:30 pm,Sky Nine Rackets,Court 3,Not Booked,225,17 Sep 14:06
2026-09-17,Thu,2:30 pm to 3:00 pm,Sky Nine Rackets,Court 3,Not Booked,225,17 Sep 14:32
2026-09-17,Thu,3:00 pm to 3:30 pm,Sky Nine Rackets,Court 3,Not Booked,225,17 Sep 14:32
2026-09-17,Thu,3:30 pm to 4:00 pm,Sky Nine Rackets,Court 3,Not Booked,225,17 Sep 15:33
2026-09-17,Thu,4:00 pm to 4:30 pm,Sky Nine Rackets,Court 3,Not Booked,225,17 Sep 16:04
2026-09-17,Thu,4:30 pm to 5:00 pm,Sky Nine Rackets,Court 3,Not Booked,225,17 Sep 16:34
2026-09-17,Thu,5:00 am to 5:30 am,Sky Nine Rackets,Court 3,Not Booked,225,17 Sep 05:29
2026-09-17,Thu,5:00 pm to 5:30 pm,Sky Nine Rackets,Court 3,Not Booked,270,17 Sep 17:04
2026-09-17,Thu,5:30 am to 6:00 am,Sky Nine Rackets,Court 3,Not Booked,225,17 Sep 05:29
2026-09-17,Thu,5:30 pm to 6:00 pm,Sky Nine Rackets,Court 3,Not Booked,270,17 Sep 17:04
2026-09-17,Thu,6:00 am to 6:30 am,Sky Nine Rackets,Court 3,Not Booked,225,17 Sep 06:10
2026-09-17,Thu,6:00 pm to 6:30 pm,Sky Nine Rackets,Court 3,Not Booked,270,17 Sep 18:08
2026-09-17,Thu,6:30 am to 7:00 am,Sky Nine Rackets,Court 3,Not Booked,225,17 Sep 06:36
2026-09-17,Thu,6:30 pm to 7:00 pm,Sky Nine Rackets,Court 3,Not Booked,270,17 Sep 18:36
2026-09-17,Thu,7:00 am to 7:30 am,Sky Nine Rackets,Court 3,Not Booked,225,17 Sep 07:05
2026-09-17,Thu,7:00 pm to 7:30 pm,Sky Nine Rackets,Court 3,Not Booked,270,17 Sep 19:05
2026-09-17,Thu,7:30 am to 8:00 am,Sky Nine Rackets,Court 3,Not Booked,225,17 Sep 07:32
2026-09-17,Thu,7:30 pm to 8:00 pm,Sky Nine Rackets,Court 3,Not Booked,270,17 Sep 19:33
2026-09-17,Thu,8:00 am to 8:30 am,Sky Nine Rackets,Court 3,Not Booked,225,17 Sep 08:04
2026-09-17,Thu,8:00 pm to 8:30 pm,Sky Nine Rackets,Court 3,Not Booked,270,17 Sep 20:07
2026-09-17,Thu,8:30 am to 9:00 am,Sky Nine Rackets,Court 3,Not Booked,225,17 Sep 08:33
2026-09-17,Thu,8:30 pm to 9:00 pm,Sky Nine Rackets,Court 3,Not Booked,270,17 Sep 20:30
2026-09-17,Thu,9:00 am to 9:30 am,Sky Nine Rackets,Court 3,Not Booked,225,17 Sep 09:04
2026-09-17,Thu,9:00 pm to 9:30 pm,Sky Nine Rackets,Court 3,Not Booked,270,17 Sep 21:05
2026-09-17,Thu,9:30 am to 10:00 am,Sky Nine Rackets,Court 3,Not Booked,225,17 Sep 09:33
2026-09-17,Thu,9:30 pm to 10:00 pm,Sky Nine Rackets,Court 3,Not Booked,270,17 Sep 21:30
2026-09-17,Thu,10:00 am to 10:30 am,Sky Nine Rackets,Court 4,Not Booked,225,17 Sep 10:06
2026-09-17,Thu,10:00 pm to 10:30 pm,Sky Nine Rackets,Court 4,Not Booked,270,17 Sep 22:05
2026-09-17,Thu,10:30 am to 11:00 am,Sky Nine Rackets,Court 4,Not Booked,225,17 Sep 10:31
2026-09-17,Thu,10:30 pm to 11:00 pm,Sky Nine Rackets,Court 4,Not Booked,270,17 Sep 22:32
2026-09-17,Thu,11:00 am to 11:30 am,Sky Nine Rackets,Court 4,Not Booked,225,17 Sep 11:05
2026-09-17,Thu,11:00 pm to 11:30 pm,Sky Nine Rackets,Court 4,Not Booked,270,17 Sep 23:02
2026-09-17,Thu,11:30 am to 12:00 pm,Sky Nine Rackets,Court 4,Not Booked,225,17 Sep 11:32
2026-09-17,Thu,11:30 pm to 12:00 am,Sky Nine Rackets,Court 4,Not Booked,270,17 Sep 23:32
2026-09-17,Thu,12:00 pm to 12:30 pm,Sky Nine Rackets,Court 4,Not Booked,225,17 Sep 12:11
2026-09-17,Thu,12:30 pm to 1:00 pm,Sky Nine Rackets,Court 4,Not Booked,225,17 Sep 12:37
2026-09-17,Thu,1:00 pm to 1:30 pm,Sky Nine Rackets,Court 4,Not Booked,225,17 Sep 13:06
2026-09-17,Thu,1:30 pm to 2:00 pm,Sky Nine Rackets,Court 4,Not Booked,225,17 Sep 13:32
2026-09-17,Thu,2:00 pm to 2:30 pm,Sky Nine Rackets,Court 4,Not Booked,225,17 Sep 14:06
2026-09-17,Thu,2:30 pm to 3:00 pm,Sky Nine Rackets,Court 4,Not Booked,225,17 Sep 14:32
2026-09-17,Thu,3:00 pm to 3:30 pm,Sky Nine Rackets,Court 4,Not Booked,225,17 Sep 15:06
2026-09-17,Thu,3:30 pm to 4:00 pm,Sky Nine Rackets,Court 4,Not Booked,225,17 Sep 15:33
2026-09-17,Thu,4:00 pm to 4:30 pm,Sky Nine Rackets,Court 4,Not Booked,225,17 Sep 16:04
2026-09-17,Thu,4:30 pm to 5:00 pm,Sky Nine Rackets,Court 4,Not Booked,225,17 Sep 16:34
2026-09-17,Thu,5:00 am to 5:30 am,Sky Nine Rackets,Court 4,Not Booked,225,17 Sep 05:29
2026-09-17,Thu,5:00 pm to 5:30 pm,Sky Nine Rackets,Court 4,Not Booked,270,17 Sep 16:34
2026-09-17,Thu,5:30 am to 6:00 am,Sky Nine Rackets,Court 4,Not Booked,225,17 Sep 05:29
2026-09-17,Thu,5:30 pm to 6:00 pm,Sky Nine Rackets,Court 4,Not Booked,270,17 Sep 17:30
2026-09-17,Thu,6:00 am to 6:30 am,Sky Nine Rackets,Court 4,Not Booked,225,17 Sep 05:29
2026-09-17,Thu,6:00 pm to 6:30 pm,Sky Nine Rackets,Court 4,Not Booked,270,17 Sep 18:08
2026-09-17,Thu,6:30 am to 7:00 am,Sky Nine Rackets,Court 4,Not Booked,225,17 Sep 06:36
2026-09-17,Thu,6:30 pm to 7:00 pm,Sky Nine Rackets,Court 4,Not Booked,270,17 Sep 18:36
2026-09-17,Thu,7:00 am to 7:30 am,Sky Nine Rackets,Court 4,Not Booked,225,17 Sep 06:36
2026-09-17,Thu,7:00 pm to 7:30 pm,Sky Nine Rackets,Court 4,Not Booked,270,17 Sep 18:36
2026-09-17,Thu,7:30 am to 8:00 am,Sky Nine Rackets,Court 4,Not Booked,225,17 Sep 07:32
2026-09-17,Thu,7:30 pm to 8:00 pm,Sky Nine Rackets,Court 4,Not Booked,270,17 Sep 19:33
2026-09-17,Thu,8:00 am to 8:30 am,Sky Nine Rackets,Court 4,Not Booked,225,17 Sep 08:04
2026-09-17,Thu,8:00 pm to 8:30 pm,Sky Nine Rackets,Court 4,Not Booked,270,17 Sep 20:07
2026-09-17,Thu,8:30 am to 9:00 am,Sky Nine Rackets,Court 4,Not Booked,225,17 Sep 08:33
2026-09-17,Thu,8:30 pm to 9:00 pm,Sky Nine Rackets,Court 4,Not Booked,270,17 Sep 20:30
2026-09-17,Thu,9:00 am to 9:30 am,Sky Nine Rackets,Court 4,Not Booked,225,17 Sep 09:04
2026-09-17,Thu,9:00 pm to 9:30 pm,Sky Nine Rackets,Court 4,Not Booked,270,17 Sep 21:05
2026-09-17,Thu,9:30 am to 10:00 am,Sky Nine Rackets,Court 4,Not Booked,225,17 Sep 09:04
2026-09-17,Thu,9:30 pm to 10:00 pm,Sky Nine Rackets,Court 4,Not Booked,270,17 Sep 21:30
2026-09-17,Thu,10:00 am to 10:30 am,Sky Nine Rackets,Court 5,Not Booked,225,17 Sep 10:06
2026-09-17,Thu,10:00 pm to 10:30 pm,Sky Nine Rackets,Court 5,Not Booked,270,17 Sep 22:05
2026-09-17,Thu,10:30 am to 11:00 am,Sky Nine Rackets,Court 5,Not Booked,225,17 Sep 10:31
2026-09-17,Thu,10:30 pm to 11:00 pm,Sky Nine Rackets,Court 5,Not Booked,270,17 Sep 22:32
2026-09-17,Thu,11:00 am to 11:30 am,Sky Nine Rackets,Court 5,Not Booked,225,17 Sep 10:31
2026-09-17,Thu,11:00 pm to 11:30 pm,Sky Nine Rackets,Court 5,Not Booked,270,17 Sep 23:02
2026-09-17,Thu,11:30 am to 12:00 pm,Sky Nine Rackets,Court 5,Not Booked,225,17 Sep 10:31
2026-09-17,Thu,11:30 pm to 12:00 am,Sky Nine Rackets,Court 5,Not Booked,270,17 Sep 23:32
2026-09-17,Thu,12:00 pm to 12:30 pm,Sky Nine Rackets,Court 5,Not Booked,225,17 Sep 12:11
2026-09-17,Thu,12:30 pm to 1:00 pm,Sky Nine Rackets,Court 5,Not Booked,225,17 Sep 12:11
2026-09-17,Thu,1:00 pm to 1:30 pm,Sky Nine Rackets,Court 5,Not Booked,225,17 Sep 13:06
2026-09-17,Thu,1:30 pm to 2:00 pm,Sky Nine Rackets,Court 5,Not Booked,225,17 Sep 13:32
2026-09-17,Thu,2:00 pm to 2:30 pm,Sky Nine Rackets,Court 5,Not Booked,225,17 Sep 13:32
2026-09-17,Thu,2:30 pm to 3:00 pm,Sky Nine Rackets,Court 5,Not Booked,225,17 Sep 14:32
2026-09-17,Thu,3:00 pm to 3:30 pm,Sky Nine Rackets,Court 5,Not Booked,225,17 Sep 15:06
2026-09-17,Thu,3:30 pm to 4:00 pm,Sky Nine Rackets,Court 5,Not Booked,225,17 Sep 15:06
2026-09-17,Thu,4:00 pm to 4:30 pm,Sky Nine Rackets,Court 5,Not Booked,225,17 Sep 16:04
2026-09-17,Thu,4:30 pm to 5:00 pm,Sky Nine Rackets,Court 5,Not Booked,225,17 Sep 16:34
2026-09-17,Thu,5:00 am to 5:30 am,Sky Nine Rackets,Court 5,Not Booked,225,17 Sep 05:29
2026-09-17,Thu,5:00 pm to 5:30 pm,Sky Nine Rackets,Court 5,Not Booked,270,17 Sep 17:04
2026-09-17,Thu,5:30 am to 6:00 am,Sky Nine Rackets,Court 5,Not Booked,225,17 Sep 05:29
2026-09-17,Thu,5:30 pm to 6:00 pm,Sky Nine Rackets,Court 5,Not Booked,270,17 Sep 17:30
2026-09-17,Thu,6:00 am to 6:30 am,Sky Nine Rackets,Court 5,Not Booked,225,17 Sep 06:10
2026-09-17,Thu,6:00 pm to 6:30 pm,Sky Nine Rackets,Court 5,Not Booked,270,17 Sep 18:08
2026-09-17,Thu,6:30 am to 7:00 am,Sky Nine Rackets,Court 5,Not Booked,225,17 Sep 06:10
2026-09-17,Thu,6:30 pm to 7:00 pm,Sky Nine Rackets,Court 5,Not Booked,270,17 Sep 18:08
2026-09-17,Thu,7:00 am to 7:30 am,Sky Nine Rackets,Court 5,Not Booked,225,17 Sep 07:05
2026-09-17,Thu,7:00 pm to 7:30 pm,Sky Nine Rackets,Court 5,Not Booked,270,17 Sep 19:05
2026-09-17,Thu,7:30 am to 8:00 am,Sky Nine Rackets,Court 5,Not Booked,225,17 Sep 07:32
2026-09-17,Thu,7:30 pm to 8:00 pm,Sky Nine Rackets,Court 5,Not Booked,270,17 Sep 19:33
2026-09-17,Thu,8:00 am to 8:30 am,Sky Nine Rackets,Court 5,Not Booked,225,17 Sep 08:04
2026-09-17,Thu,8:00 pm to 8:30 pm,Sky Nine Rackets,Court 5,Not Booked,270,17 Sep 20:07
2026-09-17,Thu,8:30 am to 9:00 am,Sky Nine Rackets,Court 5,Not Booked,225,17 Sep 08:33
2026-09-17,Thu,8:30 pm to 9:00 pm,Sky Nine Rackets,Court 5,Not Booked,270,17 Sep 20:07
2026-09-17,Thu,9:00 am to 9:30 am,Sky Nine Rackets,Court 5,Not Booked,225,17 Sep 09:04
2026-09-17,Thu,9:00 pm to 9:30 pm,Sky Nine Rackets,Court 5,Not Booked,270,17 Sep 21:05
2026-09-17,Thu,9:30 am to 10:00 am,Sky Nine Rackets,Court 5,Not Booked,225,17 Sep 09:33
2026-09-17,Thu,9:30 pm to 10:00 pm,Sky Nine Rackets,Court 5,Not Booked,270,17 Sep 21:05
2026-09-17,Thu,10:00 am to 10:30 am,Spodium Arena | Sector 29,Court 1,Not Booked,149,17 Sep 10:06
2026-09-17,Thu,10:00 pm to 10:30 pm,Spodium Arena | Sector 29,Court 1,Not Booked,399,17 Sep 22:05
2026-09-17,Thu,10:30 am to 11:00 am,Spodium Arena | Sector 29,Court 1,Not Booked,149,17 Sep 10:31
2026-09-17,Thu,10:30 pm to 11:00 pm,Spodium Arena | Sector 29,Court 1,Not Booked,399,17 Sep 22:32
2026-09-17,Thu,11:00 am to 11:30 am,Spodium Arena | Sector 29,Court 1,Not Booked,149,17 Sep 11:05
2026-09-17,Thu,11:00 pm to 11:30 pm,Spodium Arena | Sector 29,Court 1,Not Booked,399,17 Sep 23:02
2026-09-17,Thu,11:30 am to 12:00 pm,Spodium Arena | Sector 29,Court 1,Not Booked,149,17 Sep 11:32
2026-09-17,Thu,11:30 pm to 12:00 am,Spodium Arena | Sector 29,Court 1,Not Booked,399,17 Sep 23:32
2026-09-17,Thu,12:00 pm to 12:30 pm,Spodium Arena | Sector 29,Court 1,Not Booked,149,17 Sep 12:11
2026-09-17,Thu,12:30 pm to 1:00 pm,Spodium Arena | Sector 29,Court 1,Not Booked,149,17 Sep 12:11
2026-09-17,Thu,1:00 pm to 1:30 pm,Spodium Arena | Sector 29,Court 1,Not Booked,149,17 Sep 13:06
2026-09-17,Thu,1:30 pm to 2:00 pm,Spodium Arena | Sector 29,Court 1,Not Booked,149,17 Sep 13:06
2026-09-17,Thu,2:00 pm to 2:30 pm,Spodium Arena | Sector 29,Court 1,Not Booked,299,17 Sep 14:06
2026-09-17,Thu,2:30 pm to 3:00 pm,Spodium Arena | Sector 29,Court 1,Not Booked,299,17 Sep 14:32
2026-09-17,Thu,3:00 pm to 3:30 pm,Spodium Arena | Sector 29,Court 1,Not Booked,299,17 Sep 15:06
2026-09-17,Thu,3:30 pm to 4:00 pm,Spodium Arena | Sector 29,Court 1,Not Booked,299,17 Sep 15:33
2026-09-17,Thu,4:00 pm to 4:30 pm,Spodium Arena | Sector 29,Court 1,Not Booked,299,17 Sep 16:04
2026-09-17,Thu,4:30 pm to 5:00 pm,Spodium Arena | Sector 29,Court 1,Not Booked,299,17 Sep 16:34
2026-09-17,Thu,5:00 am to 5:30 am,Spodium Arena | Sector 29,Court 1,Not Booked,299,17 Sep 05:29
2026-09-17,Thu,5:00 pm to 5:30 pm,Spodium Arena | Sector 29,Court 1,Not Booked,299,17 Sep 17:04
2026-09-17,Thu,5:30 am to 6:00 am,Spodium Arena | Sector 29,Court 1,Not Booked,299,17 Sep 05:29
2026-09-17,Thu,5:30 pm to 6:00 pm,Spodium Arena | Sector 29,Court 1,Not Booked,299,17 Sep 17:30
2026-09-17,Thu,6:00 am to 6:30 am,Spodium Arena | Sector 29,Court 1,Not Booked,299,17 Sep 06:10
2026-09-17,Thu,6:00 pm to 6:30 pm,Spodium Arena | Sector 29,Court 1,Not Booked,399,17 Sep 18:08
2026-09-17,Thu,6:30 am to 7:00 am,Spodium Arena | Sector 29,Court 1,Not Booked,299,17 Sep 06:36
2026-09-17,Thu,6:30 pm to 7:00 pm,Spodium Arena | Sector 29,Court 1,Not Booked,399,17 Sep 18:36
2026-09-17,Thu,7:00 am to 7:30 am,Spodium Arena | Sector 29,Court 1,Not Booked,299,17 Sep 07:05
2026-09-17,Thu,7:00 pm to 7:30 pm,Spodium Arena | Sector 29,Court 1,Not Booked,399,17 Sep 19:05
2026-09-17,Thu,7:30 am to 8:00 am,Spodium Arena | Sector 29,Court 1,Not Booked,299,17 Sep 07:32
2026-09-17,Thu,7:30 pm to 8:00 pm,Spodium Arena | Sector 29,Court 1,Not Booked,399,17 Sep 19:33
2026-09-17,Thu,8:00 am to 8:30 am,Spodium Arena | Sector 29,Court 1,Not Booked,149,17 Sep 08:04
2026-09-17,Thu,8:00 pm to 8:30 pm,Spodium Arena | Sector 29,Court 1,Not Booked,399,17 Sep 20:07
2026-09-17,Thu,8:30 am to 9:00 am,Spodium Arena | Sector 29,Court 1,Not Booked,149,17 Sep 08:33
2026-09-17,Thu,8:30 pm to 9:00 pm,Spodium Arena | Sector 29,Court 1,Not Booked,399,17 Sep 20:30
2026-09-17,Thu,9:00 am to 9:30 am,Spodium Arena | Sector 29,Court 1,Not Booked,149,17 Sep 09:04
2026-09-17,Thu,9:00 pm to 9:30 pm,Spodium Arena | Sector 29,Court 1,Not Booked,399,17 Sep 21:05
2026-09-17,Thu,9:30 am to 10:00 am,Spodium Arena | Sector 29,Court 1,Not Booked,149,17 Sep 09:33
2026-09-17,Thu,9:30 pm to 10:00 pm,Spodium Arena | Sector 29,Court 1,Not Booked,399,17 Sep 21:30
2026-09-17,Thu,10:00 am to 10:30 am,Spodium Arena | Sector 29,Court 2,Not Booked,149,17 Sep 10:06
2026-09-17,Thu,10:00 pm to 10:30 pm,Spodium Arena | Sector 29,Court 2,Not Booked,399,17 Sep 22:05
2026-09-17,Thu,10:30 am to 11:00 am,Spodium Arena | Sector 29,Court 2,Not Booked,149,17 Sep 10:31
2026-09-17,Thu,10:30 pm to 11:00 pm,Spodium Arena | Sector 29,Court 2,Not Booked,399,17 Sep 22:32
2026-09-17,Thu,11:00 am to 11:30 am,Spodium Arena | Sector 29,Court 2,Not Booked,149,17 Sep 11:05
2026-09-17,Thu,11:00 pm to 11:30 pm,Spodium Arena | Sector 29,Court 2,Not Booked,399,17 Sep 23:02
2026-09-17,Thu,11:30 am to 12:00 pm,Spodium Arena | Sector 29,Court 2,Not Booked,149,17 Sep 11:32
2026-09-17,Thu,11:30 pm to 12:00 am,Spodium Arena | Sector 29,Court 2,Not Booked,399,17 Sep 23:32
2026-09-17,Thu,12:00 pm to 12:30 pm,Spodium Arena | Sector 29,Court 2,Not Booked,149,17 Sep 12:11
2026-09-17,Thu,12:30 pm to 1:00 pm,Spodium Arena | Sector 29,Court 2,Not Booked,149,17 Sep 12:37
2026-09-17,Thu,1:00 pm to 1:30 pm,Spodium Arena | Sector 29,Court 2,Not Booked,149,17 Sep 13:06
2026-09-17,Thu,1:30 pm to 2:00 pm,Spodium Arena | Sector 29,Court 2,Not Booked,149,17 Sep 13:32
2026-09-17,Thu,2:00 pm to 2:30 pm,Spodium Arena | Sector 29,Court 2,Not Booked,299,17 Sep 14:06
2026-09-17,Thu,2:30 pm to 3:00 pm,Spodium Arena | Sector 29,Court 2,Not Booked,299,17 Sep 14:32
2026-09-17,Thu,3:00 pm to 3:30 pm,Spodium Arena | Sector 29,Court 2,Not Booked,299,17 Sep 15:06
2026-09-17,Thu,3:30 pm to 4:00 pm,Spodium Arena | Sector 29,Court 2,Not Booked,299,17 Sep 15:33
2026-09-17,Thu,4:00 pm to 4:30 pm,Spodium Arena | Sector 29,Court 2,Not Booked,299,17 Sep 16:04
2026-09-17,Thu,4:30 pm to 5:00 pm,Spodium Arena | Sector 29,Court 2,Not Booked,299,17 Sep 16:34
2026-09-17,Thu,5:00 am to 5:30 am,Spodium Arena | Sector 29,Court 2,Not Booked,299,17 Sep 05:29
2026-09-17,Thu,5:00 pm to 5:30 pm,Spodium Arena | Sector 29,Court 2,Not Booked,299,17 Sep 17:04
2026-09-17,Thu,5:30 am to 6:00 am,Spodium Arena | Sector 29,Court 2,Not Booked,299,17 Sep 05:29
2026-09-17,Thu,5:30 pm to 6:00 pm,Spodium Arena | Sector 29,Court 2,Not Booked,299,17 Sep 17:30
2026-09-17,Thu,6:00 am to 6:30 am,Spodium Arena | Sector 29,Court 2,Not Booked,299,17 Sep 06:10
2026-09-17,Thu,6:00 pm to 6:30 pm,Spodium Arena | Sector 29,Court 2,Not Booked,399,17 Sep 18:08
2026-09-17,Thu,6:30 am to 7:00 am,Spodium Arena | Sector 29,Court 2,Not Booked,299,17 Sep 06:36
2026-09-17,Thu,6:30 pm to 7:00 pm,Spodium Arena | Sector 29,Court 2,Booked,399,17 Sep 18:36
2026-09-17,Thu,7:00 am to 7:30 am,Spodium Arena | Sector 29,Court 2,Not Booked,299,17 Sep 07:05
2026-09-17,Thu,7:00 pm to 7:30 pm,Spodium Arena | Sector 29,Court 2,Booked,399,17 Sep 19:05
2026-09-17,Thu,7:30 am to 8:00 am,Spodium Arena | Sector 29,Court 2,Not Booked,299,17 Sep 07:32
2026-09-17,Thu,7:30 pm to 8:00 pm,Spodium Arena | Sector 29,Court 2,Booked,399,17 Sep 19:33
2026-09-17,Thu,8:00 am to 8:30 am,Spodium Arena | Sector 29,Court 2,Not Booked,149,17 Sep 08:04
2026-09-17,Thu,8:00 pm to 8:30 pm,Spodium Arena | Sector 29,Court 2,Not Booked,399,17 Sep 20:07
2026-09-17,Thu,8:30 am to 9:00 am,Spodium Arena | Sector 29,Court 2,Not Booked,149,17 Sep 08:33
2026-09-17,Thu,8:30 pm to 9:00 pm,Spodium Arena | Sector 29,Court 2,Not Booked,399,17 Sep 20:30
2026-09-17,Thu,9:00 am to 9:30 am,Spodium Arena | Sector 29,Court 2,Not Booked,149,17 Sep 09:04
2026-09-17,Thu,9:00 pm to 9:30 pm,Spodium Arena | Sector 29,Court 2,Not Booked,399,17 Sep 21:05
2026-09-17,Thu,9:30 am to 10:00 am,Spodium Arena | Sector 29,Court 2,Not Booked,149,17 Sep 09:33
2026-09-17,Thu,9:30 pm to 10:00 pm,Spodium Arena | Sector 29,Court 2,Not Booked,399,17 Sep 21:30
2026-09-17,Thu,10:00 pm to 10:30 pm,Spodium Arena | Sector 29,Court 3,Not Booked,399,17 Sep 22:05
2026-09-17,Thu,10:30 pm to 11:00 pm,Spodium Arena | Sector 29,Court 3,Booked,399,17 Sep 22:32
2026-09-17,Thu,11:00 pm to 11:30 pm,Spodium Arena | Sector 29,Court 3,Booked,399,17 Sep 23:02
2026-09-17,Thu,11:30 pm to 12:00 am,Spodium Arena | Sector 29,Court 3,Not Booked,399,17 Sep 23:32
2026-09-17,Thu,2:00 pm to 2:30 pm,Spodium Arena | Sector 29,Court 3,Not Booked,299,17 Sep 13:32
2026-09-17,Thu,2:30 pm to 3:00 pm,Spodium Arena | Sector 29,Court 3,Not Booked,299,17 Sep 14:32
2026-09-17,Thu,3:00 pm to 3:30 pm,Spodium Arena | Sector 29,Court 3,Not Booked,299,17 Sep 15:06
2026-09-17,Thu,3:30 pm to 4:00 pm,Spodium Arena | Sector 29,Court 3,Not Booked,299,17 Sep 15:33
2026-09-17,Thu,4:00 pm to 4:30 pm,Spodium Arena | Sector 29,Court 3,Not Booked,299,17 Sep 16:04
2026-09-17,Thu,4:30 pm to 5:00 pm,Spodium Arena | Sector 29,Court 3,Not Booked,299,17 Sep 16:04
2026-09-17,Thu,5:00 am to 5:30 am,Spodium Arena | Sector 29,Court 3,Not Booked,299,17 Sep 05:29
2026-09-17,Thu,5:00 pm to 5:30 pm,Spodium Arena | Sector 29,Court 3,Not Booked,299,17 Sep 17:04
2026-09-17,Thu,5:30 am to 6:00 am,Spodium Arena | Sector 29,Court 3,Not Booked,299,17 Sep 05:29
2026-09-17,Thu,5:30 pm to 6:00 pm,Spodium Arena | Sector 29,Court 3,Not Booked,299,17 Sep 17:04
2026-09-17,Thu,6:00 am to 6:30 am,Spodium Arena | Sector 29,Court 3,Not Booked,299,17 Sep 06:10
2026-09-17,Thu,6:00 pm to 6:30 pm,Spodium Arena | Sector 29,Court 3,Not Booked,399,17 Sep 18:08
2026-09-17,Thu,6:30 am to 7:00 am,Spodium Arena | Sector 29,Court 3,Not Booked,299,17 Sep 06:36
2026-09-17,Thu,6:30 pm to 7:00 pm,Spodium Arena | Sector 29,Court 3,Not Booked,399,17 Sep 18:36
2026-09-17,Thu,7:00 am to 7:30 am,Spodium Arena | Sector 29,Court 3,Not Booked,299,17 Sep 07:05
2026-09-17,Thu,7:00 pm to 7:30 pm,Spodium Arena | Sector 29,Court 3,Booked,399,17 Sep 18:36
2026-09-17,Thu,7:30 am to 8:00 am,Spodium Arena | Sector 29,Court 3,Not Booked,299,17 Sep 07:32
2026-09-17,Thu,7:30 pm to 8:00 pm,Spodium Arena | Sector 29,Court 3,Booked,399,17 Sep 18:36
2026-09-17,Thu,8:00 pm to 8:30 pm,Spodium Arena | Sector 29,Court 3,Booked,399,17 Sep 20:07
2026-09-17,Thu,8:30 pm to 9:00 pm,Spodium Arena | Sector 29,Court 3,Booked,399,17 Sep 20:07
2026-09-17,Thu,9:00 pm to 9:30 pm,Spodium Arena | Sector 29,Court 3,Not Booked,399,17 Sep 21:05
2026-09-17,Thu,9:30 pm to 10:00 pm,Spodium Arena | Sector 29,Court 3,Not Booked,399,17 Sep 21:30
2026-09-17,Thu,10:00 am to 10:30 am,Spodium Arena | Sector 29,Court 4,Not Booked,149,17 Sep 10:06
2026-09-17,Thu,10:00 pm to 10:30 pm,Spodium Arena | Sector 29,Court 4,Not Booked,399,17 Sep 22:05
2026-09-17,Thu,10:30 am to 11:00 am,Spodium Arena | Sector 29,Court 4,Not Booked,149,17 Sep 10:06
2026-09-17,Thu,10:30 pm to 11:00 pm,Spodium Arena | Sector 29,Court 4,Not Booked,399,17 Sep 22:32
2026-09-17,Thu,11:00 am to 11:30 am,Spodium Arena | Sector 29,Court 4,Not Booked,149,17 Sep 11:05
2026-09-17,Thu,11:00 pm to 11:30 pm,Spodium Arena | Sector 29,Court 4,Not Booked,399,17 Sep 23:02
2026-09-17,Thu,11:30 am to 12:00 pm,Spodium Arena | Sector 29,Court 4,Not Booked,149,17 Sep 11:32
2026-09-17,Thu,11:30 pm to 12:00 am,Spodium Arena | Sector 29,Court 4,Not Booked,399,17 Sep 23:02
2026-09-17,Thu,12:00 pm to 12:30 pm,Spodium Arena | Sector 29,Court 4,Not Booked,149,17 Sep 12:11
2026-09-17,Thu,12:30 pm to 1:00 pm,Spodium Arena | Sector 29,Court 4,Not Booked,149,17 Sep 12:37
2026-09-17,Thu,1:00 pm to 1:30 pm,Spodium Arena | Sector 29,Court 4,Not Booked,149,17 Sep 13:06
2026-09-17,Thu,1:30 pm to 2:00 pm,Spodium Arena | Sector 29,Court 4,Not Booked,149,17 Sep 13:32
2026-09-17,Thu,2:00 pm to 2:30 pm,Spodium Arena | Sector 29,Court 4,Not Booked,299,17 Sep 14:06
2026-09-17,Thu,2:30 pm to 3:00 pm,Spodium Arena | Sector 29,Court 4,Not Booked,299,17 Sep 14:32
2026-09-17,Thu,3:00 pm to 3:30 pm,Spodium Arena | Sector 29,Court 4,Not Booked,299,17 Sep 15:06
2026-09-17,Thu,3:30 pm to 4:00 pm,Spodium Arena | Sector 29,Court 4,Not Booked,299,17 Sep 15:06
2026-09-17,Thu,4:00 pm to 4:30 pm,Spodium Arena | Sector 29,Court 4,Not Booked,299,17 Sep 15:06
2026-09-17,Thu,4:30 pm to 5:00 pm,Spodium Arena | Sector 29,Court 4,Not Booked,299,17 Sep 16:34
2026-09-17,Thu,5:00 am to 5:30 am,Spodium Arena | Sector 29,Court 4,Not Booked,299,17 Sep 05:29
2026-09-17,Thu,5:00 pm to 5:30 pm,Spodium Arena | Sector 29,Court 4,Not Booked,299,17 Sep 16:34
2026-09-17,Thu,5:30 am to 6:00 am,Spodium Arena | Sector 29,Court 4,Not Booked,299,17 Sep 05:29
2026-09-17,Thu,5:30 pm to 6:00 pm,Spodium Arena | Sector 29,Court 4,Not Booked,299,17 Sep 17:30
2026-09-17,Thu,6:00 am to 6:30 am,Spodium Arena | Sector 29,Court 4,Not Booked,299,17 Sep 06:10
2026-09-17,Thu,6:00 pm to 6:30 pm,Spodium Arena | Sector 29,Court 4,Not Booked,399,17 Sep 18:08
2026-09-17,Thu,6:30 am to 7:00 am,Spodium Arena | Sector 29,Court 4,Not Booked,299,17 Sep 06:10
2026-09-17,Thu,6:30 pm to 7:00 pm,Spodium Arena | Sector 29,Court 4,Not Booked,399,17 Sep 18:36
2026-09-17,Thu,7:00 am to 7:30 am,Spodium Arena | Sector 29,Court 4,Not Booked,299,17 Sep 07:05
2026-09-17,Thu,7:00 pm to 7:30 pm,Spodium Arena | Sector 29,Court 4,Not Booked,399,17 Sep 19:05
2026-09-17,Thu,7:30 am to 8:00 am,Spodium Arena | Sector 29,Court 4,Not Booked,299,17 Sep 07:32
2026-09-17,Thu,7:30 pm to 8:00 pm,Spodium Arena | Sector 29,Court 4,Not Booked,399,17 Sep 19:33
2026-09-17,Thu,8:00 am to 8:30 am,Spodium Arena | Sector 29,Court 4,Not Booked,149,17 Sep 08:04
2026-09-17,Thu,8:00 pm to 8:30 pm,Spodium Arena | Sector 29,Court 4,Not Booked,399,17 Sep 20:07
2026-09-17,Thu,8:30 am to 9:00 am,Spodium Arena | Sector 29,Court 4,Not Booked,149,17 Sep 08:04
2026-09-17,Thu,8:30 pm to 9:00 pm,Spodium Arena | Sector 29,Court 4,Not Booked,399,17 Sep 20:30
2026-09-17,Thu,9:00 am to 9:30 am,Spodium Arena | Sector 29,Court 4,Not Booked,149,17 Sep 09:04
2026-09-17,Thu,9:00 pm to 9:30 pm,Spodium Arena | Sector 29,Court 4,Not Booked,399,17 Sep 21:05
2026-09-17,Thu,9:30 am to 10:00 am,Spodium Arena | Sector 29,Court 4,Not Booked,149,17 Sep 09:33
2026-09-17,Thu,9:30 pm to 10:00 pm,Spodium Arena | Sector 29,Court 4,Not Booked,399,17 Sep 21:30
2026-09-17,Thu,10:00 am to 11:00 am,Spuddy Multisports Academy | Noida,Pickleball (Indoor),Not Booked,400,17 Sep 10:31
2026-09-17,Thu,10:00 pm to 11:00 pm,Spuddy Multisports Academy | Noida,Pickleball (Indoor),Not Booked,400,17 Sep 22:32
2026-09-17,Thu,11:00 am to 12:00 pm,Spuddy Multisports Academy | Noida,Pickleball (Indoor),Not Booked,400,17 Sep 11:32
2026-09-17,Thu,11:00 pm to 12:00 am,Spuddy Multisports Academy | Noida,Pickleball (Indoor),Not Booked,400,17 Sep 23:32
2026-09-17,Thu,12:00 pm to 1:00 pm,Spuddy Multisports Academy | Noida,Pickleball (Indoor),Not Booked,400,17 Sep 12:37
2026-09-17,Thu,1:00 pm to 2:00 pm,Spuddy Multisports Academy | Noida,Pickleball (Indoor),Not Booked,400,17 Sep 13:32
2026-09-17,Thu,2:00 pm to 3:00 pm,Spuddy Multisports Academy | Noida,Pickleball (Indoor),Not Booked,400,17 Sep 14:32
2026-09-17,Thu,3:00 pm to 4:00 pm,Spuddy Multisports Academy | Noida,Pickleball (Indoor),Not Booked,400,17 Sep 15:33
2026-09-17,Thu,4:00 pm to 5:00 pm,Spuddy Multisports Academy | Noida,Pickleball (Indoor),Not Booked,400,17 Sep 16:34
2026-09-17,Thu,5:00 am to 6:00 am,Spuddy Multisports Academy | Noida,Pickleball (Indoor),Not Booked,400,17 Sep 05:29
2026-09-17,Thu,5:00 pm to 6:00 pm,Spuddy Multisports Academy | Noida,Pickleball (Indoor),Filling Fast,400,17 Sep 17:30
2026-09-17,Thu,6:00 am to 7:00 am,Spuddy Multisports Academy | Noida,Pickleball (Indoor),Not Booked,400,17 Sep 06:36
2026-09-17,Thu,6:00 pm to 7:00 pm,Spuddy Multisports Academy | Noida,Pickleball (Indoor),Filling Fast,400,17 Sep 18:36
2026-09-17,Thu,7:00 am to 8:00 am,Spuddy Multisports Academy | Noida,Pickleball (Indoor),Not Booked,400,17 Sep 07:32
2026-09-17,Thu,7:00 pm to 8:00 pm,Spuddy Multisports Academy | Noida,Pickleball (Indoor),Filling Fast,400,17 Sep 19:33
2026-09-17,Thu,8:00 am to 9:00 am,Spuddy Multisports Academy | Noida,Pickleball (Indoor),Not Booked,400,17 Sep 08:33
2026-09-17,Thu,8:00 pm to 9:00 pm,Spuddy Multisports Academy | Noida,Pickleball (Indoor),Filling Fast,400,17 Sep 20:30
2026-09-17,Thu,9:00 am to 10:00 am,Spuddy Multisports Academy | Noida,Pickleball (Indoor),Not Booked,400,17 Sep 09:33
2026-09-17,Thu,9:00 pm to 10:00 pm,Spuddy Multisports Academy | Noida,Pickleball (Indoor),Filling Fast,400,17 Sep 21:30
2026-09-17,Thu,10:00 pm to 10:30 pm,The Box Cage,Court 1,Not Booked,300,17 Sep 22:05
2026-09-17,Thu,10:30 pm to 11:00 pm,The Box Cage,Court 1,Not Booked,300,17 Sep 22:32
2026-09-17,Thu,11:00 pm to 11:30 pm,The Box Cage,Court 1,Not Booked,300,17 Sep 23:02
2026-09-17,Thu,11:30 pm to 12:00 am,The Box Cage,Court 1,Not Booked,300,17 Sep 23:32
2026-09-17,Thu,12:30 am to 1:00 am,The Box Cage,Court 1,Not Booked,300,17 Sep 01:04
2026-09-17,Thu,1:00 am to 1:30 am,The Box Cage,Court 1,Not Booked,300,17 Sep 01:04
2026-09-17,Thu,1:30 am to 2:00 am,The Box Cage,Court 1,Not Booked,300,17 Sep 01:59
2026-09-17,Thu,3:00 pm to 3:30 pm,The Box Cage,Court 1,Not Booked,300,17 Sep 15:06
2026-09-17,Thu,3:30 pm to 4:00 pm,The Box Cage,Court 1,Not Booked,300,17 Sep 15:33
2026-09-17,Thu,4:00 pm to 4:30 pm,The Box Cage,Court 1,Not Booked,300,17 Sep 15:33
2026-09-17,Thu,4:30 pm to 5:00 pm,The Box Cage,Court 1,Not Booked,300,17 Sep 15:33
2026-09-17,Thu,5:00 pm to 5:30 pm,The Box Cage,Court 1,Not Booked,300,17 Sep 17:04
2026-09-17,Thu,5:30 pm to 6:00 pm,The Box Cage,Court 1,Not Booked,300,17 Sep 17:30
2026-09-17,Thu,6:00 pm to 6:30 pm,The Box Cage,Court 1,Not Booked,300,17 Sep 17:30
2026-09-17,Thu,6:30 pm to 7:00 pm,The Box Cage,Court 1,Not Booked,300,17 Sep 18:36
2026-09-17,Thu,7:00 pm to 7:30 pm,The Box Cage,Court 1,Not Booked,300,17 Sep 18:36
2026-09-17,Thu,7:30 pm to 8:00 pm,The Box Cage,Court 1,Not Booked,300,17 Sep 19:33
2026-09-17,Thu,8:00 pm to 8:30 pm,The Box Cage,Court 1,Not Booked,300,17 Sep 20:07
2026-09-17,Thu,8:30 pm to 9:00 pm,The Box Cage,Court 1,Not Booked,300,17 Sep 20:30
2026-09-17,Thu,9:00 pm to 9:30 pm,The Box Cage,Court 1,Not Booked,300,17 Sep 21:05
2026-09-17,Thu,9:30 pm to 10:00 pm,The Box Cage,Court 1,Not Booked,300,17 Sep 21:30
2026-09-17,Thu,10:00 pm to 10:30 pm,The Box Cage,Court 2,Not Booked,300,17 Sep 22:05
2026-09-17,Thu,10:30 pm to 11:00 pm,The Box Cage,Court 2,Not Booked,300,17 Sep 22:32
2026-09-17,Thu,11:00 pm to 11:30 pm,The Box Cage,Court 2,Not Booked,300,17 Sep 22:32
2026-09-17,Thu,11:30 pm to 12:00 am,The Box Cage,Court 2,Not Booked,300,17 Sep 23:32
2026-09-17,Thu,12:00 am to 12:30 am,The Box Cage,Court 2,Not Booked,300,17 Sep 00:33
2026-09-17,Thu,12:30 am to 1:00 am,The Box Cage,Court 2,Not Booked,300,17 Sep 00:33
2026-09-17,Thu,1:00 am to 1:30 am,The Box Cage,Court 2,Not Booked,300,17 Sep 01:04
2026-09-17,Thu,1:30 am to 2:00 am,The Box Cage,Court 2,Not Booked,300,17 Sep 01:59
2026-09-17,Thu,3:00 pm to 3:30 pm,The Box Cage,Court 2,Not Booked,300,17 Sep 15:06
2026-09-17,Thu,3:30 pm to 4:00 pm,The Box Cage,Court 2,Not Booked,300,17 Sep 15:33
2026-09-17,Thu,4:00 pm to 4:30 pm,The Box Cage,Court 2,Not Booked,300,17 Sep 16:04
2026-09-17,Thu,4:30 pm to 5:00 pm,The Box Cage,Court 2,Not Booked,300,17 Sep 16:34
2026-09-17,Thu,5:00 pm to 5:30 pm,The Box Cage,Court 2,Not Booked,300,17 Sep 17:04
2026-09-17,Thu,5:30 pm to 6:00 pm,The Box Cage,Court 2,Not Booked,300,17 Sep 17:30
2026-09-17,Thu,6:00 pm to 6:30 pm,The Box Cage,Court 2,Not Booked,300,17 Sep 18:08
2026-09-17,Thu,6:30 pm to 7:00 pm,The Box Cage,Court 2,Not Booked,300,17 Sep 18:36
2026-09-17,Thu,7:00 pm to 7:30 pm,The Box Cage,Court 2,Not Booked,300,17 Sep 19:05
2026-09-17,Thu,7:30 pm to 8:00 pm,The Box Cage,Court 2,Not Booked,300,17 Sep 19:33
2026-09-17,Thu,8:00 pm to 8:30 pm,The Box Cage,Court 2,Not Booked,300,17 Sep 20:07
2026-09-17,Thu,8:30 pm to 9:00 pm,The Box Cage,Court 2,Not Booked,300,17 Sep 20:30
2026-09-17,Thu,9:00 pm to 9:30 pm,The Box Cage,Court 2,Not Booked,300,17 Sep 20:30
2026-09-17,Thu,9:30 pm to 10:00 pm,The Box Cage,Court 2,Not Booked,300,17 Sep 20:30
2026-09-17,Thu,10:00 pm to 10:30 pm,The Box Cage,Court 3,Not Booked,300,17 Sep 22:05
2026-09-17,Thu,10:30 pm to 11:00 pm,The Box Cage,Court 3,Not Booked,300,17 Sep 22:32
2026-09-17,Thu,11:00 pm to 11:30 pm,The Box Cage,Court 3,Not Booked,300,17 Sep 23:02
2026-09-17,Thu,11:30 pm to 12:00 am,The Box Cage,Court 3,Not Booked,300,17 Sep 23:32
2026-09-17,Thu,12:30 am to 1:00 am,The Box Cage,Court 3,Not Booked,300,17 Sep 01:04
2026-09-17,Thu,1:00 am to 1:30 am,The Box Cage,Court 3,Not Booked,300,17 Sep 01:04
2026-09-17,Thu,1:30 am to 2:00 am,The Box Cage,Court 3,Not Booked,300,17 Sep 01:59
2026-09-17,Thu,3:00 pm to 3:30 pm,The Box Cage,Court 3,Not Booked,300,17 Sep 15:06
2026-09-17,Thu,3:30 pm to 4:00 pm,The Box Cage,Court 3,Not Booked,300,17 Sep 15:33
2026-09-17,Thu,4:00 pm to 4:30 pm,The Box Cage,Court 3,Not Booked,300,17 Sep 16:04
2026-09-17,Thu,4:30 pm to 5:00 pm,The Box Cage,Court 3,Not Booked,300,17 Sep 16:34
2026-09-17,Thu,5:00 pm to 5:30 pm,The Box Cage,Court 3,Not Booked,300,17 Sep 17:04
2026-09-17,Thu,5:30 pm to 6:00 pm,The Box Cage,Court 3,Not Booked,300,17 Sep 17:30
2026-09-17,Thu,6:00 pm to 6:30 pm,The Box Cage,Court 3,Not Booked,300,17 Sep 18:08
2026-09-17,Thu,6:30 pm to 7:00 pm,The Box Cage,Court 3,Not Booked,300,17 Sep 18:08
2026-09-17,Thu,7:00 pm to 7:30 pm,The Box Cage,Court 3,Not Booked,300,17 Sep 19:05
2026-09-17,Thu,7:30 pm to 8:00 pm,The Box Cage,Court 3,Not Booked,300,17 Sep 19:33
2026-09-17,Thu,8:00 pm to 8:30 pm,The Box Cage,Court 3,Not Booked,300,17 Sep 20:07
2026-09-17,Thu,8:30 pm to 9:00 pm,The Box Cage,Court 3,Not Booked,300,17 Sep 20:30
2026-09-17,Thu,9:00 pm to 9:30 pm,The Box Cage,Court 3,Not Booked,300,17 Sep 21:05
2026-09-17,Thu,9:30 pm to 10:00 pm,The Box Cage,Court 3,Not Booked,300,17 Sep 21:30
2026-09-17,Thu,10:00 pm to 10:30 pm,The Box Cage,Court 4,Not Booked,300,17 Sep 22:05
2026-09-17,Thu,10:30 pm to 11:00 pm,The Box Cage,Court 4,Not Booked,300,17 Sep 22:32
2026-09-17,Thu,11:00 pm to 11:30 pm,The Box Cage,Court 4,Not Booked,300,17 Sep 22:32
2026-09-17,Thu,11:30 pm to 12:00 am,The Box Cage,Court 4,Not Booked,300,17 Sep 23:32
2026-09-17,Thu,12:00 am to 12:30 am,The Box Cage,Court 4,Not Booked,300,17 Sep 00:33
2026-09-17,Thu,12:30 am to 1:00 am,The Box Cage,Court 4,Not Booked,300,17 Sep 00:33
2026-09-17,Thu,1:00 am to 1:30 am,The Box Cage,Court 4,Not Booked,300,17 Sep 01:04
2026-09-17,Thu,1:30 am to 2:00 am,The Box Cage,Court 4,Not Booked,300,17 Sep 01:59
2026-09-17,Thu,3:00 pm to 3:30 pm,The Box Cage,Court 4,Not Booked,300,17 Sep 14:32
2026-09-17,Thu,3:30 pm to 4:00 pm,The Box Cage,Court 4,Not Booked,300,17 Sep 15:33
2026-09-17,Thu,4:00 pm to 4:30 pm,The Box Cage,Court 4,Not Booked,300,17 Sep 16:04
2026-09-17,Thu,4:30 pm to 5:00 pm,The Box Cage,Court 4,Not Booked,300,17 Sep 16:34
2026-09-17,Thu,5:00 pm to 5:30 pm,The Box Cage,Court 4,Not Booked,300,17 Sep 17:04
2026-09-17,Thu,5:30 pm to 6:00 pm,The Box Cage,Court 4,Not Booked,300,17 Sep 17:30
2026-09-17,Thu,6:00 pm to 6:30 pm,The Box Cage,Court 4,Not Booked,300,17 Sep 18:08
2026-09-17,Thu,6:30 pm to 7:00 pm,The Box Cage,Court 4,Not Booked,300,17 Sep 18:36
2026-09-17,Thu,7:00 pm to 7:30 pm,The Box Cage,Court 4,Not Booked,300,17 Sep 19:05
2026-09-17,Thu,7:30 pm to 8:00 pm,The Box Cage,Court 4,Not Booked,300,17 Sep 19:33
2026-09-17,Thu,8:00 pm to 8:30 pm,The Box Cage,Court 4,Not Booked,300,17 Sep 20:07
2026-09-17,Thu,8:30 pm to 9:00 pm,The Box Cage,Court 4,Not Booked,300,17 Sep 20:30
2026-09-17,Thu,9:00 pm to 9:30 pm,The Box Cage,Court 4,Not Booked,300,17 Sep 21:05
2026-09-17,Thu,9:30 pm to 10:00 pm,The Box Cage,Court 4,Not Booked,300,17 Sep 21:30
2026-09-17,Thu,4:00 pm to 4:30 pm,Zyng Gallant Sports Arena,Pickleball Courts (Outdoor),Not Booked,350,17 Sep 16:04
2026-09-17,Thu,4:30 pm to 5:00 pm,Zyng Gallant Sports Arena,Pickleball Courts (Outdoor),Not Booked,350,17 Sep 16:34
2026-09-17,Thu,5:00 pm to 5:30 pm,Zyng Gallant Sports Arena,Pickleball Courts (Outdoor),Not Booked,350,17 Sep 17:04
2026-09-17,Thu,5:30 pm to 6:00 pm,Zyng Gallant Sports Arena,Pickleball Courts (Outdoor),Not Booked,350,17 Sep 17:30
2026-09-17,Thu,6:00 pm to 6:30 pm,Zyng Gallant Sports Arena,Pickleball Courts (Outdoor),Not Booked,350,17 Sep 18:08
2026-09-17,Thu,6:30 pm to 7:00 pm,Zyng Gallant Sports Arena,Pickleball Courts (Outdoor),Not Booked,350,17 Sep 18:36
2026-09-17,Thu,7:00 pm to 7:30 pm,Zyng Gallant Sports Arena,Pickleball Courts (Outdoor),Not Booked,350,17 Sep 19:05
2026-09-17,Thu,7:30 pm to 8:00 pm,Zyng Gallant Sports Arena,Pickleball Courts (Outdoor),Not Booked,350,17 Sep 19:33
2026-09-17,Thu,8:00 pm to 8:30 pm,Zyng Gallant Sports Arena,Pickleball Courts (Outdoor),Not Booked,350,17 Sep 20:07
2026-09-17,Thu,8:30 pm to 9:00 pm,Zyng Gallant Sports Arena,Pickleball Courts (Outdoor),Not Booked,350,17 Sep 20:30
2026-09-17,Thu,9:00 pm to 9:30 pm,Zyng Gallant Sports Arena,Pickleball Courts (Outdoor),Not Booked,350,17 Sep 21:05
2026-09-17,Thu,9:30 pm to 10:00 pm,Zyng Gallant Sports Arena,Pickleball Courts (Outdoor),Not Booked,350,17 Sep 21:30
2026-09-18,Fri,10:00 am to 10:30 am,Anandmay Sports Club | Sector 128,Court 1,Not Booked,250,18 Sep 10:04
2026-09-18,Fri,10:00 pm to 10:30 pm,Anandmay Sports Club | Sector 128,Court 1,Not Booked,250,18 Sep 17:04
2026-09-18,Fri,10:30 am to 11:00 am,Anandmay Sports Club | Sector 128,Court 1,Not Booked,250,18 Sep 10:31
2026-09-18,Fri,10:30 pm to 11:00 pm,Anandmay Sports Club | Sector 128,Court 1,Not Booked,250,18 Sep 17:04
2026-09-18,Fri,11:00 am to 11:30 am,Anandmay Sports Club | Sector 128,Court 1,Not Booked,250,18 Sep 11:03
2026-09-18,Fri,11:00 pm to 11:30 pm,Anandmay Sports Club | Sector 128,Court 1,Not Booked,250,18 Sep 17:04
2026-09-18,Fri,11:30 am to 12:00 pm,Anandmay Sports Club | Sector 128,Court 1,Not Booked,250,18 Sep 11:31
2026-09-18,Fri,11:30 pm to 12:00 am,Anandmay Sports Club | Sector 128,Court 1,Not Booked,250,18 Sep 17:04
2026-09-18,Fri,12:00 am to 12:30 am,Anandmay Sports Club | Sector 128,Court 1,Not Booked,250,18 Sep 00:34
2026-09-18,Fri,12:00 pm to 12:30 pm,Anandmay Sports Club | Sector 128,Court 1,Not Booked,250,18 Sep 12:09
2026-09-18,Fri,12:30 am to 1:00 am,Anandmay Sports Club | Sector 128,Court 1,Not Booked,250,18 Sep 00:34
2026-09-18,Fri,12:30 pm to 1:00 pm,Anandmay Sports Club | Sector 128,Court 1,Not Booked,250,18 Sep 12:36
2026-09-18,Fri,1:00 am to 1:30 am,Anandmay Sports Club | Sector 128,Court 1,Not Booked,250,18 Sep 01:28
2026-09-18,Fri,1:00 pm to 1:30 pm,Anandmay Sports Club | Sector 128,Court 1,Not Booked,250,18 Sep 13:04
2026-09-18,Fri,1:30 am to 2:00 am,Anandmay Sports Club | Sector 128,Court 1,Not Booked,250,18 Sep 01:28
2026-09-18,Fri,1:30 pm to 2:00 pm,Anandmay Sports Club | Sector 128,Court 1,Not Booked,250,18 Sep 13:04
2026-09-18,Fri,2:00 am to 2:30 am,Anandmay Sports Club | Sector 128,Court 1,Not Booked,250,18 Sep 02:29
2026-09-18,Fri,2:00 pm to 2:30 pm,Anandmay Sports Club | Sector 128,Court 1,Not Booked,250,18 Sep 14:06
2026-09-18,Fri,2:30 am to 3:00 am,Anandmay Sports Club | Sector 128,Court 1,Not Booked,250,18 Sep 02:29
2026-09-18,Fri,2:30 pm to 3:00 pm,Anandmay Sports Club | Sector 128,Court 1,Not Booked,250,18 Sep 14:31
2026-09-18,Fri,3:00 am to 3:30 am,Anandmay Sports Club | Sector 128,Court 1,Not Booked,250,18 Sep 03:29
2026-09-18,Fri,3:00 pm to 3:30 pm,Anandmay Sports Club | Sector 128,Court 1,Not Booked,250,18 Sep 15:02
2026-09-18,Fri,3:30 am to 4:00 am,Anandmay Sports Club | Sector 128,Court 1,Not Booked,250,18 Sep 03:29
2026-09-18,Fri,3:30 pm to 4:00 pm,Anandmay Sports Club | Sector 128,Court 1,Not Booked,250,18 Sep 15:30
2026-09-18,Fri,4:00 am to 4:30 am,Anandmay Sports Club | Sector 128,Court 1,Not Booked,250,18 Sep 04:28
2026-09-18,Fri,4:00 pm to 4:30 pm,Anandmay Sports Club | Sector 128,Court 1,Not Booked,250,18 Sep 16:06
2026-09-18,Fri,4:30 am to 5:00 am,Anandmay Sports Club | Sector 128,Court 1,Not Booked,250,18 Sep 04:28
2026-09-18,Fri,4:30 pm to 5:00 pm,Anandmay Sports Club | Sector 128,Court 1,Not Booked,250,18 Sep 16:30
2026-09-18,Fri,5:00 am to 5:30 am,Anandmay Sports Club | Sector 128,Court 1,Not Booked,250,18 Sep 05:29
2026-09-18,Fri,5:00 pm to 5:30 pm,Anandmay Sports Club | Sector 128,Court 1,Not Booked,250,18 Sep 17:04
2026-09-18,Fri,5:30 am to 6:00 am,Anandmay Sports Club | Sector 128,Court 1,Not Booked,250,18 Sep 05:29
2026-09-18,Fri,5:30 pm to 6:00 pm,Anandmay Sports Club | Sector 128,Court 1,Not Booked,250,18 Sep 17:04
2026-09-18,Fri,6:00 am to 6:30 am,Anandmay Sports Club | Sector 128,Court 1,Not Booked,250,18 Sep 06:12
2026-09-18,Fri,6:00 pm to 6:30 pm,Anandmay Sports Club | Sector 128,Court 1,Not Booked,250,18 Sep 17:04
2026-09-18,Fri,6:30 am to 7:00 am,Anandmay Sports Club | Sector 128,Court 1,Not Booked,250,18 Sep 06:35
2026-09-18,Fri,6:30 pm to 7:00 pm,Anandmay Sports Club | Sector 128,Court 1,Not Booked,250,18 Sep 17:04
2026-09-18,Fri,7:00 am to 7:30 am,Anandmay Sports Club | Sector 128,Court 1,Not Booked,250,18 Sep 07:29
2026-09-18,Fri,7:00 pm to 7:30 pm,Anandmay Sports Club | Sector 128,Court 1,Not Booked,250,18 Sep 17:04
2026-09-18,Fri,7:30 am to 8:00 am,Anandmay Sports Club | Sector 128,Court 1,Not Booked,250,18 Sep 07:29
2026-09-18,Fri,7:30 pm to 8:00 pm,Anandmay Sports Club | Sector 128,Court 1,Not Booked,250,18 Sep 17:04
2026-09-18,Fri,8:00 am to 8:30 am,Anandmay Sports Club | Sector 128,Court 1,Not Booked,250,18 Sep 08:29
2026-09-18,Fri,8:00 pm to 8:30 pm,Anandmay Sports Club | Sector 128,Court 1,Not Booked,250,18 Sep 17:04
2026-09-18,Fri,8:30 am to 9:00 am,Anandmay Sports Club | Sector 128,Court 1,Not Booked,250,18 Sep 08:29
2026-09-18,Fri,8:30 pm to 9:00 pm,Anandmay Sports Club | Sector 128,Court 1,Not Booked,250,18 Sep 17:04
2026-09-18,Fri,9:00 am to 9:30 am,Anandmay Sports Club | Sector 128,Court 1,Not Booked,250,18 Sep 09:29
2026-09-18,Fri,9:00 pm to 9:30 pm,Anandmay Sports Club | Sector 128,Court 1,Not Booked,250,18 Sep 17:04
2026-09-18,Fri,9:30 am to 10:00 am,Anandmay Sports Club | Sector 128,Court 1,Not Booked,250,18 Sep 09:29
2026-09-18,Fri,9:30 pm to 10:00 pm,Anandmay Sports Club | Sector 128,Court 1,Not Booked,250,18 Sep 17:04
2026-09-18,Fri,10:00 am to 10:30 am,Anandmay Sports Club | Sector 128,Court 2,Not Booked,250,18 Sep 06:12
2026-09-18,Fri,10:00 pm to 10:30 pm,Anandmay Sports Club | Sector 128,Court 2,Not Booked,250,18 Sep 17:30
2026-09-18,Fri,10:30 am to 11:00 am,Anandmay Sports Club | Sector 128,Court 2,Not Booked,250,18 Sep 10:31
2026-09-18,Fri,10:30 pm to 11:00 pm,Anandmay Sports Club | Sector 128,Court 2,Not Booked,250,18 Sep 17:30
2026-09-18,Fri,11:00 am to 11:30 am,Anandmay Sports Club | Sector 128,Court 2,Not Booked,250,18 Sep 10:31
2026-09-18,Fri,11:00 pm to 11:30 pm,Anandmay Sports Club | Sector 128,Court 2,Not Booked,250,18 Sep 17:30
2026-09-18,Fri,11:30 am to 12:00 pm,Anandmay Sports Club | Sector 128,Court 2,Not Booked,250,18 Sep 11:31
2026-09-18,Fri,11:30 pm to 12:00 am,Anandmay Sports Club | Sector 128,Court 2,Not Booked,250,18 Sep 17:30
2026-09-18,Fri,12:00 pm to 12:30 pm,Anandmay Sports Club | Sector 128,Court 2,Not Booked,250,18 Sep 11:31
2026-09-18,Fri,12:30 am to 1:00 am,Anandmay Sports Club | Sector 128,Court 2,Not Booked,250,18 Sep 01:03
2026-09-18,Fri,12:30 pm to 1:00 pm,Anandmay Sports Club | Sector 128,Court 2,Not Booked,250,18 Sep 11:31
2026-09-18,Fri,1:00 am to 1:30 am,Anandmay Sports Club | Sector 128,Court 2,Not Booked,250,18 Sep 01:28
2026-09-18,Fri,1:00 pm to 1:30 pm,Anandmay Sports Club | Sector 128,Court 2,Not Booked,250,18 Sep 11:31
2026-09-18,Fri,1:30 am to 2:00 am,Anandmay Sports Club | Sector 128,Court 2,Not Booked,250,18 Sep 01:28
2026-09-18,Fri,1:30 pm to 2:00 pm,Anandmay Sports Club | Sector 128,Court 2,Not Booked,250,18 Sep 13:30
2026-09-18,Fri,2:00 am to 2:30 am,Anandmay Sports Club | Sector 128,Court 2,Not Booked,250,18 Sep 02:29
2026-09-18,Fri,2:00 pm to 2:30 pm,Anandmay Sports Club | Sector 128,Court 2,Not Booked,250,18 Sep 13:30
2026-09-18,Fri,2:30 am to 3:00 am,Anandmay Sports Club | Sector 128,Court 2,Not Booked,250,18 Sep 02:29
2026-09-18,Fri,2:30 pm to 3:00 pm,Anandmay Sports Club | Sector 128,Court 2,Not Booked,250,18 Sep 13:30
2026-09-18,Fri,3:00 am to 3:30 am,Anandmay Sports Club | Sector 128,Court 2,Not Booked,250,18 Sep 03:29
2026-09-18,Fri,3:00 pm to 3:30 pm,Anandmay Sports Club | Sector 128,Court 2,Not Booked,250,18 Sep 15:02
2026-09-18,Fri,3:30 am to 4:00 am,Anandmay Sports Club | Sector 128,Court 2,Not Booked,250,18 Sep 03:29
2026-09-18,Fri,3:30 pm to 4:00 pm,Anandmay Sports Club | Sector 128,Court 2,Not Booked,250,18 Sep 15:02
2026-09-18,Fri,4:00 am to 4:30 am,Anandmay Sports Club | Sector 128,Court 2,Not Booked,250,18 Sep 04:04
2026-09-18,Fri,4:00 pm to 4:30 pm,Anandmay Sports Club | Sector 128,Court 2,Not Booked,250,18 Sep 15:02
2026-09-18,Fri,4:30 am to 5:00 am,Anandmay Sports Club | Sector 128,Court 2,Not Booked,250,18 Sep 04:04
2026-09-18,Fri,4:30 pm to 5:00 pm,Anandmay Sports Club | Sector 128,Court 2,Not Booked,250,18 Sep 16:30
2026-09-18,Fri,5:00 am to 5:30 am,Anandmay Sports Club | Sector 128,Court 2,Not Booked,250,18 Sep 05:29
2026-09-18,Fri,5:00 pm to 5:30 pm,Anandmay Sports Club | Sector 128,Court 2,Not Booked,250,18 Sep 17:04
2026-09-18,Fri,5:30 am to 6:00 am,Anandmay Sports Club | Sector 128,Court 2,Not Booked,250,18 Sep 05:29
2026-09-18,Fri,5:30 pm to 6:00 pm,Anandmay Sports Club | Sector 128,Court 2,Not Booked,250,18 Sep 17:30
2026-09-18,Fri,6:00 am to 6:30 am,Anandmay Sports Club | Sector 128,Court 2,Not Booked,250,18 Sep 06:12
2026-09-18,Fri,6:00 pm to 6:30 pm,Anandmay Sports Club | Sector 128,Court 2,Not Booked,250,18 Sep 17:30
2026-09-18,Fri,6:30 am to 7:00 am,Anandmay Sports Club | Sector 128,Court 2,Not Booked,250,18 Sep 06:12
2026-09-18,Fri,6:30 pm to 7:00 pm,Anandmay Sports Club | Sector 128,Court 2,Not Booked,250,18 Sep 17:30
2026-09-18,Fri,7:00 am to 7:30 am,Anandmay Sports Club | Sector 128,Court 2,Not Booked,250,18 Sep 06:12
2026-09-18,Fri,7:00 pm to 7:30 pm,Anandmay Sports Club | Sector 128,Court 2,Not Booked,250,18 Sep 17:30
2026-09-18,Fri,7:30 am to 8:00 am,Anandmay Sports Club | Sector 128,Court 2,Not Booked,250,18 Sep 06:12
2026-09-18,Fri,7:30 pm to 8:00 pm,Anandmay Sports Club | Sector 128,Court 2,Not Booked,250,18 Sep 17:30
2026-09-18,Fri,8:00 am to 8:30 am,Anandmay Sports Club | Sector 128,Court 2,Not Booked,250,18 Sep 06:12
2026-09-18,Fri,8:00 pm to 8:30 pm,Anandmay Sports Club | Sector 128,Court 2,Not Booked,250,18 Sep 17:30
2026-09-18,Fri,8:30 am to 9:00 am,Anandmay Sports Club | Sector 128,Court 2,Not Booked,250,18 Sep 06:12
2026-09-18,Fri,8:30 pm to 9:00 pm,Anandmay Sports Club | Sector 128,Court 2,Not Booked,250,18 Sep 17:30
2026-09-18,Fri,9:00 am to 9:30 am,Anandmay Sports Club | Sector 128,Court 2,Not Booked,250,18 Sep 06:12
2026-09-18,Fri,9:00 pm to 9:30 pm,Anandmay Sports Club | Sector 128,Court 2,Not Booked,250,18 Sep 17:30
2026-09-18,Fri,9:30 am to 10:00 am,Anandmay Sports Club | Sector 128,Court 2,Not Booked,250,18 Sep 06:12
2026-09-18,Fri,9:30 pm to 10:00 pm,Anandmay Sports Club | Sector 128,Court 2,Not Booked,250,18 Sep 17:30
2026-09-18,Fri,10:00 am to 10:30 am,Arena 44,Court 1,Not Booked,550,18 Sep 10:04
2026-09-18,Fri,10:00 pm to 10:30 pm,Arena 44,Court 1,Not Booked,550,18 Sep 17:30
2026-09-18,Fri,10:30 am to 11:00 am,Arena 44,Court 1,Not Booked,550,18 Sep 10:31
2026-09-18,Fri,10:30 pm to 11:00 pm,Arena 44,Court 1,Not Booked,550,18 Sep 17:30
2026-09-18,Fri,3:00 pm to 3:30 pm,Arena 44,Court 1,Not Booked,550,18 Sep 15:02
2026-09-18,Fri,3:30 pm to 4:00 pm,Arena 44,Court 1,Not Booked,550,18 Sep 15:30
2026-09-18,Fri,4:00 pm to 4:30 pm,Arena 44,Court 1,Not Booked,550,18 Sep 16:06
2026-09-18,Fri,4:30 pm to 5:00 pm,Arena 44,Court 1,Not Booked,550,18 Sep 16:30
2026-09-18,Fri,5:00 pm to 5:30 pm,Arena 44,Court 1,Not Booked,550,18 Sep 17:04
2026-09-18,Fri,5:30 pm to 6:00 pm,Arena 44,Court 1,Not Booked,550,18 Sep 17:30
2026-09-18,Fri,6:00 pm to 6:30 pm,Arena 44,Court 1,Booked,550,18 Sep 17:30
2026-09-18,Fri,6:30 pm to 7:00 pm,Arena 44,Court 1,Booked,550,18 Sep 17:30
2026-09-18,Fri,7:00 am to 7:30 am,Arena 44,Court 1,Not Booked,550,18 Sep 07:29
2026-09-18,Fri,7:00 pm to 7:30 pm,Arena 44,Court 1,Booked,550,18 Sep 17:30
2026-09-18,Fri,7:30 am to 8:00 am,Arena 44,Court 1,Not Booked,550,18 Sep 07:29
2026-09-18,Fri,7:30 pm to 8:00 pm,Arena 44,Court 1,Not Booked,550,18 Sep 17:30
2026-09-18,Fri,8:00 am to 8:30 am,Arena 44,Court 1,Not Booked,550,18 Sep 08:29
2026-09-18,Fri,8:00 pm to 8:30 pm,Arena 44,Court 1,Not Booked,550,18 Sep 17:30
2026-09-18,Fri,8:30 am to 9:00 am,Arena 44,Court 1,Not Booked,550,18 Sep 08:29
2026-09-18,Fri,8:30 pm to 9:00 pm,Arena 44,Court 1,Booked,550,18 Sep 17:30
2026-09-18,Fri,9:00 am to 9:30 am,Arena 44,Court 1,Not Booked,550,18 Sep 09:29
2026-09-18,Fri,9:00 pm to 9:30 pm,Arena 44,Court 1,Booked,550,18 Sep 17:30
2026-09-18,Fri,9:30 am to 10:00 am,Arena 44,Court 1,Not Booked,550,18 Sep 09:29
2026-09-18,Fri,9:30 pm to 10:00 pm,Arena 44,Court 1,Booked,550,18 Sep 17:30
2026-09-18,Fri,10:00 am to 10:30 am,Arena 44,Court 2,Not Booked,550,18 Sep 10:04
2026-09-18,Fri,10:00 pm to 10:30 pm,Arena 44,Court 2,Not Booked,550,18 Sep 17:30
2026-09-18,Fri,10:30 am to 11:00 am,Arena 44,Court 2,Not Booked,550,18 Sep 10:04
2026-09-18,Fri,10:30 pm to 11:00 pm,Arena 44,Court 2,Not Booked,550,18 Sep 17:30
2026-09-18,Fri,3:00 pm to 3:30 pm,Arena 44,Court 2,Not Booked,550,18 Sep 15:02
2026-09-18,Fri,3:30 pm to 4:00 pm,Arena 44,Court 2,Not Booked,550,18 Sep 15:02
2026-09-18,Fri,4:00 pm to 4:30 pm,Arena 44,Court 2,Not Booked,550,18 Sep 15:02
2026-09-18,Fri,4:30 pm to 5:00 pm,Arena 44,Court 2,Not Booked,550,18 Sep 16:30
2026-09-18,Fri,5:00 pm to 5:30 pm,Arena 44,Court 2,Not Booked,550,18 Sep 17:04
2026-09-18,Fri,5:30 pm to 6:00 pm,Arena 44,Court 2,Not Booked,550,18 Sep 17:30
2026-09-18,Fri,6:00 pm to 6:30 pm,Arena 44,Court 2,Not Booked,550,18 Sep 17:30
2026-09-18,Fri,6:30 pm to 7:00 pm,Arena 44,Court 2,Not Booked,550,18 Sep 17:30
2026-09-18,Fri,7:00 am to 7:30 am,Arena 44,Court 2,Not Booked,550,18 Sep 07:04
2026-09-18,Fri,7:00 pm to 7:30 pm,Arena 44,Court 2,Not Booked,550,18 Sep 17:30
2026-09-18,Fri,7:30 am to 8:00 am,Arena 44,Court 2,Not Booked,550,18 Sep 07:04
2026-09-18,Fri,7:30 pm to 8:00 pm,Arena 44,Court 2,Not Booked,550,18 Sep 17:30
2026-09-18,Fri,8:00 am to 8:30 am,Arena 44,Court 2,Not Booked,550,18 Sep 07:04
2026-09-18,Fri,8:00 pm to 8:30 pm,Arena 44,Court 2,Not Booked,550,18 Sep 17:30
2026-09-18,Fri,8:30 am to 9:00 am,Arena 44,Court 2,Not Booked,550,18 Sep 07:04
2026-09-18,Fri,8:30 pm to 9:00 pm,Arena 44,Court 2,Not Booked,550,18 Sep 17:30
2026-09-18,Fri,9:00 am to 9:30 am,Arena 44,Court 2,Not Booked,550,18 Sep 07:04
2026-09-18,Fri,9:00 pm to 9:30 pm,Arena 44,Court 2,Not Booked,550,18 Sep 17:30
2026-09-18,Fri,9:30 am to 10:00 am,Arena 44,Court 2,Not Booked,550,18 Sep 07:04
2026-09-18,Fri,9:30 pm to 10:00 pm,Arena 44,Court 2,Not Booked,550,18 Sep 17:30
2026-09-18,Fri,10:00 am to 10:30 am,Arena 44,Court 3,Not Booked,550,18 Sep 10:04
2026-09-18,Fri,10:00 pm to 10:30 pm,Arena 44,Court 3,Not Booked,550,18 Sep 17:30
2026-09-18,Fri,10:30 am to 11:00 am,Arena 44,Court 3,Not Booked,550,18 Sep 10:31
2026-09-18,Fri,10:30 pm to 11:00 pm,Arena 44,Court 3,Not Booked,550,18 Sep 17:30
2026-09-18,Fri,3:00 pm to 3:30 pm,Arena 44,Court 3,Not Booked,550,18 Sep 14:31
2026-09-18,Fri,3:30 pm to 4:00 pm,Arena 44,Court 3,Not Booked,550,18 Sep 15:30
2026-09-18,Fri,4:00 pm to 4:30 pm,Arena 44,Court 3,Not Booked,550,18 Sep 16:06
2026-09-18,Fri,4:30 pm to 5:00 pm,Arena 44,Court 3,Not Booked,550,18 Sep 16:30
2026-09-18,Fri,5:00 pm to 5:30 pm,Arena 44,Court 3,Not Booked,550,18 Sep 17:04
2026-09-18,Fri,5:30 pm to 6:00 pm,Arena 44,Court 3,Not Booked,550,18 Sep 17:30
2026-09-18,Fri,6:00 pm to 6:30 pm,Arena 44,Court 3,Not Booked,550,18 Sep 17:30
2026-09-18,Fri,6:30 pm to 7:00 pm,Arena 44,Court 3,Not Booked,550,18 Sep 17:30
2026-09-18,Fri,7:00 am to 7:30 am,Arena 44,Court 3,Not Booked,550,18 Sep 07:29
2026-09-18,Fri,7:00 pm to 7:30 pm,Arena 44,Court 3,Booked,550,18 Sep 17:30
2026-09-18,Fri,7:30 am to 8:00 am,Arena 44,Court 3,Not Booked,550,18 Sep 07:29
2026-09-18,Fri,7:30 pm to 8:00 pm,Arena 44,Court 3,Booked,550,18 Sep 17:30
2026-09-18,Fri,8:00 am to 8:30 am,Arena 44,Court 3,Not Booked,550,18 Sep 08:29
2026-09-18,Fri,8:00 pm to 8:30 pm,Arena 44,Court 3,Booked,550,18 Sep 17:30
2026-09-18,Fri,8:30 am to 9:00 am,Arena 44,Court 3,Not Booked,550,18 Sep 08:29
2026-09-18,Fri,8:30 pm to 9:00 pm,Arena 44,Court 3,Booked,550,18 Sep 17:30
2026-09-18,Fri,9:00 am to 9:30 am,Arena 44,Court 3,Not Booked,550,18 Sep 09:29
2026-09-18,Fri,9:00 pm to 9:30 pm,Arena 44,Court 3,Filling Fast,550,18 Sep 17:30
2026-09-18,Fri,9:30 am to 10:00 am,Arena 44,Court 3,Not Booked,550,18 Sep 09:29
2026-09-18,Fri,9:30 pm to 10:00 pm,Arena 44,Court 3,Filling Fast,550,18 Sep 17:30
2026-09-18,Fri,10:00 am to 10:30 am,Arena 44,Hardy's Court 1,Not Booked,450,18 Sep 10:04
2026-09-18,Fri,10:00 pm to 10:30 pm,Arena 44,Hardy's Court 1,Booked,450,18 Sep 17:30
2026-09-18,Fri,10:30 am to 11:00 am,Arena 44,Hardy's Court 1,Not Booked,450,18 Sep 10:31
2026-09-18,Fri,10:30 pm to 11:00 pm,Arena 44,Hardy's Court 1,Not Booked,450,18 Sep 17:30
2026-09-18,Fri,3:00 pm to 3:30 pm,Arena 44,Hardy's Court 1,Not Booked,450,18 Sep 15:02
2026-09-18,Fri,3:30 pm to 4:00 pm,Arena 44,Hardy's Court 1,Not Booked,450,18 Sep 15:30
2026-09-18,Fri,4:00 pm to 4:30 pm,Arena 44,Hardy's Court 1,Not Booked,450,18 Sep 16:06
2026-09-18,Fri,4:30 pm to 5:00 pm,Arena 44,Hardy's Court 1,Not Booked,450,18 Sep 16:30
2026-09-18,Fri,5:00 pm to 5:30 pm,Arena 44,Hardy's Court 1,Booked,450,18 Sep 17:04
2026-09-18,Fri,5:30 pm to 6:00 pm,Arena 44,Hardy's Court 1,Booked,450,18 Sep 17:30
2026-09-18,Fri,6:00 pm to 6:30 pm,Arena 44,Hardy's Court 1,Booked,450,18 Sep 17:30
2026-09-18,Fri,6:30 pm to 7:00 pm,Arena 44,Hardy's Court 1,Booked,450,18 Sep 17:30
2026-09-18,Fri,7:00 am to 7:30 am,Arena 44,Hardy's Court 1,Not Booked,450,18 Sep 07:29
2026-09-18,Fri,7:00 pm to 7:30 pm,Arena 44,Hardy's Court 1,Not Booked,450,18 Sep 17:30
2026-09-18,Fri,7:30 am to 8:00 am,Arena 44,Hardy's Court 1,Not Booked,450,18 Sep 07:29
2026-09-18,Fri,7:30 pm to 8:00 pm,Arena 44,Hardy's Court 1,Not Booked,450,18 Sep 17:30
2026-09-18,Fri,8:00 am to 8:30 am,Arena 44,Hardy's Court 1,Not Booked,450,18 Sep 08:29
2026-09-18,Fri,8:00 pm to 8:30 pm,Arena 44,Hardy's Court 1,Not Booked,450,18 Sep 17:30
2026-09-18,Fri,8:30 am to 9:00 am,Arena 44,Hardy's Court 1,Not Booked,450,18 Sep 08:29
2026-09-18,Fri,8:30 pm to 9:00 pm,Arena 44,Hardy's Court 1,Booked,450,18 Sep 17:30
2026-09-18,Fri,9:00 am to 9:30 am,Arena 44,Hardy's Court 1,Not Booked,450,18 Sep 09:29
2026-09-18,Fri,9:00 pm to 9:30 pm,Arena 44,Hardy's Court 1,Booked,450,18 Sep 17:30
2026-09-18,Fri,9:30 am to 10:00 am,Arena 44,Hardy's Court 1,Not Booked,450,18 Sep 09:29
2026-09-18,Fri,9:30 pm to 10:00 pm,Arena 44,Hardy's Court 1,Booked,450,18 Sep 17:30
2026-09-18,Fri,10:00 am to 10:30 am,Arena 44,Hardy's Court 2,Not Booked,450,18 Sep 10:04
2026-09-18,Fri,10:00 pm to 10:30 pm,Arena 44,Hardy's Court 2,Not Booked,450,18 Sep 17:30
2026-09-18,Fri,10:30 am to 11:00 am,Arena 44,Hardy's Court 2,Not Booked,450,18 Sep 10:31
2026-09-18,Fri,10:30 pm to 11:00 pm,Arena 44,Hardy's Court 2,Not Booked,450,18 Sep 17:30
2026-09-18,Fri,3:00 pm to 3:30 pm,Arena 44,Hardy's Court 2,Not Booked,450,18 Sep 15:02
2026-09-18,Fri,3:30 pm to 4:00 pm,Arena 44,Hardy's Court 2,Not Booked,450,18 Sep 15:30
2026-09-18,Fri,4:00 pm to 4:30 pm,Arena 44,Hardy's Court 2,Not Booked,450,18 Sep 16:06
2026-09-18,Fri,4:30 pm to 5:00 pm,Arena 44,Hardy's Court 2,Not Booked,450,18 Sep 16:30
2026-09-18,Fri,5:00 pm to 5:30 pm,Arena 44,Hardy's Court 2,Not Booked,450,18 Sep 17:04
2026-09-18,Fri,5:30 pm to 6:00 pm,Arena 44,Hardy's Court 2,Not Booked,450,18 Sep 17:30
2026-09-18,Fri,6:00 pm to 6:30 pm,Arena 44,Hardy's Court 2,Not Booked,450,18 Sep 17:30
2026-09-18,Fri,6:30 pm to 7:00 pm,Arena 44,Hardy's Court 2,Not Booked,450,18 Sep 17:30
2026-09-18,Fri,7:00 am to 7:30 am,Arena 44,Hardy's Court 2,Not Booked,450,18 Sep 07:29
2026-09-18,Fri,7:00 pm to 7:30 pm,Arena 44,Hardy's Court 2,Booked,450,18 Sep 17:30
2026-09-18,Fri,7:30 am to 8:00 am,Arena 44,Hardy's Court 2,Not Booked,450,18 Sep 07:29
2026-09-18,Fri,7:30 pm to 8:00 pm,Arena 44,Hardy's Court 2,Booked,450,18 Sep 17:30
2026-09-18,Fri,8:00 am to 8:30 am,Arena 44,Hardy's Court 2,Not Booked,450,18 Sep 08:29
2026-09-18,Fri,8:00 pm to 8:30 pm,Arena 44,Hardy's Court 2,Booked,450,18 Sep 17:30
2026-09-18,Fri,8:30 am to 9:00 am,Arena 44,Hardy's Court 2,Not Booked,450,18 Sep 08:29
2026-09-18,Fri,8:30 pm to 9:00 pm,Arena 44,Hardy's Court 2,Booked,450,18 Sep 17:30
2026-09-18,Fri,9:00 am to 9:30 am,Arena 44,Hardy's Court 2,Not Booked,450,18 Sep 09:29
2026-09-18,Fri,9:00 pm to 9:30 pm,Arena 44,Hardy's Court 2,Not Booked,450,18 Sep 17:30
2026-09-18,Fri,9:30 am to 10:00 am,Arena 44,Hardy's Court 2,Not Booked,450,18 Sep 09:29
2026-09-18,Fri,9:30 pm to 10:00 pm,Arena 44,Hardy's Court 2,Not Booked,450,18 Sep 17:30
2026-09-18,Fri,10:00 am to 10:30 am,Arena 44,Hardy's Court 3,Not Booked,450,18 Sep 09:04
2026-09-18,Fri,10:00 pm to 10:30 pm,Arena 44,Hardy's Court 3,Booked,450,18 Sep 16:30
2026-09-18,Fri,10:30 am to 11:00 am,Arena 44,Hardy's Court 3,Not Booked,450,18 Sep 10:31
2026-09-18,Fri,10:30 pm to 11:00 pm,Arena 44,Hardy's Court 3,Booked,450,18 Sep 16:30
2026-09-18,Fri,3:00 pm to 3:30 pm,Arena 44,Hardy's Court 3,Not Booked,450,18 Sep 14:31
2026-09-18,Fri,3:30 pm to 4:00 pm,Arena 44,Hardy's Court 3,Not Booked,450,18 Sep 15:30
2026-09-18,Fri,4:00 pm to 4:30 pm,Arena 44,Hardy's Court 3,Not Booked,450,18 Sep 16:06
2026-09-18,Fri,4:30 pm to 5:00 pm,Arena 44,Hardy's Court 3,Not Booked,450,18 Sep 16:30
2026-09-18,Fri,5:00 pm to 5:30 pm,Arena 44,Hardy's Court 3,Not Booked,450,18 Sep 16:30
2026-09-18,Fri,5:30 pm to 6:00 pm,Arena 44,Hardy's Court 3,Not Booked,450,18 Sep 16:30
2026-09-18,Fri,6:00 pm to 6:30 pm,Arena 44,Hardy's Court 3,Not Booked,450,18 Sep 16:30
2026-09-18,Fri,6:30 pm to 7:00 pm,Arena 44,Hardy's Court 3,Not Booked,450,18 Sep 16:30
2026-09-18,Fri,7:00 am to 7:30 am,Arena 44,Hardy's Court 3,Not Booked,450,18 Sep 07:29
2026-09-18,Fri,7:00 pm to 7:30 pm,Arena 44,Hardy's Court 3,Not Booked,450,18 Sep 16:30
2026-09-18,Fri,7:30 am to 8:00 am,Arena 44,Hardy's Court 3,Not Booked,450,18 Sep 07:29
2026-09-18,Fri,7:30 pm to 8:00 pm,Arena 44,Hardy's Court 3,Booked,450,18 Sep 16:30
2026-09-18,Fri,8:00 am to 8:30 am,Arena 44,Hardy's Court 3,Not Booked,450,18 Sep 08:29
2026-09-18,Fri,8:00 pm to 8:30 pm,Arena 44,Hardy's Court 3,Booked,450,18 Sep 16:30
2026-09-18,Fri,8:30 am to 9:00 am,Arena 44,Hardy's Court 3,Not Booked,450,18 Sep 08:29
2026-09-18,Fri,8:30 pm to 9:00 pm,Arena 44,Hardy's Court 3,Booked,450,18 Sep 16:30
2026-09-18,Fri,9:00 am to 9:30 am,Arena 44,Hardy's Court 3,Not Booked,450,18 Sep 09:04
2026-09-18,Fri,9:00 pm to 9:30 pm,Arena 44,Hardy's Court 3,Booked,450,18 Sep 16:30
2026-09-18,Fri,9:30 am to 10:00 am,Arena 44,Hardy's Court 3,Not Booked,450,18 Sep 09:04
2026-09-18,Fri,9:30 pm to 10:00 pm,Arena 44,Hardy's Court 3,Booked,450,18 Sep 16:30
2026-09-18,Fri,10:00 am to 10:30 am,Arena 44,Hardy's Court 4,Not Booked,450,18 Sep 10:04
2026-09-18,Fri,10:00 pm to 10:30 pm,Arena 44,Hardy's Court 4,Booked,450,18 Sep 17:30
2026-09-18,Fri,10:30 am to 11:00 am,Arena 44,Hardy's Court 4,Not Booked,450,18 Sep 10:04
2026-09-18,Fri,10:30 pm to 11:00 pm,Arena 44,Hardy's Court 4,Booked,450,18 Sep 17:30
2026-09-18,Fri,3:00 pm to 3:30 pm,Arena 44,Hardy's Court 4,Not Booked,450,18 Sep 15:02
2026-09-18,Fri,3:30 pm to 4:00 pm,Arena 44,Hardy's Court 4,Not Booked,450,18 Sep 15:30
2026-09-18,Fri,4:00 pm to 4:30 pm,Arena 44,Hardy's Court 4,Not Booked,450,18 Sep 16:06
2026-09-18,Fri,4:30 pm to 5:00 pm,Arena 44,Hardy's Court 4,Booked,450,18 Sep 16:30
2026-09-18,Fri,5:00 pm to 5:30 pm,Arena 44,Hardy's Court 4,Not Booked,450,18 Sep 17:04
2026-09-18,Fri,5:30 pm to 6:00 pm,Arena 44,Hardy's Court 4,Not Booked,450,18 Sep 17:30
2026-09-18,Fri,6:00 pm to 6:30 pm,Arena 44,Hardy's Court 4,Not Booked,450,18 Sep 17:30
2026-09-18,Fri,6:30 pm to 7:00 pm,Arena 44,Hardy's Court 4,Booked,450,18 Sep 17:30
2026-09-18,Fri,7:00 am to 7:30 am,Arena 44,Hardy's Court 4,Not Booked,450,18 Sep 07:29
2026-09-18,Fri,7:00 pm to 7:30 pm,Arena 44,Hardy's Court 4,Booked,450,18 Sep 17:30
2026-09-18,Fri,7:30 am to 8:00 am,Arena 44,Hardy's Court 4,Not Booked,450,18 Sep 07:29
2026-09-18,Fri,7:30 pm to 8:00 pm,Arena 44,Hardy's Court 4,Booked,450,18 Sep 17:30
2026-09-18,Fri,8:00 am to 8:30 am,Arena 44,Hardy's Court 4,Not Booked,450,18 Sep 08:29
2026-09-18,Fri,8:00 pm to 8:30 pm,Arena 44,Hardy's Court 4,Booked,450,18 Sep 17:30
2026-09-18,Fri,8:30 am to 9:00 am,Arena 44,Hardy's Court 4,Not Booked,450,18 Sep 08:29
2026-09-18,Fri,8:30 pm to 9:00 pm,Arena 44,Hardy's Court 4,Booked,450,18 Sep 17:30
2026-09-18,Fri,9:00 am to 9:30 am,Arena 44,Hardy's Court 4,Not Booked,450,18 Sep 09:29
2026-09-18,Fri,9:00 pm to 9:30 pm,Arena 44,Hardy's Court 4,Not Booked,450,18 Sep 17:30
2026-09-18,Fri,9:30 am to 10:00 am,Arena 44,Hardy's Court 4,Not Booked,450,18 Sep 09:29
2026-09-18,Fri,9:30 pm to 10:00 pm,Arena 44,Hardy's Court 4,Booked,450,18 Sep 17:30
2026-09-18,Fri,10:00 pm to 10:30 pm,CoPlay RISE | Sec 73 Noida,Court 1,Not Booked,200,18 Sep 17:30
2026-09-18,Fri,10:30 pm to 11:00 pm,CoPlay RISE | Sec 73 Noida,Court 1,Not Booked,200,18 Sep 17:30
2026-09-18,Fri,11:00 pm to 11:30 pm,CoPlay RISE | Sec 73 Noida,Court 1,Not Booked,200,18 Sep 17:30
2026-09-18,Fri,11:30 pm to 12:00 am,CoPlay RISE | Sec 73 Noida,Court 1,Not Booked,200,18 Sep 17:30
2026-09-18,Fri,5:00 am to 5:30 am,CoPlay RISE | Sec 73 Noida,Court 1,Not Booked,200,18 Sep 05:29
2026-09-18,Fri,5:30 am to 6:00 am,CoPlay RISE | Sec 73 Noida,Court 1,Not Booked,200,18 Sep 05:29
2026-09-18,Fri,6:00 am to 6:30 am,CoPlay RISE | Sec 73 Noida,Court 1,Not Booked,200,18 Sep 06:12
2026-09-18,Fri,6:30 am to 7:00 am,CoPlay RISE | Sec 73 Noida,Court 1,Not Booked,200,18 Sep 06:35
2026-09-18,Fri,7:00 am to 7:30 am,CoPlay RISE | Sec 73 Noida,Court 1,Not Booked,200,18 Sep 07:29
2026-09-18,Fri,7:00 pm to 7:30 pm,CoPlay RISE | Sec 73 Noida,Court 1,Not Booked,200,18 Sep 17:30
2026-09-18,Fri,7:30 am to 8:00 am,CoPlay RISE | Sec 73 Noida,Court 1,Not Booked,200,18 Sep 07:29
2026-09-18,Fri,7:30 pm to 8:00 pm,CoPlay RISE | Sec 73 Noida,Court 1,Not Booked,200,18 Sep 17:30
2026-09-18,Fri,8:00 am to 8:30 am,CoPlay RISE | Sec 73 Noida,Court 1,Not Booked,200,18 Sep 08:29
2026-09-18,Fri,8:00 pm to 8:30 pm,CoPlay RISE | Sec 73 Noida,Court 1,Not Booked,200,18 Sep 17:30
2026-09-18,Fri,8:30 am to 9:00 am,CoPlay RISE | Sec 73 Noida,Court 1,Not Booked,200,18 Sep 08:29
2026-09-18,Fri,8:30 pm to 9:00 pm,CoPlay RISE | Sec 73 Noida,Court 1,Not Booked,200,18 Sep 17:30
2026-09-18,Fri,9:00 pm to 9:30 pm,CoPlay RISE | Sec 73 Noida,Court 1,Not Booked,200,18 Sep 17:30
2026-09-18,Fri,9:30 pm to 10:00 pm,CoPlay RISE | Sec 73 Noida,Court 1,Not Booked,200,18 Sep 17:30
2026-09-18,Fri,10:00 pm to 10:30 pm,CoPlay RISE | Sec 73 Noida,Court 2,Not Booked,200,18 Sep 17:30
2026-09-18,Fri,10:30 pm to 11:00 pm,CoPlay RISE | Sec 73 Noida,Court 2,Not Booked,200,18 Sep 17:30
2026-09-18,Fri,11:00 pm to 11:30 pm,CoPlay RISE | Sec 73 Noida,Court 2,Not Booked,200,18 Sep 17:30
2026-09-18,Fri,11:30 pm to 12:00 am,CoPlay RISE | Sec 73 Noida,Court 2,Not Booked,200,18 Sep 17:30
2026-09-18,Fri,5:00 am to 5:30 am,CoPlay RISE | Sec 73 Noida,Court 2,Not Booked,200,18 Sep 05:29
2026-09-18,Fri,5:30 am to 6:00 am,CoPlay RISE | Sec 73 Noida,Court 2,Not Booked,200,18 Sep 05:29
2026-09-18,Fri,6:00 am to 6:30 am,CoPlay RISE | Sec 73 Noida,Court 2,Not Booked,200,18 Sep 06:12
2026-09-18,Fri,6:30 am to 7:00 am,CoPlay RISE | Sec 73 Noida,Court 2,Not Booked,200,18 Sep 06:35
2026-09-18,Fri,7:00 am to 7:30 am,CoPlay RISE | Sec 73 Noida,Court 2,Not Booked,200,18 Sep 07:29
2026-09-18,Fri,7:00 pm to 7:30 pm,CoPlay RISE | Sec 73 Noida,Court 2,Not Booked,200,18 Sep 17:30
2026-09-18,Fri,7:30 am to 8:00 am,CoPlay RISE | Sec 73 Noida,Court 2,Not Booked,200,18 Sep 07:29
2026-09-18,Fri,7:30 pm to 8:00 pm,CoPlay RISE | Sec 73 Noida,Court 2,Not Booked,200,18 Sep 17:30
2026-09-18,Fri,8:00 am to 8:30 am,CoPlay RISE | Sec 73 Noida,Court 2,Not Booked,200,18 Sep 08:29
2026-09-18,Fri,8:00 pm to 8:30 pm,CoPlay RISE | Sec 73 Noida,Court 2,Not Booked,200,18 Sep 17:30
2026-09-18,Fri,8:30 am to 9:00 am,CoPlay RISE | Sec 73 Noida,Court 2,Not Booked,200,18 Sep 08:29
2026-09-18,Fri,8:30 pm to 9:00 pm,CoPlay RISE | Sec 73 Noida,Court 2,Not Booked,200,18 Sep 17:30
2026-09-18,Fri,9:00 pm to 9:30 pm,CoPlay RISE | Sec 73 Noida,Court 2,Not Booked,200,18 Sep 17:30
2026-09-18,Fri,9:30 pm to 10:00 pm,CoPlay RISE | Sec 73 Noida,Court 2,Not Booked,200,18 Sep 17:30
2026-09-18,Fri,4:00 pm to 4:30 pm,CoPlay | Sec 50 Noida,Court 1,Not Booked,350,18 Sep 16:06
2026-09-18,Fri,4:30 pm to 5:00 pm,CoPlay | Sec 50 Noida,Court 1,Not Booked,350,18 Sep 16:30
2026-09-18,Fri,7:00 pm to 7:30 pm,CoPlay | Sec 50 Noida,Court 1,Not Booked,350,18 Sep 17:30
2026-09-18,Fri,7:30 pm to 8:00 pm,CoPlay | Sec 50 Noida,Court 1,Not Booked,350,18 Sep 17:30
2026-09-18,Fri,8:00 pm to 8:30 pm,CoPlay | Sec 50 Noida,Court 1,Not Booked,350,18 Sep 17:30
2026-09-18,Fri,8:30 pm to 9:00 pm,CoPlay | Sec 50 Noida,Court 1,Not Booked,350,18 Sep 17:30
2026-09-18,Fri,4:00 pm to 4:30 pm,CoPlay | Sec 50 Noida,Court 2,Not Booked,350,18 Sep 16:06
2026-09-18,Fri,4:30 pm to 5:00 pm,CoPlay | Sec 50 Noida,Court 2,Not Booked,350,18 Sep 16:30
2026-09-18,Fri,7:00 pm to 7:30 pm,CoPlay | Sec 50 Noida,Court 2,Not Booked,350,18 Sep 17:30
2026-09-18,Fri,7:30 pm to 8:00 pm,CoPlay | Sec 50 Noida,Court 2,Not Booked,350,18 Sep 17:30
2026-09-18,Fri,8:00 pm to 8:30 pm,CoPlay | Sec 50 Noida,Court 2,Not Booked,350,18 Sep 17:30
2026-09-18,Fri,8:30 pm to 9:00 pm,CoPlay | Sec 50 Noida,Court 2,Not Booked,350,18 Sep 17:30
2026-09-18,Fri,4:00 pm to 4:30 pm,CoPlay | Sec 50 Noida,Court 3,Not Booked,350,18 Sep 16:06
2026-09-18,Fri,4:30 pm to 5:00 pm,CoPlay | Sec 50 Noida,Court 3,Not Booked,350,18 Sep 16:06
2026-09-18,Fri,7:00 pm to 7:30 pm,CoPlay | Sec 50 Noida,Court 3,Not Booked,350,18 Sep 17:30
2026-09-18,Fri,7:30 pm to 8:00 pm,CoPlay | Sec 50 Noida,Court 3,Not Booked,350,18 Sep 17:30
2026-09-18,Fri,8:00 pm to 8:30 pm,CoPlay | Sec 50 Noida,Court 3,Not Booked,350,18 Sep 17:30
2026-09-18,Fri,8:30 pm to 9:00 pm,CoPlay | Sec 50 Noida,Court 3,Not Booked,350,18 Sep 17:30
2026-09-18,Fri,10:00 am to 10:30 am,Crickdome,Court 1,Not Booked,400,18 Sep 10:04
2026-09-18,Fri,10:00 pm to 10:30 pm,Crickdome,Court 1,Not Booked,400,18 Sep 17:04
2026-09-18,Fri,10:30 am to 11:00 am,Crickdome,Court 1,Not Booked,400,18 Sep 10:31
2026-09-18,Fri,10:30 pm to 11:00 pm,Crickdome,Court 1,Not Booked,400,18 Sep 17:04
2026-09-18,Fri,11:00 am to 11:30 am,Crickdome,Court 1,Not Booked,400,18 Sep 10:31
2026-09-18,Fri,11:00 pm to 11:30 pm,Crickdome,Court 1,Not Booked,400,18 Sep 17:04
2026-09-18,Fri,11:30 am to 12:00 pm,Crickdome,Court 1,Not Booked,400,18 Sep 11:31
2026-09-18,Fri,11:30 pm to 12:00 am,Crickdome,Court 1,Not Booked,400,18 Sep 17:04
2026-09-18,Fri,12:00 am to 12:30 am,Crickdome,Court 1,Not Booked,400,18 Sep 00:34
2026-09-18,Fri,12:00 pm to 12:30 pm,Crickdome,Court 1,Not Booked,400,18 Sep 11:31
2026-09-18,Fri,12:30 am to 1:00 am,Crickdome,Court 1,Not Booked,400,18 Sep 00:34
2026-09-18,Fri,12:30 pm to 1:00 pm,Crickdome,Court 1,Not Booked,400,18 Sep 11:31
2026-09-18,Fri,1:00 pm to 1:30 pm,Crickdome,Court 1,Not Booked,400,18 Sep 11:31
2026-09-18,Fri,1:30 pm to 2:00 pm,Crickdome,Court 1,Not Booked,400,18 Sep 11:31
2026-09-18,Fri,2:00 pm to 2:30 pm,Crickdome,Court 1,Not Booked,400,18 Sep 11:31
2026-09-18,Fri,2:30 pm to 3:00 pm,Crickdome,Court 1,Not Booked,400,18 Sep 11:31
2026-09-18,Fri,3:00 pm to 3:30 pm,Crickdome,Court 1,Not Booked,400,18 Sep 11:31
2026-09-18,Fri,3:30 pm to 4:00 pm,Crickdome,Court 1,Not Booked,400,18 Sep 11:31
2026-09-18,Fri,4:00 pm to 4:30 pm,Crickdome,Court 1,Not Booked,400,18 Sep 11:31
2026-09-18,Fri,4:30 pm to 5:00 pm,Crickdome,Court 1,Not Booked,400,18 Sep 16:30
2026-09-18,Fri,5:00 am to 5:30 am,Crickdome,Court 1,Not Booked,400,18 Sep 05:29
2026-09-18,Fri,5:00 pm to 5:30 pm,Crickdome,Court 1,Not Booked,400,18 Sep 17:04
2026-09-18,Fri,5:30 am to 6:00 am,Crickdome,Court 1,Not Booked,400,18 Sep 05:29
2026-09-18,Fri,5:30 pm to 6:00 pm,Crickdome,Court 1,Not Booked,400,18 Sep 17:04
2026-09-18,Fri,6:00 am to 6:30 am,Crickdome,Court 1,Not Booked,400,18 Sep 05:29
2026-09-18,Fri,6:00 pm to 6:30 pm,Crickdome,Court 1,Not Booked,400,18 Sep 17:04
2026-09-18,Fri,6:30 am to 7:00 am,Crickdome,Court 1,Not Booked,400,18 Sep 06:35
2026-09-18,Fri,6:30 pm to 7:00 pm,Crickdome,Court 1,Not Booked,400,18 Sep 17:04
2026-09-18,Fri,7:00 am to 7:30 am,Crickdome,Court 1,Not Booked,400,18 Sep 07:04
2026-09-18,Fri,7:00 pm to 7:30 pm,Crickdome,Court 1,Not Booked,400,18 Sep 17:04
2026-09-18,Fri,7:30 am to 8:00 am,Crickdome,Court 1,Not Booked,400,18 Sep 07:04
2026-09-18,Fri,7:30 pm to 8:00 pm,Crickdome,Court 1,Not Booked,400,18 Sep 17:04
2026-09-18,Fri,8:00 am to 8:30 am,Crickdome,Court 1,Not Booked,400,18 Sep 08:04
2026-09-18,Fri,8:00 pm to 8:30 pm,Crickdome,Court 1,Not Booked,400,18 Sep 17:04
2026-09-18,Fri,8:30 am to 9:00 am,Crickdome,Court 1,Not Booked,400,18 Sep 08:04
2026-09-18,Fri,8:30 pm to 9:00 pm,Crickdome,Court 1,Not Booked,400,18 Sep 17:04
2026-09-18,Fri,9:00 am to 9:30 am,Crickdome,Court 1,Not Booked,400,18 Sep 09:29
2026-09-18,Fri,9:00 pm to 9:30 pm,Crickdome,Court 1,Not Booked,400,18 Sep 17:04
2026-09-18,Fri,9:30 am to 10:00 am,Crickdome,Court 1,Not Booked,400,18 Sep 09:29
2026-09-18,Fri,9:30 pm to 10:00 pm,Crickdome,Court 1,Not Booked,400,18 Sep 17:04
2026-09-18,Fri,10:00 am to 10:30 am,Crickdome,Court 2,Not Booked,400,18 Sep 10:04
2026-09-18,Fri,10:00 pm to 10:30 pm,Crickdome,Court 2,Not Booked,400,18 Sep 17:30
2026-09-18,Fri,10:30 am to 11:00 am,Crickdome,Court 2,Not Booked,400,18 Sep 10:31
2026-09-18,Fri,10:30 pm to 11:00 pm,Crickdome,Court 2,Not Booked,400,18 Sep 17:30
2026-09-18,Fri,11:00 am to 11:30 am,Crickdome,Court 2,Not Booked,400,18 Sep 11:03
2026-09-18,Fri,11:00 pm to 11:30 pm,Crickdome,Court 2,Not Booked,400,18 Sep 17:30
2026-09-18,Fri,11:30 am to 12:00 pm,Crickdome,Court 2,Not Booked,400,18 Sep 11:03
2026-09-18,Fri,11:30 pm to 12:00 am,Crickdome,Court 2,Not Booked,400,18 Sep 17:30
2026-09-18,Fri,12:00 am to 12:30 am,Crickdome,Court 2,Not Booked,400,18 Sep 00:34
2026-09-18,Fri,12:00 pm to 12:30 pm,Crickdome,Court 2,Not Booked,400,18 Sep 12:09
2026-09-18,Fri,12:30 am to 1:00 am,Crickdome,Court 2,Not Booked,400,18 Sep 00:34
2026-09-18,Fri,12:30 pm to 1:00 pm,Crickdome,Court 2,Not Booked,400,18 Sep 12:36
2026-09-18,Fri,1:00 pm to 1:30 pm,Crickdome,Court 2,Not Booked,400,18 Sep 13:04
2026-09-18,Fri,1:30 pm to 2:00 pm,Crickdome,Court 2,Not Booked,400,18 Sep 13:30
2026-09-18,Fri,2:00 pm to 2:30 pm,Crickdome,Court 2,Not Booked,400,18 Sep 14:06
2026-09-18,Fri,2:30 pm to 3:00 pm,Crickdome,Court 2,Not Booked,400,18 Sep 14:31
2026-09-18,Fri,3:00 pm to 3:30 pm,Crickdome,Court 2,Not Booked,400,18 Sep 15:02
2026-09-18,Fri,3:30 pm to 4:00 pm,Crickdome,Court 2,Not Booked,400,18 Sep 15:30
2026-09-18,Fri,4:00 pm to 4:30 pm,Crickdome,Court 2,Not Booked,400,18 Sep 16:06
2026-09-18,Fri,4:30 pm to 5:00 pm,Crickdome,Court 2,Not Booked,400,18 Sep 16:06
2026-09-18,Fri,5:00 am to 5:30 am,Crickdome,Court 2,Not Booked,400,18 Sep 05:01
2026-09-18,Fri,5:00 pm to 5:30 pm,Crickdome,Court 2,Not Booked,400,18 Sep 17:04
2026-09-18,Fri,5:30 am to 6:00 am,Crickdome,Court 2,Not Booked,400,18 Sep 05:01
2026-09-18,Fri,5:30 pm to 6:00 pm,Crickdome,Court 2,Not Booked,400,18 Sep 17:30
2026-09-18,Fri,6:00 am to 6:30 am,Crickdome,Court 2,Not Booked,400,18 Sep 06:12
2026-09-18,Fri,6:00 pm to 6:30 pm,Crickdome,Court 2,Not Booked,400,18 Sep 17:30
2026-09-18,Fri,6:30 am to 7:00 am,Crickdome,Court 2,Not Booked,400,18 Sep 06:12
2026-09-18,Fri,6:30 pm to 7:00 pm,Crickdome,Court 2,Not Booked,400,18 Sep 17:30
2026-09-18,Fri,7:00 am to 7:30 am,Crickdome,Court 2,Not Booked,400,18 Sep 07:29
2026-09-18,Fri,7:00 pm to 7:30 pm,Crickdome,Court 2,Not Booked,400,18 Sep 17:30
2026-09-18,Fri,7:30 am to 8:00 am,Crickdome,Court 2,Not Booked,400,18 Sep 07:29
2026-09-18,Fri,7:30 pm to 8:00 pm,Crickdome,Court 2,Not Booked,400,18 Sep 17:30
2026-09-18,Fri,8:00 am to 8:30 am,Crickdome,Court 2,Not Booked,400,18 Sep 08:29
2026-09-18,Fri,8:00 pm to 8:30 pm,Crickdome,Court 2,Not Booked,400,18 Sep 17:30
2026-09-18,Fri,8:30 am to 9:00 am,Crickdome,Court 2,Not Booked,400,18 Sep 08:29
2026-09-18,Fri,8:30 pm to 9:00 pm,Crickdome,Court 2,Not Booked,400,18 Sep 17:30
2026-09-18,Fri,9:00 am to 9:30 am,Crickdome,Court 2,Not Booked,400,18 Sep 09:29
2026-09-18,Fri,9:00 pm to 9:30 pm,Crickdome,Court 2,Not Booked,400,18 Sep 17:30
2026-09-18,Fri,9:30 am to 10:00 am,Crickdome,Court 2,Not Booked,400,18 Sep 09:29
2026-09-18,Fri,9:30 pm to 10:00 pm,Crickdome,Court 2,Not Booked,400,18 Sep 17:30
2026-09-18,Fri,10:00 am to 10:30 am,Dinking Zone One29,Court 1,Not Booked,300,18 Sep 10:04
2026-09-18,Fri,10:00 pm to 10:30 pm,Dinking Zone One29,Court 1,Not Booked,400,18 Sep 17:30
2026-09-18,Fri,10:30 am to 11:00 am,Dinking Zone One29,Court 1,Not Booked,300,18 Sep 10:31
2026-09-18,Fri,10:30 pm to 11:00 pm,Dinking Zone One29,Court 1,Not Booked,400,18 Sep 17:30
2026-09-18,Fri,11:00 am to 11:30 am,Dinking Zone One29,Court 1,Not Booked,300,18 Sep 11:03
2026-09-18,Fri,11:00 pm to 11:30 pm,Dinking Zone One29,Court 1,Not Booked,400,18 Sep 17:30
2026-09-18,Fri,11:30 am to 12:00 pm,Dinking Zone One29,Court 1,Not Booked,300,18 Sep 11:31
2026-09-18,Fri,11:30 pm to 12:00 am,Dinking Zone One29,Court 1,Not Booked,400,18 Sep 17:30
2026-09-18,Fri,12:00 pm to 12:30 pm,Dinking Zone One29,Court 1,Not Booked,300,18 Sep 11:31
2026-09-18,Fri,12:30 am to 1:00 am,Dinking Zone One29,Court 1,Not Booked,400,18 Sep 01:03
2026-09-18,Fri,12:30 pm to 1:00 pm,Dinking Zone One29,Court 1,Not Booked,300,18 Sep 12:36
2026-09-18,Fri,1:00 am to 1:30 am,Dinking Zone One29,Court 1,Not Booked,400,18 Sep 01:28
2026-09-18,Fri,1:00 pm to 1:30 pm,Dinking Zone One29,Court 1,Not Booked,300,18 Sep 13:04
2026-09-18,Fri,1:30 am to 2:00 am,Dinking Zone One29,Court 1,Not Booked,400,18 Sep 01:28
2026-09-18,Fri,1:30 pm to 2:00 pm,Dinking Zone One29,Court 1,Not Booked,300,18 Sep 13:04
2026-09-18,Fri,2:00 am to 2:30 am,Dinking Zone One29,Court 1,Not Booked,400,18 Sep 02:29
2026-09-18,Fri,2:00 pm to 2:30 pm,Dinking Zone One29,Court 1,Not Booked,300,18 Sep 14:06
2026-09-18,Fri,2:30 am to 3:00 am,Dinking Zone One29,Court 1,Not Booked,400,18 Sep 02:29
2026-09-18,Fri,2:30 pm to 3:00 pm,Dinking Zone One29,Court 1,Not Booked,300,18 Sep 14:31
2026-09-18,Fri,3:00 am to 3:30 am,Dinking Zone One29,Court 1,Not Booked,400,18 Sep 03:29
2026-09-18,Fri,3:00 pm to 3:30 pm,Dinking Zone One29,Court 1,Not Booked,300,18 Sep 15:02
2026-09-18,Fri,3:30 am to 4:00 am,Dinking Zone One29,Court 1,Not Booked,400,18 Sep 03:29
2026-09-18,Fri,3:30 pm to 4:00 pm,Dinking Zone One29,Court 1,Not Booked,300,18 Sep 15:30
2026-09-18,Fri,4:00 am to 4:30 am,Dinking Zone One29,Court 1,Not Booked,400,18 Sep 04:28
2026-09-18,Fri,4:00 pm to 4:30 pm,Dinking Zone One29,Court 1,Not Booked,400,18 Sep 16:06
2026-09-18,Fri,4:30 am to 5:00 am,Dinking Zone One29,Court 1,Not Booked,400,18 Sep 04:28
2026-09-18,Fri,4:30 pm to 5:00 pm,Dinking Zone One29,Court 1,Not Booked,400,18 Sep 16:30
2026-09-18,Fri,5:00 am to 5:30 am,Dinking Zone One29,Court 1,Not Booked,350,18 Sep 05:29
2026-09-18,Fri,5:00 pm to 5:30 pm,Dinking Zone One29,Court 1,Not Booked,400,18 Sep 17:04
2026-09-18,Fri,5:30 am to 6:00 am,Dinking Zone One29,Court 1,Not Booked,350,18 Sep 05:29
2026-09-18,Fri,5:30 pm to 6:00 pm,Dinking Zone One29,Court 1,Not Booked,400,18 Sep 17:30
2026-09-18,Fri,6:00 am to 6:30 am,Dinking Zone One29,Court 1,Not Booked,350,18 Sep 06:12
2026-09-18,Fri,6:00 pm to 6:30 pm,Dinking Zone One29,Court 1,Not Booked,400,18 Sep 17:30
2026-09-18,Fri,6:30 am to 7:00 am,Dinking Zone One29,Court 1,Not Booked,350,18 Sep 06:35
2026-09-18,Fri,6:30 pm to 7:00 pm,Dinking Zone One29,Court 1,Not Booked,400,18 Sep 17:30
2026-09-18,Fri,7:00 am to 7:30 am,Dinking Zone One29,Court 1,Not Booked,350,18 Sep 07:29
2026-09-18,Fri,7:00 pm to 7:30 pm,Dinking Zone One29,Court 1,Not Booked,400,18 Sep 17:30
2026-09-18,Fri,7:30 am to 8:00 am,Dinking Zone One29,Court 1,Not Booked,350,18 Sep 07:29
2026-09-18,Fri,7:30 pm to 8:00 pm,Dinking Zone One29,Court 1,Not Booked,400,18 Sep 17:30
2026-09-18,Fri,8:00 am to 8:30 am,Dinking Zone One29,Court 1,Not Booked,350,18 Sep 08:04
2026-09-18,Fri,8:00 pm to 8:30 pm,Dinking Zone One29,Court 1,Not Booked,400,18 Sep 17:30
2026-09-18,Fri,8:30 am to 9:00 am,Dinking Zone One29,Court 1,Not Booked,350,18 Sep 08:04
2026-09-18,Fri,8:30 pm to 9:00 pm,Dinking Zone One29,Court 1,Not Booked,400,18 Sep 17:30
2026-09-18,Fri,9:00 am to 9:30 am,Dinking Zone One29,Court 1,Not Booked,350,18 Sep 09:29
2026-09-18,Fri,9:00 pm to 9:30 pm,Dinking Zone One29,Court 1,Not Booked,400,18 Sep 17:30
2026-09-18,Fri,9:30 am to 10:00 am,Dinking Zone One29,Court 1,Not Booked,350,18 Sep 09:29
2026-09-18,Fri,9:30 pm to 10:00 pm,Dinking Zone One29,Court 1,Not Booked,400,18 Sep 17:30
2026-09-18,Fri,10:00 am to 10:30 am,Dinking Zone One29,Court 2,Not Booked,300,18 Sep 10:04
2026-09-18,Fri,10:00 pm to 10:30 pm,Dinking Zone One29,Court 2,Not Booked,400,18 Sep 17:30
2026-09-18,Fri,10:30 am to 11:00 am,Dinking Zone One29,Court 2,Not Booked,300,18 Sep 10:04
2026-09-18,Fri,10:30 pm to 11:00 pm,Dinking Zone One29,Court 2,Not Booked,400,18 Sep 17:30
2026-09-18,Fri,11:00 am to 11:30 am,Dinking Zone One29,Court 2,Not Booked,300,18 Sep 11:03
2026-09-18,Fri,11:00 pm to 11:30 pm,Dinking Zone One29,Court 2,Not Booked,400,18 Sep 17:30
2026-09-18,Fri,11:30 am to 12:00 pm,Dinking Zone One29,Court 2,Not Booked,300,18 Sep 11:31
2026-09-18,Fri,11:30 pm to 12:00 am,Dinking Zone One29,Court 2,Not Booked,400,18 Sep 17:30
2026-09-18,Fri,12:00 am to 12:30 am,Dinking Zone One29,Court 2,Not Booked,400,18 Sep 00:34
2026-09-18,Fri,12:00 pm to 12:30 pm,Dinking Zone One29,Court 2,Not Booked,300,18 Sep 12:09
2026-09-18,Fri,12:30 am to 1:00 am,Dinking Zone One29,Court 2,Not Booked,400,18 Sep 00:34
2026-09-18,Fri,12:30 pm to 1:00 pm,Dinking Zone One29,Court 2,Not Booked,300,18 Sep 12:36
2026-09-18,Fri,1:00 am to 1:30 am,Dinking Zone One29,Court 2,Not Booked,400,18 Sep 01:28
2026-09-18,Fri,1:00 pm to 1:30 pm,Dinking Zone One29,Court 2,Not Booked,300,18 Sep 12:36
2026-09-18,Fri,1:30 am to 2:00 am,Dinking Zone One29,Court 2,Not Booked,400,18 Sep 01:28
2026-09-18,Fri,1:30 pm to 2:00 pm,Dinking Zone One29,Court 2,Not Booked,300,18 Sep 13:30
2026-09-18,Fri,2:00 am to 2:30 am,Dinking Zone One29,Court 2,Not Booked,400,18 Sep 02:29
2026-09-18,Fri,2:00 pm to 2:30 pm,Dinking Zone One29,Court 2,Not Booked,300,18 Sep 14:06
2026-09-18,Fri,2:30 am to 3:00 am,Dinking Zone One29,Court 2,Not Booked,400,18 Sep 02:29
2026-09-18,Fri,2:30 pm to 3:00 pm,Dinking Zone One29,Court 2,Not Booked,300,18 Sep 14:06
2026-09-18,Fri,3:00 am to 3:30 am,Dinking Zone One29,Court 2,Not Booked,400,18 Sep 03:29
2026-09-18,Fri,3:00 pm to 3:30 pm,Dinking Zone One29,Court 2,Not Booked,300,18 Sep 15:02
2026-09-18,Fri,3:30 am to 4:00 am,Dinking Zone One29,Court 2,Not Booked,400,18 Sep 03:29
2026-09-18,Fri,3:30 pm to 4:00 pm,Dinking Zone One29,Court 2,Not Booked,300,18 Sep 15:30
2026-09-18,Fri,4:00 am to 4:30 am,Dinking Zone One29,Court 2,Not Booked,400,18 Sep 04:28
2026-09-18,Fri,4:00 pm to 4:30 pm,Dinking Zone One29,Court 2,Not Booked,400,18 Sep 16:06
2026-09-18,Fri,4:30 am to 5:00 am,Dinking Zone One29,Court 2,Not Booked,400,18 Sep 04:28
2026-09-18,Fri,4:30 pm to 5:00 pm,Dinking Zone One29,Court 2,Not Booked,400,18 Sep 16:30
2026-09-18,Fri,5:00 am to 5:30 am,Dinking Zone One29,Court 2,Not Booked,350,18 Sep 05:29
2026-09-18,Fri,5:00 pm to 5:30 pm,Dinking Zone One29,Court 2,Not Booked,400,18 Sep 17:04
2026-09-18,Fri,5:30 am to 6:00 am,Dinking Zone One29,Court 2,Not Booked,350,18 Sep 05:29
2026-09-18,Fri,5:30 pm to 6:00 pm,Dinking Zone One29,Court 2,Not Booked,400,18 Sep 17:30
2026-09-18,Fri,6:00 am to 6:30 am,Dinking Zone One29,Court 2,Not Booked,350,18 Sep 06:12
2026-09-18,Fri,6:00 pm to 6:30 pm,Dinking Zone One29,Court 2,Not Booked,400,18 Sep 17:30
2026-09-18,Fri,6:30 am to 7:00 am,Dinking Zone One29,Court 2,Not Booked,350,18 Sep 06:35
2026-09-18,Fri,6:30 pm to 7:00 pm,Dinking Zone One29,Court 2,Not Booked,400,18 Sep 17:30
2026-09-18,Fri,7:00 am to 7:30 am,Dinking Zone One29,Court 2,Not Booked,350,18 Sep 07:29
2026-09-18,Fri,7:00 pm to 7:30 pm,Dinking Zone One29,Court 2,Not Booked,400,18 Sep 17:30
2026-09-18,Fri,7:30 am to 8:00 am,Dinking Zone One29,Court 2,Not Booked,350,18 Sep 07:29
2026-09-18,Fri,7:30 pm to 8:00 pm,Dinking Zone One29,Court 2,Not Booked,400,18 Sep 17:30
2026-09-18,Fri,8:00 am to 8:30 am,Dinking Zone One29,Court 2,Not Booked,350,18 Sep 08:29
2026-09-18,Fri,8:00 pm to 8:30 pm,Dinking Zone One29,Court 2,Not Booked,400,18 Sep 17:30
2026-09-18,Fri,8:30 am to 9:00 am,Dinking Zone One29,Court 2,Not Booked,350,18 Sep 08:29
2026-09-18,Fri,8:30 pm to 9:00 pm,Dinking Zone One29,Court 2,Not Booked,400,18 Sep 17:30
2026-09-18,Fri,9:00 am to 9:30 am,Dinking Zone One29,Court 2,Not Booked,350,18 Sep 09:29
2026-09-18,Fri,9:00 pm to 9:30 pm,Dinking Zone One29,Court 2,Not Booked,400,18 Sep 17:30
2026-09-18,Fri,9:30 am to 10:00 am,Dinking Zone One29,Court 2,Not Booked,350,18 Sep 09:29
2026-09-18,Fri,9:30 pm to 10:00 pm,Dinking Zone One29,Court 2,Not Booked,400,18 Sep 17:30
2026-09-18,Fri,10:00 am to 10:30 am,Dinking Zone One29,Court 3,Not Booked,300,18 Sep 10:04
2026-09-18,Fri,10:00 pm to 10:30 pm,Dinking Zone One29,Court 3,Not Booked,400,18 Sep 17:30
2026-09-18,Fri,10:30 am to 11:00 am,Dinking Zone One29,Court 3,Not Booked,300,18 Sep 10:31
2026-09-18,Fri,10:30 pm to 11:00 pm,Dinking Zone One29,Court 3,Not Booked,400,18 Sep 17:30
2026-09-18,Fri,11:00 am to 11:30 am,Dinking Zone One29,Court 3,Not Booked,300,18 Sep 11:03
2026-09-18,Fri,11:00 pm to 11:30 pm,Dinking Zone One29,Court 3,Not Booked,400,18 Sep 17:30
2026-09-18,Fri,11:30 am to 12:00 pm,Dinking Zone One29,Court 3,Not Booked,300,18 Sep 11:31
2026-09-18,Fri,11:30 pm to 12:00 am,Dinking Zone One29,Court 3,Not Booked,400,18 Sep 17:30
2026-09-18,Fri,12:00 pm to 12:30 pm,Dinking Zone One29,Court 3,Not Booked,300,18 Sep 12:09
2026-09-18,Fri,12:30 am to 1:00 am,Dinking Zone One29,Court 3,Not Booked,400,18 Sep 01:03
2026-09-18,Fri,12:30 pm to 1:00 pm,Dinking Zone One29,Court 3,Not Booked,300,18 Sep 12:36
2026-09-18,Fri,1:00 am to 1:30 am,Dinking Zone One29,Court 3,Not Booked,400,18 Sep 01:28
2026-09-18,Fri,1:00 pm to 1:30 pm,Dinking Zone One29,Court 3,Not Booked,300,18 Sep 13:04
2026-09-18,Fri,1:30 am to 2:00 am,Dinking Zone One29,Court 3,Not Booked,400,18 Sep 01:28
2026-09-18,Fri,1:30 pm to 2:00 pm,Dinking Zone One29,Court 3,Not Booked,300,18 Sep 13:30
2026-09-18,Fri,2:00 am to 2:30 am,Dinking Zone One29,Court 3,Not Booked,400,18 Sep 02:29
2026-09-18,Fri,2:00 pm to 2:30 pm,Dinking Zone One29,Court 3,Not Booked,300,18 Sep 14:06
2026-09-18,Fri,2:30 am to 3:00 am,Dinking Zone One29,Court 3,Not Booked,400,18 Sep 02:29
2026-09-18,Fri,2:30 pm to 3:00 pm,Dinking Zone One29,Court 3,Not Booked,300,18 Sep 14:31
2026-09-18,Fri,3:00 am to 3:30 am,Dinking Zone One29,Court 3,Not Booked,400,18 Sep 03:29
2026-09-18,Fri,3:00 pm to 3:30 pm,Dinking Zone One29,Court 3,Not Booked,300,18 Sep 15:02
2026-09-18,Fri,3:30 am to 4:00 am,Dinking Zone One29,Court 3,Not Booked,400,18 Sep 03:29
2026-09-18,Fri,3:30 pm to 4:00 pm,Dinking Zone One29,Court 3,Not Booked,300,18 Sep 15:30
2026-09-18,Fri,4:00 am to 4:30 am,Dinking Zone One29,Court 3,Not Booked,400,18 Sep 04:28
2026-09-18,Fri,4:00 pm to 4:30 pm,Dinking Zone One29,Court 3,Not Booked,400,18 Sep 16:06
2026-09-18,Fri,4:30 am to 5:00 am,Dinking Zone One29,Court 3,Not Booked,400,18 Sep 04:28
2026-09-18,Fri,4:30 pm to 5:00 pm,Dinking Zone One29,Court 3,Not Booked,400,18 Sep 16:30
2026-09-18,Fri,5:00 am to 5:30 am,Dinking Zone One29,Court 3,Not Booked,350,18 Sep 05:01
2026-09-18,Fri,5:00 pm to 5:30 pm,Dinking Zone One29,Court 3,Not Booked,400,18 Sep 17:04
2026-09-18,Fri,5:30 am to 6:00 am,Dinking Zone One29,Court 3,Not Booked,350,18 Sep 05:01
2026-09-18,Fri,5:30 pm to 6:00 pm,Dinking Zone One29,Court 3,Not Booked,400,18 Sep 17:30
2026-09-18,Fri,6:00 am to 6:30 am,Dinking Zone One29,Court 3,Not Booked,350,18 Sep 06:12
2026-09-18,Fri,6:00 pm to 6:30 pm,Dinking Zone One29,Court 3,Not Booked,400,18 Sep 17:30
2026-09-18,Fri,6:30 am to 7:00 am,Dinking Zone One29,Court 3,Not Booked,350,18 Sep 06:35
2026-09-18,Fri,6:30 pm to 7:00 pm,Dinking Zone One29,Court 3,Not Booked,400,18 Sep 17:30
2026-09-18,Fri,7:00 am to 7:30 am,Dinking Zone One29,Court 3,Not Booked,350,18 Sep 07:04
2026-09-18,Fri,7:00 pm to 7:30 pm,Dinking Zone One29,Court 3,Not Booked,400,18 Sep 17:30
2026-09-18,Fri,7:30 am to 8:00 am,Dinking Zone One29,Court 3,Not Booked,350,18 Sep 07:04
2026-09-18,Fri,7:30 pm to 8:00 pm,Dinking Zone One29,Court 3,Not Booked,400,18 Sep 17:30
2026-09-18,Fri,8:00 am to 8:30 am,Dinking Zone One29,Court 3,Not Booked,350,18 Sep 08:29
2026-09-18,Fri,8:00 pm to 8:30 pm,Dinking Zone One29,Court 3,Not Booked,400,18 Sep 17:30
2026-09-18,Fri,8:30 am to 9:00 am,Dinking Zone One29,Court 3,Not Booked,350,18 Sep 08:29
2026-09-18,Fri,8:30 pm to 9:00 pm,Dinking Zone One29,Court 3,Not Booked,400,18 Sep 17:30
2026-09-18,Fri,9:00 am to 9:30 am,Dinking Zone One29,Court 3,Not Booked,350,18 Sep 09:29
2026-09-18,Fri,9:00 pm to 9:30 pm,Dinking Zone One29,Court 3,Not Booked,400,18 Sep 17:30
2026-09-18,Fri,9:30 am to 10:00 am,Dinking Zone One29,Court 3,Not Booked,350,18 Sep 09:29
2026-09-18,Fri,9:30 pm to 10:00 pm,Dinking Zone One29,Court 3,Not Booked,400,18 Sep 17:30
2026-09-18,Fri,3:00 pm to 4:00 pm,Downtown Pickleball | Sector 37,Pickleball Court,Not Booked,800,18 Sep 15:30
2026-09-18,Fri,4:00 pm to 5:00 pm,Downtown Pickleball | Sector 37,Pickleball Court,Not Booked,800,18 Sep 16:30
2026-09-18,Fri,5:00 pm to 6:00 pm,Downtown Pickleball | Sector 37,Pickleball Court,Not Booked,800,18 Sep 17:30
2026-09-18,Fri,6:00 pm to 7:00 pm,Downtown Pickleball | Sector 37,Pickleball Court,Not Booked,800,18 Sep 17:30
2026-09-18,Fri,7:00 pm to 8:00 pm,Downtown Pickleball | Sector 37,Pickleball Court,Not Booked,800,18 Sep 17:30
2026-09-18,Fri,8:00 pm to 9:00 pm,Downtown Pickleball | Sector 37,Pickleball Court,Not Booked,800,18 Sep 17:30
2026-09-18,Fri,9:00 pm to 10:00 pm,Downtown Pickleball | Sector 37,Pickleball Court,Not Booked,800,18 Sep 17:30
2026-09-18,Fri,10:00 am to 10:30 am,Heat Sports Arena 150,Court 1,Not Booked,450,18 Sep 10:04
2026-09-18,Fri,10:00 pm to 10:30 pm,Heat Sports Arena 150,Court 1,Not Booked,450,18 Sep 17:30
2026-09-18,Fri,10:30 am to 11:00 am,Heat Sports Arena 150,Court 1,Not Booked,450,18 Sep 10:31
2026-09-18,Fri,10:30 pm to 11:00 pm,Heat Sports Arena 150,Court 1,Not Booked,450,18 Sep 17:30
2026-09-18,Fri,11:00 am to 11:30 am,Heat Sports Arena 150,Court 1,Not Booked,450,18 Sep 11:03
2026-09-18,Fri,11:00 pm to 11:30 pm,Heat Sports Arena 150,Court 1,Not Booked,450,18 Sep 17:30
2026-09-18,Fri,11:30 am to 12:00 pm,Heat Sports Arena 150,Court 1,Not Booked,450,18 Sep 11:31
2026-09-18,Fri,11:30 pm to 12:00 am,Heat Sports Arena 150,Court 1,Not Booked,450,18 Sep 17:30
2026-09-18,Fri,12:00 pm to 12:30 pm,Heat Sports Arena 150,Court 1,Not Booked,450,18 Sep 12:09
2026-09-18,Fri,12:30 am to 1:00 am,Heat Sports Arena 150,Court 1,Not Booked,450,18 Sep 00:34
2026-09-18,Fri,12:30 pm to 1:00 pm,Heat Sports Arena 150,Court 1,Not Booked,450,18 Sep 12:36
2026-09-18,Fri,1:00 am to 1:30 am,Heat Sports Arena 150,Court 1,Not Booked,450,18 Sep 01:28
2026-09-18,Fri,1:00 pm to 1:30 pm,Heat Sports Arena 150,Court 1,Not Booked,450,18 Sep 13:04
2026-09-18,Fri,1:30 am to 2:00 am,Heat Sports Arena 150,Court 1,Not Booked,450,18 Sep 01:28
2026-09-18,Fri,1:30 pm to 2:00 pm,Heat Sports Arena 150,Court 1,Not Booked,450,18 Sep 13:30
2026-09-18,Fri,2:00 am to 2:30 am,Heat Sports Arena 150,Court 1,Not Booked,450,18 Sep 02:29
2026-09-18,Fri,2:00 pm to 2:30 pm,Heat Sports Arena 150,Court 1,Not Booked,450,18 Sep 14:06
2026-09-18,Fri,2:30 am to 3:00 am,Heat Sports Arena 150,Court 1,Not Booked,450,18 Sep 02:29
2026-09-18,Fri,2:30 pm to 3:00 pm,Heat Sports Arena 150,Court 1,Not Booked,450,18 Sep 14:31
2026-09-18,Fri,3:00 am to 3:30 am,Heat Sports Arena 150,Court 1,Not Booked,450,18 Sep 03:29
2026-09-18,Fri,3:00 pm to 3:30 pm,Heat Sports Arena 150,Court 1,Not Booked,450,18 Sep 14:31
2026-09-18,Fri,3:30 am to 4:00 am,Heat Sports Arena 150,Court 1,Not Booked,450,18 Sep 03:29
2026-09-18,Fri,3:30 pm to 4:00 pm,Heat Sports Arena 150,Court 1,Not Booked,450,18 Sep 15:30
2026-09-18,Fri,4:00 am to 4:30 am,Heat Sports Arena 150,Court 1,Not Booked,450,18 Sep 04:28
2026-09-18,Fri,4:00 pm to 4:30 pm,Heat Sports Arena 150,Court 1,Not Booked,450,18 Sep 16:06
2026-09-18,Fri,4:30 am to 5:00 am,Heat Sports Arena 150,Court 1,Not Booked,450,18 Sep 04:28
2026-09-18,Fri,4:30 pm to 5:00 pm,Heat Sports Arena 150,Court 1,Not Booked,450,18 Sep 16:30
2026-09-18,Fri,5:00 am to 5:30 am,Heat Sports Arena 150,Court 1,Not Booked,450,18 Sep 05:29
2026-09-18,Fri,5:00 pm to 5:30 pm,Heat Sports Arena 150,Court 1,Not Booked,450,18 Sep 17:04
2026-09-18,Fri,5:30 am to 6:00 am,Heat Sports Arena 150,Court 1,Not Booked,450,18 Sep 05:29
2026-09-18,Fri,5:30 pm to 6:00 pm,Heat Sports Arena 150,Court 1,Not Booked,450,18 Sep 17:30
2026-09-18,Fri,6:00 am to 6:30 am,Heat Sports Arena 150,Court 1,Not Booked,450,18 Sep 06:12
2026-09-18,Fri,6:00 pm to 6:30 pm,Heat Sports Arena 150,Court 1,Not Booked,450,18 Sep 17:30
2026-09-18,Fri,6:30 am to 7:00 am,Heat Sports Arena 150,Court 1,Not Booked,450,18 Sep 06:35
2026-09-18,Fri,6:30 pm to 7:00 pm,Heat Sports Arena 150,Court 1,Not Booked,450,18 Sep 17:30
2026-09-18,Fri,7:00 am to 7:30 am,Heat Sports Arena 150,Court 1,Not Booked,450,18 Sep 07:29
2026-09-18,Fri,7:00 pm to 7:30 pm,Heat Sports Arena 150,Court 1,Not Booked,450,18 Sep 17:30
2026-09-18,Fri,7:30 am to 8:00 am,Heat Sports Arena 150,Court 1,Not Booked,450,18 Sep 07:29
2026-09-18,Fri,7:30 pm to 8:00 pm,Heat Sports Arena 150,Court 1,Not Booked,450,18 Sep 17:30
2026-09-18,Fri,8:00 am to 8:30 am,Heat Sports Arena 150,Court 1,Not Booked,450,18 Sep 08:29
2026-09-18,Fri,8:00 pm to 8:30 pm,Heat Sports Arena 150,Court 1,Not Booked,450,18 Sep 17:30
2026-09-18,Fri,8:30 am to 9:00 am,Heat Sports Arena 150,Court 1,Not Booked,450,18 Sep 08:29
2026-09-18,Fri,8:30 pm to 9:00 pm,Heat Sports Arena 150,Court 1,Not Booked,450,18 Sep 17:30
2026-09-18,Fri,9:00 am to 9:30 am,Heat Sports Arena 150,Court 1,Not Booked,450,18 Sep 09:29
2026-09-18,Fri,9:00 pm to 9:30 pm,Heat Sports Arena 150,Court 1,Not Booked,450,18 Sep 17:30
2026-09-18,Fri,9:30 am to 10:00 am,Heat Sports Arena 150,Court 1,Not Booked,450,18 Sep 09:29
2026-09-18,Fri,9:30 pm to 10:00 pm,Heat Sports Arena 150,Court 1,Not Booked,450,18 Sep 17:30
2026-09-18,Fri,10:00 am to 10:30 am,Heat Sports Arena 150,Court 2,Not Booked,450,18 Sep 10:04
2026-09-18,Fri,10:00 pm to 10:30 pm,Heat Sports Arena 150,Court 2,Not Booked,450,18 Sep 17:30
2026-09-18,Fri,10:30 am to 11:00 am,Heat Sports Arena 150,Court 2,Not Booked,450,18 Sep 10:31
2026-09-18,Fri,10:30 pm to 11:00 pm,Heat Sports Arena 150,Court 2,Not Booked,450,18 Sep 17:30
2026-09-18,Fri,11:00 am to 11:30 am,Heat Sports Arena 150,Court 2,Not Booked,450,18 Sep 11:03
2026-09-18,Fri,11:00 pm to 11:30 pm,Heat Sports Arena 150,Court 2,Not Booked,450,18 Sep 17:30
2026-09-18,Fri,11:30 am to 12:00 pm,Heat Sports Arena 150,Court 2,Not Booked,450,18 Sep 11:31
2026-09-18,Fri,11:30 pm to 12:00 am,Heat Sports Arena 150,Court 2,Not Booked,450,18 Sep 17:30
2026-09-18,Fri,12:00 pm to 12:30 pm,Heat Sports Arena 150,Court 2,Not Booked,450,18 Sep 12:09
2026-09-18,Fri,12:30 am to 1:00 am,Heat Sports Arena 150,Court 2,Not Booked,450,18 Sep 00:34
2026-09-18,Fri,12:30 pm to 1:00 pm,Heat Sports Arena 150,Court 2,Not Booked,450,18 Sep 12:36
2026-09-18,Fri,1:00 am to 1:30 am,Heat Sports Arena 150,Court 2,Not Booked,450,18 Sep 01:28
2026-09-18,Fri,1:00 pm to 1:30 pm,Heat Sports Arena 150,Court 2,Not Booked,450,18 Sep 13:04
2026-09-18,Fri,1:30 am to 2:00 am,Heat Sports Arena 150,Court 2,Not Booked,450,18 Sep 01:28
2026-09-18,Fri,1:30 pm to 2:00 pm,Heat Sports Arena 150,Court 2,Not Booked,450,18 Sep 13:30
2026-09-18,Fri,2:00 am to 2:30 am,Heat Sports Arena 150,Court 2,Not Booked,450,18 Sep 02:29
2026-09-18,Fri,2:00 pm to 2:30 pm,Heat Sports Arena 150,Court 2,Not Booked,450,18 Sep 14:06
2026-09-18,Fri,2:30 am to 3:00 am,Heat Sports Arena 150,Court 2,Not Booked,450,18 Sep 02:29
2026-09-18,Fri,2:30 pm to 3:00 pm,Heat Sports Arena 150,Court 2,Not Booked,450,18 Sep 14:31
2026-09-18,Fri,3:00 am to 3:30 am,Heat Sports Arena 150,Court 2,Not Booked,450,18 Sep 03:29
2026-09-18,Fri,3:00 pm to 3:30 pm,Heat Sports Arena 150,Court 2,Not Booked,450,18 Sep 15:02
2026-09-18,Fri,3:30 am to 4:00 am,Heat Sports Arena 150,Court 2,Not Booked,450,18 Sep 03:29
2026-09-18,Fri,3:30 pm to 4:00 pm,Heat Sports Arena 150,Court 2,Not Booked,450,18 Sep 15:30
2026-09-18,Fri,4:00 am to 4:30 am,Heat Sports Arena 150,Court 2,Not Booked,450,18 Sep 04:28
2026-09-18,Fri,4:00 pm to 4:30 pm,Heat Sports Arena 150,Court 2,Not Booked,450,18 Sep 16:06
2026-09-18,Fri,4:30 am to 5:00 am,Heat Sports Arena 150,Court 2,Not Booked,450,18 Sep 04:28
2026-09-18,Fri,4:30 pm to 5:00 pm,Heat Sports Arena 150,Court 2,Not Booked,450,18 Sep 16:30
2026-09-18,Fri,5:00 am to 5:30 am,Heat Sports Arena 150,Court 2,Not Booked,450,18 Sep 05:29
2026-09-18,Fri,5:00 pm to 5:30 pm,Heat Sports Arena 150,Court 2,Not Booked,450,18 Sep 17:04
2026-09-18,Fri,5:30 am to 6:00 am,Heat Sports Arena 150,Court 2,Not Booked,450,18 Sep 05:29
2026-09-18,Fri,5:30 pm to 6:00 pm,Heat Sports Arena 150,Court 2,Not Booked,450,18 Sep 17:30
2026-09-18,Fri,6:00 am to 6:30 am,Heat Sports Arena 150,Court 2,Not Booked,450,18 Sep 06:12
2026-09-18,Fri,6:00 pm to 6:30 pm,Heat Sports Arena 150,Court 2,Not Booked,450,18 Sep 17:30
2026-09-18,Fri,6:30 am to 7:00 am,Heat Sports Arena 150,Court 2,Not Booked,450,18 Sep 06:35
2026-09-18,Fri,6:30 pm to 7:00 pm,Heat Sports Arena 150,Court 2,Not Booked,450,18 Sep 17:30
2026-09-18,Fri,7:00 am to 7:30 am,Heat Sports Arena 150,Court 2,Not Booked,450,18 Sep 07:29
2026-09-18,Fri,7:00 pm to 7:30 pm,Heat Sports Arena 150,Court 2,Not Booked,450,18 Sep 17:30
2026-09-18,Fri,7:30 am to 8:00 am,Heat Sports Arena 150,Court 2,Not Booked,450,18 Sep 07:29
2026-09-18,Fri,7:30 pm to 8:00 pm,Heat Sports Arena 150,Court 2,Not Booked,450,18 Sep 17:30
2026-09-18,Fri,8:00 am to 8:30 am,Heat Sports Arena 150,Court 2,Not Booked,450,18 Sep 08:29
2026-09-18,Fri,8:00 pm to 8:30 pm,Heat Sports Arena 150,Court 2,Not Booked,450,18 Sep 17:30
2026-09-18,Fri,8:30 am to 9:00 am,Heat Sports Arena 150,Court 2,Not Booked,450,18 Sep 08:29
2026-09-18,Fri,8:30 pm to 9:00 pm,Heat Sports Arena 150,Court 2,Not Booked,450,18 Sep 17:30
2026-09-18,Fri,9:00 am to 9:30 am,Heat Sports Arena 150,Court 2,Not Booked,450,18 Sep 09:29
2026-09-18,Fri,9:00 pm to 9:30 pm,Heat Sports Arena 150,Court 2,Not Booked,450,18 Sep 17:30
2026-09-18,Fri,9:30 am to 10:00 am,Heat Sports Arena 150,Court 2,Not Booked,450,18 Sep 09:29
2026-09-18,Fri,9:30 pm to 10:00 pm,Heat Sports Arena 150,Court 2,Not Booked,450,18 Sep 17:30
2026-09-18,Fri,10:00 am to 11:00 am,Noida Indoor Stadium,Court 1,Not Booked,944,18 Sep 10:31
2026-09-18,Fri,10:00 pm to 11:00 pm,Noida Indoor Stadium,Court 1,Not Booked,944,18 Sep 17:04
2026-09-18,Fri,11:00 am to 12:00 pm,Noida Indoor Stadium,Court 1,Not Booked,944,18 Sep 11:03
2026-09-18,Fri,11:00 pm to 12:00 am,Noida Indoor Stadium,Court 1,Not Booked,944,18 Sep 17:04
2026-09-18,Fri,12:00 pm to 1:00 pm,Noida Indoor Stadium,Court 1,Not Booked,944,18 Sep 12:36
2026-09-18,Fri,1:00 pm to 2:00 pm,Noida Indoor Stadium,Court 1,Not Booked,944,18 Sep 13:04
2026-09-18,Fri,2:00 pm to 3:00 pm,Noida Indoor Stadium,Court 1,Not Booked,944,18 Sep 14:31
2026-09-18,Fri,3:00 pm to 4:00 pm,Noida Indoor Stadium,Court 1,Not Booked,944,18 Sep 15:30
2026-09-18,Fri,6:00 am to 7:00 am,Noida Indoor Stadium,Court 1,Not Booked,944,18 Sep 06:35
2026-09-18,Fri,7:00 am to 8:00 am,Noida Indoor Stadium,Court 1,Not Booked,944,18 Sep 07:29
2026-09-18,Fri,8:00 am to 9:00 am,Noida Indoor Stadium,Court 1,Not Booked,944,18 Sep 08:29
2026-09-18,Fri,9:00 am to 10:00 am,Noida Indoor Stadium,Court 1,Not Booked,944,18 Sep 09:29
2026-09-18,Fri,9:00 pm to 10:00 pm,Noida Indoor Stadium,Court 1,Not Booked,944,18 Sep 17:04
2026-09-18,Fri,10:00 am to 11:00 am,Noida Indoor Stadium,Court 2,Not Booked,944,18 Sep 10:31
2026-09-18,Fri,10:00 pm to 11:00 pm,Noida Indoor Stadium,Court 2,Not Booked,944,18 Sep 17:30
2026-09-18,Fri,11:00 am to 12:00 pm,Noida Indoor Stadium,Court 2,Not Booked,944,18 Sep 11:31
2026-09-18,Fri,11:00 pm to 12:00 am,Noida Indoor Stadium,Court 2,Not Booked,944,18 Sep 17:30
2026-09-18,Fri,12:00 pm to 1:00 pm,Noida Indoor Stadium,Court 2,Not Booked,944,18 Sep 12:36
2026-09-18,Fri,1:00 pm to 2:00 pm,Noida Indoor Stadium,Court 2,Not Booked,944,18 Sep 13:30
2026-09-18,Fri,2:00 pm to 3:00 pm,Noida Indoor Stadium,Court 2,Not Booked,944,18 Sep 13:30
2026-09-18,Fri,3:00 pm to 4:00 pm,Noida Indoor Stadium,Court 2,Not Booked,944,18 Sep 15:02
2026-09-18,Fri,6:00 am to 7:00 am,Noida Indoor Stadium,Court 2,Not Booked,944,18 Sep 06:35
2026-09-18,Fri,7:00 am to 8:00 am,Noida Indoor Stadium,Court 2,Not Booked,944,18 Sep 07:04
2026-09-18,Fri,8:00 am to 9:00 am,Noida Indoor Stadium,Court 2,Not Booked,944,18 Sep 07:04
2026-09-18,Fri,9:00 am to 10:00 am,Noida Indoor Stadium,Court 2,Not Booked,944,18 Sep 07:04
2026-09-18,Fri,9:00 pm to 10:00 pm,Noida Indoor Stadium,Court 2,Not Booked,944,18 Sep 17:30
2026-09-18,Fri,10:00 am to 11:00 am,Noida Indoor Stadium,Court 3,Not Booked,944,18 Sep 10:31
2026-09-18,Fri,10:00 pm to 11:00 pm,Noida Indoor Stadium,Court 3,Not Booked,944,18 Sep 17:30
2026-09-18,Fri,11:00 am to 12:00 pm,Noida Indoor Stadium,Court 3,Not Booked,944,18 Sep 11:31
2026-09-18,Fri,11:00 pm to 12:00 am,Noida Indoor Stadium,Court 3,Not Booked,944,18 Sep 17:30
2026-09-18,Fri,12:00 pm to 1:00 pm,Noida Indoor Stadium,Court 3,Not Booked,944,18 Sep 12:36
2026-09-18,Fri,1:00 pm to 2:00 pm,Noida Indoor Stadium,Court 3,Not Booked,944,18 Sep 13:30
2026-09-18,Fri,2:00 pm to 3:00 pm,Noida Indoor Stadium,Court 3,Not Booked,944,18 Sep 14:31
2026-09-18,Fri,3:00 pm to 4:00 pm,Noida Indoor Stadium,Court 3,Not Booked,944,18 Sep 15:30
2026-09-18,Fri,6:00 am to 7:00 am,Noida Indoor Stadium,Court 3,Not Booked,944,18 Sep 06:35
2026-09-18,Fri,7:00 am to 8:00 am,Noida Indoor Stadium,Court 3,Not Booked,944,18 Sep 07:29
2026-09-18,Fri,8:00 am to 9:00 am,Noida Indoor Stadium,Court 3,Not Booked,944,18 Sep 08:29
2026-09-18,Fri,9:00 am to 10:00 am,Noida Indoor Stadium,Court 3,Not Booked,944,18 Sep 09:29
2026-09-18,Fri,9:00 pm to 10:00 pm,Noida Indoor Stadium,Court 3,Not Booked,944,18 Sep 17:30
2026-09-18,Fri,10:00 am to 10:30 am,Noida Pickleball Courts | Sec-100,Court 1,Not Booked,400,18 Sep 09:29
2026-09-18,Fri,10:00 pm to 10:30 pm,Noida Pickleball Courts | Sec-100,Court 1,Not Booked,400,18 Sep 17:30
2026-09-18,Fri,10:30 am to 11:00 am,Noida Pickleball Courts | Sec-100,Court 1,Not Booked,400,18 Sep 09:29
2026-09-18,Fri,10:30 pm to 11:00 pm,Noida Pickleball Courts | Sec-100,Court 1,Not Booked,400,18 Sep 17:30
2026-09-18,Fri,11:00 am to 11:30 am,Noida Pickleball Courts | Sec-100,Court 1,Not Booked,400,18 Sep 09:29
2026-09-18,Fri,11:00 pm to 11:30 pm,Noida Pickleball Courts | Sec-100,Court 1,Not Booked,400,18 Sep 17:30
2026-09-18,Fri,11:30 am to 12:00 pm,Noida Pickleball Courts | Sec-100,Court 1,Not Booked,400,18 Sep 11:31
2026-09-18,Fri,11:30 pm to 12:00 am,Noida Pickleball Courts | Sec-100,Court 1,Not Booked,400,18 Sep 17:30
2026-09-18,Fri,12:00 pm to 12:30 pm,Noida Pickleball Courts | Sec-100,Court 1,Not Booked,400,18 Sep 12:09
2026-09-18,Fri,12:30 pm to 1:00 pm,Noida Pickleball Courts | Sec-100,Court 1,Not Booked,400,18 Sep 12:36
2026-09-18,Fri,1:00 pm to 1:30 pm,Noida Pickleball Courts | Sec-100,Court 1,Not Booked,400,18 Sep 12:36
2026-09-18,Fri,1:30 pm to 2:00 pm,Noida Pickleball Courts | Sec-100,Court 1,Not Booked,400,18 Sep 12:36
2026-09-18,Fri,2:00 pm to 2:30 pm,Noida Pickleball Courts | Sec-100,Court 1,Not Booked,400,18 Sep 12:36
2026-09-18,Fri,2:30 pm to 3:00 pm,Noida Pickleball Courts | Sec-100,Court 1,Not Booked,400,18 Sep 12:36
2026-09-18,Fri,3:00 pm to 3:30 pm,Noida Pickleball Courts | Sec-100,Court 1,Not Booked,400,18 Sep 15:02
2026-09-18,Fri,3:30 pm to 4:00 pm,Noida Pickleball Courts | Sec-100,Court 1,Not Booked,400,18 Sep 15:02
2026-09-18,Fri,4:00 pm to 4:30 pm,Noida Pickleball Courts | Sec-100,Court 1,Not Booked,400,18 Sep 16:06
2026-09-18,Fri,4:30 pm to 5:00 pm,Noida Pickleball Courts | Sec-100,Court 1,Not Booked,400,18 Sep 16:30
2026-09-18,Fri,5:00 pm to 5:30 pm,Noida Pickleball Courts | Sec-100,Court 1,Not Booked,400,18 Sep 17:04
2026-09-18,Fri,5:30 pm to 6:00 pm,Noida Pickleball Courts | Sec-100,Court 1,Not Booked,400,18 Sep 17:30
2026-09-18,Fri,6:00 am to 6:30 am,Noida Pickleball Courts | Sec-100,Court 1,Not Booked,400,18 Sep 05:01
2026-09-18,Fri,6:00 pm to 6:30 pm,Noida Pickleball Courts | Sec-100,Court 1,Not Booked,400,18 Sep 17:30
2026-09-18,Fri,6:30 am to 7:00 am,Noida Pickleball Courts | Sec-100,Court 1,Not Booked,400,18 Sep 06:35
2026-09-18,Fri,6:30 pm to 7:00 pm,Noida Pickleball Courts | Sec-100,Court 1,Not Booked,400,18 Sep 17:30
2026-09-18,Fri,7:00 am to 7:30 am,Noida Pickleball Courts | Sec-100,Court 1,Not Booked,400,18 Sep 07:29
2026-09-18,Fri,7:00 pm to 7:30 pm,Noida Pickleball Courts | Sec-100,Court 1,Not Booked,400,18 Sep 17:30
2026-09-18,Fri,7:30 am to 8:00 am,Noida Pickleball Courts | Sec-100,Court 1,Not Booked,400,18 Sep 07:29
2026-09-18,Fri,7:30 pm to 8:00 pm,Noida Pickleball Courts | Sec-100,Court 1,Not Booked,400,18 Sep 17:30
2026-09-18,Fri,8:00 am to 8:30 am,Noida Pickleball Courts | Sec-100,Court 1,Not Booked,400,18 Sep 08:04
2026-09-18,Fri,8:00 pm to 8:30 pm,Noida Pickleball Courts | Sec-100,Court 1,Not Booked,400,18 Sep 17:30
2026-09-18,Fri,8:30 am to 9:00 am,Noida Pickleball Courts | Sec-100,Court 1,Not Booked,400,18 Sep 08:04
2026-09-18,Fri,8:30 pm to 9:00 pm,Noida Pickleball Courts | Sec-100,Court 1,Not Booked,400,18 Sep 17:30
2026-09-18,Fri,9:00 am to 9:30 am,Noida Pickleball Courts | Sec-100,Court 1,Not Booked,400,18 Sep 09:29
2026-09-18,Fri,9:00 pm to 9:30 pm,Noida Pickleball Courts | Sec-100,Court 1,Not Booked,400,18 Sep 17:30
2026-09-18,Fri,9:30 am to 10:00 am,Noida Pickleball Courts | Sec-100,Court 1,Not Booked,400,18 Sep 09:29
2026-09-18,Fri,9:30 pm to 10:00 pm,Noida Pickleball Courts | Sec-100,Court 1,Not Booked,400,18 Sep 17:30
2026-09-18,Fri,10:00 am to 10:30 am,Noida Pickleball Courts | Sec-100,Court 2,Not Booked,400,18 Sep 10:04
2026-09-18,Fri,10:00 pm to 10:30 pm,Noida Pickleball Courts | Sec-100,Court 2,Not Booked,400,18 Sep 16:30
2026-09-18,Fri,10:30 am to 11:00 am,Noida Pickleball Courts | Sec-100,Court 2,Not Booked,400,18 Sep 10:31
2026-09-18,Fri,10:30 pm to 11:00 pm,Noida Pickleball Courts | Sec-100,Court 2,Not Booked,400,18 Sep 16:30
2026-09-18,Fri,11:00 am to 11:30 am,Noida Pickleball Courts | Sec-100,Court 2,Not Booked,400,18 Sep 11:03
2026-09-18,Fri,11:00 pm to 11:30 pm,Noida Pickleball Courts | Sec-100,Court 2,Not Booked,400,18 Sep 16:30
2026-09-18,Fri,11:30 am to 12:00 pm,Noida Pickleball Courts | Sec-100,Court 2,Not Booked,400,18 Sep 11:03
2026-09-18,Fri,11:30 pm to 12:00 am,Noida Pickleball Courts | Sec-100,Court 2,Not Booked,400,18 Sep 16:30
2026-09-18,Fri,12:00 pm to 12:30 pm,Noida Pickleball Courts | Sec-100,Court 2,Not Booked,400,18 Sep 12:09
2026-09-18,Fri,12:30 pm to 1:00 pm,Noida Pickleball Courts | Sec-100,Court 2,Not Booked,400,18 Sep 12:36
2026-09-18,Fri,1:00 pm to 1:30 pm,Noida Pickleball Courts | Sec-100,Court 2,Not Booked,400,18 Sep 13:04
2026-09-18,Fri,1:30 pm to 2:00 pm,Noida Pickleball Courts | Sec-100,Court 2,Not Booked,400,18 Sep 13:30
2026-09-18,Fri,2:00 pm to 2:30 pm,Noida Pickleball Courts | Sec-100,Court 2,Not Booked,400,18 Sep 14:06
2026-09-18,Fri,2:30 pm to 3:00 pm,Noida Pickleball Courts | Sec-100,Court 2,Not Booked,400,18 Sep 14:31
2026-09-18,Fri,3:00 pm to 3:30 pm,Noida Pickleball Courts | Sec-100,Court 2,Not Booked,400,18 Sep 14:31
2026-09-18,Fri,3:30 pm to 4:00 pm,Noida Pickleball Courts | Sec-100,Court 2,Not Booked,400,18 Sep 15:30
2026-09-18,Fri,4:00 pm to 4:30 pm,Noida Pickleball Courts | Sec-100,Court 2,Not Booked,400,18 Sep 16:06
2026-09-18,Fri,4:30 pm to 5:00 pm,Noida Pickleball Courts | Sec-100,Court 2,Not Booked,400,18 Sep 16:30
2026-09-18,Fri,5:00 pm to 5:30 pm,Noida Pickleball Courts | Sec-100,Court 2,Not Booked,400,18 Sep 16:30
2026-09-18,Fri,5:30 pm to 6:00 pm,Noida Pickleball Courts | Sec-100,Court 2,Not Booked,400,18 Sep 16:30
2026-09-18,Fri,6:00 am to 6:30 am,Noida Pickleball Courts | Sec-100,Court 2,Not Booked,400,18 Sep 06:12
2026-09-18,Fri,6:00 pm to 6:30 pm,Noida Pickleball Courts | Sec-100,Court 2,Not Booked,400,18 Sep 16:30
2026-09-18,Fri,6:30 am to 7:00 am,Noida Pickleball Courts | Sec-100,Court 2,Not Booked,400,18 Sep 06:35
2026-09-18,Fri,6:30 pm to 7:00 pm,Noida Pickleball Courts | Sec-100,Court 2,Not Booked,400,18 Sep 16:30
2026-09-18,Fri,7:00 am to 7:30 am,Noida Pickleball Courts | Sec-100,Court 2,Not Booked,400,18 Sep 07:29
2026-09-18,Fri,7:00 pm to 7:30 pm,Noida Pickleball Courts | Sec-100,Court 2,Not Booked,400,18 Sep 16:30
2026-09-18,Fri,7:30 am to 8:00 am,Noida Pickleball Courts | Sec-100,Court 2,Not Booked,400,18 Sep 07:29
2026-09-18,Fri,7:30 pm to 8:00 pm,Noida Pickleball Courts | Sec-100,Court 2,Not Booked,400,18 Sep 16:30
2026-09-18,Fri,8:00 am to 8:30 am,Noida Pickleball Courts | Sec-100,Court 2,Not Booked,400,18 Sep 08:29
2026-09-18,Fri,8:00 pm to 8:30 pm,Noida Pickleball Courts | Sec-100,Court 2,Not Booked,400,18 Sep 16:30
2026-09-18,Fri,8:30 am to 9:00 am,Noida Pickleball Courts | Sec-100,Court 2,Not Booked,400,18 Sep 08:29
2026-09-18,Fri,8:30 pm to 9:00 pm,Noida Pickleball Courts | Sec-100,Court 2,Not Booked,400,18 Sep 16:30
2026-09-18,Fri,9:00 am to 9:30 am,Noida Pickleball Courts | Sec-100,Court 2,Not Booked,400,18 Sep 09:29
2026-09-18,Fri,9:00 pm to 9:30 pm,Noida Pickleball Courts | Sec-100,Court 2,Not Booked,400,18 Sep 16:30
2026-09-18,Fri,9:30 am to 10:00 am,Noida Pickleball Courts | Sec-100,Court 2,Not Booked,400,18 Sep 09:29
2026-09-18,Fri,9:30 pm to 10:00 pm,Noida Pickleball Courts | Sec-100,Court 2,Not Booked,400,18 Sep 16:30
2026-09-18,Fri,10:00 am to 11:00 am,Pickit | Vijay Sri Academy,Court 1,Not Booked,750,18 Sep 10:04
2026-09-18,Fri,10:00 pm to 11:00 pm,Pickit | Vijay Sri Academy,Court 1,Not Booked,750,18 Sep 17:30
2026-09-18,Fri,11:00 am to 12:00 pm,Pickit | Vijay Sri Academy,Court 1,Not Booked,750,18 Sep 11:31
2026-09-18,Fri,11:00 pm to 12:00 am,Pickit | Vijay Sri Academy,Court 1,Not Booked,750,18 Sep 17:30
2026-09-18,Fri,12:00 pm to 1:00 pm,Pickit | Vijay Sri Academy,Court 1,Not Booked,750,18 Sep 12:36
2026-09-18,Fri,1:00 pm to 2:00 pm,Pickit | Vijay Sri Academy,Court 1,Not Booked,750,18 Sep 13:30
2026-09-18,Fri,2:00 pm to 3:00 pm,Pickit | Vijay Sri Academy,Court 1,Not Booked,750,18 Sep 14:31
2026-09-18,Fri,3:00 pm to 4:00 pm,Pickit | Vijay Sri Academy,Court 1,Not Booked,750,18 Sep 15:30
2026-09-18,Fri,4:00 pm to 5:00 pm,Pickit | Vijay Sri Academy,Court 1,Not Booked,750,18 Sep 16:30
2026-09-18,Fri,5:00 pm to 6:00 pm,Pickit | Vijay Sri Academy,Court 1,Not Booked,750,18 Sep 17:30
2026-09-18,Fri,6:00 am to 7:00 am,Pickit | Vijay Sri Academy,Court 1,Not Booked,750,18 Sep 06:35
2026-09-18,Fri,6:00 pm to 7:00 pm,Pickit | Vijay Sri Academy,Court 1,Not Booked,750,18 Sep 17:30
2026-09-18,Fri,7:00 am to 8:00 am,Pickit | Vijay Sri Academy,Court 1,Not Booked,750,18 Sep 07:29
2026-09-18,Fri,7:00 pm to 8:00 pm,Pickit | Vijay Sri Academy,Court 1,Not Booked,750,18 Sep 17:30
2026-09-18,Fri,8:00 am to 9:00 am,Pickit | Vijay Sri Academy,Court 1,Not Booked,750,18 Sep 08:29
2026-09-18,Fri,8:00 pm to 9:00 pm,Pickit | Vijay Sri Academy,Court 1,Not Booked,750,18 Sep 17:30
2026-09-18,Fri,9:00 am to 10:00 am,Pickit | Vijay Sri Academy,Court 1,Not Booked,750,18 Sep 09:29
2026-09-18,Fri,9:00 pm to 10:00 pm,Pickit | Vijay Sri Academy,Court 1,Not Booked,750,18 Sep 17:30
2026-09-18,Fri,10:00 am to 11:00 am,Pickit | Vijay Sri Academy,Court 2,Not Booked,750,18 Sep 10:31
2026-09-18,Fri,10:00 pm to 11:00 pm,Pickit | Vijay Sri Academy,Court 2,Not Booked,750,18 Sep 17:30
2026-09-18,Fri,11:00 am to 12:00 pm,Pickit | Vijay Sri Academy,Court 2,Not Booked,750,18 Sep 11:31
2026-09-18,Fri,11:00 pm to 12:00 am,Pickit | Vijay Sri Academy,Court 2,Not Booked,750,18 Sep 17:30
2026-09-18,Fri,12:00 pm to 1:00 pm,Pickit | Vijay Sri Academy,Court 2,Not Booked,750,18 Sep 12:36
2026-09-18,Fri,1:00 pm to 2:00 pm,Pickit | Vijay Sri Academy,Court 2,Not Booked,750,18 Sep 13:30
2026-09-18,Fri,2:00 pm to 3:00 pm,Pickit | Vijay Sri Academy,Court 2,Not Booked,750,18 Sep 14:31
2026-09-18,Fri,3:00 pm to 4:00 pm,Pickit | Vijay Sri Academy,Court 2,Not Booked,750,18 Sep 15:30
2026-09-18,Fri,4:00 pm to 5:00 pm,Pickit | Vijay Sri Academy,Court 2,Not Booked,750,18 Sep 16:30
2026-09-18,Fri,5:00 pm to 6:00 pm,Pickit | Vijay Sri Academy,Court 2,Not Booked,750,18 Sep 17:30
2026-09-18,Fri,6:00 am to 7:00 am,Pickit | Vijay Sri Academy,Court 2,Not Booked,750,18 Sep 06:35
2026-09-18,Fri,6:00 pm to 7:00 pm,Pickit | Vijay Sri Academy,Court 2,Not Booked,750,18 Sep 17:30
2026-09-18,Fri,7:00 am to 8:00 am,Pickit | Vijay Sri Academy,Court 2,Not Booked,750,18 Sep 07:29
2026-09-18,Fri,7:00 pm to 8:00 pm,Pickit | Vijay Sri Academy,Court 2,Not Booked,750,18 Sep 17:30
2026-09-18,Fri,8:00 am to 9:00 am,Pickit | Vijay Sri Academy,Court 2,Not Booked,750,18 Sep 08:29
2026-09-18,Fri,8:00 pm to 9:00 pm,Pickit | Vijay Sri Academy,Court 2,Not Booked,750,18 Sep 17:30
2026-09-18,Fri,9:00 am to 10:00 am,Pickit | Vijay Sri Academy,Court 2,Not Booked,750,18 Sep 09:29
2026-09-18,Fri,9:00 pm to 10:00 pm,Pickit | Vijay Sri Academy,Court 2,Not Booked,750,18 Sep 17:30
2026-09-18,Fri,10:00 am to 11:00 am,Pickit | Vijay Sri Academy,Court 3,Not Booked,750,18 Sep 10:31
2026-09-18,Fri,10:00 pm to 11:00 pm,Pickit | Vijay Sri Academy,Court 3,Not Booked,750,18 Sep 17:30
2026-09-18,Fri,11:00 am to 12:00 pm,Pickit | Vijay Sri Academy,Court 3,Not Booked,750,18 Sep 11:31
2026-09-18,Fri,11:00 pm to 12:00 am,Pickit | Vijay Sri Academy,Court 3,Not Booked,750,18 Sep 17:30
2026-09-18,Fri,12:00 pm to 1:00 pm,Pickit | Vijay Sri Academy,Court 3,Not Booked,750,18 Sep 12:36
2026-09-18,Fri,1:00 pm to 2:00 pm,Pickit | Vijay Sri Academy,Court 3,Not Booked,750,18 Sep 13:30
2026-09-18,Fri,2:00 pm to 3:00 pm,Pickit | Vijay Sri Academy,Court 3,Not Booked,750,18 Sep 14:31
2026-09-18,Fri,3:00 pm to 4:00 pm,Pickit | Vijay Sri Academy,Court 3,Not Booked,750,18 Sep 15:30
2026-09-18,Fri,4:00 pm to 5:00 pm,Pickit | Vijay Sri Academy,Court 3,Not Booked,750,18 Sep 16:30
2026-09-18,Fri,5:00 pm to 6:00 pm,Pickit | Vijay Sri Academy,Court 3,Not Booked,750,18 Sep 17:30
2026-09-18,Fri,6:00 am to 7:00 am,Pickit | Vijay Sri Academy,Court 3,Not Booked,750,18 Sep 06:12
2026-09-18,Fri,6:00 pm to 7:00 pm,Pickit | Vijay Sri Academy,Court 3,Not Booked,750,18 Sep 17:30
2026-09-18,Fri,7:00 am to 8:00 am,Pickit | Vijay Sri Academy,Court 3,Not Booked,750,18 Sep 07:29
2026-09-18,Fri,7:00 pm to 8:00 pm,Pickit | Vijay Sri Academy,Court 3,Not Booked,750,18 Sep 17:30
2026-09-18,Fri,8:00 am to 9:00 am,Pickit | Vijay Sri Academy,Court 3,Not Booked,750,18 Sep 08:29
2026-09-18,Fri,8:00 pm to 9:00 pm,Pickit | Vijay Sri Academy,Court 3,Not Booked,750,18 Sep 17:30
2026-09-18,Fri,9:00 am to 10:00 am,Pickit | Vijay Sri Academy,Court 3,Not Booked,750,18 Sep 09:04
2026-09-18,Fri,9:00 pm to 10:00 pm,Pickit | Vijay Sri Academy,Court 3,Not Booked,750,18 Sep 17:30
2026-09-18,Fri,10:00 pm to 10:30 pm,Pickle Pros | Noida,Pickleball Court 1,Not Booked,400,18 Sep 16:06
2026-09-18,Fri,3:30 pm to 4:00 pm,Pickle Pros | Noida,Pickleball Court 1,Not Booked,400,18 Sep 15:30
2026-09-18,Fri,4:00 pm to 4:30 pm,Pickle Pros | Noida,Pickleball Court 1,Not Booked,400,18 Sep 16:06
2026-09-18,Fri,4:30 pm to 5:00 pm,Pickle Pros | Noida,Pickleball Court 1,Not Booked,400,18 Sep 16:06
2026-09-18,Fri,5:00 pm to 5:30 pm,Pickle Pros | Noida,Pickleball Court 1,Not Booked,400,18 Sep 16:06
2026-09-18,Fri,5:30 pm to 6:00 pm,Pickle Pros | Noida,Pickleball Court 1,Not Booked,400,18 Sep 16:06
2026-09-18,Fri,6:00 pm to 6:30 pm,Pickle Pros | Noida,Pickleball Court 1,Not Booked,400,18 Sep 16:06
2026-09-18,Fri,6:30 pm to 7:00 pm,Pickle Pros | Noida,Pickleball Court 1,Not Booked,400,18 Sep 16:06
2026-09-18,Fri,7:00 pm to 7:30 pm,Pickle Pros | Noida,Pickleball Court 1,Not Booked,400,18 Sep 16:06
2026-09-18,Fri,7:30 pm to 8:00 pm,Pickle Pros | Noida,Pickleball Court 1,Not Booked,400,18 Sep 16:06
2026-09-18,Fri,8:00 pm to 8:30 pm,Pickle Pros | Noida,Pickleball Court 1,Not Booked,400,18 Sep 16:06
2026-09-18,Fri,8:30 pm to 9:00 pm,Pickle Pros | Noida,Pickleball Court 1,Not Booked,400,18 Sep 16:06
2026-09-18,Fri,9:00 pm to 9:30 pm,Pickle Pros | Noida,Pickleball Court 1,Not Booked,400,18 Sep 16:06
2026-09-18,Fri,9:30 pm to 10:00 pm,Pickle Pros | Noida,Pickleball Court 1,Not Booked,400,18 Sep 16:06
2026-09-18,Fri,10:00 pm to 10:30 pm,Pickle Pros | Noida,Pickleball Court 2,Not Booked,400,18 Sep 17:30
2026-09-18,Fri,3:30 pm to 4:00 pm,Pickle Pros | Noida,Pickleball Court 2,Not Booked,400,18 Sep 15:02
2026-09-18,Fri,4:00 pm to 4:30 pm,Pickle Pros | Noida,Pickleball Court 2,Not Booked,400,18 Sep 16:06
2026-09-18,Fri,4:30 pm to 5:00 pm,Pickle Pros | Noida,Pickleball Court 2,Not Booked,400,18 Sep 16:30
2026-09-18,Fri,5:00 pm to 5:30 pm,Pickle Pros | Noida,Pickleball Court 2,Not Booked,400,18 Sep 17:04
2026-09-18,Fri,5:30 pm to 6:00 pm,Pickle Pros | Noida,Pickleball Court 2,Not Booked,400,18 Sep 17:30
2026-09-18,Fri,6:00 pm to 6:30 pm,Pickle Pros | Noida,Pickleball Court 2,Not Booked,400,18 Sep 17:30
2026-09-18,Fri,6:30 pm to 7:00 pm,Pickle Pros | Noida,Pickleball Court 2,Not Booked,400,18 Sep 17:30
2026-09-18,Fri,7:00 pm to 7:30 pm,Pickle Pros | Noida,Pickleball Court 2,Booked,400,18 Sep 17:30
2026-09-18,Fri,7:30 pm to 8:00 pm,Pickle Pros | Noida,Pickleball Court 2,Booked,400,18 Sep 17:30
2026-09-18,Fri,8:00 pm to 8:30 pm,Pickle Pros | Noida,Pickleball Court 2,Booked,400,18 Sep 17:30
2026-09-18,Fri,8:30 pm to 9:00 pm,Pickle Pros | Noida,Pickleball Court 2,Not Booked,400,18 Sep 17:30
2026-09-18,Fri,9:00 pm to 9:30 pm,Pickle Pros | Noida,Pickleball Court 2,Not Booked,400,18 Sep 17:30
2026-09-18,Fri,9:30 pm to 10:00 pm,Pickle Pros | Noida,Pickleball Court 2,Not Booked,400,18 Sep 17:30
2026-09-18,Fri,10:00 pm to 10:30 pm,Pickle Pros | Noida,Pickleball Court 3,Not Booked,400,18 Sep 17:30
2026-09-18,Fri,3:30 pm to 4:00 pm,Pickle Pros | Noida,Pickleball Court 3,Not Booked,400,18 Sep 15:30
2026-09-18,Fri,4:00 pm to 4:30 pm,Pickle Pros | Noida,Pickleball Court 3,Not Booked,400,18 Sep 16:06
2026-09-18,Fri,4:30 pm to 5:00 pm,Pickle Pros | Noida,Pickleball Court 3,Not Booked,400,18 Sep 16:30
2026-09-18,Fri,5:00 pm to 5:30 pm,Pickle Pros | Noida,Pickleball Court 3,Not Booked,400,18 Sep 17:04
2026-09-18,Fri,5:30 pm to 6:00 pm,Pickle Pros | Noida,Pickleball Court 3,Not Booked,400,18 Sep 17:30
2026-09-18,Fri,6:00 pm to 6:30 pm,Pickle Pros | Noida,Pickleball Court 3,Not Booked,400,18 Sep 17:30
2026-09-18,Fri,6:30 pm to 7:00 pm,Pickle Pros | Noida,Pickleball Court 3,Not Booked,400,18 Sep 17:30
2026-09-18,Fri,7:00 pm to 7:30 pm,Pickle Pros | Noida,Pickleball Court 3,Not Booked,400,18 Sep 17:30
2026-09-18,Fri,7:30 pm to 8:00 pm,Pickle Pros | Noida,Pickleball Court 3,Not Booked,400,18 Sep 17:30
2026-09-18,Fri,8:00 pm to 8:30 pm,Pickle Pros | Noida,Pickleball Court 3,Not Booked,400,18 Sep 17:30
2026-09-18,Fri,8:30 pm to 9:00 pm,Pickle Pros | Noida,Pickleball Court 3,Not Booked,400,18 Sep 17:30
2026-09-18,Fri,9:00 pm to 9:30 pm,Pickle Pros | Noida,Pickleball Court 3,Not Booked,400,18 Sep 17:30
2026-09-18,Fri,9:30 pm to 10:00 pm,Pickle Pros | Noida,Pickleball Court 3,Not Booked,400,18 Sep 17:30
2026-09-18,Fri,10:00 pm to 10:30 pm,Pickle Pros | Noida,Pickleball Court 4,Not Booked,400,18 Sep 17:30
2026-09-18,Fri,3:30 pm to 4:00 pm,Pickle Pros | Noida,Pickleball Court 4,Not Booked,400,18 Sep 15:30
2026-09-18,Fri,4:00 pm to 4:30 pm,Pickle Pros | Noida,Pickleball Court 4,Not Booked,400,18 Sep 16:06
2026-09-18,Fri,4:30 pm to 5:00 pm,Pickle Pros | Noida,Pickleball Court 4,Not Booked,400,18 Sep 16:06
2026-09-18,Fri,5:00 pm to 5:30 pm,Pickle Pros | Noida,Pickleball Court 4,Not Booked,400,18 Sep 17:04
2026-09-18,Fri,5:30 pm to 6:00 pm,Pickle Pros | Noida,Pickleball Court 4,Not Booked,400,18 Sep 17:30
2026-09-18,Fri,6:00 pm to 6:30 pm,Pickle Pros | Noida,Pickleball Court 4,Not Booked,400,18 Sep 17:30
2026-09-18,Fri,6:30 pm to 7:00 pm,Pickle Pros | Noida,Pickleball Court 4,Not Booked,400,18 Sep 17:30
2026-09-18,Fri,7:00 pm to 7:30 pm,Pickle Pros | Noida,Pickleball Court 4,Not Booked,400,18 Sep 17:30
2026-09-18,Fri,7:30 pm to 8:00 pm,Pickle Pros | Noida,Pickleball Court 4,Not Booked,400,18 Sep 17:30
2026-09-18,Fri,8:00 pm to 8:30 pm,Pickle Pros | Noida,Pickleball Court 4,Not Booked,400,18 Sep 17:30
2026-09-18,Fri,8:30 pm to 9:00 pm,Pickle Pros | Noida,Pickleball Court 4,Not Booked,400,18 Sep 17:30
2026-09-18,Fri,9:00 pm to 9:30 pm,Pickle Pros | Noida,Pickleball Court 4,Not Booked,400,18 Sep 17:30
2026-09-18,Fri,9:30 pm to 10:00 pm,Pickle Pros | Noida,Pickleball Court 4,Not Booked,400,18 Sep 17:30
2026-09-18,Fri,10:00 am to 10:30 am,Pickleflow Social,Court 1,Not Booked,500,18 Sep 08:29
2026-09-18,Fri,10:00 pm to 10:30 pm,Pickleflow Social,Court 1,Not Booked,500,18 Sep 17:30
2026-09-18,Fri,10:30 am to 11:00 am,Pickleflow Social,Court 1,Not Booked,500,18 Sep 10:31
2026-09-18,Fri,10:30 pm to 11:00 pm,Pickleflow Social,Court 1,Not Booked,500,18 Sep 17:30
2026-09-18,Fri,11:00 am to 11:30 am,Pickleflow Social,Court 1,Not Booked,500,18 Sep 11:03
2026-09-18,Fri,11:00 pm to 11:30 pm,Pickleflow Social,Court 1,Not Booked,500,18 Sep 17:30
2026-09-18,Fri,11:30 am to 12:00 pm,Pickleflow Social,Court 1,Not Booked,500,18 Sep 11:03
2026-09-18,Fri,11:30 pm to 12:00 am,Pickleflow Social,Court 1,Not Booked,500,18 Sep 17:30
2026-09-18,Fri,12:00 am to 12:30 am,Pickleflow Social,Court 1,Not Booked,500,18 Sep 00:34
2026-09-18,Fri,12:00 pm to 12:30 pm,Pickleflow Social,Court 1,Not Booked,500,18 Sep 11:03
2026-09-18,Fri,12:30 am to 1:00 am,Pickleflow Social,Court 1,Not Booked,500,18 Sep 00:34
2026-09-18,Fri,12:30 pm to 1:00 pm,Pickleflow Social,Court 1,Not Booked,500,18 Sep 12:36
2026-09-18,Fri,1:00 am to 1:30 am,Pickleflow Social,Court 1,Not Booked,500,18 Sep 01:28
2026-09-18,Fri,1:00 pm to 1:30 pm,Pickleflow Social,Court 1,Not Booked,500,18 Sep 13:04
2026-09-18,Fri,1:30 am to 2:00 am,Pickleflow Social,Court 1,Not Booked,500,18 Sep 01:28
2026-09-18,Fri,1:30 pm to 2:00 pm,Pickleflow Social,Court 1,Not Booked,500,18 Sep 13:30
2026-09-18,Fri,2:00 pm to 2:30 pm,Pickleflow Social,Court 1,Not Booked,500,18 Sep 14:06
2026-09-18,Fri,2:30 pm to 3:00 pm,Pickleflow Social,Court 1,Not Booked,500,18 Sep 14:31
2026-09-18,Fri,3:00 pm to 3:30 pm,Pickleflow Social,Court 1,Not Booked,500,18 Sep 15:02
2026-09-18,Fri,3:30 pm to 4:00 pm,Pickleflow Social,Court 1,Not Booked,500,18 Sep 15:30
2026-09-18,Fri,4:00 pm to 4:30 pm,Pickleflow Social,Court 1,Not Booked,500,18 Sep 16:06
2026-09-18,Fri,4:30 pm to 5:00 pm,Pickleflow Social,Court 1,Not Booked,500,18 Sep 16:30
2026-09-18,Fri,5:00 pm to 5:30 pm,Pickleflow Social,Court 1,Not Booked,500,18 Sep 17:04
2026-09-18,Fri,5:30 pm to 6:00 pm,Pickleflow Social,Court 1,Not Booked,500,18 Sep 17:30
2026-09-18,Fri,6:00 pm to 6:30 pm,Pickleflow Social,Court 1,Booked,500,18 Sep 17:30
2026-09-18,Fri,6:30 pm to 7:00 pm,Pickleflow Social,Court 1,Booked,500,18 Sep 17:30
2026-09-18,Fri,7:00 am to 7:30 am,Pickleflow Social,Court 1,Not Booked,500,18 Sep 06:35
2026-09-18,Fri,7:00 pm to 7:30 pm,Pickleflow Social,Court 1,Booked,500,18 Sep 17:30
2026-09-18,Fri,7:30 am to 8:00 am,Pickleflow Social,Court 1,Not Booked,500,18 Sep 06:35
2026-09-18,Fri,7:30 pm to 8:00 pm,Pickleflow Social,Court 1,Not Booked,500,18 Sep 17:30
2026-09-18,Fri,8:00 am to 8:30 am,Pickleflow Social,Court 1,Not Booked,500,18 Sep 08:29
2026-09-18,Fri,8:00 pm to 8:30 pm,Pickleflow Social,Court 1,Not Booked,500,18 Sep 17:30
2026-09-18,Fri,8:30 am to 9:00 am,Pickleflow Social,Court 1,Not Booked,500,18 Sep 08:29
2026-09-18,Fri,8:30 pm to 9:00 pm,Pickleflow Social,Court 1,Not Booked,500,18 Sep 17:30
2026-09-18,Fri,9:00 am to 9:30 am,Pickleflow Social,Court 1,Not Booked,500,18 Sep 08:29
2026-09-18,Fri,9:00 pm to 9:30 pm,Pickleflow Social,Court 1,Not Booked,500,18 Sep 17:30
2026-09-18,Fri,9:30 am to 10:00 am,Pickleflow Social,Court 1,Not Booked,500,18 Sep 08:29
2026-09-18,Fri,9:30 pm to 10:00 pm,Pickleflow Social,Court 1,Not Booked,500,18 Sep 17:30
2026-09-18,Fri,10:00 am to 10:30 am,Pickleflow Social,Court 2,Not Booked,500,18 Sep 10:04
2026-09-18,Fri,10:00 pm to 10:30 pm,Pickleflow Social,Court 2,Not Booked,500,18 Sep 16:30
2026-09-18,Fri,10:30 am to 11:00 am,Pickleflow Social,Court 2,Not Booked,500,18 Sep 10:04
2026-09-18,Fri,10:30 pm to 11:00 pm,Pickleflow Social,Court 2,Not Booked,500,18 Sep 16:30
2026-09-18,Fri,11:00 am to 11:30 am,Pickleflow Social,Court 2,Not Booked,500,18 Sep 11:03
2026-09-18,Fri,11:00 pm to 11:30 pm,Pickleflow Social,Court 2,Not Booked,500,18 Sep 16:30
2026-09-18,Fri,11:30 am to 12:00 pm,Pickleflow Social,Court 2,Not Booked,500,18 Sep 11:31
2026-09-18,Fri,11:30 pm to 12:00 am,Pickleflow Social,Court 2,Not Booked,500,18 Sep 16:30
2026-09-18,Fri,12:00 am to 12:30 am,Pickleflow Social,Court 2,Not Booked,500,18 Sep 00:34
2026-09-18,Fri,12:00 pm to 12:30 pm,Pickleflow Social,Court 2,Not Booked,500,18 Sep 12:09
2026-09-18,Fri,12:30 am to 1:00 am,Pickleflow Social,Court 2,Not Booked,500,18 Sep 00:34
2026-09-18,Fri,12:30 pm to 1:00 pm,Pickleflow Social,Court 2,Not Booked,500,18 Sep 12:09
2026-09-18,Fri,1:00 am to 1:30 am,Pickleflow Social,Court 2,Not Booked,500,18 Sep 01:28
2026-09-18,Fri,1:00 pm to 1:30 pm,Pickleflow Social,Court 2,Not Booked,500,18 Sep 12:09
2026-09-18,Fri,1:30 am to 2:00 am,Pickleflow Social,Court 2,Not Booked,500,18 Sep 01:28
2026-09-18,Fri,1:30 pm to 2:00 pm,Pickleflow Social,Court 2,Not Booked,500,18 Sep 13:30
2026-09-18,Fri,2:00 pm to 2:30 pm,Pickleflow Social,Court 2,Not Booked,500,18 Sep 14:06
2026-09-18,Fri,2:30 pm to 3:00 pm,Pickleflow Social,Court 2,Not Booked,500,18 Sep 14:06
2026-09-18,Fri,3:00 pm to 3:30 pm,Pickleflow Social,Court 2,Not Booked,500,18 Sep 15:02
2026-09-18,Fri,3:30 pm to 4:00 pm,Pickleflow Social,Court 2,Not Booked,500,18 Sep 15:02
2026-09-18,Fri,4:00 pm to 4:30 pm,Pickleflow Social,Court 2,Not Booked,500,18 Sep 16:06
2026-09-18,Fri,4:30 pm to 5:00 pm,Pickleflow Social,Court 2,Not Booked,500,18 Sep 16:30
2026-09-18,Fri,5:00 pm to 5:30 pm,Pickleflow Social,Court 2,Not Booked,500,18 Sep 16:30
2026-09-18,Fri,5:30 pm to 6:00 pm,Pickleflow Social,Court 2,Not Booked,500,18 Sep 16:30
2026-09-18,Fri,6:00 pm to 6:30 pm,Pickleflow Social,Court 2,Not Booked,500,18 Sep 16:30
2026-09-18,Fri,6:30 pm to 7:00 pm,Pickleflow Social,Court 2,Not Booked,500,18 Sep 16:30
2026-09-18,Fri,7:00 am to 7:30 am,Pickleflow Social,Court 2,Not Booked,500,18 Sep 07:29
2026-09-18,Fri,7:00 pm to 7:30 pm,Pickleflow Social,Court 2,Not Booked,500,18 Sep 16:30
2026-09-18,Fri,7:30 am to 8:00 am,Pickleflow Social,Court 2,Not Booked,500,18 Sep 07:29
2026-09-18,Fri,7:30 pm to 8:00 pm,Pickleflow Social,Court 2,Not Booked,500,18 Sep 16:30
2026-09-18,Fri,8:00 am to 8:30 am,Pickleflow Social,Court 2,Not Booked,500,18 Sep 08:04
2026-09-18,Fri,8:00 pm to 8:30 pm,Pickleflow Social,Court 2,Not Booked,500,18 Sep 16:30
2026-09-18,Fri,8:30 am to 9:00 am,Pickleflow Social,Court 2,Not Booked,500,18 Sep 08:04
2026-09-18,Fri,8:30 pm to 9:00 pm,Pickleflow Social,Court 2,Not Booked,500,18 Sep 16:30
2026-09-18,Fri,9:00 am to 9:30 am,Pickleflow Social,Court 2,Not Booked,500,18 Sep 09:29
2026-09-18,Fri,9:00 pm to 9:30 pm,Pickleflow Social,Court 2,Not Booked,500,18 Sep 16:30
2026-09-18,Fri,9:30 am to 10:00 am,Pickleflow Social,Court 2,Not Booked,500,18 Sep 09:29
2026-09-18,Fri,9:30 pm to 10:00 pm,Pickleflow Social,Court 2,Not Booked,500,18 Sep 16:30
2026-09-18,Fri,10:00 am to 10:30 am,Pickleflow Social,Court 3,Not Booked,500,18 Sep 10:04
2026-09-18,Fri,10:00 pm to 10:30 pm,Pickleflow Social,Court 3,Not Booked,500,18 Sep 17:30
2026-09-18,Fri,10:30 am to 11:00 am,Pickleflow Social,Court 3,Not Booked,500,18 Sep 10:31
2026-09-18,Fri,10:30 pm to 11:00 pm,Pickleflow Social,Court 3,Not Booked,500,18 Sep 17:30
2026-09-18,Fri,11:00 am to 11:30 am,Pickleflow Social,Court 3,Not Booked,500,18 Sep 11:03
2026-09-18,Fri,11:00 pm to 11:30 pm,Pickleflow Social,Court 3,Not Booked,500,18 Sep 17:30
2026-09-18,Fri,11:30 am to 12:00 pm,Pickleflow Social,Court 3,Not Booked,500,18 Sep 11:31
2026-09-18,Fri,11:30 pm to 12:00 am,Pickleflow Social,Court 3,Not Booked,500,18 Sep 17:30
2026-09-18,Fri,12:00 pm to 12:30 pm,Pickleflow Social,Court 3,Not Booked,500,18 Sep 12:09
2026-09-18,Fri,12:30 am to 1:00 am,Pickleflow Social,Court 3,Not Booked,500,18 Sep 00:34
2026-09-18,Fri,12:30 pm to 1:00 pm,Pickleflow Social,Court 3,Not Booked,500,18 Sep 12:36
2026-09-18,Fri,1:00 am to 1:30 am,Pickleflow Social,Court 3,Not Booked,500,18 Sep 01:28
2026-09-18,Fri,1:00 pm to 1:30 pm,Pickleflow Social,Court 3,Not Booked,500,18 Sep 13:04
2026-09-18,Fri,1:30 am to 2:00 am,Pickleflow Social,Court 3,Not Booked,500,18 Sep 01:28
2026-09-18,Fri,1:30 pm to 2:00 pm,Pickleflow Social,Court 3,Not Booked,500,18 Sep 13:30
2026-09-18,Fri,2:00 pm to 2:30 pm,Pickleflow Social,Court 3,Not Booked,500,18 Sep 14:06
2026-09-18,Fri,2:30 pm to 3:00 pm,Pickleflow Social,Court 3,Not Booked,500,18 Sep 14:31
2026-09-18,Fri,3:00 pm to 3:30 pm,Pickleflow Social,Court 3,Not Booked,500,18 Sep 14:31
2026-09-18,Fri,3:30 pm to 4:00 pm,Pickleflow Social,Court 3,Not Booked,500,18 Sep 15:30
2026-09-18,Fri,4:00 pm to 4:30 pm,Pickleflow Social,Court 3,Not Booked,500,18 Sep 16:06
2026-09-18,Fri,4:30 pm to 5:00 pm,Pickleflow Social,Court 3,Not Booked,500,18 Sep 16:30
2026-09-18,Fri,5:00 pm to 5:30 pm,Pickleflow Social,Court 3,Not Booked,500,18 Sep 17:04
2026-09-18,Fri,5:30 pm to 6:00 pm,Pickleflow Social,Court 3,Not Booked,500,18 Sep 17:30
2026-09-18,Fri,6:00 pm to 6:30 pm,Pickleflow Social,Court 3,Not Booked,500,18 Sep 17:30
2026-09-18,Fri,6:30 pm to 7:00 pm,Pickleflow Social,Court 3,Not Booked,500,18 Sep 17:30
2026-09-18,Fri,7:00 am to 7:30 am,Pickleflow Social,Court 3,Not Booked,500,18 Sep 07:29
2026-09-18,Fri,7:00 pm to 7:30 pm,Pickleflow Social,Court 3,Not Booked,500,18 Sep 17:30
2026-09-18,Fri,7:30 am to 8:00 am,Pickleflow Social,Court 3,Not Booked,500,18 Sep 07:29
2026-09-18,Fri,7:30 pm to 8:00 pm,Pickleflow Social,Court 3,Not Booked,500,18 Sep 17:30
2026-09-18,Fri,8:00 am to 8:30 am,Pickleflow Social,Court 3,Not Booked,500,18 Sep 08:29
2026-09-18,Fri,8:00 pm to 8:30 pm,Pickleflow Social,Court 3,Not Booked,500,18 Sep 17:30
2026-09-18,Fri,8:30 am to 9:00 am,Pickleflow Social,Court 3,Not Booked,500,18 Sep 08:29
2026-09-18,Fri,8:30 pm to 9:00 pm,Pickleflow Social,Court 3,Not Booked,500,18 Sep 17:30
2026-09-18,Fri,9:00 am to 9:30 am,Pickleflow Social,Court 3,Not Booked,500,18 Sep 09:04
2026-09-18,Fri,9:00 pm to 9:30 pm,Pickleflow Social,Court 3,Not Booked,500,18 Sep 17:30
2026-09-18,Fri,9:30 am to 10:00 am,Pickleflow Social,Court 3,Not Booked,500,18 Sep 09:04
2026-09-18,Fri,9:30 pm to 10:00 pm,Pickleflow Social,Court 3,Not Booked,500,18 Sep 17:30
2026-09-18,Fri,10:00 am to 11:00 am,Pickleplay 121 | Indoor Arena,Court 1,Not Booked,700,18 Sep 10:31
2026-09-18,Fri,10:00 pm to 11:00 pm,Pickleplay 121 | Indoor Arena,Court 1,Not Booked,700,18 Sep 10:31
2026-09-18,Fri,11:00 am to 12:00 pm,Pickleplay 121 | Indoor Arena,Court 1,Not Booked,700,18 Sep 11:31
2026-09-18,Fri,11:00 pm to 12:00 am,Pickleplay 121 | Indoor Arena,Court 1,Not Booked,700,18 Sep 17:30
2026-09-18,Fri,12:00 am to 1:00 am,Pickleplay 121 | Indoor Arena,Court 1,Not Booked,700,18 Sep 00:34
2026-09-18,Fri,12:00 pm to 1:00 pm,Pickleplay 121 | Indoor Arena,Court 1,Not Booked,700,18 Sep 12:36
2026-09-18,Fri,1:00 am to 2:00 am,Pickleplay 121 | Indoor Arena,Court 1,Not Booked,700,18 Sep 01:28
2026-09-18,Fri,1:00 pm to 2:00 pm,Pickleplay 121 | Indoor Arena,Court 1,Not Booked,700,18 Sep 13:30
2026-09-18,Fri,2:00 pm to 3:00 pm,Pickleplay 121 | Indoor Arena,Court 1,Not Booked,700,18 Sep 14:31
2026-09-18,Fri,3:00 pm to 4:00 pm,Pickleplay 121 | Indoor Arena,Court 1,Not Booked,700,18 Sep 15:30
2026-09-18,Fri,4:00 pm to 5:00 pm,Pickleplay 121 | Indoor Arena,Court 1,Not Booked,700,18 Sep 16:30
2026-09-18,Fri,5:00 pm to 6:00 pm,Pickleplay 121 | Indoor Arena,Court 1,Not Booked,700,18 Sep 17:30
2026-09-18,Fri,6:00 am to 7:00 am,Pickleplay 121 | Indoor Arena,Court 1,Not Booked,700,18 Sep 06:35
2026-09-18,Fri,6:00 pm to 7:00 pm,Pickleplay 121 | Indoor Arena,Court 1,Not Booked,700,18 Sep 17:30
2026-09-18,Fri,7:00 am to 8:00 am,Pickleplay 121 | Indoor Arena,Court 1,Not Booked,700,18 Sep 07:29
2026-09-18,Fri,7:00 pm to 8:00 pm,Pickleplay 121 | Indoor Arena,Court 1,Not Booked,700,18 Sep 17:30
2026-09-18,Fri,8:00 pm to 9:00 pm,Pickleplay 121 | Indoor Arena,Court 1,Not Booked,700,18 Sep 17:30
2026-09-18,Fri,9:00 pm to 10:00 pm,Pickleplay 121 | Indoor Arena,Court 1,Not Booked,700,18 Sep 10:31
2026-09-18,Fri,10:00 am to 11:00 am,Pickleplay 121 | Indoor Arena,Court 2,Not Booked,700,18 Sep 10:31
2026-09-18,Fri,10:00 pm to 11:00 pm,Pickleplay 121 | Indoor Arena,Court 2,Not Booked,700,18 Sep 17:30
2026-09-18,Fri,11:00 am to 12:00 pm,Pickleplay 121 | Indoor Arena,Court 2,Not Booked,700,18 Sep 11:31
2026-09-18,Fri,11:00 pm to 12:00 am,Pickleplay 121 | Indoor Arena,Court 2,Not Booked,700,18 Sep 17:30
2026-09-18,Fri,12:00 am to 1:00 am,Pickleplay 121 | Indoor Arena,Court 2,Not Booked,700,18 Sep 00:34
2026-09-18,Fri,12:00 pm to 1:00 pm,Pickleplay 121 | Indoor Arena,Court 2,Not Booked,700,18 Sep 12:36
2026-09-18,Fri,1:00 am to 2:00 am,Pickleplay 121 | Indoor Arena,Court 2,Not Booked,700,18 Sep 01:28
2026-09-18,Fri,1:00 pm to 2:00 pm,Pickleplay 121 | Indoor Arena,Court 2,Not Booked,700,18 Sep 13:30
2026-09-18,Fri,2:00 pm to 3:00 pm,Pickleplay 121 | Indoor Arena,Court 2,Not Booked,700,18 Sep 14:31
2026-09-18,Fri,3:00 pm to 4:00 pm,Pickleplay 121 | Indoor Arena,Court 2,Not Booked,700,18 Sep 15:30
2026-09-18,Fri,4:00 pm to 5:00 pm,Pickleplay 121 | Indoor Arena,Court 2,Not Booked,700,18 Sep 16:30
2026-09-18,Fri,5:00 pm to 6:00 pm,Pickleplay 121 | Indoor Arena,Court 2,Not Booked,700,18 Sep 17:30
2026-09-18,Fri,6:00 am to 7:00 am,Pickleplay 121 | Indoor Arena,Court 2,Not Booked,700,18 Sep 06:35
2026-09-18,Fri,6:00 pm to 7:00 pm,Pickleplay 121 | Indoor Arena,Court 2,Not Booked,700,18 Sep 17:30
2026-09-18,Fri,7:00 am to 8:00 am,Pickleplay 121 | Indoor Arena,Court 2,Not Booked,700,18 Sep 07:29
2026-09-18,Fri,7:00 pm to 8:00 pm,Pickleplay 121 | Indoor Arena,Court 2,Not Booked,700,18 Sep 17:30
2026-09-18,Fri,8:00 am to 9:00 am,Pickleplay 121 | Indoor Arena,Court 2,Not Booked,700,18 Sep 08:29
2026-09-18,Fri,8:00 pm to 9:00 pm,Pickleplay 121 | Indoor Arena,Court 2,Not Booked,700,18 Sep 17:30
2026-09-18,Fri,9:00 am to 10:00 am,Pickleplay 121 | Indoor Arena,Court 2,Not Booked,700,18 Sep 09:29
2026-09-18,Fri,9:00 pm to 10:00 pm,Pickleplay 121 | Indoor Arena,Court 2,Not Booked,700,18 Sep 17:30
2026-09-18,Fri,10:00 am to 11:00 am,Pickleplay 121 | Indoor Arena,Court 3,Not Booked,700,18 Sep 10:31
2026-09-18,Fri,10:00 pm to 11:00 pm,Pickleplay 121 | Indoor Arena,Court 3,Not Booked,700,18 Sep 17:30
2026-09-18,Fri,11:00 am to 12:00 pm,Pickleplay 121 | Indoor Arena,Court 3,Not Booked,700,18 Sep 11:31
2026-09-18,Fri,11:00 pm to 12:00 am,Pickleplay 121 | Indoor Arena,Court 3,Not Booked,700,18 Sep 17:30
2026-09-18,Fri,12:00 pm to 1:00 pm,Pickleplay 121 | Indoor Arena,Court 3,Not Booked,700,18 Sep 12:36
2026-09-18,Fri,1:00 am to 2:00 am,Pickleplay 121 | Indoor Arena,Court 3,Not Booked,700,18 Sep 01:28
2026-09-18,Fri,1:00 pm to 2:00 pm,Pickleplay 121 | Indoor Arena,Court 3,Not Booked,700,18 Sep 13:30
2026-09-18,Fri,2:00 pm to 3:00 pm,Pickleplay 121 | Indoor Arena,Court 3,Not Booked,700,18 Sep 14:31
2026-09-18,Fri,3:00 pm to 4:00 pm,Pickleplay 121 | Indoor Arena,Court 3,Not Booked,700,18 Sep 15:30
2026-09-18,Fri,4:00 pm to 5:00 pm,Pickleplay 121 | Indoor Arena,Court 3,Not Booked,700,18 Sep 16:30
2026-09-18,Fri,5:00 pm to 6:00 pm,Pickleplay 121 | Indoor Arena,Court 3,Not Booked,700,18 Sep 17:30
2026-09-18,Fri,6:00 am to 7:00 am,Pickleplay 121 | Indoor Arena,Court 3,Not Booked,700,18 Sep 06:35
2026-09-18,Fri,6:00 pm to 7:00 pm,Pickleplay 121 | Indoor Arena,Court 3,Not Booked,700,18 Sep 17:30
2026-09-18,Fri,7:00 am to 8:00 am,Pickleplay 121 | Indoor Arena,Court 3,Not Booked,700,18 Sep 07:29
2026-09-18,Fri,7:00 pm to 8:00 pm,Pickleplay 121 | Indoor Arena,Court 3,Not Booked,700,18 Sep 17:30
2026-09-18,Fri,8:00 am to 9:00 am,Pickleplay 121 | Indoor Arena,Court 3,Not Booked,700,18 Sep 08:29
2026-09-18,Fri,8:00 pm to 9:00 pm,Pickleplay 121 | Indoor Arena,Court 3,Not Booked,700,18 Sep 17:30
2026-09-18,Fri,9:00 am to 10:00 am,Pickleplay 121 | Indoor Arena,Court 3,Not Booked,700,18 Sep 09:29
2026-09-18,Fri,9:00 pm to 10:00 pm,Pickleplay 121 | Indoor Arena,Court 3,Not Booked,700,18 Sep 17:30
2026-09-18,Fri,1:00 pm to 1:30 pm,Pitch Please X TSG Sports Arena,Court 1,Not Booked,600,18 Sep 13:04
2026-09-18,Fri,1:30 pm to 2:00 pm,Pitch Please X TSG Sports Arena,Court 1,Not Booked,600,18 Sep 13:30
2026-09-18,Fri,2:00 pm to 2:30 pm,Pitch Please X TSG Sports Arena,Court 1,Not Booked,600,18 Sep 13:30
2026-09-18,Fri,2:30 pm to 3:00 pm,Pitch Please X TSG Sports Arena,Court 1,Not Booked,600,18 Sep 14:31
2026-09-18,Fri,3:00 pm to 3:30 pm,Pitch Please X TSG Sports Arena,Court 1,Not Booked,600,18 Sep 15:02
2026-09-18,Fri,3:30 pm to 4:00 pm,Pitch Please X TSG Sports Arena,Court 1,Not Booked,600,18 Sep 15:30
2026-09-18,Fri,4:00 pm to 4:30 pm,Pitch Please X TSG Sports Arena,Court 1,Not Booked,600,18 Sep 15:30
2026-09-18,Fri,4:30 pm to 5:00 pm,Pitch Please X TSG Sports Arena,Court 1,Not Booked,600,18 Sep 16:30
2026-09-18,Fri,5:00 pm to 5:30 pm,Pitch Please X TSG Sports Arena,Court 1,Not Booked,600,18 Sep 16:30
2026-09-18,Fri,5:30 pm to 6:00 pm,Pitch Please X TSG Sports Arena,Court 1,Not Booked,600,18 Sep 17:30
2026-09-18,Fri,1:00 pm to 1:30 pm,Pitch Please X TSG Sports Arena,Court 2,Not Booked,600,18 Sep 12:36
2026-09-18,Fri,1:30 pm to 2:00 pm,Pitch Please X TSG Sports Arena,Court 2,Not Booked,600,18 Sep 13:30
2026-09-18,Fri,2:00 pm to 2:30 pm,Pitch Please X TSG Sports Arena,Court 2,Not Booked,600,18 Sep 13:30
2026-09-18,Fri,2:30 pm to 3:00 pm,Pitch Please X TSG Sports Arena,Court 2,Not Booked,600,18 Sep 14:31
2026-09-18,Fri,3:00 pm to 3:30 pm,Pitch Please X TSG Sports Arena,Court 2,Not Booked,600,18 Sep 15:02
2026-09-18,Fri,3:30 pm to 4:00 pm,Pitch Please X TSG Sports Arena,Court 2,Not Booked,600,18 Sep 15:30
2026-09-18,Fri,4:00 pm to 4:30 pm,Pitch Please X TSG Sports Arena,Court 2,Not Booked,600,18 Sep 15:30
2026-09-18,Fri,4:30 pm to 5:00 pm,Pitch Please X TSG Sports Arena,Court 2,Not Booked,600,18 Sep 16:30
2026-09-18,Fri,5:00 pm to 5:30 pm,Pitch Please X TSG Sports Arena,Court 2,Not Booked,600,18 Sep 16:30
2026-09-18,Fri,5:30 pm to 6:00 pm,Pitch Please X TSG Sports Arena,Court 2,Not Booked,600,18 Sep 17:30
2026-09-18,Fri,10:00 pm to 10:30 pm,PlayAll BSIC Noida 46,Court 1,Not Booked,300,18 Sep 16:06
2026-09-18,Fri,10:30 pm to 11:00 pm,PlayAll BSIC Noida 46,Court 1,Not Booked,300,18 Sep 16:06
2026-09-18,Fri,3:00 pm to 3:30 pm,PlayAll BSIC Noida 46,Court 1,Not Booked,150,18 Sep 15:02
2026-09-18,Fri,3:30 pm to 4:00 pm,PlayAll BSIC Noida 46,Court 1,Not Booked,150,18 Sep 15:30
2026-09-18,Fri,4:00 pm to 4:30 pm,PlayAll BSIC Noida 46,Court 1,Not Booked,150,18 Sep 16:06
2026-09-18,Fri,4:30 pm to 5:00 pm,PlayAll BSIC Noida 46,Court 1,Not Booked,150,18 Sep 16:30
2026-09-18,Fri,5:00 pm to 5:30 pm,PlayAll BSIC Noida 46,Court 1,Not Booked,150,18 Sep 12:36
2026-09-18,Fri,5:30 pm to 6:00 pm,PlayAll BSIC Noida 46,Court 1,Not Booked,150,18 Sep 12:36
2026-09-18,Fri,6:00 pm to 6:30 pm,PlayAll BSIC Noida 46,Court 1,Not Booked,200,18 Sep 12:36
2026-09-18,Fri,6:30 pm to 7:00 pm,PlayAll BSIC Noida 46,Court 1,Not Booked,200,18 Sep 12:36
2026-09-18,Fri,7:00 pm to 7:30 pm,PlayAll BSIC Noida 46,Court 1,Not Booked,300,18 Sep 17:30
2026-09-18,Fri,7:30 pm to 8:00 pm,PlayAll BSIC Noida 46,Court 1,Not Booked,300,18 Sep 17:30
2026-09-18,Fri,8:00 pm to 8:30 pm,PlayAll BSIC Noida 46,Court 1,Not Booked,300,18 Sep 17:30
2026-09-18,Fri,8:30 pm to 9:00 pm,PlayAll BSIC Noida 46,Court 1,Not Booked,300,18 Sep 17:30
2026-09-18,Fri,9:00 pm to 9:30 pm,PlayAll BSIC Noida 46,Court 1,Not Booked,300,18 Sep 17:30
2026-09-18,Fri,9:30 pm to 10:00 pm,PlayAll BSIC Noida 46,Court 1,Not Booked,300,18 Sep 16:06
2026-09-18,Fri,10:00 pm to 10:30 pm,PlayAll BSIC Noida 46,Court 2,Not Booked,300,18 Sep 17:30
2026-09-18,Fri,10:30 pm to 11:00 pm,PlayAll BSIC Noida 46,Court 2,Not Booked,300,18 Sep 17:30
2026-09-18,Fri,3:00 pm to 3:30 pm,PlayAll BSIC Noida 46,Court 2,Not Booked,150,18 Sep 15:02
2026-09-18,Fri,3:30 pm to 4:00 pm,PlayAll BSIC Noida 46,Court 2,Not Booked,150,18 Sep 15:30
2026-09-18,Fri,4:00 pm to 4:30 pm,PlayAll BSIC Noida 46,Court 2,Not Booked,150,18 Sep 16:06
2026-09-18,Fri,4:30 pm to 5:00 pm,PlayAll BSIC Noida 46,Court 2,Not Booked,150,18 Sep 16:30
2026-09-18,Fri,5:00 pm to 5:30 pm,PlayAll BSIC Noida 46,Court 2,Not Booked,150,18 Sep 12:36
2026-09-18,Fri,5:30 pm to 6:00 pm,PlayAll BSIC Noida 46,Court 2,Not Booked,150,18 Sep 12:36
2026-09-18,Fri,6:00 pm to 6:30 pm,PlayAll BSIC Noida 46,Court 2,Not Booked,200,18 Sep 12:36
2026-09-18,Fri,6:30 pm to 7:00 pm,PlayAll BSIC Noida 46,Court 2,Not Booked,200,18 Sep 12:36
2026-09-18,Fri,7:00 pm to 7:30 pm,PlayAll BSIC Noida 46,Court 2,Not Booked,300,18 Sep 17:30
2026-09-18,Fri,7:30 pm to 8:00 pm,PlayAll BSIC Noida 46,Court 2,Not Booked,300,18 Sep 17:30
2026-09-18,Fri,8:00 pm to 8:30 pm,PlayAll BSIC Noida 46,Court 2,Not Booked,300,18 Sep 17:30
2026-09-18,Fri,8:30 pm to 9:00 pm,PlayAll BSIC Noida 46,Court 2,Not Booked,300,18 Sep 17:30
2026-09-18,Fri,9:00 pm to 9:30 pm,PlayAll BSIC Noida 46,Court 2,Not Booked,300,18 Sep 17:30
2026-09-18,Fri,9:30 pm to 10:00 pm,PlayAll BSIC Noida 46,Court 2,Not Booked,300,18 Sep 17:30
2026-09-18,Fri,10:00 pm to 10:30 pm,PlayAll BSIC Noida 46,Court 3,Not Booked,300,18 Sep 17:04
2026-09-18,Fri,10:30 pm to 11:00 pm,PlayAll BSIC Noida 46,Court 3,Not Booked,300,18 Sep 17:04
2026-09-18,Fri,3:00 pm to 3:30 pm,PlayAll BSIC Noida 46,Court 3,Not Booked,150,18 Sep 15:02
2026-09-18,Fri,3:30 pm to 4:00 pm,PlayAll BSIC Noida 46,Court 3,Not Booked,150,18 Sep 15:30
2026-09-18,Fri,4:00 pm to 4:30 pm,PlayAll BSIC Noida 46,Court 3,Not Booked,150,18 Sep 16:06
2026-09-18,Fri,4:30 pm to 5:00 pm,PlayAll BSIC Noida 46,Court 3,Not Booked,150,18 Sep 16:30
2026-09-18,Fri,5:00 pm to 5:30 pm,PlayAll BSIC Noida 46,Court 3,Not Booked,150,18 Sep 12:36
2026-09-18,Fri,5:30 pm to 6:00 pm,PlayAll BSIC Noida 46,Court 3,Not Booked,150,18 Sep 12:36
2026-09-18,Fri,6:00 pm to 6:30 pm,PlayAll BSIC Noida 46,Court 3,Not Booked,200,18 Sep 12:36
2026-09-18,Fri,6:30 pm to 7:00 pm,PlayAll BSIC Noida 46,Court 3,Not Booked,200,18 Sep 12:36
2026-09-18,Fri,7:00 pm to 7:30 pm,PlayAll BSIC Noida 46,Court 3,Not Booked,300,18 Sep 17:04
2026-09-18,Fri,7:30 pm to 8:00 pm,PlayAll BSIC Noida 46,Court 3,Not Booked,300,18 Sep 17:04
2026-09-18,Fri,8:00 pm to 8:30 pm,PlayAll BSIC Noida 46,Court 3,Not Booked,300,18 Sep 17:04
2026-09-18,Fri,8:30 pm to 9:00 pm,PlayAll BSIC Noida 46,Court 3,Not Booked,300,18 Sep 17:04
2026-09-18,Fri,9:00 pm to 9:30 pm,PlayAll BSIC Noida 46,Court 3,Not Booked,300,18 Sep 17:04
2026-09-18,Fri,9:30 pm to 10:00 pm,PlayAll BSIC Noida 46,Court 3,Not Booked,300,18 Sep 17:04
2026-09-18,Fri,10:00 pm to 11:00 pm,PlayAll MPS Noida 11,Court 1,Not Booked,200,18 Sep 17:04
2026-09-18,Fri,10:30 pm to 11:30 pm,PlayAll MPS Noida 11,Court 1,Not Booked,200,18 Sep 17:04
2026-09-18,Fri,11:00 pm to 12:00 am,PlayAll MPS Noida 11,Court 1,Not Booked,175,18 Sep 17:04
2026-09-18,Fri,11:30 pm to 12:30 am,PlayAll MPS Noida 11,Court 1,Not Booked,175,18 Sep 17:04
2026-09-18,Fri,3:00 pm to 4:00 pm,PlayAll MPS Noida 11,Court 1,Not Booked,150,18 Sep 15:30
2026-09-18,Fri,3:30 pm to 4:30 pm,PlayAll MPS Noida 11,Court 1,Not Booked,150,18 Sep 16:06
2026-09-18,Fri,4:00 pm to 5:00 pm,PlayAll MPS Noida 11,Court 1,Not Booked,150,18 Sep 16:06
2026-09-18,Fri,4:30 pm to 5:30 pm,PlayAll MPS Noida 11,Court 1,Not Booked,150,18 Sep 17:04
2026-09-18,Fri,5:00 pm to 6:00 pm,PlayAll MPS Noida 11,Court 1,Not Booked,150,18 Sep 17:04
2026-09-18,Fri,5:30 pm to 6:30 pm,PlayAll MPS Noida 11,Court 1,Not Booked,150,18 Sep 17:04
2026-09-18,Fri,6:00 pm to 7:00 pm,PlayAll MPS Noida 11,Court 1,Not Booked,200,18 Sep 17:04
2026-09-18,Fri,6:30 pm to 7:30 pm,PlayAll MPS Noida 11,Court 1,Not Booked,200,18 Sep 17:04
2026-09-18,Fri,7:00 pm to 8:00 pm,PlayAll MPS Noida 11,Court 1,Not Booked,200,18 Sep 17:04
2026-09-18,Fri,7:30 pm to 8:30 pm,PlayAll MPS Noida 11,Court 1,Not Booked,200,18 Sep 17:04
2026-09-18,Fri,8:00 pm to 9:00 pm,PlayAll MPS Noida 11,Court 1,Not Booked,200,18 Sep 17:04
2026-09-18,Fri,8:30 pm to 9:30 pm,PlayAll MPS Noida 11,Court 1,Not Booked,200,18 Sep 17:04
2026-09-18,Fri,9:00 pm to 10:00 pm,PlayAll MPS Noida 11,Court 1,Not Booked,200,18 Sep 17:04
2026-09-18,Fri,9:30 pm to 10:30 pm,PlayAll MPS Noida 11,Court 1,Not Booked,200,18 Sep 17:04
2026-09-18,Fri,10:00 pm to 11:00 pm,PlayAll MPS Noida 11,Court 2,Not Booked,200,18 Sep 17:30
2026-09-18,Fri,10:30 pm to 11:30 pm,PlayAll MPS Noida 11,Court 2,Not Booked,200,18 Sep 17:30
2026-09-18,Fri,11:00 pm to 12:00 am,PlayAll MPS Noida 11,Court 2,Not Booked,175,18 Sep 17:30
2026-09-18,Fri,11:30 pm to 12:30 am,PlayAll MPS Noida 11,Court 2,Not Booked,175,18 Sep 17:30
2026-09-18,Fri,3:00 pm to 4:00 pm,PlayAll MPS Noida 11,Court 2,Not Booked,150,18 Sep 15:30
2026-09-18,Fri,3:30 pm to 4:30 pm,PlayAll MPS Noida 11,Court 2,Not Booked,150,18 Sep 15:30
2026-09-18,Fri,4:00 pm to 5:00 pm,PlayAll MPS Noida 11,Court 2,Not Booked,150,18 Sep 16:30
2026-09-18,Fri,4:30 pm to 5:30 pm,PlayAll MPS Noida 11,Court 2,Not Booked,150,18 Sep 17:04
2026-09-18,Fri,5:00 pm to 6:00 pm,PlayAll MPS Noida 11,Court 2,Not Booked,150,18 Sep 17:30
2026-09-18,Fri,5:30 pm to 6:30 pm,PlayAll MPS Noida 11,Court 2,Not Booked,150,18 Sep 17:30
2026-09-18,Fri,6:00 pm to 7:00 pm,PlayAll MPS Noida 11,Court 2,Not Booked,200,18 Sep 17:30
2026-09-18,Fri,6:30 pm to 7:30 pm,PlayAll MPS Noida 11,Court 2,Not Booked,200,18 Sep 17:30
2026-09-18,Fri,7:00 pm to 8:00 pm,PlayAll MPS Noida 11,Court 2,Not Booked,200,18 Sep 17:30
2026-09-18,Fri,7:30 pm to 8:30 pm,PlayAll MPS Noida 11,Court 2,Not Booked,200,18 Sep 17:30
2026-09-18,Fri,8:00 pm to 9:00 pm,PlayAll MPS Noida 11,Court 2,Not Booked,200,18 Sep 17:30
2026-09-18,Fri,8:30 pm to 9:30 pm,PlayAll MPS Noida 11,Court 2,Not Booked,200,18 Sep 17:30
2026-09-18,Fri,9:00 pm to 10:00 pm,PlayAll MPS Noida 11,Court 2,Not Booked,200,18 Sep 16:30
2026-09-18,Fri,9:30 pm to 10:30 pm,PlayAll MPS Noida 11,Court 2,Not Booked,200,18 Sep 16:30
2026-09-18,Fri,10:00 pm to 11:00 pm,PlayAll MPS Noida 11,Court 3,Not Booked,200,18 Sep 17:30
2026-09-18,Fri,10:30 pm to 11:30 pm,PlayAll MPS Noida 11,Court 3,Not Booked,200,18 Sep 17:30
2026-09-18,Fri,11:00 pm to 12:00 am,PlayAll MPS Noida 11,Court 3,Not Booked,175,18 Sep 17:30
2026-09-18,Fri,11:30 pm to 12:30 am,PlayAll MPS Noida 11,Court 3,Not Booked,175,18 Sep 17:30
2026-09-18,Fri,3:00 pm to 4:00 pm,PlayAll MPS Noida 11,Court 3,Not Booked,150,18 Sep 15:30
2026-09-18,Fri,3:30 pm to 4:30 pm,PlayAll MPS Noida 11,Court 3,Not Booked,150,18 Sep 16:06
2026-09-18,Fri,4:00 pm to 5:00 pm,PlayAll MPS Noida 11,Court 3,Not Booked,150,18 Sep 16:06
2026-09-18,Fri,4:30 pm to 5:30 pm,PlayAll MPS Noida 11,Court 3,Not Booked,150,18 Sep 17:04
2026-09-18,Fri,5:00 pm to 6:00 pm,PlayAll MPS Noida 11,Court 3,Not Booked,150,18 Sep 17:30
2026-09-18,Fri,5:30 pm to 6:30 pm,PlayAll MPS Noida 11,Court 3,Not Booked,150,18 Sep 17:30
2026-09-18,Fri,6:00 pm to 7:00 pm,PlayAll MPS Noida 11,Court 3,Not Booked,200,18 Sep 17:30
2026-09-18,Fri,6:30 pm to 7:30 pm,PlayAll MPS Noida 11,Court 3,Not Booked,200,18 Sep 17:30
2026-09-18,Fri,7:00 pm to 8:00 pm,PlayAll MPS Noida 11,Court 3,Not Booked,200,18 Sep 17:30
2026-09-18,Fri,7:30 pm to 8:30 pm,PlayAll MPS Noida 11,Court 3,Not Booked,200,18 Sep 17:30
2026-09-18,Fri,8:00 pm to 9:00 pm,PlayAll MPS Noida 11,Court 3,Not Booked,200,18 Sep 17:30
2026-09-18,Fri,8:30 pm to 9:30 pm,PlayAll MPS Noida 11,Court 3,Not Booked,200,18 Sep 17:30
2026-09-18,Fri,9:00 pm to 10:00 pm,PlayAll MPS Noida 11,Court 3,Not Booked,200,18 Sep 17:30
2026-09-18,Fri,9:30 pm to 10:30 pm,PlayAll MPS Noida 11,Court 3,Not Booked,200,18 Sep 17:30
2026-09-18,Fri,10:00 pm to 11:00 pm,PlayAll Noida 105,Court 1,Not Booked,300,18 Sep 17:30
2026-09-18,Fri,10:30 pm to 11:30 pm,PlayAll Noida 105,Court 1,Not Booked,300,18 Sep 17:30
2026-09-18,Fri,11:00 pm to 12:00 am,PlayAll Noida 105,Court 1,Not Booked,300,18 Sep 17:30
2026-09-18,Fri,11:30 pm to 12:30 am,PlayAll Noida 105,Court 1,Not Booked,300,18 Sep 17:30
2026-09-18,Fri,2:30 pm to 3:30 pm,PlayAll Noida 105,Court 1,Not Booked,150,18 Sep 13:04
2026-09-18,Fri,3:00 pm to 4:00 pm,PlayAll Noida 105,Court 1,Not Booked,150,18 Sep 13:04
2026-09-18,Fri,3:30 pm to 4:30 pm,PlayAll Noida 105,Court 1,Not Booked,150,18 Sep 16:06
2026-09-18,Fri,4:00 pm to 5:00 pm,PlayAll Noida 105,Court 1,Not Booked,150,18 Sep 16:06
2026-09-18,Fri,4:30 pm to 5:30 pm,PlayAll Noida 105,Court 1,Not Booked,150,18 Sep 16:06
2026-09-18,Fri,5:00 pm to 6:00 pm,PlayAll Noida 105,Court 1,Not Booked,150,18 Sep 17:30
2026-09-18,Fri,5:30 pm to 6:30 pm,PlayAll Noida 105,Court 1,Not Booked,150,18 Sep 17:30
2026-09-18,Fri,6:00 pm to 7:00 pm,PlayAll Noida 105,Court 1,Not Booked,200,18 Sep 16:06
2026-09-18,Fri,6:30 pm to 7:30 pm,PlayAll Noida 105,Court 1,Not Booked,200,18 Sep 16:06
2026-09-18,Fri,7:00 pm to 8:00 pm,PlayAll Noida 105,Court 1,Not Booked,300,18 Sep 17:30
2026-09-18,Fri,7:30 pm to 8:30 pm,PlayAll Noida 105,Court 1,Not Booked,300,18 Sep 17:30
2026-09-18,Fri,8:00 pm to 9:00 pm,PlayAll Noida 105,Court 1,Not Booked,300,18 Sep 17:30
2026-09-18,Fri,8:30 pm to 9:30 pm,PlayAll Noida 105,Court 1,Not Booked,300,18 Sep 17:30
2026-09-18,Fri,9:00 pm to 10:00 pm,PlayAll Noida 105,Court 1,Not Booked,300,18 Sep 17:30
2026-09-18,Fri,9:30 pm to 10:30 pm,PlayAll Noida 105,Court 1,Not Booked,300,18 Sep 17:30
2026-09-18,Fri,10:00 pm to 11:00 pm,PlayAll Noida 105,Court 2,Not Booked,300,18 Sep 17:30
2026-09-18,Fri,10:30 pm to 11:30 pm,PlayAll Noida 105,Court 2,Not Booked,300,18 Sep 17:30
2026-09-18,Fri,11:00 pm to 12:00 am,PlayAll Noida 105,Court 2,Not Booked,300,18 Sep 17:30
2026-09-18,Fri,11:30 pm to 12:30 am,PlayAll Noida 105,Court 2,Not Booked,300,18 Sep 17:30
2026-09-18,Fri,2:30 pm to 3:30 pm,PlayAll Noida 105,Court 2,Not Booked,150,18 Sep 15:02
2026-09-18,Fri,3:00 pm to 4:00 pm,PlayAll Noida 105,Court 2,Not Booked,150,18 Sep 15:30
2026-09-18,Fri,3:30 pm to 4:30 pm,PlayAll Noida 105,Court 2,Not Booked,150,18 Sep 16:06
2026-09-18,Fri,4:00 pm to 5:00 pm,PlayAll Noida 105,Court 2,Not Booked,150,18 Sep 16:30
2026-09-18,Fri,4:30 pm to 5:30 pm,PlayAll Noida 105,Court 2,Not Booked,150,18 Sep 17:04
2026-09-18,Fri,5:00 pm to 6:00 pm,PlayAll Noida 105,Court 2,Not Booked,150,18 Sep 17:30
2026-09-18,Fri,5:30 pm to 6:30 pm,PlayAll Noida 105,Court 2,Not Booked,150,18 Sep 17:30
2026-09-18,Fri,6:00 pm to 7:00 pm,PlayAll Noida 105,Court 2,Not Booked,200,18 Sep 17:30
2026-09-18,Fri,6:30 pm to 7:30 pm,PlayAll Noida 105,Court 2,Not Booked,200,18 Sep 17:30
2026-09-18,Fri,7:00 pm to 8:00 pm,PlayAll Noida 105,Court 2,Not Booked,300,18 Sep 17:30
2026-09-18,Fri,7:30 pm to 8:30 pm,PlayAll Noida 105,Court 2,Not Booked,300,18 Sep 17:30
2026-09-18,Fri,8:00 pm to 9:00 pm,PlayAll Noida 105,Court 2,Not Booked,300,18 Sep 17:30
2026-09-18,Fri,8:30 pm to 9:30 pm,PlayAll Noida 105,Court 2,Not Booked,300,18 Sep 17:30
2026-09-18,Fri,9:00 pm to 10:00 pm,PlayAll Noida 105,Court 2,Not Booked,300,18 Sep 17:30
2026-09-18,Fri,9:30 pm to 10:30 pm,PlayAll Noida 105,Court 2,Not Booked,300,18 Sep 17:30
2026-09-18,Fri,10:30 pm to 11:30 pm,PlayAll Noida 105,Court 3,Not Booked,300,18 Sep 17:30
2026-09-18,Fri,11:00 pm to 12:00 am,PlayAll Noida 105,Court 3,Not Booked,300,18 Sep 17:30
2026-09-18,Fri,11:30 pm to 12:30 am,PlayAll Noida 105,Court 3,Not Booked,300,18 Sep 17:30
2026-09-18,Fri,2:30 pm to 3:30 pm,PlayAll Noida 105,Court 3,Not Booked,150,18 Sep 15:02
2026-09-18,Fri,3:00 pm to 4:00 pm,PlayAll Noida 105,Court 3,Not Booked,150,18 Sep 15:30
2026-09-18,Fri,3:30 pm to 4:30 pm,PlayAll Noida 105,Court 3,Not Booked,150,18 Sep 16:06
2026-09-18,Fri,4:00 pm to 5:00 pm,PlayAll Noida 105,Court 3,Not Booked,150,18 Sep 16:30
2026-09-18,Fri,4:30 pm to 5:30 pm,PlayAll Noida 105,Court 3,Not Booked,150,18 Sep 17:04
2026-09-18,Fri,5:00 pm to 6:00 pm,PlayAll Noida 105,Court 3,Not Booked,150,18 Sep 17:30
2026-09-18,Fri,5:30 pm to 6:30 pm,PlayAll Noida 105,Court 3,Not Booked,150,18 Sep 17:30
2026-09-18,Fri,6:00 pm to 7:00 pm,PlayAll Noida 105,Court 3,Not Booked,200,18 Sep 17:30
2026-09-18,Fri,6:30 pm to 7:30 pm,PlayAll Noida 105,Court 3,Not Booked,200,18 Sep 17:30
2026-09-18,Fri,7:00 pm to 8:00 pm,PlayAll Noida 105,Court 3,Not Booked,300,18 Sep 17:30
2026-09-18,Fri,7:30 pm to 8:30 pm,PlayAll Noida 105,Court 3,Not Booked,300,18 Sep 17:30
2026-09-18,Fri,8:00 pm to 9:00 pm,PlayAll Noida 105,Court 3,Not Booked,300,18 Sep 17:30
2026-09-18,Fri,8:30 pm to 9:30 pm,PlayAll Noida 105,Court 3,Not Booked,300,18 Sep 17:30
2026-09-18,Fri,9:00 pm to 10:00 pm,PlayAll Noida 105,Court 3,Not Booked,300,18 Sep 17:30
2026-09-18,Fri,10:00 am to 11:00 am,PlayAll Noida 73,Court 1,Not Booked,150,18 Sep 10:31
2026-09-18,Fri,10:00 pm to 11:00 pm,PlayAll Noida 73,Court 1,Not Booked,250,18 Sep 17:30
2026-09-18,Fri,10:30 am to 11:30 am,PlayAll Noida 73,Court 1,Not Booked,150,18 Sep 11:03
2026-09-18,Fri,10:30 pm to 11:30 pm,PlayAll Noida 73,Court 1,Not Booked,250,18 Sep 17:30
2026-09-18,Fri,11:00 am to 12:00 pm,PlayAll Noida 73,Court 1,Not Booked,150,18 Sep 11:31
2026-09-18,Fri,11:00 pm to 12:00 am,PlayAll Noida 73,Court 1,Not Booked,200,18 Sep 17:30
2026-09-18,Fri,11:30 am to 12:30 pm,PlayAll Noida 73,Court 1,Not Booked,150,18 Sep 11:31
2026-09-18,Fri,11:30 pm to 12:30 am,PlayAll Noida 73,Court 1,Not Booked,200,18 Sep 17:30
2026-09-18,Fri,12:00 pm to 1:00 pm,PlayAll Noida 73,Court 1,Not Booked,150,18 Sep 12:36
2026-09-18,Fri,12:30 pm to 1:30 pm,PlayAll Noida 73,Court 1,Not Booked,150,18 Sep 13:04
2026-09-18,Fri,1:00 pm to 2:00 pm,PlayAll Noida 73,Court 1,Not Booked,150,18 Sep 13:04
2026-09-18,Fri,1:30 pm to 2:30 pm,PlayAll Noida 73,Court 1,Not Booked,150,18 Sep 14:06
2026-09-18,Fri,2:00 pm to 3:00 pm,PlayAll Noida 73,Court 1,Not Booked,150,18 Sep 14:31
2026-09-18,Fri,2:30 pm to 3:30 pm,PlayAll Noida 73,Court 1,Not Booked,150,18 Sep 14:31
2026-09-18,Fri,3:00 pm to 4:00 pm,PlayAll Noida 73,Court 1,Not Booked,150,18 Sep 15:30
2026-09-18,Fri,3:30 pm to 4:30 pm,PlayAll Noida 73,Court 1,Not Booked,150,18 Sep 16:06
2026-09-18,Fri,4:00 pm to 5:00 pm,PlayAll Noida 73,Court 1,Not Booked,150,18 Sep 16:30
2026-09-18,Fri,4:30 pm to 5:30 pm,PlayAll Noida 73,Court 1,Not Booked,150,18 Sep 17:04
2026-09-18,Fri,5:00 am to 6:00 am,PlayAll Noida 73,Court 1,Not Booked,100,18 Sep 04:28
2026-09-18,Fri,5:00 pm to 6:00 pm,PlayAll Noida 73,Court 1,Not Booked,150,18 Sep 17:30
2026-09-18,Fri,5:30 am to 6:30 am,PlayAll Noida 73,Court 1,Not Booked,100,18 Sep 04:28
2026-09-18,Fri,5:30 pm to 6:30 pm,PlayAll Noida 73,Court 1,Not Booked,150,18 Sep 17:30
2026-09-18,Fri,6:00 am to 7:00 am,PlayAll Noida 73,Court 1,Not Booked,150,18 Sep 06:12
2026-09-18,Fri,6:00 pm to 7:00 pm,PlayAll Noida 73,Court 1,Not Booked,250,18 Sep 17:30
2026-09-18,Fri,6:30 am to 7:30 am,PlayAll Noida 73,Court 1,Not Booked,150,18 Sep 07:04
2026-09-18,Fri,6:30 pm to 7:30 pm,PlayAll Noida 73,Court 1,Not Booked,250,18 Sep 17:30
2026-09-18,Fri,7:00 am to 8:00 am,PlayAll Noida 73,Court 1,Not Booked,150,18 Sep 07:29
2026-09-18,Fri,7:00 pm to 8:00 pm,PlayAll Noida 73,Court 1,Not Booked,250,18 Sep 17:30
2026-09-18,Fri,7:30 am to 8:30 am,PlayAll Noida 73,Court 1,Not Booked,150,18 Sep 07:29
2026-09-18,Fri,7:30 pm to 8:30 pm,PlayAll Noida 73,Court 1,Not Booked,250,18 Sep 17:30
2026-09-18,Fri,8:00 am to 9:00 am,PlayAll Noida 73,Court 1,Not Booked,150,18 Sep 08:29
2026-09-18,Fri,8:00 pm to 9:00 pm,PlayAll Noida 73,Court 1,Not Booked,250,18 Sep 17:30
2026-09-18,Fri,8:30 am to 9:30 am,PlayAll Noida 73,Court 1,Not Booked,150,18 Sep 09:04
2026-09-18,Fri,8:30 pm to 9:30 pm,PlayAll Noida 73,Court 1,Not Booked,250,18 Sep 17:30
2026-09-18,Fri,9:00 am to 10:00 am,PlayAll Noida 73,Court 1,Not Booked,150,18 Sep 09:29
2026-09-18,Fri,9:00 pm to 10:00 pm,PlayAll Noida 73,Court 1,Not Booked,250,18 Sep 17:30
2026-09-18,Fri,9:30 am to 10:30 am,PlayAll Noida 73,Court 1,Not Booked,150,18 Sep 10:04
2026-09-18,Fri,9:30 pm to 10:30 pm,PlayAll Noida 73,Court 1,Not Booked,250,18 Sep 17:30
2026-09-18,Fri,10:00 am to 11:00 am,PlayAll Noida 73,Court 2,Not Booked,150,18 Sep 10:31
2026-09-18,Fri,10:00 pm to 11:00 pm,PlayAll Noida 73,Court 2,Not Booked,250,18 Sep 17:30
2026-09-18,Fri,10:30 am to 11:30 am,PlayAll Noida 73,Court 2,Not Booked,150,18 Sep 11:03
2026-09-18,Fri,10:30 pm to 11:30 pm,PlayAll Noida 73,Court 2,Not Booked,250,18 Sep 17:30
2026-09-18,Fri,11:00 am to 12:00 pm,PlayAll Noida 73,Court 2,Not Booked,150,18 Sep 11:31
2026-09-18,Fri,11:00 pm to 12:00 am,PlayAll Noida 73,Court 2,Not Booked,200,18 Sep 15:30
2026-09-18,Fri,11:30 am to 12:30 pm,PlayAll Noida 73,Court 2,Not Booked,150,18 Sep 11:31
2026-09-18,Fri,11:30 pm to 12:30 am,PlayAll Noida 73,Court 2,Not Booked,200,18 Sep 15:30
2026-09-18,Fri,12:00 pm to 1:00 pm,PlayAll Noida 73,Court 2,Not Booked,150,18 Sep 11:31
2026-09-18,Fri,12:30 pm to 1:30 pm,PlayAll Noida 73,Court 2,Not Booked,150,18 Sep 13:04
2026-09-18,Fri,1:00 pm to 2:00 pm,PlayAll Noida 73,Court 2,Not Booked,150,18 Sep 13:30
2026-09-18,Fri,1:30 pm to 2:30 pm,PlayAll Noida 73,Court 2,Not Booked,150,18 Sep 14:06
2026-09-18,Fri,2:00 pm to 3:00 pm,PlayAll Noida 73,Court 2,Not Booked,150,18 Sep 14:06
2026-09-18,Fri,2:30 pm to 3:30 pm,PlayAll Noida 73,Court 2,Not Booked,150,18 Sep 15:02
2026-09-18,Fri,3:00 pm to 4:00 pm,PlayAll Noida 73,Court 2,Not Booked,150,18 Sep 15:30
2026-09-18,Fri,3:30 pm to 4:30 pm,PlayAll Noida 73,Court 2,Not Booked,150,18 Sep 15:30
2026-09-18,Fri,4:00 pm to 5:00 pm,PlayAll Noida 73,Court 2,Not Booked,150,18 Sep 15:30
2026-09-18,Fri,4:30 pm to 5:30 pm,PlayAll Noida 73,Court 2,Not Booked,150,18 Sep 17:04
2026-09-18,Fri,5:00 am to 6:00 am,PlayAll Noida 73,Court 2,Not Booked,100,18 Sep 05:29
2026-09-18,Fri,5:00 pm to 6:00 pm,PlayAll Noida 73,Court 2,Not Booked,150,18 Sep 17:30
2026-09-18,Fri,5:30 am to 6:30 am,PlayAll Noida 73,Court 2,Not Booked,100,18 Sep 05:29
2026-09-18,Fri,5:30 pm to 6:30 pm,PlayAll Noida 73,Court 2,Not Booked,150,18 Sep 17:30
2026-09-18,Fri,6:00 am to 7:00 am,PlayAll Noida 73,Court 2,Not Booked,150,18 Sep 06:35
2026-09-18,Fri,6:00 pm to 7:00 pm,PlayAll Noida 73,Court 2,Not Booked,250,18 Sep 17:30
2026-09-18,Fri,6:30 am to 7:30 am,PlayAll Noida 73,Court 2,Not Booked,150,18 Sep 06:35
2026-09-18,Fri,6:30 pm to 7:30 pm,PlayAll Noida 73,Court 2,Not Booked,250,18 Sep 17:30
2026-09-18,Fri,7:00 am to 8:00 am,PlayAll Noida 73,Court 2,Not Booked,150,18 Sep 07:29
2026-09-18,Fri,7:00 pm to 8:00 pm,PlayAll Noida 73,Court 2,Not Booked,250,18 Sep 17:30
2026-09-18,Fri,7:30 am to 8:30 am,PlayAll Noida 73,Court 2,Not Booked,150,18 Sep 08:04
2026-09-18,Fri,7:30 pm to 8:30 pm,PlayAll Noida 73,Court 2,Not Booked,250,18 Sep 17:30
2026-09-18,Fri,8:00 am to 9:00 am,PlayAll Noida 73,Court 2,Not Booked,150,18 Sep 08:29
2026-09-18,Fri,8:00 pm to 9:00 pm,PlayAll Noida 73,Court 2,Not Booked,250,18 Sep 17:30
2026-09-18,Fri,8:30 am to 9:30 am,PlayAll Noida 73,Court 2,Not Booked,150,18 Sep 09:04
2026-09-18,Fri,8:30 pm to 9:30 pm,PlayAll Noida 73,Court 2,Not Booked,250,18 Sep 17:30
2026-09-18,Fri,9:00 am to 10:00 am,PlayAll Noida 73,Court 2,Not Booked,150,18 Sep 09:29
2026-09-18,Fri,9:00 pm to 10:00 pm,PlayAll Noida 73,Court 2,Not Booked,250,18 Sep 17:30
2026-09-18,Fri,9:30 am to 10:30 am,PlayAll Noida 73,Court 2,Not Booked,150,18 Sep 10:04
2026-09-18,Fri,9:30 pm to 10:30 pm,PlayAll Noida 73,Court 2,Not Booked,250,18 Sep 17:30
2026-09-18,Fri,10:00 am to 11:00 am,PlayAll Noida 73,Court 3,Not Booked,150,18 Sep 10:04
2026-09-18,Fri,10:00 pm to 11:00 pm,PlayAll Noida 73,Court 3,Not Booked,250,18 Sep 17:30
2026-09-18,Fri,10:30 am to 11:30 am,PlayAll Noida 73,Court 3,Not Booked,150,18 Sep 11:03
2026-09-18,Fri,10:30 pm to 11:30 pm,PlayAll Noida 73,Court 3,Not Booked,250,18 Sep 17:30
2026-09-18,Fri,11:00 am to 12:00 pm,PlayAll Noida 73,Court 3,Not Booked,150,18 Sep 11:31
2026-09-18,Fri,11:00 pm to 12:00 am,PlayAll Noida 73,Court 3,Not Booked,200,18 Sep 17:30
2026-09-18,Fri,11:30 am to 12:30 pm,PlayAll Noida 73,Court 3,Not Booked,150,18 Sep 11:31
2026-09-18,Fri,11:30 pm to 12:30 am,PlayAll Noida 73,Court 3,Not Booked,200,18 Sep 17:30
2026-09-18,Fri,12:00 pm to 1:00 pm,PlayAll Noida 73,Court 3,Not Booked,150,18 Sep 12:09
2026-09-18,Fri,12:30 pm to 1:30 pm,PlayAll Noida 73,Court 3,Not Booked,150,18 Sep 13:04
2026-09-18,Fri,1:00 pm to 2:00 pm,PlayAll Noida 73,Court 3,Not Booked,150,18 Sep 13:30
2026-09-18,Fri,1:30 pm to 2:30 pm,PlayAll Noida 73,Court 3,Not Booked,150,18 Sep 14:06
2026-09-18,Fri,2:00 pm to 3:00 pm,PlayAll Noida 73,Court 3,Not Booked,150,18 Sep 14:31
2026-09-18,Fri,2:30 pm to 3:30 pm,PlayAll Noida 73,Court 3,Not Booked,150,18 Sep 14:31
2026-09-18,Fri,3:00 pm to 4:00 pm,PlayAll Noida 73,Court 3,Not Booked,150,18 Sep 15:30
2026-09-18,Fri,3:30 pm to 4:30 pm,PlayAll Noida 73,Court 3,Not Booked,150,18 Sep 15:30
2026-09-18,Fri,4:00 pm to 5:00 pm,PlayAll Noida 73,Court 3,Not Booked,150,18 Sep 16:30
2026-09-18,Fri,4:30 pm to 5:30 pm,PlayAll Noida 73,Court 3,Not Booked,150,18 Sep 17:04
2026-09-18,Fri,5:00 am to 6:00 am,PlayAll Noida 73,Court 3,Not Booked,100,18 Sep 05:29
2026-09-18,Fri,5:00 pm to 6:00 pm,PlayAll Noida 73,Court 3,Not Booked,150,18 Sep 17:30
2026-09-18,Fri,5:30 am to 6:30 am,PlayAll Noida 73,Court 3,Not Booked,100,18 Sep 05:29
2026-09-18,Fri,5:30 pm to 6:30 pm,PlayAll Noida 73,Court 3,Not Booked,150,18 Sep 17:30
2026-09-18,Fri,6:00 am to 7:00 am,PlayAll Noida 73,Court 3,Not Booked,150,18 Sep 06:12
2026-09-18,Fri,6:00 pm to 7:00 pm,PlayAll Noida 73,Court 3,Not Booked,250,18 Sep 17:30
2026-09-18,Fri,6:30 am to 7:30 am,PlayAll Noida 73,Court 3,Not Booked,150,18 Sep 06:35
2026-09-18,Fri,6:30 pm to 7:30 pm,PlayAll Noida 73,Court 3,Not Booked,250,18 Sep 17:30
2026-09-18,Fri,7:00 am to 8:00 am,PlayAll Noida 73,Court 3,Not Booked,150,18 Sep 07:29
2026-09-18,Fri,7:00 pm to 8:00 pm,PlayAll Noida 73,Court 3,Not Booked,250,18 Sep 17:30
2026-09-18,Fri,7:30 am to 8:30 am,PlayAll Noida 73,Court 3,Not Booked,150,18 Sep 07:29
2026-09-18,Fri,7:30 pm to 8:30 pm,PlayAll Noida 73,Court 3,Not Booked,250,18 Sep 17:30
2026-09-18,Fri,8:00 am to 9:00 am,PlayAll Noida 73,Court 3,Not Booked,150,18 Sep 07:29
2026-09-18,Fri,8:00 pm to 9:00 pm,PlayAll Noida 73,Court 3,Not Booked,250,18 Sep 17:30
2026-09-18,Fri,8:30 am to 9:30 am,PlayAll Noida 73,Court 3,Not Booked,150,18 Sep 09:04
2026-09-18,Fri,8:30 pm to 9:30 pm,PlayAll Noida 73,Court 3,Not Booked,250,18 Sep 17:30
2026-09-18,Fri,9:00 am to 10:00 am,PlayAll Noida 73,Court 3,Not Booked,150,18 Sep 09:29
2026-09-18,Fri,9:00 pm to 10:00 pm,PlayAll Noida 73,Court 3,Not Booked,250,18 Sep 17:30
2026-09-18,Fri,9:30 am to 10:30 am,PlayAll Noida 73,Court 3,Not Booked,150,18 Sep 10:04
2026-09-18,Fri,9:30 pm to 10:30 pm,PlayAll Noida 73,Court 3,Not Booked,250,18 Sep 17:30
2026-09-18,Fri,10:00 am to 10:30 am,PlayLife | Sector 163,Pickleball Court 1,Not Booked,200,18 Sep 10:04
2026-09-18,Fri,10:00 pm to 10:30 pm,PlayLife | Sector 163,Pickleball Court 1,Not Booked,200,18 Sep 17:04
2026-09-18,Fri,10:30 am to 11:00 am,PlayLife | Sector 163,Pickleball Court 1,Not Booked,200,18 Sep 10:31
2026-09-18,Fri,10:30 pm to 11:00 pm,PlayLife | Sector 163,Pickleball Court 1,Not Booked,200,18 Sep 17:04
2026-09-18,Fri,11:00 am to 11:30 am,PlayLife | Sector 163,Pickleball Court 1,Not Booked,200,18 Sep 11:03
2026-09-18,Fri,11:30 am to 12:00 pm,PlayLife | Sector 163,Pickleball Court 1,Not Booked,200,18 Sep 11:31
2026-09-18,Fri,12:00 pm to 12:30 pm,PlayLife | Sector 163,Pickleball Court 1,Not Booked,200,18 Sep 12:09
2026-09-18,Fri,12:30 pm to 1:00 pm,PlayLife | Sector 163,Pickleball Court 1,Not Booked,200,18 Sep 12:36
2026-09-18,Fri,1:00 pm to 1:30 pm,PlayLife | Sector 163,Pickleball Court 1,Not Booked,200,18 Sep 13:04
2026-09-18,Fri,1:30 pm to 2:00 pm,PlayLife | Sector 163,Pickleball Court 1,Not Booked,200,18 Sep 13:30
2026-09-18,Fri,2:00 pm to 2:30 pm,PlayLife | Sector 163,Pickleball Court 1,Not Booked,200,18 Sep 14:06
2026-09-18,Fri,2:30 pm to 3:00 pm,PlayLife | Sector 163,Pickleball Court 1,Not Booked,200,18 Sep 14:31
2026-09-18,Fri,3:00 pm to 3:30 pm,PlayLife | Sector 163,Pickleball Court 1,Not Booked,200,18 Sep 15:02
2026-09-18,Fri,3:30 pm to 4:00 pm,PlayLife | Sector 163,Pickleball Court 1,Not Booked,200,18 Sep 15:30
2026-09-18,Fri,4:00 pm to 4:30 pm,PlayLife | Sector 163,Pickleball Court 1,Not Booked,200,18 Sep 16:06
2026-09-18,Fri,4:30 pm to 5:00 pm,PlayLife | Sector 163,Pickleball Court 1,Not Booked,200,18 Sep 16:30
2026-09-18,Fri,5:00 pm to 5:30 pm,PlayLife | Sector 163,Pickleball Court 1,Not Booked,200,18 Sep 17:04
2026-09-18,Fri,5:30 pm to 6:00 pm,PlayLife | Sector 163,Pickleball Court 1,Not Booked,200,18 Sep 17:04
2026-09-18,Fri,6:00 am to 6:30 am,PlayLife | Sector 163,Pickleball Court 1,Not Booked,200,18 Sep 06:12
2026-09-18,Fri,6:00 pm to 6:30 pm,PlayLife | Sector 163,Pickleball Court 1,Not Booked,200,18 Sep 17:04
2026-09-18,Fri,6:30 am to 7:00 am,PlayLife | Sector 163,Pickleball Court 1,Not Booked,200,18 Sep 06:35
2026-09-18,Fri,6:30 pm to 7:00 pm,PlayLife | Sector 163,Pickleball Court 1,Not Booked,200,18 Sep 17:04
2026-09-18,Fri,7:00 am to 7:30 am,PlayLife | Sector 163,Pickleball Court 1,Not Booked,200,18 Sep 07:04
2026-09-18,Fri,7:00 pm to 7:30 pm,PlayLife | Sector 163,Pickleball Court 1,Not Booked,200,18 Sep 17:04
2026-09-18,Fri,7:30 am to 8:00 am,PlayLife | Sector 163,Pickleball Court 1,Not Booked,200,18 Sep 07:04
2026-09-18,Fri,7:30 pm to 8:00 pm,PlayLife | Sector 163,Pickleball Court 1,Not Booked,200,18 Sep 17:04
2026-09-18,Fri,8:00 am to 8:30 am,PlayLife | Sector 163,Pickleball Court 1,Not Booked,200,18 Sep 08:29
2026-09-18,Fri,8:00 pm to 8:30 pm,PlayLife | Sector 163,Pickleball Court 1,Not Booked,200,18 Sep 17:04
2026-09-18,Fri,8:30 am to 9:00 am,PlayLife | Sector 163,Pickleball Court 1,Not Booked,200,18 Sep 08:29
2026-09-18,Fri,8:30 pm to 9:00 pm,PlayLife | Sector 163,Pickleball Court 1,Not Booked,200,18 Sep 17:04
2026-09-18,Fri,9:00 am to 9:30 am,PlayLife | Sector 163,Pickleball Court 1,Not Booked,200,18 Sep 09:29
2026-09-18,Fri,9:00 pm to 9:30 pm,PlayLife | Sector 163,Pickleball Court 1,Not Booked,200,18 Sep 17:04
2026-09-18,Fri,9:30 am to 10:00 am,PlayLife | Sector 163,Pickleball Court 1,Not Booked,200,18 Sep 09:29
2026-09-18,Fri,9:30 pm to 10:00 pm,PlayLife | Sector 163,Pickleball Court 1,Not Booked,200,18 Sep 17:04
2026-09-18,Fri,10:00 am to 10:30 am,PlayLife | Sector 163,Pickleball Court 2,Not Booked,200,18 Sep 10:04
2026-09-18,Fri,10:00 pm to 10:30 pm,PlayLife | Sector 163,Pickleball Court 2,Not Booked,200,18 Sep 17:30
2026-09-18,Fri,10:30 am to 11:00 am,PlayLife | Sector 163,Pickleball Court 2,Not Booked,200,18 Sep 10:31
2026-09-18,Fri,10:30 pm to 11:00 pm,PlayLife | Sector 163,Pickleball Court 2,Not Booked,200,18 Sep 17:30
2026-09-18,Fri,11:00 am to 11:30 am,PlayLife | Sector 163,Pickleball Court 2,Not Booked,200,18 Sep 11:03
2026-09-18,Fri,11:30 am to 12:00 pm,PlayLife | Sector 163,Pickleball Court 2,Not Booked,200,18 Sep 11:31
2026-09-18,Fri,12:00 pm to 12:30 pm,PlayLife | Sector 163,Pickleball Court 2,Not Booked,200,18 Sep 12:09
2026-09-18,Fri,12:30 pm to 1:00 pm,PlayLife | Sector 163,Pickleball Court 2,Not Booked,200,18 Sep 12:36
2026-09-18,Fri,1:00 pm to 1:30 pm,PlayLife | Sector 163,Pickleball Court 2,Not Booked,200,18 Sep 13:04
2026-09-18,Fri,1:30 pm to 2:00 pm,PlayLife | Sector 163,Pickleball Court 2,Not Booked,200,18 Sep 13:30
2026-09-18,Fri,2:00 pm to 2:30 pm,PlayLife | Sector 163,Pickleball Court 2,Not Booked,200,18 Sep 14:06
2026-09-18,Fri,2:30 pm to 3:00 pm,PlayLife | Sector 163,Pickleball Court 2,Not Booked,200,18 Sep 14:31
2026-09-18,Fri,3:00 pm to 3:30 pm,PlayLife | Sector 163,Pickleball Court 2,Not Booked,200,18 Sep 15:02
2026-09-18,Fri,3:30 pm to 4:00 pm,PlayLife | Sector 163,Pickleball Court 2,Not Booked,200,18 Sep 15:30
2026-09-18,Fri,4:00 pm to 4:30 pm,PlayLife | Sector 163,Pickleball Court 2,Not Booked,200,18 Sep 16:06
2026-09-18,Fri,4:30 pm to 5:00 pm,PlayLife | Sector 163,Pickleball Court 2,Not Booked,200,18 Sep 16:30
2026-09-18,Fri,5:00 pm to 5:30 pm,PlayLife | Sector 163,Pickleball Court 2,Not Booked,200,18 Sep 17:04
2026-09-18,Fri,5:30 pm to 6:00 pm,PlayLife | Sector 163,Pickleball Court 2,Not Booked,200,18 Sep 17:30
2026-09-18,Fri,6:00 am to 6:30 am,PlayLife | Sector 163,Pickleball Court 2,Not Booked,200,18 Sep 06:12
2026-09-18,Fri,6:00 pm to 6:30 pm,PlayLife | Sector 163,Pickleball Court 2,Not Booked,200,18 Sep 17:30
2026-09-18,Fri,6:30 am to 7:00 am,PlayLife | Sector 163,Pickleball Court 2,Not Booked,200,18 Sep 06:35
2026-09-18,Fri,6:30 pm to 7:00 pm,PlayLife | Sector 163,Pickleball Court 2,Not Booked,200,18 Sep 17:30
2026-09-18,Fri,7:00 am to 7:30 am,PlayLife | Sector 163,Pickleball Court 2,Not Booked,200,18 Sep 07:29
2026-09-18,Fri,7:00 pm to 7:30 pm,PlayLife | Sector 163,Pickleball Court 2,Not Booked,200,18 Sep 17:30
2026-09-18,Fri,7:30 am to 8:00 am,PlayLife | Sector 163,Pickleball Court 2,Not Booked,200,18 Sep 07:29
2026-09-18,Fri,7:30 pm to 8:00 pm,PlayLife | Sector 163,Pickleball Court 2,Not Booked,200,18 Sep 17:30
2026-09-18,Fri,8:00 am to 8:30 am,PlayLife | Sector 163,Pickleball Court 2,Not Booked,200,18 Sep 08:29
2026-09-18,Fri,8:00 pm to 8:30 pm,PlayLife | Sector 163,Pickleball Court 2,Not Booked,200,18 Sep 17:30
2026-09-18,Fri,8:30 am to 9:00 am,PlayLife | Sector 163,Pickleball Court 2,Not Booked,200,18 Sep 08:29
2026-09-18,Fri,8:30 pm to 9:00 pm,PlayLife | Sector 163,Pickleball Court 2,Not Booked,200,18 Sep 17:30
2026-09-18,Fri,9:00 am to 9:30 am,PlayLife | Sector 163,Pickleball Court 2,Not Booked,200,18 Sep 09:29
2026-09-18,Fri,9:00 pm to 9:30 pm,PlayLife | Sector 163,Pickleball Court 2,Not Booked,200,18 Sep 17:30
2026-09-18,Fri,9:30 am to 10:00 am,PlayLife | Sector 163,Pickleball Court 2,Not Booked,200,18 Sep 09:29
2026-09-18,Fri,9:30 pm to 10:00 pm,PlayLife | Sector 163,Pickleball Court 2,Not Booked,200,18 Sep 17:30
2026-09-18,Fri,10:00 am to 10:30 am,PlayLife | Sector 163,Pickleball Court 3,Not Booked,200,18 Sep 10:04
2026-09-18,Fri,10:00 pm to 10:30 pm,PlayLife | Sector 163,Pickleball Court 3,Not Booked,200,18 Sep 17:30
2026-09-18,Fri,10:30 am to 11:00 am,PlayLife | Sector 163,Pickleball Court 3,Not Booked,200,18 Sep 10:31
2026-09-18,Fri,10:30 pm to 11:00 pm,PlayLife | Sector 163,Pickleball Court 3,Not Booked,200,18 Sep 17:30
2026-09-18,Fri,11:00 am to 11:30 am,PlayLife | Sector 163,Pickleball Court 3,Not Booked,200,18 Sep 11:03
2026-09-18,Fri,11:30 am to 12:00 pm,PlayLife | Sector 163,Pickleball Court 3,Not Booked,200,18 Sep 11:31
2026-09-18,Fri,12:00 pm to 12:30 pm,PlayLife | Sector 163,Pickleball Court 3,Not Booked,200,18 Sep 12:09
2026-09-18,Fri,12:30 pm to 1:00 pm,PlayLife | Sector 163,Pickleball Court 3,Not Booked,200,18 Sep 12:36
2026-09-18,Fri,1:00 pm to 1:30 pm,PlayLife | Sector 163,Pickleball Court 3,Not Booked,200,18 Sep 13:04
2026-09-18,Fri,1:30 pm to 2:00 pm,PlayLife | Sector 163,Pickleball Court 3,Not Booked,200,18 Sep 13:30
2026-09-18,Fri,2:00 pm to 2:30 pm,PlayLife | Sector 163,Pickleball Court 3,Not Booked,200,18 Sep 14:06
2026-09-18,Fri,2:30 pm to 3:00 pm,PlayLife | Sector 163,Pickleball Court 3,Not Booked,200,18 Sep 14:31
2026-09-18,Fri,3:00 pm to 3:30 pm,PlayLife | Sector 163,Pickleball Court 3,Not Booked,200,18 Sep 15:02
2026-09-18,Fri,3:30 pm to 4:00 pm,PlayLife | Sector 163,Pickleball Court 3,Not Booked,200,18 Sep 15:30
2026-09-18,Fri,4:00 pm to 4:30 pm,PlayLife | Sector 163,Pickleball Court 3,Not Booked,200,18 Sep 16:06
2026-09-18,Fri,4:30 pm to 5:00 pm,PlayLife | Sector 163,Pickleball Court 3,Not Booked,200,18 Sep 16:30
2026-09-18,Fri,5:00 pm to 5:30 pm,PlayLife | Sector 163,Pickleball Court 3,Not Booked,200,18 Sep 17:04
2026-09-18,Fri,5:30 pm to 6:00 pm,PlayLife | Sector 163,Pickleball Court 3,Not Booked,200,18 Sep 17:30
2026-09-18,Fri,6:00 am to 6:30 am,PlayLife | Sector 163,Pickleball Court 3,Not Booked,200,18 Sep 06:12
2026-09-18,Fri,6:00 pm to 6:30 pm,PlayLife | Sector 163,Pickleball Court 3,Not Booked,200,18 Sep 17:30
2026-09-18,Fri,6:30 am to 7:00 am,PlayLife | Sector 163,Pickleball Court 3,Not Booked,200,18 Sep 06:35
2026-09-18,Fri,6:30 pm to 7:00 pm,PlayLife | Sector 163,Pickleball Court 3,Not Booked,200,18 Sep 17:30
2026-09-18,Fri,7:00 am to 7:30 am,PlayLife | Sector 163,Pickleball Court 3,Not Booked,200,18 Sep 07:29
2026-09-18,Fri,7:00 pm to 7:30 pm,PlayLife | Sector 163,Pickleball Court 3,Not Booked,200,18 Sep 17:30
2026-09-18,Fri,7:30 am to 8:00 am,PlayLife | Sector 163,Pickleball Court 3,Not Booked,200,18 Sep 07:29
2026-09-18,Fri,7:30 pm to 8:00 pm,PlayLife | Sector 163,Pickleball Court 3,Not Booked,200,18 Sep 17:30
2026-09-18,Fri,8:00 am to 8:30 am,PlayLife | Sector 163,Pickleball Court 3,Not Booked,200,18 Sep 08:29
2026-09-18,Fri,8:00 pm to 8:30 pm,PlayLife | Sector 163,Pickleball Court 3,Not Booked,200,18 Sep 17:30
2026-09-18,Fri,8:30 am to 9:00 am,PlayLife | Sector 163,Pickleball Court 3,Not Booked,200,18 Sep 08:29
2026-09-18,Fri,8:30 pm to 9:00 pm,PlayLife | Sector 163,Pickleball Court 3,Not Booked,200,18 Sep 17:30
2026-09-18,Fri,9:00 am to 9:30 am,PlayLife | Sector 163,Pickleball Court 3,Not Booked,200,18 Sep 09:29
2026-09-18,Fri,9:00 pm to 9:30 pm,PlayLife | Sector 163,Pickleball Court 3,Not Booked,200,18 Sep 17:30
2026-09-18,Fri,9:30 am to 10:00 am,PlayLife | Sector 163,Pickleball Court 3,Not Booked,200,18 Sep 09:29
2026-09-18,Fri,9:30 pm to 10:00 pm,PlayLife | Sector 163,Pickleball Court 3,Not Booked,200,18 Sep 17:30
2026-09-18,Fri,10:00 am to 10:30 am,Rally N Roast | Sector 141,Court 1 (Blue),Not Booked,500,18 Sep 10:04
2026-09-18,Fri,10:00 pm to 10:30 pm,Rally N Roast | Sector 141,Court 1 (Blue),Not Booked,500,18 Sep 17:30
2026-09-18,Fri,10:30 am to 11:00 am,Rally N Roast | Sector 141,Court 1 (Blue),Not Booked,500,18 Sep 10:31
2026-09-18,Fri,10:30 pm to 11:00 pm,Rally N Roast | Sector 141,Court 1 (Blue),Not Booked,500,18 Sep 17:30
2026-09-18,Fri,11:00 am to 11:30 am,Rally N Roast | Sector 141,Court 1 (Blue),Not Booked,500,18 Sep 11:03
2026-09-18,Fri,11:30 am to 12:00 pm,Rally N Roast | Sector 141,Court 1 (Blue),Not Booked,500,18 Sep 11:31
2026-09-18,Fri,12:00 pm to 12:30 pm,Rally N Roast | Sector 141,Court 1 (Blue),Not Booked,500,18 Sep 12:09
2026-09-18,Fri,12:30 pm to 1:00 pm,Rally N Roast | Sector 141,Court 1 (Blue),Not Booked,500,18 Sep 12:36
2026-09-18,Fri,1:00 pm to 1:30 pm,Rally N Roast | Sector 141,Court 1 (Blue),Not Booked,500,18 Sep 13:04
2026-09-18,Fri,1:30 pm to 2:00 pm,Rally N Roast | Sector 141,Court 1 (Blue),Not Booked,500,18 Sep 13:30
2026-09-18,Fri,2:00 pm to 2:30 pm,Rally N Roast | Sector 141,Court 1 (Blue),Not Booked,500,18 Sep 14:06
2026-09-18,Fri,2:30 pm to 3:00 pm,Rally N Roast | Sector 141,Court 1 (Blue),Not Booked,500,18 Sep 14:31
2026-09-18,Fri,3:00 pm to 3:30 pm,Rally N Roast | Sector 141,Court 1 (Blue),Not Booked,500,18 Sep 15:02
2026-09-18,Fri,3:30 pm to 4:00 pm,Rally N Roast | Sector 141,Court 1 (Blue),Not Booked,500,18 Sep 15:30
2026-09-18,Fri,4:00 pm to 4:30 pm,Rally N Roast | Sector 141,Court 1 (Blue),Not Booked,500,18 Sep 16:06
2026-09-18,Fri,4:30 pm to 5:00 pm,Rally N Roast | Sector 141,Court 1 (Blue),Not Booked,500,18 Sep 16:30
2026-09-18,Fri,5:00 pm to 5:30 pm,Rally N Roast | Sector 141,Court 1 (Blue),Not Booked,500,18 Sep 17:04
2026-09-18,Fri,5:30 pm to 6:00 pm,Rally N Roast | Sector 141,Court 1 (Blue),Not Booked,500,18 Sep 17:30
2026-09-18,Fri,6:00 pm to 6:30 pm,Rally N Roast | Sector 141,Court 1 (Blue),Not Booked,500,18 Sep 17:30
2026-09-18,Fri,6:30 pm to 7:00 pm,Rally N Roast | Sector 141,Court 1 (Blue),Not Booked,500,18 Sep 17:30
2026-09-18,Fri,7:00 am to 7:30 am,Rally N Roast | Sector 141,Court 1 (Blue),Not Booked,500,18 Sep 07:29
2026-09-18,Fri,7:00 pm to 7:30 pm,Rally N Roast | Sector 141,Court 1 (Blue),Not Booked,500,18 Sep 17:30
2026-09-18,Fri,7:30 am to 8:00 am,Rally N Roast | Sector 141,Court 1 (Blue),Not Booked,500,18 Sep 07:29
2026-09-18,Fri,7:30 pm to 8:00 pm,Rally N Roast | Sector 141,Court 1 (Blue),Not Booked,500,18 Sep 17:30
2026-09-18,Fri,8:00 am to 8:30 am,Rally N Roast | Sector 141,Court 1 (Blue),Not Booked,500,18 Sep 08:29
2026-09-18,Fri,8:00 pm to 8:30 pm,Rally N Roast | Sector 141,Court 1 (Blue),Not Booked,500,18 Sep 17:30
2026-09-18,Fri,8:30 am to 9:00 am,Rally N Roast | Sector 141,Court 1 (Blue),Not Booked,500,18 Sep 08:29
2026-09-18,Fri,8:30 pm to 9:00 pm,Rally N Roast | Sector 141,Court 1 (Blue),Not Booked,500,18 Sep 17:30
2026-09-18,Fri,9:00 am to 9:30 am,Rally N Roast | Sector 141,Court 1 (Blue),Not Booked,500,18 Sep 09:29
2026-09-18,Fri,9:00 pm to 9:30 pm,Rally N Roast | Sector 141,Court 1 (Blue),Not Booked,500,18 Sep 17:30
2026-09-18,Fri,9:30 am to 10:00 am,Rally N Roast | Sector 141,Court 1 (Blue),Not Booked,500,18 Sep 09:29
2026-09-18,Fri,9:30 pm to 10:00 pm,Rally N Roast | Sector 141,Court 1 (Blue),Not Booked,500,18 Sep 17:30
2026-09-18,Fri,10:00 am to 10:30 am,Rally N Roast | Sector 141,Court 2 (Pink),Not Booked,500,18 Sep 10:04
2026-09-18,Fri,10:00 pm to 10:30 pm,Rally N Roast | Sector 141,Court 2 (Pink),Not Booked,500,18 Sep 17:30
2026-09-18,Fri,10:30 am to 11:00 am,Rally N Roast | Sector 141,Court 2 (Pink),Not Booked,500,18 Sep 10:31
2026-09-18,Fri,10:30 pm to 11:00 pm,Rally N Roast | Sector 141,Court 2 (Pink),Not Booked,500,18 Sep 17:30
2026-09-18,Fri,11:00 am to 11:30 am,Rally N Roast | Sector 141,Court 2 (Pink),Not Booked,500,18 Sep 11:03
2026-09-18,Fri,11:30 am to 12:00 pm,Rally N Roast | Sector 141,Court 2 (Pink),Not Booked,500,18 Sep 11:31
2026-09-18,Fri,12:00 pm to 12:30 pm,Rally N Roast | Sector 141,Court 2 (Pink),Not Booked,500,18 Sep 12:09
2026-09-18,Fri,12:30 pm to 1:00 pm,Rally N Roast | Sector 141,Court 2 (Pink),Not Booked,500,18 Sep 12:36
2026-09-18,Fri,1:00 pm to 1:30 pm,Rally N Roast | Sector 141,Court 2 (Pink),Not Booked,500,18 Sep 13:04
2026-09-18,Fri,1:30 pm to 2:00 pm,Rally N Roast | Sector 141,Court 2 (Pink),Not Booked,500,18 Sep 13:30
2026-09-18,Fri,2:00 pm to 2:30 pm,Rally N Roast | Sector 141,Court 2 (Pink),Not Booked,500,18 Sep 14:06
2026-09-18,Fri,2:30 pm to 3:00 pm,Rally N Roast | Sector 141,Court 2 (Pink),Not Booked,500,18 Sep 14:31
2026-09-18,Fri,3:00 pm to 3:30 pm,Rally N Roast | Sector 141,Court 2 (Pink),Not Booked,500,18 Sep 15:02
2026-09-18,Fri,3:30 pm to 4:00 pm,Rally N Roast | Sector 141,Court 2 (Pink),Not Booked,500,18 Sep 15:30
2026-09-18,Fri,4:00 pm to 4:30 pm,Rally N Roast | Sector 141,Court 2 (Pink),Not Booked,500,18 Sep 16:06
2026-09-18,Fri,4:30 pm to 5:00 pm,Rally N Roast | Sector 141,Court 2 (Pink),Not Booked,500,18 Sep 16:30
2026-09-18,Fri,5:00 pm to 5:30 pm,Rally N Roast | Sector 141,Court 2 (Pink),Not Booked,500,18 Sep 17:04
2026-09-18,Fri,5:30 pm to 6:00 pm,Rally N Roast | Sector 141,Court 2 (Pink),Not Booked,500,18 Sep 17:30
2026-09-18,Fri,6:00 pm to 6:30 pm,Rally N Roast | Sector 141,Court 2 (Pink),Not Booked,500,18 Sep 17:30
2026-09-18,Fri,6:30 pm to 7:00 pm,Rally N Roast | Sector 141,Court 2 (Pink),Not Booked,500,18 Sep 17:30
2026-09-18,Fri,7:00 am to 7:30 am,Rally N Roast | Sector 141,Court 2 (Pink),Not Booked,500,18 Sep 07:29
2026-09-18,Fri,7:00 pm to 7:30 pm,Rally N Roast | Sector 141,Court 2 (Pink),Not Booked,500,18 Sep 17:30
2026-09-18,Fri,7:30 am to 8:00 am,Rally N Roast | Sector 141,Court 2 (Pink),Not Booked,500,18 Sep 07:29
2026-09-18,Fri,7:30 pm to 8:00 pm,Rally N Roast | Sector 141,Court 2 (Pink),Not Booked,500,18 Sep 17:30
2026-09-18,Fri,8:00 am to 8:30 am,Rally N Roast | Sector 141,Court 2 (Pink),Not Booked,500,18 Sep 08:29
2026-09-18,Fri,8:00 pm to 8:30 pm,Rally N Roast | Sector 141,Court 2 (Pink),Not Booked,500,18 Sep 17:30
2026-09-18,Fri,8:30 am to 9:00 am,Rally N Roast | Sector 141,Court 2 (Pink),Not Booked,500,18 Sep 08:29
2026-09-18,Fri,8:30 pm to 9:00 pm,Rally N Roast | Sector 141,Court 2 (Pink),Not Booked,500,18 Sep 17:30
2026-09-18,Fri,9:00 am to 9:30 am,Rally N Roast | Sector 141,Court 2 (Pink),Not Booked,500,18 Sep 09:29
2026-09-18,Fri,9:00 pm to 9:30 pm,Rally N Roast | Sector 141,Court 2 (Pink),Not Booked,500,18 Sep 17:30
2026-09-18,Fri,9:30 am to 10:00 am,Rally N Roast | Sector 141,Court 2 (Pink),Not Booked,500,18 Sep 09:29
2026-09-18,Fri,9:30 pm to 10:00 pm,Rally N Roast | Sector 141,Court 2 (Pink),Not Booked,500,18 Sep 17:30
2026-09-18,Fri,10:00 am to 10:30 am,Rally N Roast | Sector 141,Court 3 (Blue),Not Booked,500,18 Sep 10:04
2026-09-18,Fri,10:00 pm to 10:30 pm,Rally N Roast | Sector 141,Court 3 (Blue),Not Booked,500,18 Sep 17:30
2026-09-18,Fri,10:30 am to 11:00 am,Rally N Roast | Sector 141,Court 3 (Blue),Not Booked,500,18 Sep 10:31
2026-09-18,Fri,10:30 pm to 11:00 pm,Rally N Roast | Sector 141,Court 3 (Blue),Not Booked,500,18 Sep 17:30
2026-09-18,Fri,11:00 am to 11:30 am,Rally N Roast | Sector 141,Court 3 (Blue),Not Booked,500,18 Sep 11:03
2026-09-18,Fri,11:30 am to 12:00 pm,Rally N Roast | Sector 141,Court 3 (Blue),Not Booked,500,18 Sep 11:31
2026-09-18,Fri,12:00 pm to 12:30 pm,Rally N Roast | Sector 141,Court 3 (Blue),Not Booked,500,18 Sep 12:09
2026-09-18,Fri,12:30 pm to 1:00 pm,Rally N Roast | Sector 141,Court 3 (Blue),Not Booked,500,18 Sep 12:36
2026-09-18,Fri,1:00 pm to 1:30 pm,Rally N Roast | Sector 141,Court 3 (Blue),Not Booked,500,18 Sep 13:04
2026-09-18,Fri,1:30 pm to 2:00 pm,Rally N Roast | Sector 141,Court 3 (Blue),Not Booked,500,18 Sep 13:30
2026-09-18,Fri,2:00 pm to 2:30 pm,Rally N Roast | Sector 141,Court 3 (Blue),Not Booked,500,18 Sep 14:06
2026-09-18,Fri,2:30 pm to 3:00 pm,Rally N Roast | Sector 141,Court 3 (Blue),Not Booked,500,18 Sep 14:31
2026-09-18,Fri,3:00 pm to 3:30 pm,Rally N Roast | Sector 141,Court 3 (Blue),Not Booked,500,18 Sep 15:02
2026-09-18,Fri,3:30 pm to 4:00 pm,Rally N Roast | Sector 141,Court 3 (Blue),Not Booked,500,18 Sep 15:30
2026-09-18,Fri,4:00 pm to 4:30 pm,Rally N Roast | Sector 141,Court 3 (Blue),Not Booked,500,18 Sep 16:06
2026-09-18,Fri,4:30 pm to 5:00 pm,Rally N Roast | Sector 141,Court 3 (Blue),Not Booked,500,18 Sep 16:30
2026-09-18,Fri,5:00 pm to 5:30 pm,Rally N Roast | Sector 141,Court 3 (Blue),Not Booked,500,18 Sep 17:04
2026-09-18,Fri,5:30 pm to 6:00 pm,Rally N Roast | Sector 141,Court 3 (Blue),Not Booked,500,18 Sep 17:30
2026-09-18,Fri,6:00 pm to 6:30 pm,Rally N Roast | Sector 141,Court 3 (Blue),Not Booked,500,18 Sep 17:30
2026-09-18,Fri,6:30 pm to 7:00 pm,Rally N Roast | Sector 141,Court 3 (Blue),Not Booked,500,18 Sep 17:30
2026-09-18,Fri,7:00 am to 7:30 am,Rally N Roast | Sector 141,Court 3 (Blue),Not Booked,500,18 Sep 07:29
2026-09-18,Fri,7:00 pm to 7:30 pm,Rally N Roast | Sector 141,Court 3 (Blue),Not Booked,500,18 Sep 17:30
2026-09-18,Fri,7:30 am to 8:00 am,Rally N Roast | Sector 141,Court 3 (Blue),Not Booked,500,18 Sep 07:29
2026-09-18,Fri,7:30 pm to 8:00 pm,Rally N Roast | Sector 141,Court 3 (Blue),Not Booked,500,18 Sep 17:30
2026-09-18,Fri,8:00 am to 8:30 am,Rally N Roast | Sector 141,Court 3 (Blue),Not Booked,500,18 Sep 08:29
2026-09-18,Fri,8:00 pm to 8:30 pm,Rally N Roast | Sector 141,Court 3 (Blue),Not Booked,500,18 Sep 17:30
2026-09-18,Fri,8:30 am to 9:00 am,Rally N Roast | Sector 141,Court 3 (Blue),Not Booked,500,18 Sep 08:29
2026-09-18,Fri,8:30 pm to 9:00 pm,Rally N Roast | Sector 141,Court 3 (Blue),Not Booked,500,18 Sep 17:30
2026-09-18,Fri,9:00 am to 9:30 am,Rally N Roast | Sector 141,Court 3 (Blue),Not Booked,500,18 Sep 09:29
2026-09-18,Fri,9:00 pm to 9:30 pm,Rally N Roast | Sector 141,Court 3 (Blue),Not Booked,500,18 Sep 17:30
2026-09-18,Fri,9:30 am to 10:00 am,Rally N Roast | Sector 141,Court 3 (Blue),Not Booked,500,18 Sep 09:29
2026-09-18,Fri,9:30 pm to 10:00 pm,Rally N Roast | Sector 141,Court 3 (Blue),Not Booked,500,18 Sep 17:30
2026-09-18,Fri,10:00 am to 10:30 am,Sky Nine Rackets,Court 1,Not Booked,225,18 Sep 08:04
2026-09-18,Fri,10:00 pm to 10:30 pm,Sky Nine Rackets,Court 1,Not Booked,270,18 Sep 17:30
2026-09-18,Fri,10:30 am to 11:00 am,Sky Nine Rackets,Court 1,Not Booked,225,18 Sep 10:31
2026-09-18,Fri,10:30 pm to 11:00 pm,Sky Nine Rackets,Court 1,Not Booked,270,18 Sep 17:30
2026-09-18,Fri,11:00 am to 11:30 am,Sky Nine Rackets,Court 1,Not Booked,225,18 Sep 11:03
2026-09-18,Fri,11:00 pm to 11:30 pm,Sky Nine Rackets,Court 1,Not Booked,270,18 Sep 17:30
2026-09-18,Fri,11:30 am to 12:00 pm,Sky Nine Rackets,Court 1,Not Booked,225,18 Sep 11:31
2026-09-18,Fri,11:30 pm to 12:00 am,Sky Nine Rackets,Court 1,Not Booked,270,18 Sep 17:30
2026-09-18,Fri,12:00 pm to 12:30 pm,Sky Nine Rackets,Court 1,Not Booked,225,18 Sep 11:31
2026-09-18,Fri,12:30 pm to 1:00 pm,Sky Nine Rackets,Court 1,Not Booked,225,18 Sep 11:31
2026-09-18,Fri,1:00 pm to 1:30 pm,Sky Nine Rackets,Court 1,Not Booked,225,18 Sep 11:31
2026-09-18,Fri,1:30 pm to 2:00 pm,Sky Nine Rackets,Court 1,Not Booked,225,18 Sep 13:30
2026-09-18,Fri,2:00 pm to 2:30 pm,Sky Nine Rackets,Court 1,Not Booked,225,18 Sep 13:30
2026-09-18,Fri,2:30 pm to 3:00 pm,Sky Nine Rackets,Court 1,Not Booked,225,18 Sep 14:31
2026-09-18,Fri,3:00 pm to 3:30 pm,Sky Nine Rackets,Court 1,Not Booked,225,18 Sep 14:31
2026-09-18,Fri,3:30 pm to 4:00 pm,Sky Nine Rackets,Court 1,Not Booked,225,18 Sep 14:31
2026-09-18,Fri,4:00 pm to 4:30 pm,Sky Nine Rackets,Court 1,Not Booked,225,18 Sep 14:31
2026-09-18,Fri,4:30 pm to 5:00 pm,Sky Nine Rackets,Court 1,Not Booked,225,18 Sep 16:30
2026-09-18,Fri,5:00 am to 5:30 am,Sky Nine Rackets,Court 1,Not Booked,225,18 Sep 05:29
2026-09-18,Fri,5:00 pm to 5:30 pm,Sky Nine Rackets,Court 1,Not Booked,270,18 Sep 16:30
2026-09-18,Fri,5:30 am to 6:00 am,Sky Nine Rackets,Court 1,Not Booked,225,18 Sep 05:29
2026-09-18,Fri,5:30 pm to 6:00 pm,Sky Nine Rackets,Court 1,Not Booked,270,18 Sep 17:30
2026-09-18,Fri,6:00 am to 6:30 am,Sky Nine Rackets,Court 1,Not Booked,225,18 Sep 06:12
2026-09-18,Fri,6:00 pm to 6:30 pm,Sky Nine Rackets,Court 1,Not Booked,270,18 Sep 17:30
2026-09-18,Fri,6:30 am to 7:00 am,Sky Nine Rackets,Court 1,Not Booked,225,18 Sep 06:35
2026-09-18,Fri,6:30 pm to 7:00 pm,Sky Nine Rackets,Court 1,Not Booked,270,18 Sep 17:30
2026-09-18,Fri,7:00 am to 7:30 am,Sky Nine Rackets,Court 1,Not Booked,225,18 Sep 07:04
2026-09-18,Fri,7:00 pm to 7:30 pm,Sky Nine Rackets,Court 1,Not Booked,270,18 Sep 17:30
2026-09-18,Fri,7:30 am to 8:00 am,Sky Nine Rackets,Court 1,Not Booked,225,18 Sep 07:04
2026-09-18,Fri,7:30 pm to 8:00 pm,Sky Nine Rackets,Court 1,Not Booked,270,18 Sep 17:30
2026-09-18,Fri,8:00 am to 8:30 am,Sky Nine Rackets,Court 1,Not Booked,225,18 Sep 08:04
2026-09-18,Fri,8:00 pm to 8:30 pm,Sky Nine Rackets,Court 1,Not Booked,270,18 Sep 17:30
2026-09-18,Fri,8:30 am to 9:00 am,Sky Nine Rackets,Court 1,Not Booked,225,18 Sep 08:04
2026-09-18,Fri,8:30 pm to 9:00 pm,Sky Nine Rackets,Court 1,Not Booked,270,18 Sep 17:30
2026-09-18,Fri,9:00 am to 9:30 am,Sky Nine Rackets,Court 1,Not Booked,225,18 Sep 08:04
2026-09-18,Fri,9:00 pm to 9:30 pm,Sky Nine Rackets,Court 1,Not Booked,270,18 Sep 17:30
2026-09-18,Fri,9:30 am to 10:00 am,Sky Nine Rackets,Court 1,Not Booked,225,18 Sep 08:04
2026-09-18,Fri,9:30 pm to 10:00 pm,Sky Nine Rackets,Court 1,Not Booked,270,18 Sep 17:30
2026-09-18,Fri,10:00 am to 10:30 am,Sky Nine Rackets,Court 2,Not Booked,225,18 Sep 10:04
2026-09-18,Fri,10:00 pm to 10:30 pm,Sky Nine Rackets,Court 2,Not Booked,270,18 Sep 17:30
2026-09-18,Fri,10:30 am to 11:00 am,Sky Nine Rackets,Court 2,Not Booked,225,18 Sep 10:31
2026-09-18,Fri,10:30 pm to 11:00 pm,Sky Nine Rackets,Court 2,Not Booked,270,18 Sep 17:30
2026-09-18,Fri,11:00 am to 11:30 am,Sky Nine Rackets,Court 2,Not Booked,225,18 Sep 11:03
2026-09-18,Fri,11:00 pm to 11:30 pm,Sky Nine Rackets,Court 2,Not Booked,270,18 Sep 17:30
2026-09-18,Fri,11:30 am to 12:00 pm,Sky Nine Rackets,Court 2,Not Booked,225,18 Sep 11:03
2026-09-18,Fri,11:30 pm to 12:00 am,Sky Nine Rackets,Court 2,Not Booked,270,18 Sep 17:30
2026-09-18,Fri,12:00 pm to 12:30 pm,Sky Nine Rackets,Court 2,Not Booked,225,18 Sep 12:09
2026-09-18,Fri,12:30 pm to 1:00 pm,Sky Nine Rackets,Court 2,Not Booked,225,18 Sep 12:36
2026-09-18,Fri,1:00 pm to 1:30 pm,Sky Nine Rackets,Court 2,Not Booked,225,18 Sep 13:04
2026-09-18,Fri,1:30 pm to 2:00 pm,Sky Nine Rackets,Court 2,Not Booked,225,18 Sep 13:30
2026-09-18,Fri,2:00 pm to 2:30 pm,Sky Nine Rackets,Court 2,Not Booked,225,18 Sep 14:06
2026-09-18,Fri,2:30 pm to 3:00 pm,Sky Nine Rackets,Court 2,Not Booked,225,18 Sep 14:31
2026-09-18,Fri,3:00 pm to 3:30 pm,Sky Nine Rackets,Court 2,Not Booked,225,18 Sep 15:02
2026-09-18,Fri,3:30 pm to 4:00 pm,Sky Nine Rackets,Court 2,Not Booked,225,18 Sep 15:30
2026-09-18,Fri,4:00 pm to 4:30 pm,Sky Nine Rackets,Court 2,Not Booked,225,18 Sep 16:06
2026-09-18,Fri,4:30 pm to 5:00 pm,Sky Nine Rackets,Court 2,Not Booked,225,18 Sep 16:30
2026-09-18,Fri,5:00 am to 5:30 am,Sky Nine Rackets,Court 2,Not Booked,225,18 Sep 05:29
2026-09-18,Fri,5:00 pm to 5:30 pm,Sky Nine Rackets,Court 2,Not Booked,270,18 Sep 17:04
2026-09-18,Fri,5:30 am to 6:00 am,Sky Nine Rackets,Court 2,Not Booked,225,18 Sep 05:29
2026-09-18,Fri,5:30 pm to 6:00 pm,Sky Nine Rackets,Court 2,Not Booked,270,18 Sep 17:30
2026-09-18,Fri,6:00 am to 6:30 am,Sky Nine Rackets,Court 2,Not Booked,225,18 Sep 06:12
2026-09-18,Fri,6:00 pm to 6:30 pm,Sky Nine Rackets,Court 2,Not Booked,270,18 Sep 17:30
2026-09-18,Fri,6:30 am to 7:00 am,Sky Nine Rackets,Court 2,Not Booked,225,18 Sep 06:35
2026-09-18,Fri,6:30 pm to 7:00 pm,Sky Nine Rackets,Court 2,Not Booked,270,18 Sep 17:30
2026-09-18,Fri,7:00 am to 7:30 am,Sky Nine Rackets,Court 2,Not Booked,225,18 Sep 07:29
2026-09-18,Fri,7:00 pm to 7:30 pm,Sky Nine Rackets,Court 2,Not Booked,270,18 Sep 17:30
2026-09-18,Fri,7:30 am to 8:00 am,Sky Nine Rackets,Court 2,Not Booked,225,18 Sep 07:29
2026-09-18,Fri,7:30 pm to 8:00 pm,Sky Nine Rackets,Court 2,Not Booked,270,18 Sep 17:30
2026-09-18,Fri,8:00 am to 8:30 am,Sky Nine Rackets,Court 2,Not Booked,225,18 Sep 08:29
2026-09-18,Fri,8:00 pm to 8:30 pm,Sky Nine Rackets,Court 2,Not Booked,270,18 Sep 17:30
2026-09-18,Fri,8:30 am to 9:00 am,Sky Nine Rackets,Court 2,Not Booked,225,18 Sep 08:29
2026-09-18,Fri,8:30 pm to 9:00 pm,Sky Nine Rackets,Court 2,Not Booked,270,18 Sep 17:30
2026-09-18,Fri,9:00 am to 9:30 am,Sky Nine Rackets,Court 2,Not Booked,225,18 Sep 09:29
2026-09-18,Fri,9:00 pm to 9:30 pm,Sky Nine Rackets,Court 2,Not Booked,270,18 Sep 17:30
2026-09-18,Fri,9:30 am to 10:00 am,Sky Nine Rackets,Court 2,Not Booked,225,18 Sep 09:29
2026-09-18,Fri,9:30 pm to 10:00 pm,Sky Nine Rackets,Court 2,Not Booked,270,18 Sep 17:30
2026-09-18,Fri,10:00 am to 10:30 am,Sky Nine Rackets,Court 3,Not Booked,225,18 Sep 09:04
2026-09-18,Fri,10:00 pm to 10:30 pm,Sky Nine Rackets,Court 3,Not Booked,270,18 Sep 17:30
2026-09-18,Fri,10:30 am to 11:00 am,Sky Nine Rackets,Court 3,Not Booked,225,18 Sep 10:31
2026-09-18,Fri,10:30 pm to 11:00 pm,Sky Nine Rackets,Court 3,Not Booked,270,18 Sep 17:30
2026-09-18,Fri,11:00 am to 11:30 am,Sky Nine Rackets,Court 3,Not Booked,225,18 Sep 11:03
2026-09-18,Fri,11:00 pm to 11:30 pm,Sky Nine Rackets,Court 3,Not Booked,270,18 Sep 17:30
2026-09-18,Fri,11:30 am to 12:00 pm,Sky Nine Rackets,Court 3,Not Booked,225,18 Sep 11:31
2026-09-18,Fri,11:30 pm to 12:00 am,Sky Nine Rackets,Court 3,Not Booked,270,18 Sep 17:30
2026-09-18,Fri,12:00 pm to 12:30 pm,Sky Nine Rackets,Court 3,Not Booked,225,18 Sep 12:09
2026-09-18,Fri,12:30 pm to 1:00 pm,Sky Nine Rackets,Court 3,Not Booked,225,18 Sep 12:36
2026-09-18,Fri,1:00 pm to 1:30 pm,Sky Nine Rackets,Court 3,Not Booked,225,18 Sep 13:04
2026-09-18,Fri,1:30 pm to 2:00 pm,Sky Nine Rackets,Court 3,Not Booked,225,18 Sep 13:30
2026-09-18,Fri,2:00 pm to 2:30 pm,Sky Nine Rackets,Court 3,Not Booked,225,18 Sep 14:06
2026-09-18,Fri,2:30 pm to 3:00 pm,Sky Nine Rackets,Court 3,Not Booked,225,18 Sep 14:31
2026-09-18,Fri,3:00 pm to 3:30 pm,Sky Nine Rackets,Court 3,Not Booked,225,18 Sep 15:02
2026-09-18,Fri,3:30 pm to 4:00 pm,Sky Nine Rackets,Court 3,Not Booked,225,18 Sep 15:30
2026-09-18,Fri,4:00 pm to 4:30 pm,Sky Nine Rackets,Court 3,Not Booked,225,18 Sep 16:06
2026-09-18,Fri,4:30 pm to 5:00 pm,Sky Nine Rackets,Court 3,Not Booked,225,18 Sep 16:30
2026-09-18,Fri,5:00 am to 5:30 am,Sky Nine Rackets,Court 3,Not Booked,225,18 Sep 05:29
2026-09-18,Fri,5:00 pm to 5:30 pm,Sky Nine Rackets,Court 3,Not Booked,270,18 Sep 17:04
2026-09-18,Fri,5:30 am to 6:00 am,Sky Nine Rackets,Court 3,Not Booked,225,18 Sep 05:29
2026-09-18,Fri,5:30 pm to 6:00 pm,Sky Nine Rackets,Court 3,Not Booked,270,18 Sep 17:30
2026-09-18,Fri,6:00 am to 6:30 am,Sky Nine Rackets,Court 3,Not Booked,225,18 Sep 06:12
2026-09-18,Fri,6:00 pm to 6:30 pm,Sky Nine Rackets,Court 3,Not Booked,270,18 Sep 17:30
2026-09-18,Fri,6:30 am to 7:00 am,Sky Nine Rackets,Court 3,Not Booked,225,18 Sep 06:35
2026-09-18,Fri,6:30 pm to 7:00 pm,Sky Nine Rackets,Court 3,Not Booked,270,18 Sep 17:30
2026-09-18,Fri,7:00 am to 7:30 am,Sky Nine Rackets,Court 3,Not Booked,225,18 Sep 07:04
2026-09-18,Fri,7:00 pm to 7:30 pm,Sky Nine Rackets,Court 3,Not Booked,270,18 Sep 17:30
2026-09-18,Fri,7:30 am to 8:00 am,Sky Nine Rackets,Court 3,Not Booked,225,18 Sep 07:04
2026-09-18,Fri,7:30 pm to 8:00 pm,Sky Nine Rackets,Court 3,Not Booked,270,18 Sep 17:30
2026-09-18,Fri,8:00 am to 8:30 am,Sky Nine Rackets,Court 3,Not Booked,225,18 Sep 08:29
2026-09-18,Fri,8:00 pm to 8:30 pm,Sky Nine Rackets,Court 3,Not Booked,270,18 Sep 17:30
2026-09-18,Fri,8:30 am to 9:00 am,Sky Nine Rackets,Court 3,Not Booked,225,18 Sep 08:29
2026-09-18,Fri,8:30 pm to 9:00 pm,Sky Nine Rackets,Court 3,Not Booked,270,18 Sep 17:30
2026-09-18,Fri,9:00 am to 9:30 am,Sky Nine Rackets,Court 3,Not Booked,225,18 Sep 09:04
2026-09-18,Fri,9:00 pm to 9:30 pm,Sky Nine Rackets,Court 3,Not Booked,270,18 Sep 17:30
2026-09-18,Fri,9:30 am to 10:00 am,Sky Nine Rackets,Court 3,Not Booked,225,18 Sep 09:04
2026-09-18,Fri,9:30 pm to 10:00 pm,Sky Nine Rackets,Court 3,Not Booked,270,18 Sep 17:30
2026-09-18,Fri,10:00 am to 10:30 am,Sky Nine Rackets,Court 4,Not Booked,225,18 Sep 10:04
2026-09-18,Fri,10:00 pm to 10:30 pm,Sky Nine Rackets,Court 4,Not Booked,270,18 Sep 17:30
2026-09-18,Fri,10:30 am to 11:00 am,Sky Nine Rackets,Court 4,Not Booked,225,18 Sep 10:31
2026-09-18,Fri,10:30 pm to 11:00 pm,Sky Nine Rackets,Court 4,Not Booked,270,18 Sep 17:30
2026-09-18,Fri,11:00 am to 11:30 am,Sky Nine Rackets,Court 4,Not Booked,225,18 Sep 11:03
2026-09-18,Fri,11:00 pm to 11:30 pm,Sky Nine Rackets,Court 4,Not Booked,270,18 Sep 17:30
2026-09-18,Fri,11:30 am to 12:00 pm,Sky Nine Rackets,Court 4,Not Booked,225,18 Sep 11:31
2026-09-18,Fri,11:30 pm to 12:00 am,Sky Nine Rackets,Court 4,Not Booked,270,18 Sep 17:30
2026-09-18,Fri,12:00 pm to 12:30 pm,Sky Nine Rackets,Court 4,Not Booked,225,18 Sep 12:09
2026-09-18,Fri,12:30 pm to 1:00 pm,Sky Nine Rackets,Court 4,Not Booked,225,18 Sep 12:36
2026-09-18,Fri,1:00 pm to 1:30 pm,Sky Nine Rackets,Court 4,Not Booked,225,18 Sep 12:36
2026-09-18,Fri,1:30 pm to 2:00 pm,Sky Nine Rackets,Court 4,Not Booked,225,18 Sep 13:30
2026-09-18,Fri,2:00 pm to 2:30 pm,Sky Nine Rackets,Court 4,Not Booked,225,18 Sep 13:30
2026-09-18,Fri,2:30 pm to 3:00 pm,Sky Nine Rackets,Court 4,Not Booked,225,18 Sep 14:31
2026-09-18,Fri,3:00 pm to 3:30 pm,Sky Nine Rackets,Court 4,Not Booked,225,18 Sep 15:02
2026-09-18,Fri,3:30 pm to 4:00 pm,Sky Nine Rackets,Court 4,Not Booked,225,18 Sep 15:30
2026-09-18,Fri,4:00 pm to 4:30 pm,Sky Nine Rackets,Court 4,Not Booked,225,18 Sep 16:06
2026-09-18,Fri,4:30 pm to 5:00 pm,Sky Nine Rackets,Court 4,Not Booked,225,18 Sep 16:30
2026-09-18,Fri,5:00 am to 5:30 am,Sky Nine Rackets,Court 4,Not Booked,225,18 Sep 05:01
2026-09-18,Fri,5:00 pm to 5:30 pm,Sky Nine Rackets,Court 4,Not Booked,270,18 Sep 17:04
2026-09-18,Fri,5:30 am to 6:00 am,Sky Nine Rackets,Court 4,Not Booked,225,18 Sep 05:01
2026-09-18,Fri,5:30 pm to 6:00 pm,Sky Nine Rackets,Court 4,Not Booked,270,18 Sep 17:30
2026-09-18,Fri,6:00 am to 6:30 am,Sky Nine Rackets,Court 4,Not Booked,225,18 Sep 05:01
2026-09-18,Fri,6:00 pm to 6:30 pm,Sky Nine Rackets,Court 4,Not Booked,270,18 Sep 17:30
2026-09-18,Fri,6:30 am to 7:00 am,Sky Nine Rackets,Court 4,Not Booked,225,18 Sep 06:35
2026-09-18,Fri,6:30 pm to 7:00 pm,Sky Nine Rackets,Court 4,Not Booked,270,18 Sep 17:30
2026-09-18,Fri,7:00 am to 7:30 am,Sky Nine Rackets,Court 4,Not Booked,225,18 Sep 07:29
2026-09-18,Fri,7:00 pm to 7:30 pm,Sky Nine Rackets,Court 4,Not Booked,270,18 Sep 17:30
2026-09-18,Fri,7:30 am to 8:00 am,Sky Nine Rackets,Court 4,Not Booked,225,18 Sep 07:29
2026-09-18,Fri,7:30 pm to 8:00 pm,Sky Nine Rackets,Court 4,Not Booked,270,18 Sep 17:30
2026-09-18,Fri,8:00 am to 8:30 am,Sky Nine Rackets,Court 4,Not Booked,225,18 Sep 08:29
2026-09-18,Fri,8:00 pm to 8:30 pm,Sky Nine Rackets,Court 4,Not Booked,270,18 Sep 17:30
2026-09-18,Fri,8:30 am to 9:00 am,Sky Nine Rackets,Court 4,Not Booked,225,18 Sep 08:29
2026-09-18,Fri,8:30 pm to 9:00 pm,Sky Nine Rackets,Court 4,Not Booked,270,18 Sep 17:30
2026-09-18,Fri,9:00 am to 9:30 am,Sky Nine Rackets,Court 4,Not Booked,225,18 Sep 09:29
2026-09-18,Fri,9:00 pm to 9:30 pm,Sky Nine Rackets,Court 4,Not Booked,270,18 Sep 17:30
2026-09-18,Fri,9:30 am to 10:00 am,Sky Nine Rackets,Court 4,Not Booked,225,18 Sep 09:29
2026-09-18,Fri,9:30 pm to 10:00 pm,Sky Nine Rackets,Court 4,Not Booked,270,18 Sep 17:30
2026-09-18,Fri,10:00 am to 10:30 am,Sky Nine Rackets,Court 5,Not Booked,225,18 Sep 10:04
2026-09-18,Fri,10:00 pm to 10:30 pm,Sky Nine Rackets,Court 5,Not Booked,270,18 Sep 17:30
2026-09-18,Fri,10:30 am to 11:00 am,Sky Nine Rackets,Court 5,Not Booked,225,18 Sep 10:31
2026-09-18,Fri,10:30 pm to 11:00 pm,Sky Nine Rackets,Court 5,Not Booked,270,18 Sep 17:30
2026-09-18,Fri,11:00 am to 11:30 am,Sky Nine Rackets,Court 5,Not Booked,225,18 Sep 11:03
2026-09-18,Fri,11:00 pm to 11:30 pm,Sky Nine Rackets,Court 5,Not Booked,270,18 Sep 17:30
2026-09-18,Fri,11:30 am to 12:00 pm,Sky Nine Rackets,Court 5,Not Booked,225,18 Sep 11:31
2026-09-18,Fri,11:30 pm to 12:00 am,Sky Nine Rackets,Court 5,Not Booked,270,18 Sep 17:30
2026-09-18,Fri,12:00 pm to 12:30 pm,Sky Nine Rackets,Court 5,Not Booked,225,18 Sep 12:09
2026-09-18,Fri,12:30 pm to 1:00 pm,Sky Nine Rackets,Court 5,Not Booked,225,18 Sep 12:36
2026-09-18,Fri,1:00 pm to 1:30 pm,Sky Nine Rackets,Court 5,Not Booked,225,18 Sep 13:04
2026-09-18,Fri,1:30 pm to 2:00 pm,Sky Nine Rackets,Court 5,Not Booked,225,18 Sep 13:30
2026-09-18,Fri,2:00 pm to 2:30 pm,Sky Nine Rackets,Court 5,Not Booked,225,18 Sep 14:06
2026-09-18,Fri,2:30 pm to 3:00 pm,Sky Nine Rackets,Court 5,Not Booked,225,18 Sep 14:31
2026-09-18,Fri,3:00 pm to 3:30 pm,Sky Nine Rackets,Court 5,Not Booked,225,18 Sep 15:02
2026-09-18,Fri,3:30 pm to 4:00 pm,Sky Nine Rackets,Court 5,Not Booked,225,18 Sep 15:30
2026-09-18,Fri,4:00 pm to 4:30 pm,Sky Nine Rackets,Court 5,Not Booked,225,18 Sep 15:30
2026-09-18,Fri,4:30 pm to 5:00 pm,Sky Nine Rackets,Court 5,Not Booked,225,18 Sep 16:30
2026-09-18,Fri,5:00 am to 5:30 am,Sky Nine Rackets,Court 5,Not Booked,225,18 Sep 05:29
2026-09-18,Fri,5:00 pm to 5:30 pm,Sky Nine Rackets,Court 5,Not Booked,270,18 Sep 16:30
2026-09-18,Fri,5:30 am to 6:00 am,Sky Nine Rackets,Court 5,Not Booked,225,18 Sep 05:29
2026-09-18,Fri,5:30 pm to 6:00 pm,Sky Nine Rackets,Court 5,Not Booked,270,18 Sep 17:30
2026-09-18,Fri,6:00 am to 6:30 am,Sky Nine Rackets,Court 5,Not Booked,225,18 Sep 06:12
2026-09-18,Fri,6:00 pm to 6:30 pm,Sky Nine Rackets,Court 5,Not Booked,270,18 Sep 17:30
2026-09-18,Fri,6:30 am to 7:00 am,Sky Nine Rackets,Court 5,Not Booked,225,18 Sep 06:35
2026-09-18,Fri,6:30 pm to 7:00 pm,Sky Nine Rackets,Court 5,Not Booked,270,18 Sep 17:30
2026-09-18,Fri,7:00 am to 7:30 am,Sky Nine Rackets,Court 5,Not Booked,225,18 Sep 07:29
2026-09-18,Fri,7:00 pm to 7:30 pm,Sky Nine Rackets,Court 5,Not Booked,270,18 Sep 17:30
2026-09-18,Fri,7:30 am to 8:00 am,Sky Nine Rackets,Court 5,Not Booked,225,18 Sep 07:29
2026-09-18,Fri,7:30 pm to 8:00 pm,Sky Nine Rackets,Court 5,Not Booked,270,18 Sep 17:30
2026-09-18,Fri,8:00 am to 8:30 am,Sky Nine Rackets,Court 5,Not Booked,225,18 Sep 08:04
2026-09-18,Fri,8:00 pm to 8:30 pm,Sky Nine Rackets,Court 5,Not Booked,270,18 Sep 17:30
2026-09-18,Fri,8:30 am to 9:00 am,Sky Nine Rackets,Court 5,Not Booked,225,18 Sep 08:04
2026-09-18,Fri,8:30 pm to 9:00 pm,Sky Nine Rackets,Court 5,Not Booked,270,18 Sep 17:30
2026-09-18,Fri,9:00 am to 9:30 am,Sky Nine Rackets,Court 5,Not Booked,225,18 Sep 09:29
2026-09-18,Fri,9:00 pm to 9:30 pm,Sky Nine Rackets,Court 5,Not Booked,270,18 Sep 17:30
2026-09-18,Fri,9:30 am to 10:00 am,Sky Nine Rackets,Court 5,Not Booked,225,18 Sep 09:29
2026-09-18,Fri,9:30 pm to 10:00 pm,Sky Nine Rackets,Court 5,Not Booked,270,18 Sep 17:30
2026-09-18,Fri,10:00 pm to 10:30 pm,Spodium Arena | Sector 29,Court 1,Not Booked,399,18 Sep 17:04
2026-09-18,Fri,10:30 pm to 11:00 pm,Spodium Arena | Sector 29,Court 1,Not Booked,399,18 Sep 17:04
2026-09-18,Fri,11:00 pm to 11:30 pm,Spodium Arena | Sector 29,Court 1,Not Booked,399,18 Sep 17:04
2026-09-18,Fri,11:30 pm to 12:00 am,Spodium Arena | Sector 29,Court 1,Not Booked,399,18 Sep 17:04
2026-09-18,Fri,12:00 pm to 12:30 pm,Spodium Arena | Sector 29,Court 1,Not Booked,149,18 Sep 12:09
2026-09-18,Fri,12:30 pm to 1:00 pm,Spodium Arena | Sector 29,Court 1,Not Booked,149,18 Sep 12:36
2026-09-18,Fri,1:00 pm to 1:30 pm,Spodium Arena | Sector 29,Court 1,Not Booked,149,18 Sep 13:04
2026-09-18,Fri,1:30 pm to 2:00 pm,Spodium Arena | Sector 29,Court 1,Not Booked,149,18 Sep 13:04
2026-09-18,Fri,2:00 pm to 2:30 pm,Spodium Arena | Sector 29,Court 1,Not Booked,299,18 Sep 14:06
2026-09-18,Fri,2:30 pm to 3:00 pm,Spodium Arena | Sector 29,Court 1,Not Booked,299,18 Sep 14:31
2026-09-18,Fri,3:00 pm to 3:30 pm,Spodium Arena | Sector 29,Court 1,Not Booked,299,18 Sep 14:31
2026-09-18,Fri,3:30 pm to 4:00 pm,Spodium Arena | Sector 29,Court 1,Not Booked,299,18 Sep 15:30
2026-09-18,Fri,4:00 pm to 4:30 pm,Spodium Arena | Sector 29,Court 1,Not Booked,299,18 Sep 16:06
2026-09-18,Fri,4:30 pm to 5:00 pm,Spodium Arena | Sector 29,Court 1,Not Booked,299,18 Sep 16:30
2026-09-18,Fri,5:00 am to 5:30 am,Spodium Arena | Sector 29,Court 1,Not Booked,299,18 Sep 05:29
2026-09-18,Fri,5:00 pm to 5:30 pm,Spodium Arena | Sector 29,Court 1,Not Booked,399,18 Sep 17:04
2026-09-18,Fri,5:30 am to 6:00 am,Spodium Arena | Sector 29,Court 1,Not Booked,299,18 Sep 05:29
2026-09-18,Fri,5:30 pm to 6:00 pm,Spodium Arena | Sector 29,Court 1,Not Booked,399,18 Sep 17:04
2026-09-18,Fri,6:00 am to 6:30 am,Spodium Arena | Sector 29,Court 1,Not Booked,299,18 Sep 06:12
2026-09-18,Fri,6:00 pm to 6:30 pm,Spodium Arena | Sector 29,Court 1,Not Booked,399,18 Sep 17:04
2026-09-18,Fri,6:30 am to 7:00 am,Spodium Arena | Sector 29,Court 1,Not Booked,299,18 Sep 06:35
2026-09-18,Fri,6:30 pm to 7:00 pm,Spodium Arena | Sector 29,Court 1,Not Booked,399,18 Sep 17:04
2026-09-18,Fri,7:00 am to 7:30 am,Spodium Arena | Sector 29,Court 1,Not Booked,299,18 Sep 07:29
2026-09-18,Fri,7:00 pm to 7:30 pm,Spodium Arena | Sector 29,Court 1,Not Booked,399,18 Sep 17:04
2026-09-18,Fri,7:30 am to 8:00 am,Spodium Arena | Sector 29,Court 1,Not Booked,299,18 Sep 07:29
2026-09-18,Fri,7:30 pm to 8:00 pm,Spodium Arena | Sector 29,Court 1,Not Booked,399,18 Sep 17:04
2026-09-18,Fri,8:00 pm to 8:30 pm,Spodium Arena | Sector 29,Court 1,Not Booked,399,18 Sep 17:04
2026-09-18,Fri,8:30 pm to 9:00 pm,Spodium Arena | Sector 29,Court 1,Not Booked,399,18 Sep 17:04
2026-09-18,Fri,9:00 pm to 9:30 pm,Spodium Arena | Sector 29,Court 1,Not Booked,399,18 Sep 17:04
2026-09-18,Fri,9:30 pm to 10:00 pm,Spodium Arena | Sector 29,Court 1,Not Booked,399,18 Sep 17:04
2026-09-18,Fri,10:00 pm to 10:30 pm,Spodium Arena | Sector 29,Court 2,Not Booked,399,18 Sep 17:30
2026-09-18,Fri,10:30 pm to 11:00 pm,Spodium Arena | Sector 29,Court 2,Not Booked,399,18 Sep 17:30
2026-09-18,Fri,11:00 pm to 11:30 pm,Spodium Arena | Sector 29,Court 2,Not Booked,399,18 Sep 17:30
2026-09-18,Fri,11:30 pm to 12:00 am,Spodium Arena | Sector 29,Court 2,Not Booked,399,18 Sep 17:30
2026-09-18,Fri,12:00 pm to 12:30 pm,Spodium Arena | Sector 29,Court 2,Not Booked,149,18 Sep 12:09
2026-09-18,Fri,12:30 pm to 1:00 pm,Spodium Arena | Sector 29,Court 2,Not Booked,149,18 Sep 12:36
2026-09-18,Fri,1:00 pm to 1:30 pm,Spodium Arena | Sector 29,Court 2,Not Booked,149,18 Sep 13:04
2026-09-18,Fri,1:30 pm to 2:00 pm,Spodium Arena | Sector 29,Court 2,Not Booked,149,18 Sep 13:30
2026-09-18,Fri,2:00 pm to 2:30 pm,Spodium Arena | Sector 29,Court 2,Not Booked,299,18 Sep 14:06
2026-09-18,Fri,2:30 pm to 3:00 pm,Spodium Arena | Sector 29,Court 2,Not Booked,299,18 Sep 14:31
2026-09-18,Fri,3:00 pm to 3:30 pm,Spodium Arena | Sector 29,Court 2,Not Booked,299,18 Sep 15:02
2026-09-18,Fri,3:30 pm to 4:00 pm,Spodium Arena | Sector 29,Court 2,Not Booked,299,18 Sep 15:30
2026-09-18,Fri,4:00 pm to 4:30 pm,Spodium Arena | Sector 29,Court 2,Not Booked,299,18 Sep 16:06
2026-09-18,Fri,4:30 pm to 5:00 pm,Spodium Arena | Sector 29,Court 2,Not Booked,299,18 Sep 16:30
2026-09-18,Fri,5:00 am to 5:30 am,Spodium Arena | Sector 29,Court 2,Not Booked,299,18 Sep 05:29
2026-09-18,Fri,5:00 pm to 5:30 pm,Spodium Arena | Sector 29,Court 2,Not Booked,399,18 Sep 17:04
2026-09-18,Fri,5:30 am to 6:00 am,Spodium Arena | Sector 29,Court 2,Not Booked,299,18 Sep 05:29
2026-09-18,Fri,5:30 pm to 6:00 pm,Spodium Arena | Sector 29,Court 2,Not Booked,399,18 Sep 17:30
2026-09-18,Fri,6:00 am to 6:30 am,Spodium Arena | Sector 29,Court 2,Not Booked,299,18 Sep 06:12
2026-09-18,Fri,6:00 pm to 6:30 pm,Spodium Arena | Sector 29,Court 2,Booked,149,18 Sep 17:30
2026-09-18,Fri,6:30 am to 7:00 am,Spodium Arena | Sector 29,Court 2,Not Booked,299,18 Sep 06:35
2026-09-18,Fri,6:30 pm to 7:00 pm,Spodium Arena | Sector 29,Court 2,Booked,149,18 Sep 17:30
2026-09-18,Fri,7:00 am to 7:30 am,Spodium Arena | Sector 29,Court 2,Not Booked,299,18 Sep 07:29
2026-09-18,Fri,7:00 pm to 7:30 pm,Spodium Arena | Sector 29,Court 2,Booked,149,18 Sep 17:30
2026-09-18,Fri,7:30 am to 8:00 am,Spodium Arena | Sector 29,Court 2,Not Booked,299,18 Sep 07:29
2026-09-18,Fri,7:30 pm to 8:00 pm,Spodium Arena | Sector 29,Court 2,Not Booked,399,18 Sep 17:30
2026-09-18,Fri,8:00 pm to 8:30 pm,Spodium Arena | Sector 29,Court 2,Not Booked,399,18 Sep 17:30
2026-09-18,Fri,8:30 pm to 9:00 pm,Spodium Arena | Sector 29,Court 2,Not Booked,399,18 Sep 17:30
2026-09-18,Fri,9:00 pm to 9:30 pm,Spodium Arena | Sector 29,Court 2,Not Booked,399,18 Sep 17:30
2026-09-18,Fri,9:30 pm to 10:00 pm,Spodium Arena | Sector 29,Court 2,Not Booked,399,18 Sep 17:30
2026-09-18,Fri,10:00 pm to 10:30 pm,Spodium Arena | Sector 29,Court 3,Booked,149,18 Sep 17:30
2026-09-18,Fri,10:30 pm to 11:00 pm,Spodium Arena | Sector 29,Court 3,Booked,149,18 Sep 17:30
2026-09-18,Fri,11:00 pm to 11:30 pm,Spodium Arena | Sector 29,Court 3,Booked,149,18 Sep 17:30
2026-09-18,Fri,11:30 pm to 12:00 am,Spodium Arena | Sector 29,Court 3,Not Booked,399,18 Sep 17:30
2026-09-18,Fri,2:00 pm to 2:30 pm,Spodium Arena | Sector 29,Court 3,Not Booked,299,18 Sep 14:06
2026-09-18,Fri,2:30 pm to 3:00 pm,Spodium Arena | Sector 29,Court 3,Not Booked,299,18 Sep 14:31
2026-09-18,Fri,3:00 pm to 3:30 pm,Spodium Arena | Sector 29,Court 3,Not Booked,299,18 Sep 15:02
2026-09-18,Fri,3:30 pm to 4:00 pm,Spodium Arena | Sector 29,Court 3,Not Booked,299,18 Sep 15:30
2026-09-18,Fri,4:00 pm to 4:30 pm,Spodium Arena | Sector 29,Court 3,Not Booked,299,18 Sep 16:06
2026-09-18,Fri,4:30 pm to 5:00 pm,Spodium Arena | Sector 29,Court 3,Not Booked,299,18 Sep 16:06
2026-09-18,Fri,5:00 am to 5:30 am,Spodium Arena | Sector 29,Court 3,Not Booked,299,18 Sep 05:29
2026-09-18,Fri,5:00 pm to 5:30 pm,Spodium Arena | Sector 29,Court 3,Not Booked,399,18 Sep 17:04
2026-09-18,Fri,5:30 am to 6:00 am,Spodium Arena | Sector 29,Court 3,Not Booked,299,18 Sep 05:29
2026-09-18,Fri,5:30 pm to 6:00 pm,Spodium Arena | Sector 29,Court 3,Not Booked,399,18 Sep 17:30
2026-09-18,Fri,6:00 am to 6:30 am,Spodium Arena | Sector 29,Court 3,Not Booked,299,18 Sep 06:12
2026-09-18,Fri,6:00 pm to 6:30 pm,Spodium Arena | Sector 29,Court 3,Not Booked,399,18 Sep 17:30
2026-09-18,Fri,6:30 am to 7:00 am,Spodium Arena | Sector 29,Court 3,Not Booked,299,18 Sep 06:35
2026-09-18,Fri,6:30 pm to 7:00 pm,Spodium Arena | Sector 29,Court 3,Not Booked,399,18 Sep 17:30
2026-09-18,Fri,7:00 am to 7:30 am,Spodium Arena | Sector 29,Court 3,Not Booked,299,18 Sep 07:29
2026-09-18,Fri,7:00 pm to 7:30 pm,Spodium Arena | Sector 29,Court 3,Booked,149,18 Sep 17:30
2026-09-18,Fri,7:30 am to 8:00 am,Spodium Arena | Sector 29,Court 3,Not Booked,299,18 Sep 07:29
2026-09-18,Fri,7:30 pm to 8:00 pm,Spodium Arena | Sector 29,Court 3,Booked,149,18 Sep 17:30
2026-09-18,Fri,8:00 pm to 8:30 pm,Spodium Arena | Sector 29,Court 3,Booked,149,18 Sep 17:30
2026-09-18,Fri,8:30 pm to 9:00 pm,Spodium Arena | Sector 29,Court 3,Booked,149,18 Sep 17:30
2026-09-18,Fri,9:00 pm to 9:30 pm,Spodium Arena | Sector 29,Court 3,Not Booked,399,18 Sep 17:30
2026-09-18,Fri,9:30 pm to 10:00 pm,Spodium Arena | Sector 29,Court 3,Not Booked,399,18 Sep 17:30
2026-09-18,Fri,10:00 pm to 10:30 pm,Spodium Arena | Sector 29,Court 4,Not Booked,399,18 Sep 17:30
2026-09-18,Fri,10:30 pm to 11:00 pm,Spodium Arena | Sector 29,Court 4,Not Booked,399,18 Sep 17:30
2026-09-18,Fri,11:00 pm to 11:30 pm,Spodium Arena | Sector 29,Court 4,Not Booked,399,18 Sep 17:30
2026-09-18,Fri,11:30 pm to 12:00 am,Spodium Arena | Sector 29,Court 4,Not Booked,399,18 Sep 17:30
2026-09-18,Fri,12:00 pm to 12:30 pm,Spodium Arena | Sector 29,Court 4,Not Booked,149,18 Sep 11:31
2026-09-18,Fri,12:30 pm to 1:00 pm,Spodium Arena | Sector 29,Court 4,Not Booked,149,18 Sep 12:36
2026-09-18,Fri,1:00 pm to 1:30 pm,Spodium Arena | Sector 29,Court 4,Not Booked,149,18 Sep 12:36
2026-09-18,Fri,1:30 pm to 2:00 pm,Spodium Arena | Sector 29,Court 4,Not Booked,149,18 Sep 13:30
2026-09-18,Fri,2:00 pm to 2:30 pm,Spodium Arena | Sector 29,Court 4,Not Booked,299,18 Sep 14:06
2026-09-18,Fri,2:30 pm to 3:00 pm,Spodium Arena | Sector 29,Court 4,Not Booked,299,18 Sep 14:31
2026-09-18,Fri,3:00 pm to 3:30 pm,Spodium Arena | Sector 29,Court 4,Not Booked,299,18 Sep 15:02
2026-09-18,Fri,3:30 pm to 4:00 pm,Spodium Arena | Sector 29,Court 4,Not Booked,299,18 Sep 15:30
2026-09-18,Fri,4:00 pm to 4:30 pm,Spodium Arena | Sector 29,Court 4,Not Booked,299,18 Sep 16:06
2026-09-18,Fri,4:30 pm to 5:00 pm,Spodium Arena | Sector 29,Court 4,Not Booked,299,18 Sep 16:30
2026-09-18,Fri,5:00 am to 5:30 am,Spodium Arena | Sector 29,Court 4,Not Booked,299,18 Sep 05:29
2026-09-18,Fri,5:00 pm to 5:30 pm,Spodium Arena | Sector 29,Court 4,Not Booked,399,18 Sep 17:04
2026-09-18,Fri,5:30 am to 6:00 am,Spodium Arena | Sector 29,Court 4,Not Booked,299,18 Sep 05:29
2026-09-18,Fri,5:30 pm to 6:00 pm,Spodium Arena | Sector 29,Court 4,Not Booked,399,18 Sep 17:30
2026-09-18,Fri,6:00 am to 6:30 am,Spodium Arena | Sector 29,Court 4,Not Booked,299,18 Sep 06:12
2026-09-18,Fri,6:00 pm to 6:30 pm,Spodium Arena | Sector 29,Court 4,Not Booked,399,18 Sep 17:30
2026-09-18,Fri,6:30 am to 7:00 am,Spodium Arena | Sector 29,Court 4,Not Booked,299,18 Sep 06:12
2026-09-18,Fri,6:30 pm to 7:00 pm,Spodium Arena | Sector 29,Court 4,Not Booked,399,18 Sep 17:30
2026-09-18,Fri,7:00 am to 7:30 am,Spodium Arena | Sector 29,Court 4,Not Booked,299,18 Sep 07:29
2026-09-18,Fri,7:00 pm to 7:30 pm,Spodium Arena | Sector 29,Court 4,Not Booked,399,18 Sep 17:30
2026-09-18,Fri,7:30 am to 8:00 am,Spodium Arena | Sector 29,Court 4,Not Booked,299,18 Sep 07:29
2026-09-18,Fri,7:30 pm to 8:00 pm,Spodium Arena | Sector 29,Court 4,Not Booked,399,18 Sep 17:30
2026-09-18,Fri,8:00 pm to 8:30 pm,Spodium Arena | Sector 29,Court 4,Not Booked,399,18 Sep 17:30
2026-09-18,Fri,8:30 pm to 9:00 pm,Spodium Arena | Sector 29,Court 4,Not Booked,399,18 Sep 17:30
2026-09-18,Fri,9:00 pm to 9:30 pm,Spodium Arena | Sector 29,Court 4,Not Booked,399,18 Sep 17:30
2026-09-18,Fri,9:30 pm to 10:00 pm,Spodium Arena | Sector 29,Court 4,Not Booked,399,18 Sep 17:30
2026-09-18,Fri,10:00 am to 11:00 am,Spuddy Multisports Academy | Noida,Pickleball (Indoor),Not Booked,400,18 Sep 10:31
2026-09-18,Fri,10:00 pm to 11:00 pm,Spuddy Multisports Academy | Noida,Pickleball (Indoor),Not Booked,400,18 Sep 17:30
2026-09-18,Fri,11:00 am to 12:00 pm,Spuddy Multisports Academy | Noida,Pickleball (Indoor),Not Booked,400,18 Sep 11:31
2026-09-18,Fri,11:00 pm to 12:00 am,Spuddy Multisports Academy | Noida,Pickleball (Indoor),Not Booked,400,18 Sep 17:30
2026-09-18,Fri,12:00 pm to 1:00 pm,Spuddy Multisports Academy | Noida,Pickleball (Indoor),Not Booked,400,18 Sep 12:36
2026-09-18,Fri,1:00 pm to 2:00 pm,Spuddy Multisports Academy | Noida,Pickleball (Indoor),Not Booked,400,18 Sep 13:04
2026-09-18,Fri,2:00 pm to 3:00 pm,Spuddy Multisports Academy | Noida,Pickleball (Indoor),Not Booked,400,18 Sep 14:31
2026-09-18,Fri,3:00 pm to 4:00 pm,Spuddy Multisports Academy | Noida,Pickleball (Indoor),Not Booked,400,18 Sep 15:30
2026-09-18,Fri,4:00 pm to 5:00 pm,Spuddy Multisports Academy | Noida,Pickleball (Indoor),Not Booked,400,18 Sep 16:30
2026-09-18,Fri,5:00 am to 6:00 am,Spuddy Multisports Academy | Noida,Pickleball (Indoor),Not Booked,400,18 Sep 05:29
2026-09-18,Fri,5:00 pm to 6:00 pm,Spuddy Multisports Academy | Noida,Pickleball (Indoor),Filling Fast,400,18 Sep 17:30
2026-09-18,Fri,6:00 am to 7:00 am,Spuddy Multisports Academy | Noida,Pickleball (Indoor),Not Booked,400,18 Sep 06:35
2026-09-18,Fri,6:00 pm to 7:00 pm,Spuddy Multisports Academy | Noida,Pickleball (Indoor),Filling Fast,400,18 Sep 17:30
2026-09-18,Fri,7:00 am to 8:00 am,Spuddy Multisports Academy | Noida,Pickleball (Indoor),Not Booked,400,18 Sep 07:29
2026-09-18,Fri,7:00 pm to 8:00 pm,Spuddy Multisports Academy | Noida,Pickleball (Indoor),Filling Fast,400,18 Sep 17:30
2026-09-18,Fri,8:00 am to 9:00 am,Spuddy Multisports Academy | Noida,Pickleball (Indoor),Not Booked,400,18 Sep 08:29
2026-09-18,Fri,8:00 pm to 9:00 pm,Spuddy Multisports Academy | Noida,Pickleball (Indoor),Filling Fast,400,18 Sep 17:30
2026-09-18,Fri,9:00 am to 10:00 am,Spuddy Multisports Academy | Noida,Pickleball (Indoor),Not Booked,400,18 Sep 09:29
2026-09-18,Fri,9:00 pm to 10:00 pm,Spuddy Multisports Academy | Noida,Pickleball (Indoor),Filling Fast,400,18 Sep 17:30
2026-09-18,Fri,10:00 pm to 10:30 pm,The Box Cage,Court 1,Not Booked,300,18 Sep 17:30
2026-09-18,Fri,10:30 pm to 11:00 pm,The Box Cage,Court 1,Not Booked,300,18 Sep 17:30
2026-09-18,Fri,11:00 pm to 11:30 pm,The Box Cage,Court 1,Not Booked,300,18 Sep 17:30
2026-09-18,Fri,11:30 pm to 12:00 am,The Box Cage,Court 1,Not Booked,300,18 Sep 17:30
2026-09-18,Fri,12:00 am to 12:30 am,The Box Cage,Court 1,Not Booked,300,18 Sep 00:34
2026-09-18,Fri,12:30 am to 1:00 am,The Box Cage,Court 1,Not Booked,300,18 Sep 00:34
2026-09-18,Fri,1:00 am to 1:30 am,The Box Cage,Court 1,Not Booked,300,18 Sep 01:03
2026-09-18,Fri,1:30 am to 2:00 am,The Box Cage,Court 1,Not Booked,300,18 Sep 01:03
2026-09-18,Fri,3:00 pm to 3:30 pm,The Box Cage,Court 1,Not Booked,300,18 Sep 15:02
2026-09-18,Fri,3:30 pm to 4:00 pm,The Box Cage,Court 1,Not Booked,300,18 Sep 15:30
2026-09-18,Fri,4:00 pm to 4:30 pm,The Box Cage,Court 1,Not Booked,300,18 Sep 16:06
2026-09-18,Fri,4:30 pm to 5:00 pm,The Box Cage,Court 1,Not Booked,300,18 Sep 16:30
2026-09-18,Fri,5:00 pm to 5:30 pm,The Box Cage,Court 1,Not Booked,300,18 Sep 17:04
2026-09-18,Fri,5:30 pm to 6:00 pm,The Box Cage,Court 1,Not Booked,300,18 Sep 17:30
2026-09-18,Fri,6:00 pm to 6:30 pm,The Box Cage,Court 1,Not Booked,300,18 Sep 17:30
2026-09-18,Fri,6:30 pm to 7:00 pm,The Box Cage,Court 1,Not Booked,300,18 Sep 17:30
2026-09-18,Fri,7:00 pm to 7:30 pm,The Box Cage,Court 1,Not Booked,300,18 Sep 17:30
2026-09-18,Fri,7:30 pm to 8:00 pm,The Box Cage,Court 1,Not Booked,300,18 Sep 17:30
2026-09-18,Fri,8:00 pm to 8:30 pm,The Box Cage,Court 1,Not Booked,300,18 Sep 17:30
2026-09-18,Fri,8:30 pm to 9:00 pm,The Box Cage,Court 1,Not Booked,300,18 Sep 17:30
2026-09-18,Fri,9:00 pm to 9:30 pm,The Box Cage,Court 1,Not Booked,300,18 Sep 17:30
2026-09-18,Fri,9:30 pm to 10:00 pm,The Box Cage,Court 1,Not Booked,300,18 Sep 17:30
2026-09-18,Fri,10:00 pm to 10:30 pm,The Box Cage,Court 2,Not Booked,300,18 Sep 17:30
2026-09-18,Fri,10:30 pm to 11:00 pm,The Box Cage,Court 2,Not Booked,300,18 Sep 17:30
2026-09-18,Fri,11:00 pm to 11:30 pm,The Box Cage,Court 2,Not Booked,300,18 Sep 17:30
2026-09-18,Fri,11:30 pm to 12:00 am,The Box Cage,Court 2,Not Booked,300,18 Sep 17:30
2026-09-18,Fri,12:30 am to 1:00 am,The Box Cage,Court 2,Not Booked,300,18 Sep 01:03
2026-09-18,Fri,1:00 am to 1:30 am,The Box Cage,Court 2,Not Booked,300,18 Sep 01:28
2026-09-18,Fri,1:30 am to 2:00 am,The Box Cage,Court 2,Not Booked,300,18 Sep 01:28
2026-09-18,Fri,3:00 pm to 3:30 pm,The Box Cage,Court 2,Not Booked,300,18 Sep 14:31
2026-09-18,Fri,3:30 pm to 4:00 pm,The Box Cage,Court 2,Not Booked,300,18 Sep 15:30
2026-09-18,Fri,4:00 pm to 4:30 pm,The Box Cage,Court 2,Not Booked,300,18 Sep 16:06
2026-09-18,Fri,4:30 pm to 5:00 pm,The Box Cage,Court 2,Not Booked,300,18 Sep 16:06
2026-09-18,Fri,5:00 pm to 5:30 pm,The Box Cage,Court 2,Not Booked,300,18 Sep 17:04
2026-09-18,Fri,5:30 pm to 6:00 pm,The Box Cage,Court 2,Not Booked,300,18 Sep 17:30
2026-09-18,Fri,6:00 pm to 6:30 pm,The Box Cage,Court 2,Not Booked,300,18 Sep 17:30
2026-09-18,Fri,6:30 pm to 7:00 pm,The Box Cage,Court 2,Not Booked,300,18 Sep 17:30
2026-09-18,Fri,7:00 pm to 7:30 pm,The Box Cage,Court 2,Not Booked,300,18 Sep 17:30
2026-09-18,Fri,7:30 pm to 8:00 pm,The Box Cage,Court 2,Not Booked,300,18 Sep 17:30
2026-09-18,Fri,8:00 pm to 8:30 pm,The Box Cage,Court 2,Not Booked,300,18 Sep 17:30
2026-09-18,Fri,8:30 pm to 9:00 pm,The Box Cage,Court 2,Not Booked,300,18 Sep 17:30
2026-09-18,Fri,9:00 pm to 9:30 pm,The Box Cage,Court 2,Not Booked,300,18 Sep 17:30
2026-09-18,Fri,9:30 pm to 10:00 pm,The Box Cage,Court 2,Not Booked,300,18 Sep 17:30
2026-09-18,Fri,10:00 pm to 10:30 pm,The Box Cage,Court 3,Not Booked,300,18 Sep 17:30
2026-09-18,Fri,10:30 pm to 11:00 pm,The Box Cage,Court 3,Not Booked,300,18 Sep 17:30
2026-09-18,Fri,11:00 pm to 11:30 pm,The Box Cage,Court 3,Not Booked,300,18 Sep 17:30
2026-09-18,Fri,11:30 pm to 12:00 am,The Box Cage,Court 3,Not Booked,300,18 Sep 17:30
2026-09-18,Fri,12:00 am to 12:30 am,The Box Cage,Court 3,Not Booked,300,18 Sep 00:34
2026-09-18,Fri,12:30 am to 1:00 am,The Box Cage,Court 3,Not Booked,300,18 Sep 00:34
2026-09-18,Fri,1:00 am to 1:30 am,The Box Cage,Court 3,Not Booked,300,18 Sep 01:03
2026-09-18,Fri,1:30 am to 2:00 am,The Box Cage,Court 3,Not Booked,300,18 Sep 01:03
2026-09-18,Fri,3:00 pm to 3:30 pm,The Box Cage,Court 3,Not Booked,300,18 Sep 15:02
2026-09-18,Fri,3:30 pm to 4:00 pm,The Box Cage,Court 3,Not Booked,300,18 Sep 15:30
2026-09-18,Fri,4:00 pm to 4:30 pm,The Box Cage,Court 3,Not Booked,300,18 Sep 16:06
2026-09-18,Fri,4:30 pm to 5:00 pm,The Box Cage,Court 3,Not Booked,300,18 Sep 16:30
2026-09-18,Fri,5:00 pm to 5:30 pm,The Box Cage,Court 3,Not Booked,300,18 Sep 17:04
2026-09-18,Fri,5:30 pm to 6:00 pm,The Box Cage,Court 3,Not Booked,300,18 Sep 17:30
2026-09-18,Fri,6:00 pm to 6:30 pm,The Box Cage,Court 3,Not Booked,300,18 Sep 17:30
2026-09-18,Fri,6:30 pm to 7:00 pm,The Box Cage,Court 3,Not Booked,300,18 Sep 17:30
2026-09-18,Fri,7:00 pm to 7:30 pm,The Box Cage,Court 3,Not Booked,300,18 Sep 17:30
2026-09-18,Fri,7:30 pm to 8:00 pm,The Box Cage,Court 3,Not Booked,300,18 Sep 17:30
2026-09-18,Fri,8:00 pm to 8:30 pm,The Box Cage,Court 3,Not Booked,300,18 Sep 17:30
2026-09-18,Fri,8:30 pm to 9:00 pm,The Box Cage,Court 3,Not Booked,300,18 Sep 17:30
2026-09-18,Fri,9:00 pm to 9:30 pm,The Box Cage,Court 3,Not Booked,300,18 Sep 17:30
2026-09-18,Fri,9:30 pm to 10:00 pm,The Box Cage,Court 3,Not Booked,300,18 Sep 17:30
2026-09-18,Fri,10:00 pm to 10:30 pm,The Box Cage,Court 4,Not Booked,300,18 Sep 17:30
2026-09-18,Fri,10:30 pm to 11:00 pm,The Box Cage,Court 4,Not Booked,300,18 Sep 17:30
2026-09-18,Fri,11:00 pm to 11:30 pm,The Box Cage,Court 4,Not Booked,300,18 Sep 17:30
2026-09-18,Fri,11:30 pm to 12:00 am,The Box Cage,Court 4,Not Booked,300,18 Sep 17:30
2026-09-18,Fri,12:30 am to 1:00 am,The Box Cage,Court 4,Not Booked,300,18 Sep 01:03
2026-09-18,Fri,1:00 am to 1:30 am,The Box Cage,Court 4,Not Booked,300,18 Sep 01:28
2026-09-18,Fri,1:30 am to 2:00 am,The Box Cage,Court 4,Not Booked,300,18 Sep 01:28
2026-09-18,Fri,3:00 pm to 3:30 pm,The Box Cage,Court 4,Not Booked,300,18 Sep 15:02
2026-09-18,Fri,3:30 pm to 4:00 pm,The Box Cage,Court 4,Not Booked,300,18 Sep 15:30
2026-09-18,Fri,4:00 pm to 4:30 pm,The Box Cage,Court 4,Not Booked,300,18 Sep 16:06
2026-09-18,Fri,4:30 pm to 5:00 pm,The Box Cage,Court 4,Not Booked,300,18 Sep 16:30
2026-09-18,Fri,5:00 pm to 5:30 pm,The Box Cage,Court 4,Not Booked,300,18 Sep 17:04
2026-09-18,Fri,5:30 pm to 6:00 pm,The Box Cage,Court 4,Not Booked,300,18 Sep 17:30
2026-09-18,Fri,6:00 pm to 6:30 pm,The Box Cage,Court 4,Not Booked,300,18 Sep 17:30
2026-09-18,Fri,6:30 pm to 7:00 pm,The Box Cage,Court 4,Not Booked,300,18 Sep 17:30
2026-09-18,Fri,7:00 pm to 7:30 pm,The Box Cage,Court 4,Not Booked,300,18 Sep 17:30
2026-09-18,Fri,7:30 pm to 8:00 pm,The Box Cage,Court 4,Not Booked,300,18 Sep 17:30
2026-09-18,Fri,8:00 pm to 8:30 pm,The Box Cage,Court 4,Not Booked,300,18 Sep 17:30
2026-09-18,Fri,8:30 pm to 9:00 pm,The Box Cage,Court 4,Not Booked,300,18 Sep 17:30
2026-09-18,Fri,9:00 pm to 9:30 pm,The Box Cage,Court 4,Not Booked,300,18 Sep 17:30
2026-09-18,Fri,9:30 pm to 10:00 pm,The Box Cage,Court 4,Not Booked,300,18 Sep 17:30
2026-09-18,Fri,4:00 pm to 4:30 pm,Zyng Gallant Sports Arena,Pickleball Courts (Outdoor),Not Booked,350,18 Sep 16:06
2026-09-18,Fri,4:30 pm to 5:00 pm,Zyng Gallant Sports Arena,Pickleball Courts (Outdoor),Not Booked,350,18 Sep 16:30
2026-09-18,Fri,5:00 pm to 5:30 pm,Zyng Gallant Sports Arena,Pickleball Courts (Outdoor),Not Booked,350,18 Sep 17:04
2026-09-18,Fri,5:30 pm to 6:00 pm,Zyng Gallant Sports Arena,Pickleball Courts (Outdoor),Not Booked,350,18 Sep 17:30
2026-09-18,Fri,6:00 pm to 6:30 pm,Zyng Gallant Sports Arena,Pickleball Courts (Outdoor),Not Booked,350,18 Sep 17:30
2026-09-18,Fri,6:30 pm to 7:00 pm,Zyng Gallant Sports Arena,Pickleball Courts (Outdoor),Not Booked,350,18 Sep 17:30
2026-09-18,Fri,7:00 pm to 7:30 pm,Zyng Gallant Sports Arena,Pickleball Courts (Outdoor),Not Booked,350,18 Sep 17:30
2026-09-18,Fri,7:30 pm to 8:00 pm,Zyng Gallant Sports Arena,Pickleball Courts (Outdoor),Not Booked,350,18 Sep 17:30
2026-09-18,Fri,8:00 pm to 8:30 pm,Zyng Gallant Sports Arena,Pickleball Courts (Outdoor),Not Booked,350,18 Sep 17:30
2026-09-18,Fri,8:30 pm to 9:00 pm,Zyng Gallant Sports Arena,Pickleball Courts (Outdoor),Not Booked,350,18 Sep 17:30
2026-09-18,Fri,9:00 pm to 9:30 pm,Zyng Gallant Sports Arena,Pickleball Courts (Outdoor),Not Booked,350,18 Sep 17:30
2026-09-18,Fri,9:30 pm to 10:00 pm,Zyng Gallant Sports Arena,Pickleball Courts (Outdoor),Not Booked,350,18 Sep 17:30
