Date,Day,Slot Time,Venue,Court,Status,Price,Last checked
2026-09-19,Sat,12:00 am to 12:30 am,Anandmay Sports Club | Sector 128,Court 1,Not Booked,250,19 Sep 00:32
2026-09-19,Sat,12:00 am to 12:30 am,Anandmay Sports Club | Sector 128,Court 2,Not Booked,250,19 Sep 00:32
2026-09-19,Sat,12:00 am to 12:30 am,Crickdome,Court 2,Not Booked,400,19 Sep 00:32
2026-09-19,Sat,12:00 am to 12:30 am,Dinking Zone One29,Court 1,Not Booked,450,19 Sep 00:32
2026-09-19,Sat,12:00 am to 12:30 am,Dinking Zone One29,Court 2,Booked,450,19 Sep 00:32
2026-09-19,Sat,12:00 am to 12:30 am,Dinking Zone One29,Court 3,Not Booked,450,19 Sep 00:32
2026-09-19,Sat,12:00 am to 12:30 am,Pickleflow Social,Court 1,Not Booked,500,19 Sep 00:32
2026-09-19,Sat,12:00 am to 12:30 am,Pickleflow Social,Court 2,Not Booked,500,19 Sep 00:32
2026-09-19,Sat,12:00 am to 12:30 am,Pickleflow Social,Court 3,Not Booked,500,19 Sep 00:32
2026-09-19,Sat,12:00 am to 1:00 am,Pickleplay 121 | Indoor Arena,Court 1,Not Booked,700,19 Sep 00:32
2026-09-19,Sat,12:00 am to 1:00 am,Pickleplay 121 | Indoor Arena,Court 2,Not Booked,700,19 Sep 00:32
2026-09-19,Sat,12:00 am to 1:00 am,Pickleplay 121 | Indoor Arena,Court 3,Not Booked,700,19 Sep 00:32
2026-09-19,Sat,12:00 am to 12:30 am,The Box Cage,Court 1,Not Booked,300,19 Sep 00:32
2026-09-19,Sat,12:00 am to 12:30 am,The Box Cage,Court 2,Not Booked,300,19 Sep 00:32
2026-09-19,Sat,12:00 am to 12:30 am,The Box Cage,Court 3,Not Booked,300,19 Sep 00:32
2026-09-19,Sat,12:00 am to 12:30 am,The Box Cage,Court 4,Not Booked,300,19 Sep 00:32
2026-09-19,Sat,12:30 am to 1:00 am,Anandmay Sports Club | Sector 128,Court 1,Not Booked,250,19 Sep 00:32
2026-09-19,Sat,12:30 am to 1:00 am,Anandmay Sports Club | Sector 128,Court 2,Not Booked,250,19 Sep 00:32
2026-09-19,Sat,12:30 am to 1:00 am,Crickdome,Court 1,Not Booked,400,19 Sep 01:04
2026-09-19,Sat,12:30 am to 1:00 am,Crickdome,Court 2,Not Booked,400,19 Sep 00:32
2026-09-19,Sat,12:30 am to 1:00 am,Dinking Zone One29,Court 1,Not Booked,450,19 Sep 00:32
2026-09-19,Sat,12:30 am to 1:00 am,Dinking Zone One29,Court 2,Not Booked,450,19 Sep 00:32
2026-09-19,Sat,12:30 am to 1:00 am,Dinking Zone One29,Court 3,Not Booked,450,19 Sep 00:32
2026-09-19,Sat,12:30 am to 1:00 am,Heat Sports Arena 150,Court 1,Not Booked,450,19 Sep 00:32
2026-09-19,Sat,12:30 am to 1:00 am,Heat Sports Arena 150,Court 2,Not Booked,450,19 Sep 00:32
2026-09-19,Sat,12:30 am to 1:00 am,Pickleflow Social,Court 1,Not Booked,500,19 Sep 00:32
2026-09-19,Sat,12:30 am to 1:00 am,Pickleflow Social,Court 2,Not Booked,500,19 Sep 00:32
2026-09-19,Sat,12:30 am to 1:00 am,Pickleflow Social,Court 3,Not Booked,500,19 Sep 00:32
2026-09-19,Sat,12:30 am to 1:00 am,Pitch Please X TSG Sports Arena,Court 1,Not Booked,600,19 Sep 00:32
2026-09-19,Sat,12:30 am to 1:00 am,Pitch Please X TSG Sports Arena,Court 2,Not Booked,600,19 Sep 00:32
2026-09-19,Sat,12:30 am to 1:00 am,The Box Cage,Court 1,Not Booked,300,19 Sep 00:32
2026-09-19,Sat,12:30 am to 1:00 am,The Box Cage,Court 2,Not Booked,300,19 Sep 00:32
2026-09-19,Sat,12:30 am to 1:00 am,The Box Cage,Court 3,Not Booked,300,19 Sep 00:32
2026-09-19,Sat,12:30 am to 1:00 am,The Box Cage,Court 4,Not Booked,300,19 Sep 00:32
2026-09-19,Sat,1:00 am to 1:30 am,Anandmay Sports Club | Sector 128,Court 1,Not Booked,250,19 Sep 01:27
2026-09-19,Sat,1:00 am to 1:30 am,Anandmay Sports Club | Sector 128,Court 2,Not Booked,250,19 Sep 01:27
2026-09-19,Sat,1:00 am to 1:30 am,Dinking Zone One29,Court 1,Not Booked,450,19 Sep 00:32
2026-09-19,Sat,1:00 am to 1:30 am,Dinking Zone One29,Court 2,Not Booked,450,19 Sep 01:27
2026-09-19,Sat,1:00 am to 1:30 am,Dinking Zone One29,Court 3,Not Booked,450,19 Sep 01:04
2026-09-19,Sat,1:00 am to 1:30 am,Heat Sports Arena 150,Court 1,Not Booked,450,19 Sep 01:27
2026-09-19,Sat,1:00 am to 1:30 am,Heat Sports Arena 150,Court 2,Not Booked,450,19 Sep 01:27
2026-09-19,Sat,1:00 am to 1:30 am,Pickleflow Social,Court 1,Not Booked,500,19 Sep 01:27
2026-09-19,Sat,1:00 am to 1:30 am,Pickleflow Social,Court 2,Not Booked,500,19 Sep 01:04
2026-09-19,Sat,1:00 am to 1:30 am,Pickleflow Social,Court 3,Not Booked,500,19 Sep 01:27
2026-09-19,Sat,1:00 am to 1:30 am,Pitch Please X TSG Sports Arena,Court 1,Not Booked,600,19 Sep 00:32
2026-09-19,Sat,1:00 am to 1:30 am,Pitch Please X TSG Sports Arena,Court 2,Not Booked,600,19 Sep 00:32
2026-09-19,Sat,1:00 am to 1:30 am,The Box Cage,Court 1,Not Booked,300,19 Sep 01:27
2026-09-19,Sat,1:00 am to 1:30 am,The Box Cage,Court 2,Not Booked,300,19 Sep 01:27
2026-09-19,Sat,1:00 am to 1:30 am,The Box Cage,Court 3,Not Booked,300,19 Sep 01:27
2026-09-19,Sat,1:00 am to 1:30 am,The Box Cage,Court 4,Not Booked,300,19 Sep 01:04
2026-09-19,Sat,1:30 am to 2:00 am,Anandmay Sports Club | Sector 128,Court 1,Not Booked,250,19 Sep 01:27
2026-09-19,Sat,1:30 am to 2:00 am,Anandmay Sports Club | Sector 128,Court 2,Not Booked,250,19 Sep 01:27
2026-09-19,Sat,1:30 am to 2:00 am,Dinking Zone One29,Court 1,Not Booked,450,19 Sep 00:32
2026-09-19,Sat,1:30 am to 2:00 am,Dinking Zone One29,Court 2,Not Booked,450,19 Sep 01:27
2026-09-19,Sat,1:30 am to 2:00 am,Dinking Zone One29,Court 3,Not Booked,450,19 Sep 01:04
2026-09-19,Sat,1:30 am to 2:00 am,Heat Sports Arena 150,Court 1,Not Booked,450,19 Sep 01:27
2026-09-19,Sat,1:30 am to 2:00 am,Heat Sports Arena 150,Court 2,Not Booked,450,19 Sep 01:27
2026-09-19,Sat,1:30 am to 2:00 am,Pickleflow Social,Court 1,Not Booked,500,19 Sep 01:27
2026-09-19,Sat,1:30 am to 2:00 am,Pickleflow Social,Court 2,Not Booked,500,19 Sep 01:04
2026-09-19,Sat,1:30 am to 2:00 am,Pickleflow Social,Court 3,Not Booked,500,19 Sep 01:27
2026-09-19,Sat,1:30 am to 2:00 am,Pitch Please X TSG Sports Arena,Court 1,Not Booked,600,19 Sep 01:27
2026-09-19,Sat,1:30 am to 2:00 am,Pitch Please X TSG Sports Arena,Court 2,Not Booked,600,19 Sep 01:27
2026-09-19,Sat,1:30 am to 2:00 am,The Box Cage,Court 1,Not Booked,300,19 Sep 01:27
2026-09-19,Sat,1:30 am to 2:00 am,The Box Cage,Court 2,Not Booked,300,19 Sep 01:27
2026-09-19,Sat,1:30 am to 2:00 am,The Box Cage,Court 3,Not Booked,300,19 Sep 01:27
2026-09-19,Sat,1:30 am to 2:00 am,The Box Cage,Court 4,Not Booked,300,19 Sep 01:04
2026-09-19,Sat,2:00 am to 2:30 am,Anandmay Sports Club | Sector 128,Court 1,Not Booked,250,19 Sep 02:03
2026-09-19,Sat,2:00 am to 2:30 am,Anandmay Sports Club | Sector 128,Court 2,Not Booked,250,19 Sep 02:03
2026-09-19,Sat,2:00 am to 2:30 am,Dinking Zone One29,Court 1,Not Booked,450,19 Sep 02:03
2026-09-19,Sat,2:00 am to 2:30 am,Dinking Zone One29,Court 2,Not Booked,450,19 Sep 02:03
2026-09-19,Sat,2:00 am to 2:30 am,Dinking Zone One29,Court 3,Not Booked,450,19 Sep 01:04
2026-09-19,Sat,2:00 am to 2:30 am,Heat Sports Arena 150,Court 1,Not Booked,450,19 Sep 02:03
2026-09-19,Sat,2:00 am to 2:30 am,Heat Sports Arena 150,Court 2,Not Booked,450,19 Sep 02:03
2026-09-19,Sat,2:00 am to 2:30 am,The Box Cage,Court 1,Not Booked,300,19 Sep 01:27
2026-09-19,Sat,2:00 am to 2:30 am,The Box Cage,Court 2,Not Booked,300,19 Sep 02:03
2026-09-19,Sat,2:00 am to 2:30 am,The Box Cage,Court 3,Not Booked,300,19 Sep 02:03
2026-09-19,Sat,2:00 am to 2:30 am,The Box Cage,Court 4,Not Booked,300,19 Sep 02:03
2026-09-19,Sat,2:30 am to 3:00 am,Anandmay Sports Club | Sector 128,Court 1,Not Booked,250,19 Sep 02:31
2026-09-19,Sat,2:30 am to 3:00 am,Anandmay Sports Club | Sector 128,Court 2,Not Booked,250,19 Sep 02:03
2026-09-19,Sat,2:30 am to 3:00 am,Dinking Zone One29,Court 1,Not Booked,450,19 Sep 02:31
2026-09-19,Sat,2:30 am to 3:00 am,Dinking Zone One29,Court 2,Booked,450,19 Sep 02:31
2026-09-19,Sat,2:30 am to 3:00 am,Dinking Zone One29,Court 3,Not Booked,450,19 Sep 02:31
2026-09-19,Sat,2:30 am to 3:00 am,Heat Sports Arena 150,Court 1,Not Booked,450,19 Sep 02:31
2026-09-19,Sat,2:30 am to 3:00 am,Heat Sports Arena 150,Court 2,Not Booked,450,19 Sep 02:31
2026-09-19,Sat,2:30 am to 3:00 am,The Box Cage,Court 1,Not Booked,300,19 Sep 02:31
2026-09-19,Sat,2:30 am to 3:00 am,The Box Cage,Court 2,Not Booked,300,19 Sep 02:31
2026-09-19,Sat,2:30 am to 3:00 am,The Box Cage,Court 3,Not Booked,300,19 Sep 02:31
2026-09-19,Sat,2:30 am to 3:00 am,The Box Cage,Court 4,Not Booked,300,19 Sep 02:31
2026-09-19,Sat,3:00 am to 3:30 am,Anandmay Sports Club | Sector 128,Court 1,Not Booked,250,19 Sep 03:29
2026-09-19,Sat,3:00 am to 3:30 am,Anandmay Sports Club | Sector 128,Court 2,Not Booked,250,19 Sep 03:29
2026-09-19,Sat,3:00 am to 3:30 am,Dinking Zone One29,Court 1,Not Booked,450,19 Sep 03:29
2026-09-19,Sat,3:00 am to 3:30 am,Dinking Zone One29,Court 2,Not Booked,450,19 Sep 03:29
2026-09-19,Sat,3:00 am to 3:30 am,Dinking Zone One29,Court 3,Not Booked,450,19 Sep 03:29
2026-09-19,Sat,3:00 am to 3:30 am,Heat Sports Arena 150,Court 1,Not Booked,450,19 Sep 03:29
2026-09-19,Sat,3:00 am to 3:30 am,Heat Sports Arena 150,Court 2,Not Booked,450,19 Sep 03:29
2026-09-19,Sat,3:00 am to 3:30 am,The Box Cage,Court 1,Not Booked,300,19 Sep 03:29
2026-09-19,Sat,3:00 am to 3:30 am,The Box Cage,Court 2,Not Booked,300,19 Sep 03:29
2026-09-19,Sat,3:00 am to 3:30 am,The Box Cage,Court 3,Not Booked,300,19 Sep 03:03
2026-09-19,Sat,3:00 am to 3:30 am,The Box Cage,Court 4,Not Booked,300,19 Sep 03:29
2026-09-19,Sat,3:30 am to 4:00 am,Anandmay Sports Club | Sector 128,Court 1,Not Booked,250,19 Sep 03:29
2026-09-19,Sat,3:30 am to 4:00 am,Anandmay Sports Club | Sector 128,Court 2,Not Booked,250,19 Sep 03:29
2026-09-19,Sat,3:30 am to 4:00 am,Dinking Zone One29,Court 1,Not Booked,450,19 Sep 03:29
2026-09-19,Sat,3:30 am to 4:00 am,Dinking Zone One29,Court 2,Not Booked,450,19 Sep 03:29
2026-09-19,Sat,3:30 am to 4:00 am,Dinking Zone One29,Court 3,Not Booked,450,19 Sep 03:29
2026-09-19,Sat,3:30 am to 4:00 am,Heat Sports Arena 150,Court 1,Not Booked,450,19 Sep 03:29
2026-09-19,Sat,3:30 am to 4:00 am,Heat Sports Arena 150,Court 2,Not Booked,450,19 Sep 03:29
2026-09-19,Sat,3:30 am to 4:00 am,The Box Cage,Court 1,Not Booked,300,19 Sep 03:29
2026-09-19,Sat,3:30 am to 4:00 am,The Box Cage,Court 2,Not Booked,300,19 Sep 03:29
2026-09-19,Sat,3:30 am to 4:00 am,The Box Cage,Court 3,Not Booked,300,19 Sep 03:03
2026-09-19,Sat,3:30 am to 4:00 am,The Box Cage,Court 4,Not Booked,300,19 Sep 03:29
2026-09-19,Sat,4:00 am to 4:30 am,Anandmay Sports Club | Sector 128,Court 1,Not Booked,250,19 Sep 04:04
2026-09-19,Sat,4:00 am to 4:30 am,Anandmay Sports Club | Sector 128,Court 2,Not Booked,250,19 Sep 03:29
2026-09-19,Sat,4:00 am to 4:30 am,Dinking Zone One29,Court 1,Not Booked,450,19 Sep 03:29
2026-09-19,Sat,4:00 am to 4:30 am,Dinking Zone One29,Court 2,Not Booked,450,19 Sep 04:04
2026-09-19,Sat,4:00 am to 4:30 am,Dinking Zone One29,Court 3,Not Booked,450,19 Sep 04:04
2026-09-19,Sat,4:00 am to 4:30 am,Heat Sports Arena 150,Court 1,Not Booked,450,19 Sep 04:04
2026-09-19,Sat,4:00 am to 4:30 am,Heat Sports Arena 150,Court 2,Not Booked,450,19 Sep 04:04
2026-09-19,Sat,4:00 am to 4:30 am,The Box Cage,Court 1,Not Booked,300,19 Sep 04:04
2026-09-19,Sat,4:00 am to 4:30 am,The Box Cage,Court 2,Not Booked,300,19 Sep 04:04
2026-09-19,Sat,4:00 am to 4:30 am,The Box Cage,Court 3,Not Booked,300,19 Sep 04:04
2026-09-19,Sat,4:00 am to 4:30 am,The Box Cage,Court 4,Not Booked,300,19 Sep 04:04
2026-09-19,Sat,4:30 am to 5:00 am,Anandmay Sports Club | Sector 128,Court 1,Not Booked,250,19 Sep 04:30
2026-09-19,Sat,4:30 am to 5:00 am,Anandmay Sports Club | Sector 128,Court 2,Not Booked,250,19 Sep 04:30
2026-09-19,Sat,4:30 am to 5:00 am,Dinking Zone One29,Court 1,Not Booked,450,19 Sep 04:30
2026-09-19,Sat,4:30 am to 5:00 am,Dinking Zone One29,Court 2,Not Booked,450,19 Sep 04:04
2026-09-19,Sat,4:30 am to 5:00 am,Dinking Zone One29,Court 3,Not Booked,450,19 Sep 04:30
2026-09-19,Sat,4:30 am to 5:00 am,Heat Sports Arena 150,Court 1,Not Booked,450,19 Sep 04:30
2026-09-19,Sat,4:30 am to 5:00 am,Heat Sports Arena 150,Court 2,Not Booked,450,19 Sep 04:30
2026-09-19,Sat,4:30 am to 5:00 am,The Box Cage,Court 1,Not Booked,300,19 Sep 04:30
2026-09-19,Sat,4:30 am to 5:00 am,The Box Cage,Court 2,Not Booked,300,19 Sep 04:30
2026-09-19,Sat,4:30 am to 5:00 am,The Box Cage,Court 3,Not Booked,300,19 Sep 04:30
2026-09-19,Sat,4:30 am to 5:00 am,The Box Cage,Court 4,Not Booked,300,19 Sep 04:30
2026-09-19,Sat,5:00 am to 5:30 am,Anandmay Sports Club | Sector 128,Court 1,Not Booked,250,19 Sep 05:27
2026-09-19,Sat,5:00 am to 5:30 am,Anandmay Sports Club | Sector 128,Court 2,Not Booked,250,19 Sep 04:30
2026-09-19,Sat,5:00 am to 5:30 am,CoPlay RISE | Sec 73 Noida,Court 1,Not Booked,200,19 Sep 05:27
2026-09-19,Sat,5:00 am to 5:30 am,CoPlay RISE | Sec 73 Noida,Court 2,Not Booked,200,19 Sep 05:27
2026-09-19,Sat,5:00 am to 5:30 am,Crickdome,Court 1,Not Booked,400,19 Sep 04:30
2026-09-19,Sat,5:00 am to 5:30 am,Crickdome,Court 2,Not Booked,400,19 Sep 05:27
2026-09-19,Sat,5:00 am to 5:30 am,Dinking Zone One29,Court 1,Not Booked,400,19 Sep 05:27
2026-09-19,Sat,5:00 am to 5:30 am,Dinking Zone One29,Court 2,Not Booked,400,19 Sep 05:27
2026-09-19,Sat,5:00 am to 5:30 am,Dinking Zone One29,Court 3,Not Booked,400,19 Sep 05:03
2026-09-19,Sat,5:00 am to 5:30 am,Heat Sports Arena 150,Court 1,Not Booked,450,19 Sep 05:27
2026-09-19,Sat,5:00 am to 5:30 am,Heat Sports Arena 150,Court 2,Not Booked,450,19 Sep 05:27
2026-09-19,Sat,5:00 am to 6:00 am,PlayAll Noida 73,Court 1,Not Booked,100,19 Sep 05:27
2026-09-19,Sat,5:00 am to 6:00 am,PlayAll Noida 73,Court 2,Not Booked,100,19 Sep 04:04
2026-09-19,Sat,5:00 am to 6:00 am,PlayAll Noida 73,Court 3,Not Booked,100,19 Sep 05:27
2026-09-19,Sat,5:00 am to 5:30 am,Sky Nine Rackets,Court 1,Not Booked,225,19 Sep 04:30
2026-09-19,Sat,5:00 am to 5:30 am,Sky Nine Rackets,Court 2,Not Booked,225,19 Sep 05:27
2026-09-19,Sat,5:00 am to 5:30 am,Sky Nine Rackets,Court 3,Not Booked,225,19 Sep 05:27
2026-09-19,Sat,5:00 am to 5:30 am,Sky Nine Rackets,Court 4,Not Booked,225,19 Sep 05:27
2026-09-19,Sat,5:00 am to 5:30 am,Sky Nine Rackets,Court 5,Not Booked,225,19 Sep 05:27
2026-09-19,Sat,5:00 am to 5:30 am,Spodium Arena | Sector 29,Court 1,Not Booked,299,19 Sep 05:27
2026-09-19,Sat,5:00 am to 5:30 am,Spodium Arena | Sector 29,Court 2,Not Booked,299,19 Sep 05:27
2026-09-19,Sat,5:00 am to 5:30 am,Spodium Arena | Sector 29,Court 3,Not Booked,299,19 Sep 05:27
2026-09-19,Sat,5:00 am to 5:30 am,Spodium Arena | Sector 29,Court 4,Not Booked,299,19 Sep 05:27
2026-09-19,Sat,5:00 am to 6:00 am,Spuddy Multisports Academy | Noida,Pickleball (Indoor),Not Booked,400,19 Sep 05:27
2026-09-19,Sat,5:00 am to 5:30 am,The Box Cage,Court 1,Not Booked,300,19 Sep 05:27
2026-09-19,Sat,5:00 am to 5:30 am,The Box Cage,Court 2,Not Booked,300,19 Sep 05:03
2026-09-19,Sat,5:00 am to 5:30 am,The Box Cage,Court 3,Not Booked,300,19 Sep 05:27
2026-09-19,Sat,5:00 am to 5:30 am,The Box Cage,Court 4,Not Booked,300,19 Sep 05:27
2026-09-19,Sat,5:30 am to 6:00 am,Anandmay Sports Club | Sector 128,Court 1,Not Booked,250,19 Sep 05:27
2026-09-19,Sat,5:30 am to 6:00 am,Anandmay Sports Club | Sector 128,Court 2,Not Booked,250,19 Sep 04:30
2026-09-19,Sat,5:30 am to 6:00 am,CoPlay RISE | Sec 73 Noida,Court 1,Not Booked,200,19 Sep 05:27
2026-09-19,Sat,5:30 am to 6:00 am,CoPlay RISE | Sec 73 Noida,Court 2,Not Booked,200,19 Sep 05:27
2026-09-19,Sat,5:30 am to 6:00 am,Crickdome,Court 1,Not Booked,400,19 Sep 04:30
2026-09-19,Sat,5:30 am to 6:00 am,Crickdome,Court 2,Not Booked,400,19 Sep 05:27
2026-09-19,Sat,5:30 am to 6:00 am,Dinking Zone One29,Court 1,Not Booked,400,19 Sep 05:27
2026-09-19,Sat,5:30 am to 6:00 am,Dinking Zone One29,Court 2,Not Booked,400,19 Sep 05:27
2026-09-19,Sat,5:30 am to 6:00 am,Dinking Zone One29,Court 3,Not Booked,400,19 Sep 05:03
2026-09-19,Sat,5:30 am to 6:00 am,Heat Sports Arena 150,Court 1,Not Booked,450,19 Sep 05:27
2026-09-19,Sat,5:30 am to 6:00 am,Heat Sports Arena 150,Court 2,Not Booked,450,19 Sep 05:27
2026-09-19,Sat,5:30 am to 6:30 am,PlayAll Noida 73,Court 1,Not Booked,100,19 Sep 05:27
2026-09-19,Sat,5:30 am to 6:30 am,PlayAll Noida 73,Court 2,Not Booked,100,19 Sep 04:04
2026-09-19,Sat,5:30 am to 6:30 am,PlayAll Noida 73,Court 3,Not Booked,100,19 Sep 05:27
2026-09-19,Sat,5:30 am to 6:00 am,Sky Nine Rackets,Court 1,Not Booked,225,19 Sep 04:30
2026-09-19,Sat,5:30 am to 6:00 am,Sky Nine Rackets,Court 2,Not Booked,225,19 Sep 05:27
2026-09-19,Sat,5:30 am to 6:00 am,Sky Nine Rackets,Court 3,Not Booked,225,19 Sep 05:27
2026-09-19,Sat,5:30 am to 6:00 am,Sky Nine Rackets,Court 4,Not Booked,225,19 Sep 05:27
2026-09-19,Sat,5:30 am to 6:00 am,Sky Nine Rackets,Court 5,Not Booked,225,19 Sep 05:27
2026-09-19,Sat,5:30 am to 6:00 am,Spodium Arena | Sector 29,Court 1,Not Booked,299,19 Sep 05:27
2026-09-19,Sat,5:30 am to 6:00 am,Spodium Arena | Sector 29,Court 2,Not Booked,299,19 Sep 05:27
2026-09-19,Sat,5:30 am to 6:00 am,Spodium Arena | Sector 29,Court 3,Not Booked,299,19 Sep 05:27
2026-09-19,Sat,5:30 am to 6:00 am,Spodium Arena | Sector 29,Court 4,Not Booked,299,19 Sep 05:27
2026-09-19,Sat,5:30 am to 6:00 am,The Box Cage,Court 1,Not Booked,300,19 Sep 05:27
2026-09-19,Sat,5:30 am to 6:00 am,The Box Cage,Court 2,Not Booked,300,19 Sep 05:03
2026-09-19,Sat,5:30 am to 6:00 am,The Box Cage,Court 3,Not Booked,300,19 Sep 05:27
2026-09-19,Sat,5:30 am to 6:00 am,The Box Cage,Court 4,Not Booked,300,19 Sep 05:27
2026-09-19,Sat,6:00 am to 6:30 am,Anandmay Sports Club | Sector 128,Court 1,Not Booked,250,19 Sep 06:12
2026-09-19,Sat,6:00 am to 6:30 am,Anandmay Sports Club | Sector 128,Court 2,Not Booked,250,19 Sep 04:30
2026-09-19,Sat,6:00 am to 6:30 am,CoPlay RISE | Sec 73 Noida,Court 1,Not Booked,200,19 Sep 06:12
2026-09-19,Sat,6:00 am to 6:30 am,CoPlay RISE | Sec 73 Noida,Court 2,Not Booked,200,19 Sep 06:12
2026-09-19,Sat,6:00 am to 6:30 am,Crickdome,Court 1,Not Booked,400,19 Sep 06:12
2026-09-19,Sat,6:00 am to 6:30 am,Crickdome,Court 2,Not Booked,400,19 Sep 06:12
2026-09-19,Sat,6:00 am to 6:30 am,Dinking Zone One29,Court 1,Not Booked,400,19 Sep 06:12
2026-09-19,Sat,6:00 am to 6:30 am,Dinking Zone One29,Court 2,Not Booked,400,19 Sep 05:27
2026-09-19,Sat,6:00 am to 6:30 am,Dinking Zone One29,Court 3,Not Booked,400,19 Sep 06:12
2026-09-19,Sat,6:00 am to 6:30 am,Heat Sports Arena 150,Court 1,Not Booked,450,19 Sep 06:12
2026-09-19,Sat,6:00 am to 6:30 am,Heat Sports Arena 150,Court 2,Not Booked,450,19 Sep 06:12
2026-09-19,Sat,6:00 am to 7:00 am,Noida Indoor Stadium,Court 1,Not Booked,944,19 Sep 06:12
2026-09-19,Sat,6:00 am to 7:00 am,Noida Indoor Stadium,Court 2,Not Booked,944,19 Sep 06:34
2026-09-19,Sat,6:00 am to 7:00 am,Noida Indoor Stadium,Court 3,Not Booked,944,19 Sep 06:12
2026-09-19,Sat,6:00 am to 6:30 am,Noida Pickleball Courts | Sec-100,Court 1,Not Booked,450,19 Sep 06:12
2026-09-19,Sat,6:00 am to 6:30 am,Noida Pickleball Courts | Sec-100,Court 2,Not Booked,450,19 Sep 06:12
2026-09-19,Sat,6:00 am to 7:00 am,Pickit | Vijay Sri Academy,Court 1,Not Booked,750,19 Sep 06:34
2026-09-19,Sat,6:00 am to 7:00 am,Pickit | Vijay Sri Academy,Court 2,Not Booked,750,19 Sep 06:34
2026-09-19,Sat,6:00 am to 7:00 am,Pickit | Vijay Sri Academy,Court 3,Not Booked,750,19 Sep 06:34
2026-09-19,Sat,6:00 am to 6:30 am,Pickle Pros | Noida,Pickleball Court 1,Not Booked,400,19 Sep 06:12
2026-09-19,Sat,6:00 am to 6:30 am,Pickle Pros | Noida,Pickleball Court 2,Not Booked,400,19 Sep 06:12
2026-09-19,Sat,6:00 am to 6:30 am,Pickle Pros | Noida,Pickleball Court 3,Not Booked,400,19 Sep 06:12
2026-09-19,Sat,6:00 am to 6:30 am,Pickle Pros | Noida,Pickleball Court 4,Not Booked,400,19 Sep 06:12
2026-09-19,Sat,6:00 am to 7:00 am,Pickleplay 121 | Indoor Arena,Court 1,Not Booked,700,19 Sep 06:34
2026-09-19,Sat,6:00 am to 7:00 am,Pickleplay 121 | Indoor Arena,Court 2,Not Booked,700,19 Sep 06:34
2026-09-19,Sat,6:00 am to 7:00 am,Pickleplay 121 | Indoor Arena,Court 3,Not Booked,700,19 Sep 06:34
2026-09-19,Sat,6:00 am to 6:30 am,Pitch Please X TSG Sports Arena,Court 1,Not Booked,700,19 Sep 05:27
2026-09-19,Sat,6:00 am to 6:30 am,Pitch Please X TSG Sports Arena,Court 2,Not Booked,700,19 Sep 05:27
2026-09-19,Sat,6:00 am to 7:00 am,PlayAll Noida 105,Court 1,Not Booked,150,19 Sep 04:04
2026-09-19,Sat,6:00 am to 7:00 am,PlayAll Noida 105,Court 2,Not Booked,150,19 Sep 06:34
2026-09-19,Sat,6:00 am to 7:00 am,PlayAll Noida 73,Court 1,Not Booked,200,19 Sep 06:34
2026-09-19,Sat,6:00 am to 7:00 am,PlayAll Noida 73,Court 2,Not Booked,200,19 Sep 06:34
2026-09-19,Sat,6:00 am to 7:00 am,PlayAll Noida 73,Court 3,Not Booked,200,19 Sep 06:34
2026-09-19,Sat,6:00 am to 6:30 am,PlayLife | Sector 163,Pickleball Court 1,Not Booked,200,19 Sep 06:12
2026-09-19,Sat,6:00 am to 6:30 am,PlayLife | Sector 163,Pickleball Court 2,Not Booked,200,19 Sep 06:12
2026-09-19,Sat,6:00 am to 6:30 am,PlayLife | Sector 163,Pickleball Court 3,Not Booked,200,19 Sep 06:12
2026-09-19,Sat,6:00 am to 6:30 am,Sky Nine Rackets,Court 1,Not Booked,225,19 Sep 04:30
2026-09-19,Sat,6:00 am to 6:30 am,Sky Nine Rackets,Court 2,Not Booked,225,19 Sep 06:12
2026-09-19,Sat,6:00 am to 6:30 am,Sky Nine Rackets,Court 3,Not Booked,225,19 Sep 06:12
2026-09-19,Sat,6:00 am to 6:30 am,Sky Nine Rackets,Court 4,Not Booked,225,19 Sep 06:12
2026-09-19,Sat,6:00 am to 6:30 am,Sky Nine Rackets,Court 5,Not Booked,225,19 Sep 06:12
2026-09-19,Sat,6:00 am to 6:30 am,Spodium Arena | Sector 29,Court 1,Not Booked,299,19 Sep 06:12
2026-09-19,Sat,6:00 am to 6:30 am,Spodium Arena | Sector 29,Court 2,Not Booked,299,19 Sep 06:12
2026-09-19,Sat,6:00 am to 6:30 am,Spodium Arena | Sector 29,Court 3,Not Booked,299,19 Sep 06:12
2026-09-19,Sat,6:00 am to 6:30 am,Spodium Arena | Sector 29,Court 4,Not Booked,299,19 Sep 06:12
2026-09-19,Sat,6:00 am to 7:00 am,Spuddy Multisports Academy | Noida,Pickleball (Indoor),Not Booked,400,19 Sep 06:34
2026-09-19,Sat,6:00 am to 6:30 am,The Box Cage,Court 1,Not Booked,300,19 Sep 06:12
2026-09-19,Sat,6:00 am to 6:30 am,The Box Cage,Court 2,Not Booked,300,19 Sep 06:12
2026-09-19,Sat,6:00 am to 6:30 am,The Box Cage,Court 3,Not Booked,300,19 Sep 06:12
2026-09-19,Sat,6:00 am to 6:30 am,The Box Cage,Court 4,Not Booked,300,19 Sep 06:12
2026-09-19,Sat,6:30 am to 7:00 am,Anandmay Sports Club | Sector 128,Court 1,Not Booked,250,19 Sep 06:34
2026-09-19,Sat,6:30 am to 7:00 am,Anandmay Sports Club | Sector 128,Court 2,Not Booked,250,19 Sep 06:34
2026-09-19,Sat,6:30 am to 7:00 am,CoPlay RISE | Sec 73 Noida,Court 1,Not Booked,200,19 Sep 06:34
2026-09-19,Sat,6:30 am to 7:00 am,CoPlay RISE | Sec 73 Noida,Court 2,Not Booked,200,19 Sep 06:34
2026-09-19,Sat,6:30 am to 7:00 am,Crickdome,Court 1,Not Booked,400,19 Sep 06:34
2026-09-19,Sat,6:30 am to 7:00 am,Crickdome,Court 2,Not Booked,400,19 Sep 06:12
2026-09-19,Sat,6:30 am to 7:00 am,Dinking Zone One29,Court 1,Not Booked,400,19 Sep 06:12
2026-09-19,Sat,6:30 am to 7:00 am,Dinking Zone One29,Court 2,Not Booked,400,19 Sep 06:34
2026-09-19,Sat,6:30 am to 7:00 am,Dinking Zone One29,Court 3,Not Booked,400,19 Sep 06:34
2026-09-19,Sat,6:30 am to 7:00 am,Heat Sports Arena 150,Court 1,Not Booked,450,19 Sep 06:34
2026-09-19,Sat,6:30 am to 7:00 am,Heat Sports Arena 150,Court 2,Not Booked,450,19 Sep 06:34
2026-09-19,Sat,6:30 am to 7:00 am,Noida Pickleball Courts | Sec-100,Court 1,Not Booked,450,19 Sep 06:12
2026-09-19,Sat,6:30 am to 7:00 am,Noida Pickleball Courts | Sec-100,Court 2,Not Booked,450,19 Sep 06:34
2026-09-19,Sat,6:30 am to 7:00 am,Pickle Pros | Noida,Pickleball Court 1,Not Booked,400,19 Sep 06:34
2026-09-19,Sat,6:30 am to 7:00 am,Pickle Pros | Noida,Pickleball Court 2,Not Booked,400,19 Sep 06:34
2026-09-19,Sat,6:30 am to 7:00 am,Pickle Pros | Noida,Pickleball Court 3,Not Booked,400,19 Sep 06:12
2026-09-19,Sat,6:30 am to 7:00 am,Pickle Pros | Noida,Pickleball Court 4,Not Booked,400,19 Sep 06:34
2026-09-19,Sat,6:30 am to 7:00 am,Pitch Please X TSG Sports Arena,Court 1,Not Booked,700,19 Sep 06:12
2026-09-19,Sat,6:30 am to 7:00 am,Pitch Please X TSG Sports Arena,Court 2,Not Booked,700,19 Sep 06:12
2026-09-19,Sat,6:30 am to 7:30 am,PlayAll Noida 105,Court 1,Not Booked,150,19 Sep 07:03
2026-09-19,Sat,6:30 am to 7:30 am,PlayAll Noida 105,Court 2,Not Booked,150,19 Sep 07:03
2026-09-19,Sat,6:30 am to 7:30 am,PlayAll Noida 73,Court 1,Not Booked,200,19 Sep 07:03
2026-09-19,Sat,6:30 am to 7:30 am,PlayAll Noida 73,Court 2,Not Booked,200,19 Sep 07:03
2026-09-19,Sat,6:30 am to 7:30 am,PlayAll Noida 73,Court 3,Not Booked,200,19 Sep 07:03
2026-09-19,Sat,6:30 am to 7:00 am,PlayLife | Sector 163,Pickleball Court 1,Not Booked,200,19 Sep 06:34
2026-09-19,Sat,6:30 am to 7:00 am,PlayLife | Sector 163,Pickleball Court 2,Not Booked,200,19 Sep 06:34
2026-09-19,Sat,6:30 am to 7:00 am,PlayLife | Sector 163,Pickleball Court 3,Not Booked,200,19 Sep 06:34
2026-09-19,Sat,6:30 am to 7:00 am,Sky Nine Rackets,Court 1,Not Booked,225,19 Sep 04:30
2026-09-19,Sat,6:30 am to 7:00 am,Sky Nine Rackets,Court 2,Not Booked,225,19 Sep 06:34
2026-09-19,Sat,6:30 am to 7:00 am,Sky Nine Rackets,Court 3,Not Booked,225,19 Sep 06:34
2026-09-19,Sat,6:30 am to 7:00 am,Sky Nine Rackets,Court 4,Not Booked,225,19 Sep 06:34
2026-09-19,Sat,6:30 am to 7:00 am,Sky Nine Rackets,Court 5,Not Booked,225,19 Sep 06:12
2026-09-19,Sat,6:30 am to 7:00 am,Spodium Arena | Sector 29,Court 1,Not Booked,299,19 Sep 06:34
2026-09-19,Sat,6:30 am to 7:00 am,Spodium Arena | Sector 29,Court 2,Not Booked,299,19 Sep 06:34
2026-09-19,Sat,6:30 am to 7:00 am,Spodium Arena | Sector 29,Court 3,Booked,299,19 Sep 06:12
2026-09-19,Sat,6:30 am to 7:00 am,Spodium Arena | Sector 29,Court 4,Not Booked,299,19 Sep 06:34
2026-09-19,Sat,6:30 am to 7:00 am,The Box Cage,Court 1,Not Booked,300,19 Sep 06:34
2026-09-19,Sat,6:30 am to 7:00 am,The Box Cage,Court 2,Not Booked,300,19 Sep 06:34
2026-09-19,Sat,6:30 am to 7:00 am,The Box Cage,Court 3,Not Booked,300,19 Sep 06:34
2026-09-19,Sat,6:30 am to 7:00 am,The Box Cage,Court 4,Not Booked,300,19 Sep 06:34
2026-09-19,Sat,7:00 am to 7:30 am,Anandmay Sports Club | Sector 128,Court 1,Not Booked,250,19 Sep 07:03
2026-09-19,Sat,7:00 am to 7:30 am,Anandmay Sports Club | Sector 128,Court 2,Not Booked,250,19 Sep 06:34
2026-09-19,Sat,7:00 am to 7:30 am,Arena 44,Hardy's Court 1,Not Booked,450,19 Sep 07:03
2026-09-19,Sat,7:00 am to 7:30 am,Arena 44,Hardy's Court 2,Not Booked,450,19 Sep 07:03
2026-09-19,Sat,7:00 am to 7:30 am,Arena 44,Hardy's Court 3,Not Booked,450,19 Sep 07:03
2026-09-19,Sat,7:00 am to 7:30 am,Arena 44,Hardy's Court 4,Not Booked,450,19 Sep 06:34
2026-09-19,Sat,7:00 am to 7:30 am,Arena 44,Court 1,Not Booked,550,19 Sep 07:03
2026-09-19,Sat,7:00 am to 7:30 am,Arena 44,Court 2,Not Booked,550,19 Sep 07:03
2026-09-19,Sat,7:00 am to 7:30 am,Arena 44,Court 3,Not Booked,550,19 Sep 07:03
2026-09-19,Sat,7:00 am to 7:30 am,CoPlay RISE | Sec 73 Noida,Court 1,Not Booked,200,19 Sep 07:03
2026-09-19,Sat,7:00 am to 7:30 am,CoPlay RISE | Sec 73 Noida,Court 2,Not Booked,200,19 Sep 07:03
2026-09-19,Sat,7:00 am to 7:30 am,Crickdome,Court 1,Not Booked,400,19 Sep 07:03
2026-09-19,Sat,7:00 am to 7:30 am,Crickdome,Court 2,Not Booked,400,19 Sep 06:12
2026-09-19,Sat,7:00 am to 7:30 am,Dinking Zone One29,Court 1,Not Booked,400,19 Sep 07:03
2026-09-19,Sat,7:00 am to 7:30 am,Dinking Zone One29,Court 2,Not Booked,400,19 Sep 07:03
2026-09-19,Sat,7:00 am to 7:30 am,Dinking Zone One29,Court 3,Not Booked,400,19 Sep 07:03
2026-09-19,Sat,7:00 am to 7:30 am,Heat Sports Arena 150,Court 1,Not Booked,450,19 Sep 07:03
2026-09-19,Sat,7:00 am to 7:30 am,Heat Sports Arena 150,Court 2,Not Booked,450,19 Sep 07:03
2026-09-19,Sat,7:00 am to 8:00 am,Noida Indoor Stadium,Court 1,Not Booked,944,19 Sep 07:31
2026-09-19,Sat,7:00 am to 8:00 am,Noida Indoor Stadium,Court 2,Not Booked,944,19 Sep 07:31
2026-09-19,Sat,7:00 am to 8:00 am,Noida Indoor Stadium,Court 3,Not Booked,944,19 Sep 07:31
2026-09-19,Sat,7:00 am to 7:30 am,Noida Pickleball Courts | Sec-100,Court 1,Not Booked,450,19 Sep 07:03
2026-09-19,Sat,7:00 am to 7:30 am,Noida Pickleball Courts | Sec-100,Court 2,Not Booked,450,19 Sep 06:34
2026-09-19,Sat,7:00 am to 8:00 am,Pickit | Vijay Sri Academy,Court 1,Not Booked,750,19 Sep 07:31
2026-09-19,Sat,7:00 am to 8:00 am,Pickit | Vijay Sri Academy,Court 2,Not Booked,750,19 Sep 07:31
2026-09-19,Sat,7:00 am to 8:00 am,Pickit | Vijay Sri Academy,Court 3,Not Booked,750,19 Sep 07:31
2026-09-19,Sat,7:00 am to 7:30 am,Pickle Pros | Noida,Pickleball Court 1,Not Booked,400,19 Sep 07:03
2026-09-19,Sat,7:00 am to 7:30 am,Pickle Pros | Noida,Pickleball Court 2,Not Booked,400,19 Sep 07:03
2026-09-19,Sat,7:00 am to 7:30 am,Pickle Pros | Noida,Pickleball Court 3,Not Booked,400,19 Sep 07:03
2026-09-19,Sat,7:00 am to 7:30 am,Pickle Pros | Noida,Pickleball Court 4,Not Booked,400,19 Sep 07:03
2026-09-19,Sat,7:00 am to 7:30 am,Pickleflow Social,Court 1,Not Booked,500,19 Sep 06:34
2026-09-19,Sat,7:00 am to 7:30 am,Pickleflow Social,Court 2,Not Booked,500,19 Sep 07:03
2026-09-19,Sat,7:00 am to 7:30 am,Pickleflow Social,Court 3,Not Booked,500,19 Sep 07:03
2026-09-19,Sat,7:00 am to 8:00 am,Pickleplay 121 | Indoor Arena,Court 1,Not Booked,700,19 Sep 07:31
2026-09-19,Sat,7:00 am to 8:00 am,Pickleplay 121 | Indoor Arena,Court 3,Not Booked,700,19 Sep 07:31
2026-09-19,Sat,7:00 am to 7:30 am,Pitch Please X TSG Sports Arena,Court 1,Not Booked,700,19 Sep 06:12
2026-09-19,Sat,7:00 am to 7:30 am,Pitch Please X TSG Sports Arena,Court 2,Not Booked,700,19 Sep 07:03
2026-09-19,Sat,7:00 am to 8:00 am,PlayAll Noida 105,Court 1,Not Booked,150,19 Sep 07:03
2026-09-19,Sat,7:00 am to 8:00 am,PlayAll Noida 105,Court 2,Not Booked,150,19 Sep 07:31
2026-09-19,Sat,7:00 am to 8:00 am,PlayAll Noida 105,Court 3,Not Booked,150,19 Sep 07:03
2026-09-19,Sat,7:00 am to 8:00 am,PlayAll Noida 73,Court 1,Not Booked,200,19 Sep 07:31
2026-09-19,Sat,7:00 am to 8:00 am,PlayAll Noida 73,Court 2,Not Booked,200,19 Sep 07:31
2026-09-19,Sat,7:00 am to 8:00 am,PlayAll Noida 73,Court 3,Not Booked,200,19 Sep 07:31
2026-09-19,Sat,7:00 am to 7:30 am,PlayLife | Sector 163,Pickleball Court 1,Not Booked,200,19 Sep 07:03
2026-09-19,Sat,7:00 am to 7:30 am,PlayLife | Sector 163,Pickleball Court 2,Not Booked,200,19 Sep 07:03
2026-09-19,Sat,7:00 am to 7:30 am,PlayLife | Sector 163,Pickleball Court 3,Not Booked,200,19 Sep 07:03
2026-09-19,Sat,7:00 am to 7:30 am,Rally N Roast | Sector 141,Court 1 (Blue),Not Booked,500,19 Sep 07:03
2026-09-19,Sat,7:00 am to 7:30 am,Rally N Roast | Sector 141,Court 2 (Pink),Not Booked,500,19 Sep 07:03
2026-09-19,Sat,7:00 am to 7:30 am,Rally N Roast | Sector 141,Court 3 (Blue),Not Booked,500,19 Sep 07:03
2026-09-19,Sat,7:00 am to 7:30 am,Sky Nine Rackets,Court 1,Not Booked,225,19 Sep 07:03
2026-09-19,Sat,7:00 am to 7:30 am,Sky Nine Rackets,Court 2,Not Booked,225,19 Sep 07:03
2026-09-19,Sat,7:00 am to 7:30 am,Sky Nine Rackets,Court 3,Not Booked,225,19 Sep 07:03
2026-09-19,Sat,7:00 am to 7:30 am,Sky Nine Rackets,Court 4,Not Booked,225,19 Sep 07:03
2026-09-19,Sat,7:00 am to 7:30 am,Sky Nine Rackets,Court 5,Not Booked,225,19 Sep 07:03
2026-09-19,Sat,7:00 am to 7:30 am,Spodium Arena | Sector 29,Court 1,Not Booked,299,19 Sep 07:03
2026-09-19,Sat,7:00 am to 7:30 am,Spodium Arena | Sector 29,Court 2,Not Booked,299,19 Sep 07:03
2026-09-19,Sat,7:00 am to 7:30 am,Spodium Arena | Sector 29,Court 3,Booked,299,19 Sep 07:03
2026-09-19,Sat,7:00 am to 7:30 am,Spodium Arena | Sector 29,Court 4,Not Booked,299,19 Sep 07:03
2026-09-19,Sat,7:00 am to 8:00 am,Spuddy Multisports Academy | Noida,Pickleball (Indoor),Not Booked,400,19 Sep 07:31
2026-09-19,Sat,7:00 am to 7:30 am,The Box Cage,Court 1,Not Booked,300,19 Sep 07:03
2026-09-19,Sat,7:00 am to 7:30 am,The Box Cage,Court 2,Not Booked,300,19 Sep 07:03
2026-09-19,Sat,7:00 am to 7:30 am,The Box Cage,Court 3,Not Booked,300,19 Sep 07:03
2026-09-19,Sat,7:00 am to 7:30 am,The Box Cage,Court 4,Not Booked,300,19 Sep 07:03
2026-09-19,Sat,7:30 am to 8:00 am,Anandmay Sports Club | Sector 128,Court 1,Not Booked,250,19 Sep 07:31
2026-09-19,Sat,7:30 am to 8:00 am,Anandmay Sports Club | Sector 128,Court 2,Not Booked,250,19 Sep 07:31
2026-09-19,Sat,7:30 am to 8:00 am,Arena 44,Hardy's Court 1,Not Booked,450,19 Sep 07:31
2026-09-19,Sat,7:30 am to 8:00 am,Arena 44,Hardy's Court 2,Not Booked,450,19 Sep 07:31
2026-09-19,Sat,7:30 am to 8:00 am,Arena 44,Hardy's Court 3,Not Booked,450,19 Sep 07:31
2026-09-19,Sat,7:30 am to 8:00 am,Arena 44,Hardy's Court 4,Not Booked,450,19 Sep 07:31
2026-09-19,Sat,7:30 am to 8:00 am,Arena 44,Court 1,Not Booked,550,19 Sep 07:31
2026-09-19,Sat,7:30 am to 8:00 am,Arena 44,Court 2,Not Booked,550,19 Sep 07:03
2026-09-19,Sat,7:30 am to 8:00 am,Arena 44,Court 3,Not Booked,550,19 Sep 07:31
2026-09-19,Sat,7:30 am to 8:00 am,CoPlay RISE | Sec 73 Noida,Court 1,Not Booked,200,19 Sep 07:31
2026-09-19,Sat,7:30 am to 8:00 am,CoPlay RISE | Sec 73 Noida,Court 2,Not Booked,200,19 Sep 07:31
2026-09-19,Sat,7:30 am to 8:00 am,Crickdome,Court 1,Not Booked,400,19 Sep 07:03
2026-09-19,Sat,7:30 am to 8:00 am,Crickdome,Court 2,Not Booked,400,19 Sep 07:31
2026-09-19,Sat,7:30 am to 8:00 am,Dinking Zone One29,Court 1,Not Booked,400,19 Sep 07:31
2026-09-19,Sat,7:30 am to 8:00 am,Dinking Zone One29,Court 2,Not Booked,400,19 Sep 07:31
2026-09-19,Sat,7:30 am to 8:00 am,Dinking Zone One29,Court 3,Not Booked,400,19 Sep 07:31
2026-09-19,Sat,7:30 am to 8:00 am,Heat Sports Arena 150,Court 1,Not Booked,450,19 Sep 07:31
2026-09-19,Sat,7:30 am to 8:00 am,Heat Sports Arena 150,Court 2,Not Booked,450,19 Sep 07:31
2026-09-19,Sat,7:30 am to 8:00 am,Noida Pickleball Courts | Sec-100,Court 1,Not Booked,450,19 Sep 07:31
2026-09-19,Sat,7:30 am to 8:00 am,Noida Pickleball Courts | Sec-100,Court 2,Not Booked,450,19 Sep 07:31
2026-09-19,Sat,7:30 am to 8:00 am,Pickle Pros | Noida,Pickleball Court 1,Not Booked,400,19 Sep 07:31
2026-09-19,Sat,7:30 am to 8:00 am,Pickle Pros | Noida,Pickleball Court 2,Not Booked,400,19 Sep 07:31
2026-09-19,Sat,7:30 am to 8:00 am,Pickle Pros | Noida,Pickleball Court 3,Not Booked,400,19 Sep 07:03
2026-09-19,Sat,7:30 am to 8:00 am,Pickle Pros | Noida,Pickleball Court 4,Not Booked,400,19 Sep 07:31
2026-09-19,Sat,7:30 am to 8:00 am,Pickleflow Social,Court 1,Not Booked,500,19 Sep 07:31
2026-09-19,Sat,7:30 am to 8:00 am,Pickleflow Social,Court 2,Not Booked,500,19 Sep 07:03
2026-09-19,Sat,7:30 am to 8:00 am,Pickleflow Social,Court 3,Not Booked,500,19 Sep 07:31
2026-09-19,Sat,7:30 am to 8:00 am,Pitch Please X TSG Sports Arena,Court 1,Not Booked,700,19 Sep 07:31
2026-09-19,Sat,7:30 am to 8:00 am,Pitch Please X TSG Sports Arena,Court 2,Not Booked,700,19 Sep 07:31
2026-09-19,Sat,7:30 am to 8:30 am,PlayAll Noida 105,Court 1,Not Booked,150,19 Sep 07:03
2026-09-19,Sat,7:30 am to 8:30 am,PlayAll Noida 105,Court 2,Not Booked,150,19 Sep 08:04
2026-09-19,Sat,7:30 am to 8:30 am,PlayAll Noida 105,Court 3,Not Booked,150,19 Sep 08:04
2026-09-19,Sat,7:30 am to 8:30 am,PlayAll Noida 73,Court 1,Not Booked,200,19 Sep 08:04
2026-09-19,Sat,7:30 am to 8:30 am,PlayAll Noida 73,Court 2,Not Booked,200,19 Sep 08:04
2026-09-19,Sat,7:30 am to 8:30 am,PlayAll Noida 73,Court 3,Not Booked,200,19 Sep 07:31
2026-09-19,Sat,7:30 am to 8:00 am,PlayLife | Sector 163,Pickleball Court 1,Not Booked,200,19 Sep 07:31
2026-09-19,Sat,7:30 am to 8:00 am,PlayLife | Sector 163,Pickleball Court 2,Not Booked,200,19 Sep 07:31
2026-09-19,Sat,7:30 am to 8:00 am,PlayLife | Sector 163,Pickleball Court 3,Not Booked,200,19 Sep 07:31
2026-09-19,Sat,7:30 am to 8:00 am,Rally N Roast | Sector 141,Court 1 (Blue),Not Booked,500,19 Sep 07:31
2026-09-19,Sat,7:30 am to 8:00 am,Rally N Roast | Sector 141,Court 2 (Pink),Not Booked,500,19 Sep 07:31
2026-09-19,Sat,7:30 am to 8:00 am,Rally N Roast | Sector 141,Court 3 (Blue),Not Booked,500,19 Sep 07:31
2026-09-19,Sat,7:30 am to 8:00 am,Sky Nine Rackets,Court 1,Not Booked,225,19 Sep 07:31
2026-09-19,Sat,7:30 am to 8:00 am,Sky Nine Rackets,Court 2,Not Booked,225,19 Sep 07:03
2026-09-19,Sat,7:30 am to 8:00 am,Sky Nine Rackets,Court 3,Not Booked,225,19 Sep 07:31
2026-09-19,Sat,7:30 am to 8:00 am,Sky Nine Rackets,Court 4,Not Booked,225,19 Sep 07:31
2026-09-19,Sat,7:30 am to 8:00 am,Sky Nine Rackets,Court 5,Not Booked,225,19 Sep 07:31
2026-09-19,Sat,7:30 am to 8:00 am,Spodium Arena | Sector 29,Court 1,Not Booked,299,19 Sep 07:31
2026-09-19,Sat,7:30 am to 8:00 am,Spodium Arena | Sector 29,Court 2,Not Booked,299,19 Sep 07:31
2026-09-19,Sat,7:30 am to 8:00 am,Spodium Arena | Sector 29,Court 3,Not Booked,299,19 Sep 07:31
2026-09-19,Sat,7:30 am to 8:00 am,Spodium Arena | Sector 29,Court 4,Not Booked,299,19 Sep 07:31
2026-09-19,Sat,7:30 am to 8:00 am,The Box Cage,Court 1,Not Booked,300,19 Sep 07:31
2026-09-19,Sat,7:30 am to 8:00 am,The Box Cage,Court 2,Not Booked,300,19 Sep 07:03
2026-09-19,Sat,7:30 am to 8:00 am,The Box Cage,Court 3,Not Booked,300,19 Sep 07:31
2026-09-19,Sat,7:30 am to 8:00 am,The Box Cage,Court 4,Not Booked,300,19 Sep 07:31
2026-09-19,Sat,8:00 am to 8:30 am,Anandmay Sports Club | Sector 128,Court 1,Not Booked,250,19 Sep 08:04
2026-09-19,Sat,8:00 am to 8:30 am,Anandmay Sports Club | Sector 128,Court 2,Not Booked,250,19 Sep 08:04
2026-09-19,Sat,8:00 am to 8:30 am,Arena 44,Hardy's Court 1,Not Booked,450,19 Sep 08:04
2026-09-19,Sat,8:00 am to 8:30 am,Arena 44,Hardy's Court 2,Not Booked,450,19 Sep 08:04
2026-09-19,Sat,8:00 am to 8:30 am,Arena 44,Hardy's Court 3,Not Booked,450,19 Sep 08:04
2026-09-19,Sat,8:00 am to 8:30 am,Arena 44,Hardy's Court 4,Not Booked,450,19 Sep 08:04
2026-09-19,Sat,8:00 am to 8:30 am,Arena 44,Court 1,Not Booked,550,19 Sep 08:04
2026-09-19,Sat,8:00 am to 8:30 am,Arena 44,Court 2,Not Booked,550,19 Sep 07:03
2026-09-19,Sat,8:00 am to 8:30 am,Arena 44,Court 3,Not Booked,550,19 Sep 08:04
2026-09-19,Sat,8:00 am to 8:30 am,CoPlay RISE | Sec 73 Noida,Court 1,Not Booked,200,19 Sep 08:04
2026-09-19,Sat,8:00 am to 8:30 am,CoPlay RISE | Sec 73 Noida,Court 2,Not Booked,200,19 Sep 08:04
2026-09-19,Sat,8:00 am to 8:30 am,Crickdome,Court 1,Not Booked,400,19 Sep 07:03
2026-09-19,Sat,8:00 am to 8:30 am,Crickdome,Court 2,Not Booked,400,19 Sep 08:04
2026-09-19,Sat,8:00 am to 8:30 am,Heat Sports Arena 150,Court 1,Not Booked,450,19 Sep 08:04
2026-09-19,Sat,8:00 am to 8:30 am,Heat Sports Arena 150,Court 2,Not Booked,450,19 Sep 08:04
2026-09-19,Sat,8:00 am to 9:00 am,Noida Indoor Stadium,Court 1,Not Booked,944,19 Sep 08:31
2026-09-19,Sat,8:00 am to 9:00 am,Noida Indoor Stadium,Court 2,Not Booked,944,19 Sep 08:31
2026-09-19,Sat,8:00 am to 9:00 am,Noida Indoor Stadium,Court 3,Not Booked,944,19 Sep 08:31
2026-09-19,Sat,8:00 am to 8:30 am,Noida Pickleball Courts | Sec-100,Court 1,Not Booked,450,19 Sep 07:31
2026-09-19,Sat,8:00 am to 8:30 am,Noida Pickleball Courts | Sec-100,Court 2,Not Booked,450,19 Sep 08:04
2026-09-19,Sat,8:00 am to 9:00 am,Pickit | Vijay Sri Academy,Court 1,Not Booked,750,19 Sep 08:31
2026-09-19,Sat,8:00 am to 9:00 am,Pickit | Vijay Sri Academy,Court 2,Not Booked,750,19 Sep 08:31
2026-09-19,Sat,8:00 am to 9:00 am,Pickit | Vijay Sri Academy,Court 3,Not Booked,750,19 Sep 08:31
2026-09-19,Sat,8:00 am to 8:30 am,Pickle Pros | Noida,Pickleball Court 1,Not Booked,400,19 Sep 07:31
2026-09-19,Sat,8:00 am to 8:30 am,Pickle Pros | Noida,Pickleball Court 2,Not Booked,400,19 Sep 08:04
2026-09-19,Sat,8:00 am to 8:30 am,Pickle Pros | Noida,Pickleball Court 3,Not Booked,400,19 Sep 08:04
2026-09-19,Sat,8:00 am to 8:30 am,Pickle Pros | Noida,Pickleball Court 4,Not Booked,400,19 Sep 08:04
2026-09-19,Sat,8:00 am to 8:30 am,Pickleflow Social,Court 1,Not Booked,500,19 Sep 08:04
2026-09-19,Sat,8:00 am to 8:30 am,Pickleflow Social,Court 2,Not Booked,500,19 Sep 08:04
2026-09-19,Sat,8:00 am to 8:30 am,Pickleflow Social,Court 3,Not Booked,500,19 Sep 08:04
2026-09-19,Sat,8:00 am to 8:30 am,Pitch Please X TSG Sports Arena,Court 1,Not Booked,700,19 Sep 07:31
2026-09-19,Sat,8:00 am to 8:30 am,Pitch Please X TSG Sports Arena,Court 2,Not Booked,700,19 Sep 07:31
2026-09-19,Sat,8:00 am to 9:00 am,PlayAll Noida 105,Court 1,Not Booked,150,19 Sep 08:31
2026-09-19,Sat,8:00 am to 9:00 am,PlayAll Noida 105,Court 2,Not Booked,150,19 Sep 08:31
2026-09-19,Sat,8:00 am to 9:00 am,PlayAll Noida 105,Court 3,Not Booked,150,19 Sep 08:31
2026-09-19,Sat,8:00 am to 9:00 am,PlayAll Noida 73,Court 1,Not Booked,200,19 Sep 08:31
2026-09-19,Sat,8:00 am to 9:00 am,PlayAll Noida 73,Court 2,Not Booked,200,19 Sep 08:31
2026-09-19,Sat,8:00 am to 9:00 am,PlayAll Noida 73,Court 3,Not Booked,200,19 Sep 08:31
2026-09-19,Sat,8:00 am to 8:30 am,PlayLife | Sector 163,Pickleball Court 1,Not Booked,200,19 Sep 08:04
2026-09-19,Sat,8:00 am to 8:30 am,PlayLife | Sector 163,Pickleball Court 2,Not Booked,200,19 Sep 08:04
2026-09-19,Sat,8:00 am to 8:30 am,PlayLife | Sector 163,Pickleball Court 3,Not Booked,200,19 Sep 08:04
2026-09-19,Sat,8:00 am to 8:30 am,Rally N Roast | Sector 141,Court 1 (Blue),Not Booked,500,19 Sep 08:04
2026-09-19,Sat,8:00 am to 8:30 am,Rally N Roast | Sector 141,Court 2 (Pink),Not Booked,500,19 Sep 08:04
2026-09-19,Sat,8:00 am to 8:30 am,Rally N Roast | Sector 141,Court 3 (Blue),Not Booked,500,19 Sep 08:04
2026-09-19,Sat,8:00 am to 8:30 am,Sky Nine Rackets,Court 1,Not Booked,225,19 Sep 08:04
2026-09-19,Sat,8:00 am to 8:30 am,Sky Nine Rackets,Court 2,Not Booked,225,19 Sep 08:04
2026-09-19,Sat,8:00 am to 8:30 am,Sky Nine Rackets,Court 3,Not Booked,225,19 Sep 08:04
2026-09-19,Sat,8:00 am to 8:30 am,Sky Nine Rackets,Court 4,Not Booked,225,19 Sep 08:04
2026-09-19,Sat,8:00 am to 8:30 am,Sky Nine Rackets,Court 5,Not Booked,225,19 Sep 08:04
2026-09-19,Sat,8:00 am to 8:30 am,Spodium Arena | Sector 29,Court 1,Not Booked,299,19 Sep 08:04
2026-09-19,Sat,8:00 am to 8:30 am,Spodium Arena | Sector 29,Court 2,Not Booked,299,19 Sep 08:04
2026-09-19,Sat,8:00 am to 8:30 am,Spodium Arena | Sector 29,Court 3,Not Booked,299,19 Sep 08:04
2026-09-19,Sat,8:00 am to 8:30 am,Spodium Arena | Sector 29,Court 4,Not Booked,299,19 Sep 08:04
2026-09-19,Sat,8:00 am to 9:00 am,Spuddy Multisports Academy | Noida,Pickleball (Indoor),Not Booked,400,19 Sep 08:31
2026-09-19,Sat,8:00 am to 8:30 am,The Box Cage,Court 1,Not Booked,300,19 Sep 08:04
2026-09-19,Sat,8:00 am to 8:30 am,The Box Cage,Court 2,Not Booked,300,19 Sep 08:04
2026-09-19,Sat,8:00 am to 8:30 am,The Box Cage,Court 3,Not Booked,300,19 Sep 08:04
2026-09-19,Sat,8:00 am to 8:30 am,The Box Cage,Court 4,Not Booked,300,19 Sep 08:04
2026-09-19,Sat,8:30 am to 9:00 am,Anandmay Sports Club | Sector 128,Court 1,Not Booked,250,19 Sep 08:31
2026-09-19,Sat,8:30 am to 9:00 am,Anandmay Sports Club | Sector 128,Court 2,Not Booked,250,19 Sep 08:04
2026-09-19,Sat,8:30 am to 9:00 am,Arena 44,Hardy's Court 1,Not Booked,450,19 Sep 08:31
2026-09-19,Sat,8:30 am to 9:00 am,Arena 44,Hardy's Court 2,Not Booked,450,19 Sep 08:31
2026-09-19,Sat,8:30 am to 9:00 am,Arena 44,Hardy's Court 3,Not Booked,450,19 Sep 08:31
2026-09-19,Sat,8:30 am to 9:00 am,Arena 44,Hardy's Court 4,Not Booked,450,19 Sep 08:31
2026-09-19,Sat,8:30 am to 9:00 am,Arena 44,Court 1,Not Booked,550,19 Sep 08:31
2026-09-19,Sat,8:30 am to 9:00 am,Arena 44,Court 2,Not Booked,550,19 Sep 07:03
2026-09-19,Sat,8:30 am to 9:00 am,Arena 44,Court 3,Not Booked,550,19 Sep 08:31
2026-09-19,Sat,8:30 am to 9:00 am,CoPlay RISE | Sec 73 Noida,Court 1,Not Booked,200,19 Sep 08:31
2026-09-19,Sat,8:30 am to 9:00 am,CoPlay RISE | Sec 73 Noida,Court 2,Not Booked,200,19 Sep 08:31
2026-09-19,Sat,8:30 am to 9:00 am,Crickdome,Court 1,Not Booked,400,19 Sep 08:31
2026-09-19,Sat,8:30 am to 9:00 am,Crickdome,Court 2,Not Booked,400,19 Sep 08:04
2026-09-19,Sat,8:30 am to 9:00 am,Heat Sports Arena 150,Court 1,Not Booked,450,19 Sep 08:31
2026-09-19,Sat,8:30 am to 9:00 am,Heat Sports Arena 150,Court 2,Not Booked,450,19 Sep 08:31
2026-09-19,Sat,8:30 am to 9:00 am,Noida Pickleball Courts | Sec-100,Court 1,Not Booked,450,19 Sep 08:31
2026-09-19,Sat,8:30 am to 9:00 am,Noida Pickleball Courts | Sec-100,Court 2,Not Booked,450,19 Sep 08:31
2026-09-19,Sat,8:30 am to 9:00 am,Pickle Pros | Noida,Pickleball Court 1,Not Booked,400,19 Sep 07:31
2026-09-19,Sat,8:30 am to 9:00 am,Pickle Pros | Noida,Pickleball Court 2,Not Booked,400,19 Sep 08:31
2026-09-19,Sat,8:30 am to 9:00 am,Pickle Pros | Noida,Pickleball Court 3,Not Booked,400,19 Sep 08:31
2026-09-19,Sat,8:30 am to 9:00 am,Pickle Pros | Noida,Pickleball Court 4,Not Booked,400,19 Sep 08:04
2026-09-19,Sat,8:30 am to 9:00 am,Pickleflow Social,Court 1,Not Booked,500,19 Sep 08:31
2026-09-19,Sat,8:30 am to 9:00 am,Pickleflow Social,Court 2,Booked,500,19 Sep 08:31
2026-09-19,Sat,8:30 am to 9:00 am,Pickleflow Social,Court 3,Not Booked,500,19 Sep 08:31
2026-09-19,Sat,8:30 am to 9:00 am,Pitch Please X TSG Sports Arena,Court 1,Not Booked,700,19 Sep 08:31
2026-09-19,Sat,8:30 am to 9:00 am,Pitch Please X TSG Sports Arena,Court 2,Not Booked,700,19 Sep 08:31
2026-09-19,Sat,8:30 am to 9:30 am,PlayAll Noida 105,Court 1,Not Booked,150,19 Sep 09:05
2026-09-19,Sat,8:30 am to 9:30 am,PlayAll Noida 105,Court 2,Not Booked,150,19 Sep 09:05
2026-09-19,Sat,8:30 am to 9:30 am,PlayAll Noida 105,Court 3,Not Booked,150,19 Sep 09:05
2026-09-19,Sat,8:30 am to 9:30 am,PlayAll Noida 73,Court 1,Not Booked,200,19 Sep 09:05
2026-09-19,Sat,8:30 am to 9:30 am,PlayAll Noida 73,Court 2,Not Booked,200,19 Sep 08:31
2026-09-19,Sat,8:30 am to 9:30 am,PlayAll Noida 73,Court 3,Not Booked,200,19 Sep 09:05
2026-09-19,Sat,8:30 am to 9:00 am,PlayLife | Sector 163,Pickleball Court 1,Not Booked,200,19 Sep 08:31
2026-09-19,Sat,8:30 am to 9:00 am,PlayLife | Sector 163,Pickleball Court 2,Not Booked,200,19 Sep 08:31
2026-09-19,Sat,8:30 am to 9:00 am,PlayLife | Sector 163,Pickleball Court 3,Not Booked,200,19 Sep 08:31
2026-09-19,Sat,8:30 am to 9:00 am,Rally N Roast | Sector 141,Court 1 (Blue),Not Booked,500,19 Sep 08:31
2026-09-19,Sat,8:30 am to 9:00 am,Rally N Roast | Sector 141,Court 2 (Pink),Not Booked,500,19 Sep 08:31
2026-09-19,Sat,8:30 am to 9:00 am,Rally N Roast | Sector 141,Court 3 (Blue),Not Booked,500,19 Sep 08:31
2026-09-19,Sat,8:30 am to 9:00 am,Sky Nine Rackets,Court 1,Not Booked,225,19 Sep 08:04
2026-09-19,Sat,8:30 am to 9:00 am,Sky Nine Rackets,Court 2,Not Booked,225,19 Sep 08:31
2026-09-19,Sat,8:30 am to 9:00 am,Sky Nine Rackets,Court 3,Not Booked,225,19 Sep 08:31
2026-09-19,Sat,8:30 am to 9:00 am,Sky Nine Rackets,Court 4,Not Booked,225,19 Sep 08:31
2026-09-19,Sat,8:30 am to 9:00 am,Sky Nine Rackets,Court 5,Not Booked,225,19 Sep 08:31
2026-09-19,Sat,8:30 am to 9:00 am,Spodium Arena | Sector 29,Court 1,Not Booked,299,19 Sep 08:31
2026-09-19,Sat,8:30 am to 9:00 am,Spodium Arena | Sector 29,Court 2,Not Booked,299,19 Sep 08:31
2026-09-19,Sat,8:30 am to 9:00 am,Spodium Arena | Sector 29,Court 3,Not Booked,299,19 Sep 08:31
2026-09-19,Sat,8:30 am to 9:00 am,Spodium Arena | Sector 29,Court 4,Not Booked,299,19 Sep 08:04
2026-09-19,Sat,8:30 am to 9:00 am,The Box Cage,Court 1,Not Booked,300,19 Sep 08:31
2026-09-19,Sat,8:30 am to 9:00 am,The Box Cage,Court 2,Not Booked,300,19 Sep 08:31
2026-09-19,Sat,8:30 am to 9:00 am,The Box Cage,Court 3,Not Booked,300,19 Sep 08:31
2026-09-19,Sat,8:30 am to 9:00 am,The Box Cage,Court 4,Not Booked,300,19 Sep 08:31
2026-09-19,Sat,9:00 am to 9:30 am,Anandmay Sports Club | Sector 128,Court 1,Not Booked,250,19 Sep 09:05
2026-09-19,Sat,9:00 am to 9:30 am,Anandmay Sports Club | Sector 128,Court 2,Not Booked,250,19 Sep 08:04
2026-09-19,Sat,9:00 am to 9:30 am,Arena 44,Hardy's Court 1,Not Booked,450,19 Sep 09:05
2026-09-19,Sat,9:00 am to 9:30 am,Arena 44,Hardy's Court 2,Not Booked,450,19 Sep 09:05
2026-09-19,Sat,9:00 am to 9:30 am,Arena 44,Hardy's Court 3,Not Booked,450,19 Sep 09:05
2026-09-19,Sat,9:00 am to 9:30 am,Arena 44,Hardy's Court 4,Not Booked,450,19 Sep 09:05
2026-09-19,Sat,9:00 am to 9:30 am,Arena 44,Court 1,Not Booked,550,19 Sep 09:05
2026-09-19,Sat,9:00 am to 9:30 am,Arena 44,Court 2,Not Booked,550,19 Sep 07:03
2026-09-19,Sat,9:00 am to 9:30 am,Arena 44,Court 3,Not Booked,550,19 Sep 09:05
2026-09-19,Sat,9:00 am to 9:30 am,Crickdome,Court 1,Not Booked,400,19 Sep 08:31
2026-09-19,Sat,9:00 am to 9:30 am,Crickdome,Court 2,Not Booked,400,19 Sep 09:05
2026-09-19,Sat,9:00 am to 9:30 am,Heat Sports Arena 150,Court 1,Not Booked,450,19 Sep 09:05
2026-09-19,Sat,9:00 am to 9:30 am,Heat Sports Arena 150,Court 2,Not Booked,450,19 Sep 09:05
2026-09-19,Sat,9:00 am to 10:00 am,Noida Indoor Stadium,Court 1,Not Booked,944,19 Sep 09:30
2026-09-19,Sat,9:00 am to 10:00 am,Noida Indoor Stadium,Court 2,Not Booked,944,19 Sep 09:30
2026-09-19,Sat,9:00 am to 10:00 am,Noida Indoor Stadium,Court 3,Not Booked,944,19 Sep 09:30
2026-09-19,Sat,9:00 am to 9:30 am,Noida Pickleball Courts | Sec-100,Court 1,Not Booked,450,19 Sep 09:05
2026-09-19,Sat,9:00 am to 9:30 am,Noida Pickleball Courts | Sec-100,Court 2,Not Booked,450,19 Sep 09:05
2026-09-19,Sat,9:00 am to 10:00 am,Pickit | Vijay Sri Academy,Court 1,Not Booked,750,19 Sep 09:30
2026-09-19,Sat,9:00 am to 10:00 am,Pickit | Vijay Sri Academy,Court 2,Not Booked,750,19 Sep 09:30
2026-09-19,Sat,9:00 am to 10:00 am,Pickit | Vijay Sri Academy,Court 3,Not Booked,750,19 Sep 09:30
2026-09-19,Sat,9:00 am to 9:30 am,Pickle Pros | Noida,Pickleball Court 1,Not Booked,400,19 Sep 09:05
2026-09-19,Sat,9:00 am to 9:30 am,Pickle Pros | Noida,Pickleball Court 2,Not Booked,400,19 Sep 09:05
2026-09-19,Sat,9:00 am to 9:30 am,Pickle Pros | Noida,Pickleball Court 3,Not Booked,400,19 Sep 09:05
2026-09-19,Sat,9:00 am to 9:30 am,Pickle Pros | Noida,Pickleball Court 4,Not Booked,400,19 Sep 09:05
2026-09-19,Sat,9:00 am to 9:30 am,Pickleflow Social,Court 1,Not Booked,500,19 Sep 08:31
2026-09-19,Sat,9:00 am to 9:30 am,Pickleflow Social,Court 2,Booked,500,19 Sep 09:05
2026-09-19,Sat,9:00 am to 9:30 am,Pickleflow Social,Court 3,Not Booked,500,19 Sep 09:05
2026-09-19,Sat,9:00 am to 9:30 am,Pitch Please X TSG Sports Arena,Court 1,Not Booked,700,19 Sep 09:05
2026-09-19,Sat,9:00 am to 9:30 am,Pitch Please X TSG Sports Arena,Court 2,Not Booked,700,19 Sep 08:31
2026-09-19,Sat,9:00 am to 10:00 am,PlayAll Noida 105,Court 1,Not Booked,150,19 Sep 09:30
2026-09-19,Sat,9:00 am to 10:00 am,PlayAll Noida 105,Court 2,Not Booked,150,19 Sep 09:30
2026-09-19,Sat,9:00 am to 10:00 am,PlayAll Noida 105,Court 3,Not Booked,150,19 Sep 09:05
2026-09-19,Sat,9:00 am to 10:00 am,PlayAll Noida 73,Court 1,Not Booked,200,19 Sep 08:31
2026-09-19,Sat,9:00 am to 10:00 am,PlayAll Noida 73,Court 2,Not Booked,200,19 Sep 09:30
2026-09-19,Sat,9:00 am to 10:00 am,PlayAll Noida 73,Court 3,Not Booked,200,19 Sep 09:05
2026-09-19,Sat,9:00 am to 9:30 am,PlayLife | Sector 163,Pickleball Court 1,Not Booked,200,19 Sep 09:05
2026-09-19,Sat,9:00 am to 9:30 am,PlayLife | Sector 163,Pickleball Court 2,Not Booked,200,19 Sep 09:05
2026-09-19,Sat,9:00 am to 9:30 am,PlayLife | Sector 163,Pickleball Court 3,Not Booked,200,19 Sep 09:05
2026-09-19,Sat,9:00 am to 9:30 am,Rally N Roast | Sector 141,Court 1 (Blue),Not Booked,500,19 Sep 09:05
2026-09-19,Sat,9:00 am to 9:30 am,Rally N Roast | Sector 141,Court 2 (Pink),Not Booked,500,19 Sep 09:05
2026-09-19,Sat,9:00 am to 9:30 am,Rally N Roast | Sector 141,Court 3 (Blue),Not Booked,500,19 Sep 09:05
2026-09-19,Sat,9:00 am to 9:30 am,Sky Nine Rackets,Court 1,Not Booked,225,19 Sep 08:04
2026-09-19,Sat,9:00 am to 9:30 am,Sky Nine Rackets,Court 2,Not Booked,225,19 Sep 09:05
2026-09-19,Sat,9:00 am to 9:30 am,Sky Nine Rackets,Court 3,Not Booked,225,19 Sep 09:05
2026-09-19,Sat,9:00 am to 9:30 am,Sky Nine Rackets,Court 4,Not Booked,225,19 Sep 09:05
2026-09-19,Sat,9:00 am to 9:30 am,Sky Nine Rackets,Court 5,Not Booked,225,19 Sep 09:05
2026-09-19,Sat,9:00 am to 9:30 am,Spodium Arena | Sector 29,Court 1,Not Booked,299,19 Sep 09:05
2026-09-19,Sat,9:00 am to 9:30 am,Spodium Arena | Sector 29,Court 2,Not Booked,299,19 Sep 09:05
2026-09-19,Sat,9:00 am to 9:30 am,Spodium Arena | Sector 29,Court 3,Not Booked,299,19 Sep 09:05
2026-09-19,Sat,9:00 am to 9:30 am,Spodium Arena | Sector 29,Court 4,Not Booked,299,19 Sep 09:05
2026-09-19,Sat,9:00 am to 10:00 am,Spuddy Multisports Academy | Noida,Pickleball (Indoor),Not Booked,400,19 Sep 09:30
2026-09-19,Sat,9:00 am to 9:30 am,The Box Cage,Court 1,Not Booked,300,19 Sep 09:05
2026-09-19,Sat,9:00 am to 9:30 am,The Box Cage,Court 2,Not Booked,300,19 Sep 09:05
2026-09-19,Sat,9:00 am to 9:30 am,The Box Cage,Court 3,Not Booked,300,19 Sep 09:05
2026-09-19,Sat,9:00 am to 9:30 am,The Box Cage,Court 4,Not Booked,300,19 Sep 09:05
2026-09-19,Sat,9:30 am to 10:00 am,Anandmay Sports Club | Sector 128,Court 1,Not Booked,250,19 Sep 09:30
2026-09-19,Sat,9:30 am to 10:00 am,Anandmay Sports Club | Sector 128,Court 2,Not Booked,250,19 Sep 08:04
2026-09-19,Sat,9:30 am to 10:00 am,Arena 44,Hardy's Court 1,Not Booked,450,19 Sep 09:30
2026-09-19,Sat,9:30 am to 10:00 am,Arena 44,Hardy's Court 2,Not Booked,450,19 Sep 09:30
2026-09-19,Sat,9:30 am to 10:00 am,Arena 44,Hardy's Court 3,Not Booked,450,19 Sep 09:30
2026-09-19,Sat,9:30 am to 10:00 am,Arena 44,Hardy's Court 4,Not Booked,450,19 Sep 09:30
2026-09-19,Sat,9:30 am to 10:00 am,Arena 44,Court 1,Not Booked,550,19 Sep 09:30
2026-09-19,Sat,9:30 am to 10:00 am,Arena 44,Court 2,Not Booked,550,19 Sep 07:03
2026-09-19,Sat,9:30 am to 10:00 am,Arena 44,Court 3,Not Booked,550,19 Sep 09:30
2026-09-19,Sat,9:30 am to 10:00 am,Crickdome,Court 1,Not Booked,400,19 Sep 08:31
2026-09-19,Sat,9:30 am to 10:00 am,Crickdome,Court 2,Not Booked,400,19 Sep 09:30
2026-09-19,Sat,9:30 am to 10:00 am,Heat Sports Arena 150,Court 1,Not Booked,450,19 Sep 09:30
2026-09-19,Sat,9:30 am to 10:00 am,Heat Sports Arena 150,Court 2,Not Booked,450,19 Sep 09:30
2026-09-19,Sat,9:30 am to 10:00 am,Noida Pickleball Courts | Sec-100,Court 1,Not Booked,450,19 Sep 09:05
2026-09-19,Sat,9:30 am to 10:00 am,Noida Pickleball Courts | Sec-100,Court 2,Not Booked,450,19 Sep 09:30
2026-09-19,Sat,9:30 am to 10:00 am,Pickle Pros | Noida,Pickleball Court 1,Not Booked,400,19 Sep 09:30
2026-09-19,Sat,9:30 am to 10:00 am,Pickle Pros | Noida,Pickleball Court 2,Not Booked,400,19 Sep 09:30
2026-09-19,Sat,9:30 am to 10:00 am,Pickle Pros | Noida,Pickleball Court 3,Not Booked,400,19 Sep 09:30
2026-09-19,Sat,9:30 am to 10:00 am,Pickle Pros | Noida,Pickleball Court 4,Not Booked,400,19 Sep 09:30
2026-09-19,Sat,9:30 am to 10:00 am,Pickleflow Social,Court 1,Not Booked,500,19 Sep 09:30
2026-09-19,Sat,9:30 am to 10:00 am,Pickleflow Social,Court 2,Booked,500,19 Sep 09:30
2026-09-19,Sat,9:30 am to 10:00 am,Pickleflow Social,Court 3,Not Booked,500,19 Sep 09:30
2026-09-19,Sat,9:30 am to 10:00 am,Pitch Please X TSG Sports Arena,Court 1,Not Booked,700,19 Sep 09:30
2026-09-19,Sat,9:30 am to 10:00 am,Pitch Please X TSG Sports Arena,Court 2,Not Booked,700,19 Sep 09:30
2026-09-19,Sat,9:30 am to 10:30 am,PlayAll Noida 105,Court 1,Not Booked,150,19 Sep 10:05
2026-09-19,Sat,9:30 am to 10:30 am,PlayAll Noida 105,Court 2,Not Booked,150,19 Sep 10:05
2026-09-19,Sat,9:30 am to 10:30 am,PlayAll Noida 105,Court 3,Not Booked,150,19 Sep 10:05
2026-09-19,Sat,9:30 am to 10:30 am,PlayAll Noida 73,Court 1,Not Booked,200,19 Sep 08:31
2026-09-19,Sat,9:30 am to 10:30 am,PlayAll Noida 73,Court 2,Not Booked,200,19 Sep 10:05
2026-09-19,Sat,9:30 am to 10:30 am,PlayAll Noida 73,Court 3,Not Booked,200,19 Sep 10:05
2026-09-19,Sat,9:30 am to 10:00 am,PlayLife | Sector 163,Pickleball Court 1,Not Booked,200,19 Sep 09:05
2026-09-19,Sat,9:30 am to 10:00 am,PlayLife | Sector 163,Pickleball Court 2,Not Booked,200,19 Sep 09:30
2026-09-19,Sat,9:30 am to 10:00 am,PlayLife | Sector 163,Pickleball Court 3,Not Booked,200,19 Sep 09:30
2026-09-19,Sat,9:30 am to 10:00 am,Rally N Roast | Sector 141,Court 1 (Blue),Not Booked,500,19 Sep 09:30
2026-09-19,Sat,9:30 am to 10:00 am,Rally N Roast | Sector 141,Court 2 (Pink),Not Booked,500,19 Sep 09:30
2026-09-19,Sat,9:30 am to 10:00 am,Rally N Roast | Sector 141,Court 3 (Blue),Not Booked,500,19 Sep 09:30
2026-09-19,Sat,9:30 am to 10:00 am,Sky Nine Rackets,Court 1,Not Booked,225,19 Sep 08:04
2026-09-19,Sat,9:30 am to 10:00 am,Sky Nine Rackets,Court 2,Not Booked,225,19 Sep 09:30
2026-09-19,Sat,9:30 am to 10:00 am,Sky Nine Rackets,Court 3,Not Booked,225,19 Sep 09:30
2026-09-19,Sat,9:30 am to 10:00 am,Sky Nine Rackets,Court 4,Not Booked,225,19 Sep 09:05
2026-09-19,Sat,9:30 am to 10:00 am,Sky Nine Rackets,Court 5,Not Booked,225,19 Sep 09:30
2026-09-19,Sat,9:30 am to 10:00 am,Spodium Arena | Sector 29,Court 1,Not Booked,299,19 Sep 09:30
2026-09-19,Sat,9:30 am to 10:00 am,Spodium Arena | Sector 29,Court 2,Not Booked,299,19 Sep 09:30
2026-09-19,Sat,9:30 am to 10:00 am,Spodium Arena | Sector 29,Court 3,Not Booked,299,19 Sep 09:30
2026-09-19,Sat,9:30 am to 10:00 am,Spodium Arena | Sector 29,Court 4,Not Booked,299,19 Sep 09:05
2026-09-19,Sat,9:30 am to 10:00 am,The Box Cage,Court 1,Not Booked,300,19 Sep 09:30
2026-09-19,Sat,9:30 am to 10:00 am,The Box Cage,Court 2,Not Booked,300,19 Sep 09:30
2026-09-19,Sat,9:30 am to 10:00 am,The Box Cage,Court 3,Not Booked,300,19 Sep 09:30
2026-09-19,Sat,9:30 am to 10:00 am,The Box Cage,Court 4,Not Booked,300,19 Sep 09:30
2026-09-19,Sat,10:00 am to 10:30 am,Anandmay Sports Club | Sector 128,Court 1,Not Booked,250,19 Sep 10:05
2026-09-19,Sat,10:00 am to 10:30 am,Anandmay Sports Club | Sector 128,Court 2,Not Booked,250,19 Sep 08:04
2026-09-19,Sat,10:00 am to 10:30 am,Arena 44,Hardy's Court 1,Not Booked,450,19 Sep 10:05
2026-09-19,Sat,10:00 am to 10:30 am,Arena 44,Hardy's Court 2,Not Booked,450,19 Sep 10:05
2026-09-19,Sat,10:00 am to 10:30 am,Arena 44,Hardy's Court 3,Not Booked,450,19 Sep 10:05
2026-09-19,Sat,10:00 am to 10:30 am,Arena 44,Hardy's Court 4,Not Booked,450,19 Sep 10:05
2026-09-19,Sat,10:00 am to 10:30 am,Arena 44,Court 1,Not Booked,550,19 Sep 10:05
2026-09-19,Sat,10:00 am to 10:30 am,Arena 44,Court 2,Not Booked,550,19 Sep 07:03
2026-09-19,Sat,10:00 am to 10:30 am,Arena 44,Court 3,Not Booked,550,19 Sep 10:05
2026-09-19,Sat,10:00 am to 10:30 am,Crickdome,Court 1,Not Booked,400,19 Sep 08:31
2026-09-19,Sat,10:00 am to 10:30 am,Crickdome,Court 2,Not Booked,400,19 Sep 10:05
2026-09-19,Sat,10:00 am to 10:30 am,Heat Sports Arena 150,Court 1,Not Booked,450,19 Sep 10:05
2026-09-19,Sat,10:00 am to 10:30 am,Heat Sports Arena 150,Court 2,Not Booked,450,19 Sep 10:05
2026-09-19,Sat,10:00 am to 11:00 am,Noida Indoor Stadium,Court 1,Not Booked,944,19 Sep 10:05
2026-09-19,Sat,10:00 am to 11:00 am,Noida Indoor Stadium,Court 2,Not Booked,944,19 Sep 10:31
2026-09-19,Sat,10:00 am to 11:00 am,Noida Indoor Stadium,Court 3,Not Booked,944,19 Sep 10:31
2026-09-19,Sat,10:00 am to 10:30 am,Noida Pickleball Courts | Sec-100,Court 1,Not Booked,450,19 Sep 10:05
2026-09-19,Sat,10:00 am to 10:30 am,Noida Pickleball Courts | Sec-100,Court 2,Not Booked,450,19 Sep 10:05
2026-09-19,Sat,10:00 am to 11:00 am,Pickit | Vijay Sri Academy,Court 1,Not Booked,750,19 Sep 10:31
2026-09-19,Sat,10:00 am to 11:00 am,Pickit | Vijay Sri Academy,Court 2,Not Booked,750,19 Sep 10:31
2026-09-19,Sat,10:00 am to 11:00 am,Pickit | Vijay Sri Academy,Court 3,Not Booked,750,19 Sep 10:31
2026-09-19,Sat,10:00 am to 10:30 am,Pickle Pros | Noida,Pickleball Court 1,Not Booked,400,19 Sep 10:05
2026-09-19,Sat,10:00 am to 10:30 am,Pickle Pros | Noida,Pickleball Court 2,Not Booked,400,19 Sep 09:30
2026-09-19,Sat,10:00 am to 10:30 am,Pickle Pros | Noida,Pickleball Court 3,Not Booked,400,19 Sep 10:05
2026-09-19,Sat,10:00 am to 10:30 am,Pickle Pros | Noida,Pickleball Court 4,Not Booked,400,19 Sep 10:05
2026-09-19,Sat,10:00 am to 10:30 am,Pickleflow Social,Court 1,Not Booked,500,19 Sep 09:30
2026-09-19,Sat,10:00 am to 10:30 am,Pickleflow Social,Court 2,Not Booked,500,19 Sep 10:05
2026-09-19,Sat,10:00 am to 10:30 am,Pickleflow Social,Court 3,Not Booked,500,19 Sep 10:05
2026-09-19,Sat,10:00 am to 11:00 am,Pickleplay 121 | Indoor Arena,Court 1,Not Booked,700,19 Sep 10:31
2026-09-19,Sat,10:00 am to 11:00 am,Pickleplay 121 | Indoor Arena,Court 2,Not Booked,700,19 Sep 10:31
2026-09-19,Sat,10:00 am to 11:00 am,Pickleplay 121 | Indoor Arena,Court 3,Not Booked,700,19 Sep 10:31
2026-09-19,Sat,10:00 am to 10:30 am,Pitch Please X TSG Sports Arena,Court 1,Not Booked,700,19 Sep 09:30
2026-09-19,Sat,10:00 am to 10:30 am,Pitch Please X TSG Sports Arena,Court 2,Not Booked,700,19 Sep 09:30
2026-09-19,Sat,10:00 am to 11:00 am,PlayAll Noida 105,Court 1,Not Booked,150,19 Sep 10:05
2026-09-19,Sat,10:00 am to 11:00 am,PlayAll Noida 105,Court 2,Not Booked,150,19 Sep 10:31
2026-09-19,Sat,10:00 am to 11:00 am,PlayAll Noida 105,Court 3,Not Booked,150,19 Sep 10:05
2026-09-19,Sat,10:00 am to 11:00 am,PlayAll Noida 73,Court 1,Not Booked,200,19 Sep 10:05
2026-09-19,Sat,10:00 am to 11:00 am,PlayAll Noida 73,Court 2,Not Booked,200,19 Sep 10:31
2026-09-19,Sat,10:00 am to 11:00 am,PlayAll Noida 73,Court 3,Not Booked,200,19 Sep 10:31
2026-09-19,Sat,10:00 am to 10:30 am,PlayLife | Sector 163,Pickleball Court 1,Not Booked,200,19 Sep 10:05
2026-09-19,Sat,10:00 am to 10:30 am,PlayLife | Sector 163,Pickleball Court 2,Not Booked,200,19 Sep 10:05
2026-09-19,Sat,10:00 am to 10:30 am,PlayLife | Sector 163,Pickleball Court 3,Not Booked,200,19 Sep 10:05
2026-09-19,Sat,10:00 am to 10:30 am,Rally N Roast | Sector 141,Court 1 (Blue),Not Booked,500,19 Sep 10:05
2026-09-19,Sat,10:00 am to 10:30 am,Rally N Roast | Sector 141,Court 2 (Pink),Not Booked,500,19 Sep 10:05
2026-09-19,Sat,10:00 am to 10:30 am,Rally N Roast | Sector 141,Court 3 (Blue),Not Booked,500,19 Sep 10:05
2026-09-19,Sat,10:00 am to 10:30 am,Sky Nine Rackets,Court 1,Not Booked,225,19 Sep 10:05
2026-09-19,Sat,10:00 am to 10:30 am,Sky Nine Rackets,Court 2,Not Booked,225,19 Sep 10:05
2026-09-19,Sat,10:00 am to 10:30 am,Sky Nine Rackets,Court 3,Not Booked,225,19 Sep 10:05
2026-09-19,Sat,10:00 am to 10:30 am,Sky Nine Rackets,Court 4,Not Booked,225,19 Sep 09:05
2026-09-19,Sat,10:00 am to 10:30 am,Sky Nine Rackets,Court 5,Not Booked,225,19 Sep 10:05
2026-09-19,Sat,10:00 am to 10:30 am,Spodium Arena | Sector 29,Court 1,Not Booked,299,19 Sep 09:30
2026-09-19,Sat,10:00 am to 10:30 am,Spodium Arena | Sector 29,Court 2,Not Booked,299,19 Sep 10:05
2026-09-19,Sat,10:00 am to 10:30 am,Spodium Arena | Sector 29,Court 3,Not Booked,299,19 Sep 10:05
2026-09-19,Sat,10:00 am to 10:30 am,Spodium Arena | Sector 29,Court 4,Not Booked,299,19 Sep 10:05
2026-09-19,Sat,10:00 am to 11:00 am,Spuddy Multisports Academy | Noida,Pickleball (Indoor),Not Booked,400,19 Sep 10:31
2026-09-19,Sat,10:00 am to 10:30 am,The Box Cage,Court 1,Not Booked,300,19 Sep 10:05
2026-09-19,Sat,10:00 am to 10:30 am,The Box Cage,Court 2,Not Booked,300,19 Sep 10:05
2026-09-19,Sat,10:00 am to 10:30 am,The Box Cage,Court 3,Not Booked,300,19 Sep 10:05
2026-09-19,Sat,10:00 am to 10:30 am,The Box Cage,Court 4,Not Booked,300,19 Sep 10:05
2026-09-19,Sat,10:30 am to 11:00 am,Anandmay Sports Club | Sector 128,Court 1,Not Booked,250,19 Sep 10:31
2026-09-19,Sat,10:30 am to 11:00 am,Anandmay Sports Club | Sector 128,Court 2,Not Booked,250,19 Sep 10:31
2026-09-19,Sat,10:30 am to 11:00 am,Arena 44,Hardy's Court 1,Not Booked,450,19 Sep 10:31
2026-09-19,Sat,10:30 am to 11:00 am,Arena 44,Hardy's Court 2,Not Booked,450,19 Sep 10:31
2026-09-19,Sat,10:30 am to 11:00 am,Arena 44,Hardy's Court 3,Not Booked,450,19 Sep 10:31
2026-09-19,Sat,10:30 am to 11:00 am,Arena 44,Hardy's Court 4,Not Booked,450,19 Sep 10:31
2026-09-19,Sat,10:30 am to 11:00 am,Arena 44,Court 1,Not Booked,550,19 Sep 10:31
2026-09-19,Sat,10:30 am to 11:00 am,Arena 44,Court 2,Not Booked,550,19 Sep 10:31
2026-09-19,Sat,10:30 am to 11:00 am,Arena 44,Court 3,Not Booked,550,19 Sep 10:05
2026-09-19,Sat,10:30 am to 11:00 am,Crickdome,Court 1,Not Booked,400,19 Sep 10:31
2026-09-19,Sat,10:30 am to 11:00 am,Crickdome,Court 2,Not Booked,400,19 Sep 10:31
2026-09-19,Sat,10:30 am to 11:00 am,Heat Sports Arena 150,Court 1,Not Booked,450,19 Sep 10:31
2026-09-19,Sat,10:30 am to 11:00 am,Heat Sports Arena 150,Court 2,Not Booked,450,19 Sep 10:31
2026-09-19,Sat,10:30 am to 11:00 am,Noida Pickleball Courts | Sec-100,Court 1,Not Booked,450,19 Sep 10:31
2026-09-19,Sat,10:30 am to 11:00 am,Noida Pickleball Courts | Sec-100,Court 2,Not Booked,450,19 Sep 10:05
2026-09-19,Sat,10:30 am to 11:00 am,Pickle Pros | Noida,Pickleball Court 1,Not Booked,400,19 Sep 10:31
2026-09-19,Sat,10:30 am to 11:00 am,Pickle Pros | Noida,Pickleball Court 2,Not Booked,400,19 Sep 10:31
2026-09-19,Sat,10:30 am to 11:00 am,Pickle Pros | Noida,Pickleball Court 3,Not Booked,400,19 Sep 10:31
2026-09-19,Sat,10:30 am to 11:00 am,Pickle Pros | Noida,Pickleball Court 4,Not Booked,400,19 Sep 10:31
2026-09-19,Sat,10:30 am to 11:00 am,Pickleflow Social,Court 1,Not Booked,500,19 Sep 10:31
2026-09-19,Sat,10:30 am to 11:00 am,Pickleflow Social,Court 2,Not Booked,500,19 Sep 10:31
2026-09-19,Sat,10:30 am to 11:00 am,Pickleflow Social,Court 3,Not Booked,500,19 Sep 10:05
2026-09-19,Sat,10:30 am to 11:00 am,Pitch Please X TSG Sports Arena,Court 1,Not Booked,700,19 Sep 10:31
2026-09-19,Sat,10:30 am to 11:00 am,Pitch Please X TSG Sports Arena,Court 2,Not Booked,700,19 Sep 10:31
2026-09-19,Sat,10:30 am to 11:30 am,PlayAll Noida 105,Court 1,Not Booked,150,19 Sep 10:05
2026-09-19,Sat,10:30 am to 11:30 am,PlayAll Noida 105,Court 2,Not Booked,150,19 Sep 11:02
2026-09-19,Sat,10:30 am to 11:30 am,PlayAll Noida 105,Court 3,Not Booked,150,19 Sep 10:05
2026-09-19,Sat,10:30 am to 11:30 am,PlayAll Noida 73,Court 1,Not Booked,200,19 Sep 10:31
2026-09-19,Sat,10:30 am to 11:30 am,PlayAll Noida 73,Court 2,Not Booked,200,19 Sep 11:02
2026-09-19,Sat,10:30 am to 11:30 am,PlayAll Noida 73,Court 3,Not Booked,200,19 Sep 11:02
2026-09-19,Sat,10:30 am to 11:00 am,PlayLife | Sector 163,Pickleball Court 1,Not Booked,200,19 Sep 10:31
2026-09-19,Sat,10:30 am to 11:00 am,PlayLife | Sector 163,Pickleball Court 2,Not Booked,200,19 Sep 10:31
2026-09-19,Sat,10:30 am to 11:00 am,PlayLife | Sector 163,Pickleball Court 3,Not Booked,200,19 Sep 10:31
2026-09-19,Sat,10:30 am to 11:00 am,Rally N Roast | Sector 141,Court 1 (Blue),Not Booked,500,19 Sep 10:31
2026-09-19,Sat,10:30 am to 11:00 am,Rally N Roast | Sector 141,Court 2 (Pink),Not Booked,500,19 Sep 10:31
2026-09-19,Sat,10:30 am to 11:00 am,Rally N Roast | Sector 141,Court 3 (Blue),Not Booked,500,19 Sep 10:31
2026-09-19,Sat,10:30 am to 11:00 am,Sky Nine Rackets,Court 1,Not Booked,225,19 Sep 10:31
2026-09-19,Sat,10:30 am to 11:00 am,Sky Nine Rackets,Court 2,Not Booked,225,19 Sep 10:31
2026-09-19,Sat,10:30 am to 11:00 am,Sky Nine Rackets,Court 3,Not Booked,225,19 Sep 10:31
2026-09-19,Sat,10:30 am to 11:00 am,Sky Nine Rackets,Court 4,Not Booked,225,19 Sep 10:31
2026-09-19,Sat,10:30 am to 11:00 am,Sky Nine Rackets,Court 5,Not Booked,225,19 Sep 10:31
2026-09-19,Sat,10:30 am to 11:00 am,Spodium Arena | Sector 29,Court 1,Not Booked,299,19 Sep 10:31
2026-09-19,Sat,10:30 am to 11:00 am,Spodium Arena | Sector 29,Court 2,Not Booked,299,19 Sep 10:31
2026-09-19,Sat,10:30 am to 11:00 am,Spodium Arena | Sector 29,Court 3,Not Booked,299,19 Sep 10:31
2026-09-19,Sat,10:30 am to 11:00 am,Spodium Arena | Sector 29,Court 4,Not Booked,299,19 Sep 10:31
2026-09-19,Sat,10:30 am to 11:00 am,The Box Cage,Court 1,Not Booked,300,19 Sep 10:31
2026-09-19,Sat,10:30 am to 11:00 am,The Box Cage,Court 2,Not Booked,300,19 Sep 10:31
2026-09-19,Sat,10:30 am to 11:00 am,The Box Cage,Court 3,Not Booked,300,19 Sep 10:31
2026-09-19,Sat,10:30 am to 11:00 am,The Box Cage,Court 4,Not Booked,300,19 Sep 10:31
2026-09-19,Sat,11:00 am to 11:30 am,Anandmay Sports Club | Sector 128,Court 1,Not Booked,250,19 Sep 11:02
2026-09-19,Sat,11:00 am to 11:30 am,Anandmay Sports Club | Sector 128,Court 2,Not Booked,250,19 Sep 10:31
2026-09-19,Sat,11:00 am to 11:30 am,Arena 44,Hardy's Court 1,Not Booked,450,19 Sep 11:02
2026-09-19,Sat,11:00 am to 11:30 am,Arena 44,Hardy's Court 2,Not Booked,450,19 Sep 11:02
2026-09-19,Sat,11:00 am to 11:30 am,Arena 44,Hardy's Court 3,Not Booked,450,19 Sep 11:02
2026-09-19,Sat,11:00 am to 11:30 am,Arena 44,Hardy's Court 4,Not Booked,450,19 Sep 11:02
2026-09-19,Sat,11:00 am to 11:30 am,Arena 44,Court 1,Not Booked,550,19 Sep 11:02
2026-09-19,Sat,11:00 am to 11:30 am,Arena 44,Court 2,Not Booked,550,19 Sep 10:31
2026-09-19,Sat,11:00 am to 11:30 am,Arena 44,Court 3,Not Booked,550,19 Sep 11:02
2026-09-19,Sat,11:00 am to 11:30 am,Crickdome,Court 1,Not Booked,400,19 Sep 10:31
2026-09-19,Sat,11:00 am to 11:30 am,Crickdome,Court 2,Not Booked,400,19 Sep 11:02
2026-09-19,Sat,11:00 am to 11:30 am,Heat Sports Arena 150,Court 1,Not Booked,450,19 Sep 11:02
2026-09-19,Sat,11:00 am to 11:30 am,Heat Sports Arena 150,Court 2,Not Booked,450,19 Sep 11:02
2026-09-19,Sat,11:00 am to 12:00 pm,Noida Indoor Stadium,Court 1,Not Booked,944,19 Sep 11:30
2026-09-19,Sat,11:00 am to 12:00 pm,Noida Indoor Stadium,Court 2,Not Booked,944,19 Sep 11:30
2026-09-19,Sat,11:00 am to 12:00 pm,Noida Indoor Stadium,Court 3,Not Booked,944,19 Sep 11:30
2026-09-19,Sat,11:00 am to 11:30 am,Noida Pickleball Courts | Sec-100,Court 1,Not Booked,450,19 Sep 11:02
2026-09-19,Sat,11:00 am to 11:30 am,Noida Pickleball Courts | Sec-100,Court 2,Not Booked,450,19 Sep 11:02
2026-09-19,Sat,11:00 am to 12:00 pm,Pickit | Vijay Sri Academy,Court 1,Not Booked,750,19 Sep 11:30
2026-09-19,Sat,11:00 am to 12:00 pm,Pickit | Vijay Sri Academy,Court 2,Not Booked,750,19 Sep 11:30
2026-09-19,Sat,11:00 am to 12:00 pm,Pickit | Vijay Sri Academy,Court 3,Not Booked,750,19 Sep 11:30
2026-09-19,Sat,11:00 am to 11:30 am,Pickle Pros | Noida,Pickleball Court 1,Not Booked,400,19 Sep 11:02
2026-09-19,Sat,11:00 am to 11:30 am,Pickle Pros | Noida,Pickleball Court 2,Not Booked,400,19 Sep 11:02
2026-09-19,Sat,11:00 am to 11:30 am,Pickle Pros | Noida,Pickleball Court 3,Not Booked,400,19 Sep 11:02
2026-09-19,Sat,11:00 am to 11:30 am,Pickle Pros | Noida,Pickleball Court 4,Not Booked,400,19 Sep 11:02
2026-09-19,Sat,11:00 am to 11:30 am,Pickleflow Social,Court 1,Not Booked,500,19 Sep 10:31
2026-09-19,Sat,11:00 am to 11:30 am,Pickleflow Social,Court 2,Not Booked,500,19 Sep 11:02
2026-09-19,Sat,11:00 am to 11:30 am,Pickleflow Social,Court 3,Not Booked,500,19 Sep 11:02
2026-09-19,Sat,11:00 am to 12:00 pm,Pickleplay 121 | Indoor Arena,Court 1,Not Booked,700,19 Sep 11:30
2026-09-19,Sat,11:00 am to 12:00 pm,Pickleplay 121 | Indoor Arena,Court 2,Not Booked,700,19 Sep 11:30
2026-09-19,Sat,11:00 am to 12:00 pm,Pickleplay 121 | Indoor Arena,Court 3,Not Booked,700,19 Sep 11:30
2026-09-19,Sat,11:00 am to 11:30 am,Pitch Please X TSG Sports Arena,Court 1,Not Booked,700,19 Sep 11:02
2026-09-19,Sat,11:00 am to 11:30 am,Pitch Please X TSG Sports Arena,Court 2,Not Booked,700,19 Sep 11:02
2026-09-19,Sat,11:00 am to 12:00 pm,PlayAll Noida 105,Court 1,Not Booked,150,19 Sep 10:05
2026-09-19,Sat,11:00 am to 12:00 pm,PlayAll Noida 105,Court 2,Not Booked,150,19 Sep 11:30
2026-09-19,Sat,11:00 am to 12:00 pm,PlayAll Noida 105,Court 3,Not Booked,150,19 Sep 11:30
2026-09-19,Sat,11:00 am to 12:00 pm,PlayAll Noida 73,Court 1,Not Booked,200,19 Sep 11:30
2026-09-19,Sat,11:00 am to 12:00 pm,PlayAll Noida 73,Court 2,Not Booked,200,19 Sep 11:30
2026-09-19,Sat,11:00 am to 12:00 pm,PlayAll Noida 73,Court 3,Not Booked,200,19 Sep 11:02
2026-09-19,Sat,11:00 am to 11:30 am,PlayLife | Sector 163,Pickleball Court 1,Not Booked,200,19 Sep 11:02
2026-09-19,Sat,11:00 am to 11:30 am,PlayLife | Sector 163,Pickleball Court 2,Not Booked,200,19 Sep 11:02
2026-09-19,Sat,11:00 am to 11:30 am,PlayLife | Sector 163,Pickleball Court 3,Not Booked,200,19 Sep 11:02
2026-09-19,Sat,11:00 am to 11:30 am,Rally N Roast | Sector 141,Court 1 (Blue),Not Booked,500,19 Sep 11:02
2026-09-19,Sat,11:00 am to 11:30 am,Rally N Roast | Sector 141,Court 2 (Pink),Not Booked,500,19 Sep 11:02
2026-09-19,Sat,11:00 am to 11:30 am,Rally N Roast | Sector 141,Court 3 (Blue),Not Booked,500,19 Sep 11:02
2026-09-19,Sat,11:00 am to 11:30 am,Sky Nine Rackets,Court 1,Not Booked,225,19 Sep 10:31
2026-09-19,Sat,11:00 am to 11:30 am,Sky Nine Rackets,Court 2,Not Booked,225,19 Sep 11:02
2026-09-19,Sat,11:00 am to 11:30 am,Sky Nine Rackets,Court 3,Not Booked,225,19 Sep 11:02
2026-09-19,Sat,11:00 am to 11:30 am,Sky Nine Rackets,Court 4,Not Booked,225,19 Sep 11:02
2026-09-19,Sat,11:00 am to 11:30 am,Sky Nine Rackets,Court 5,Not Booked,225,19 Sep 11:02
2026-09-19,Sat,11:00 am to 11:30 am,Spodium Arena | Sector 29,Court 1,Not Booked,299,19 Sep 11:02
2026-09-19,Sat,11:00 am to 11:30 am,Spodium Arena | Sector 29,Court 2,Not Booked,299,19 Sep 11:02
2026-09-19,Sat,11:00 am to 11:30 am,Spodium Arena | Sector 29,Court 3,Not Booked,299,19 Sep 11:02
2026-09-19,Sat,11:00 am to 11:30 am,Spodium Arena | Sector 29,Court 4,Not Booked,299,19 Sep 11:02
2026-09-19,Sat,11:00 am to 12:00 pm,Spuddy Multisports Academy | Noida,Pickleball (Indoor),Not Booked,400,19 Sep 11:30
2026-09-19,Sat,11:00 am to 11:30 am,The Box Cage,Court 1,Not Booked,300,19 Sep 11:02
2026-09-19,Sat,11:00 am to 11:30 am,The Box Cage,Court 2,Not Booked,300,19 Sep 11:02
2026-09-19,Sat,11:00 am to 11:30 am,The Box Cage,Court 3,Not Booked,300,19 Sep 11:02
2026-09-19,Sat,11:00 am to 11:30 am,The Box Cage,Court 4,Not Booked,300,19 Sep 11:02
2026-09-19,Sat,11:30 am to 12:00 pm,Anandmay Sports Club | Sector 128,Court 1,Not Booked,250,19 Sep 11:30
2026-09-19,Sat,11:30 am to 12:00 pm,Anandmay Sports Club | Sector 128,Court 2,Not Booked,250,19 Sep 11:30
2026-09-19,Sat,11:30 am to 12:00 pm,Arena 44,Hardy's Court 1,Not Booked,450,19 Sep 11:30
2026-09-19,Sat,11:30 am to 12:00 pm,Arena 44,Hardy's Court 2,Not Booked,450,19 Sep 11:30
2026-09-19,Sat,11:30 am to 12:00 pm,Arena 44,Hardy's Court 3,Not Booked,450,19 Sep 11:30
2026-09-19,Sat,11:30 am to 12:00 pm,Arena 44,Hardy's Court 4,Not Booked,450,19 Sep 11:02
2026-09-19,Sat,11:30 am to 12:00 pm,Arena 44,Court 1,Not Booked,550,19 Sep 11:30
2026-09-19,Sat,11:30 am to 12:00 pm,Arena 44,Court 2,Not Booked,550,19 Sep 11:30
2026-09-19,Sat,11:30 am to 12:00 pm,Arena 44,Court 3,Not Booked,550,19 Sep 11:30
2026-09-19,Sat,11:30 am to 12:00 pm,Crickdome,Court 1,Not Booked,400,19 Sep 11:30
2026-09-19,Sat,11:30 am to 12:00 pm,Crickdome,Court 2,Not Booked,400,19 Sep 11:30
2026-09-19,Sat,11:30 am to 12:00 pm,Heat Sports Arena 150,Court 1,Not Booked,450,19 Sep 11:30
2026-09-19,Sat,11:30 am to 12:00 pm,Heat Sports Arena 150,Court 2,Not Booked,450,19 Sep 11:30
2026-09-19,Sat,11:30 am to 12:00 pm,Noida Pickleball Courts | Sec-100,Court 1,Not Booked,450,19 Sep 11:30
2026-09-19,Sat,11:30 am to 12:00 pm,Noida Pickleball Courts | Sec-100,Court 2,Not Booked,450,19 Sep 11:02
2026-09-19,Sat,11:30 am to 12:00 pm,Pickle Pros | Noida,Pickleball Court 1,Not Booked,400,19 Sep 11:02
2026-09-19,Sat,11:30 am to 12:00 pm,Pickle Pros | Noida,Pickleball Court 2,Not Booked,400,19 Sep 11:30
2026-09-19,Sat,11:30 am to 12:00 pm,Pickle Pros | Noida,Pickleball Court 3,Not Booked,400,19 Sep 11:30
2026-09-19,Sat,11:30 am to 12:00 pm,Pickle Pros | Noida,Pickleball Court 4,Not Booked,400,19 Sep 11:30
2026-09-19,Sat,11:30 am to 12:00 pm,Pickleflow Social,Court 1,Not Booked,500,19 Sep 11:30
2026-09-19,Sat,11:30 am to 12:00 pm,Pickleflow Social,Court 2,Not Booked,500,19 Sep 11:02
2026-09-19,Sat,11:30 am to 12:00 pm,Pickleflow Social,Court 3,Not Booked,500,19 Sep 11:30
2026-09-19,Sat,11:30 am to 12:00 pm,Pitch Please X TSG Sports Arena,Court 1,Not Booked,700,19 Sep 11:30
2026-09-19,Sat,11:30 am to 12:00 pm,Pitch Please X TSG Sports Arena,Court 2,Not Booked,700,19 Sep 11:30
2026-09-19,Sat,11:30 am to 12:30 pm,PlayAll Noida 105,Court 1,Not Booked,150,19 Sep 10:05
2026-09-19,Sat,11:30 am to 12:30 pm,PlayAll Noida 105,Court 2,Not Booked,150,19 Sep 12:07
2026-09-19,Sat,11:30 am to 12:30 pm,PlayAll Noida 105,Court 3,Not Booked,150,19 Sep 12:07
2026-09-19,Sat,11:30 am to 12:30 pm,PlayAll Noida 73,Court 1,Not Booked,200,19 Sep 11:30
2026-09-19,Sat,11:30 am to 12:30 pm,PlayAll Noida 73,Court 2,Not Booked,200,19 Sep 11:30
2026-09-19,Sat,11:30 am to 12:30 pm,PlayAll Noida 73,Court 3,Not Booked,200,19 Sep 11:02
2026-09-19,Sat,11:30 am to 12:00 pm,PlayLife | Sector 163,Pickleball Court 1,Not Booked,200,19 Sep 11:30
2026-09-19,Sat,11:30 am to 12:00 pm,PlayLife | Sector 163,Pickleball Court 2,Not Booked,200,19 Sep 11:30
2026-09-19,Sat,11:30 am to 12:00 pm,PlayLife | Sector 163,Pickleball Court 3,Not Booked,200,19 Sep 11:30
2026-09-19,Sat,11:30 am to 12:00 pm,Rally N Roast | Sector 141,Court 1 (Blue),Not Booked,500,19 Sep 11:30
2026-09-19,Sat,11:30 am to 12:00 pm,Rally N Roast | Sector 141,Court 2 (Pink),Not Booked,500,19 Sep 11:30
2026-09-19,Sat,11:30 am to 12:00 pm,Rally N Roast | Sector 141,Court 3 (Blue),Not Booked,500,19 Sep 11:30
2026-09-19,Sat,11:30 am to 12:00 pm,Sky Nine Rackets,Court 1,Not Booked,225,19 Sep 11:30
2026-09-19,Sat,11:30 am to 12:00 pm,Sky Nine Rackets,Court 2,Not Booked,225,19 Sep 11:30
2026-09-19,Sat,11:30 am to 12:00 pm,Sky Nine Rackets,Court 3,Not Booked,225,19 Sep 11:30
2026-09-19,Sat,11:30 am to 12:00 pm,Sky Nine Rackets,Court 4,Not Booked,225,19 Sep 11:30
2026-09-19,Sat,11:30 am to 12:00 pm,Sky Nine Rackets,Court 5,Not Booked,225,19 Sep 11:30
2026-09-19,Sat,11:30 am to 12:00 pm,Spodium Arena | Sector 29,Court 1,Not Booked,299,19 Sep 11:30
2026-09-19,Sat,11:30 am to 12:00 pm,Spodium Arena | Sector 29,Court 2,Not Booked,299,19 Sep 11:30
2026-09-19,Sat,11:30 am to 12:00 pm,Spodium Arena | Sector 29,Court 3,Not Booked,299,19 Sep 11:30
2026-09-19,Sat,11:30 am to 12:00 pm,Spodium Arena | Sector 29,Court 4,Not Booked,299,19 Sep 11:30
2026-09-19,Sat,11:30 am to 12:00 pm,The Box Cage,Court 1,Not Booked,300,19 Sep 11:30
2026-09-19,Sat,11:30 am to 12:00 pm,The Box Cage,Court 2,Not Booked,300,19 Sep 11:30
2026-09-19,Sat,11:30 am to 12:00 pm,The Box Cage,Court 3,Not Booked,300,19 Sep 11:02
2026-09-19,Sat,11:30 am to 12:00 pm,The Box Cage,Court 4,Not Booked,300,19 Sep 11:30
2026-09-19,Sat,12:00 pm to 12:30 pm,Anandmay Sports Club | Sector 128,Court 1,Not Booked,250,19 Sep 12:07
2026-09-19,Sat,12:00 pm to 12:30 pm,Anandmay Sports Club | Sector 128,Court 2,Not Booked,250,19 Sep 11:30
2026-09-19,Sat,12:00 pm to 12:30 pm,Arena 44,Hardy's Court 1,Not Booked,450,19 Sep 12:07
2026-09-19,Sat,12:00 pm to 12:30 pm,Arena 44,Hardy's Court 2,Not Booked,450,19 Sep 12:07
2026-09-19,Sat,12:00 pm to 12:30 pm,Arena 44,Hardy's Court 3,Not Booked,450,19 Sep 12:07
2026-09-19,Sat,12:00 pm to 12:30 pm,Arena 44,Hardy's Court 4,Not Booked,450,19 Sep 12:07
2026-09-19,Sat,12:00 pm to 12:30 pm,Arena 44,Court 1,Not Booked,550,19 Sep 12:07
2026-09-19,Sat,12:00 pm to 12:30 pm,Arena 44,Court 2,Not Booked,550,19 Sep 11:30
2026-09-19,Sat,12:00 pm to 12:30 pm,Arena 44,Court 3,Not Booked,550,19 Sep 12:07
2026-09-19,Sat,12:00 pm to 12:30 pm,Crickdome,Court 1,Not Booked,400,19 Sep 11:30
2026-09-19,Sat,12:00 pm to 12:30 pm,Crickdome,Court 2,Not Booked,400,19 Sep 12:07
2026-09-19,Sat,12:00 pm to 12:30 pm,Heat Sports Arena 150,Court 1,Not Booked,450,19 Sep 12:07
2026-09-19,Sat,12:00 pm to 12:30 pm,Heat Sports Arena 150,Court 2,Not Booked,450,19 Sep 12:07
2026-09-19,Sat,12:00 pm to 1:00 pm,Noida Indoor Stadium,Court 1,Not Booked,944,19 Sep 11:30
2026-09-19,Sat,12:00 pm to 1:00 pm,Noida Indoor Stadium,Court 2,Not Booked,944,19 Sep 12:33
2026-09-19,Sat,12:00 pm to 1:00 pm,Noida Indoor Stadium,Court 3,Not Booked,944,19 Sep 12:07
2026-09-19,Sat,12:00 pm to 12:30 pm,Noida Pickleball Courts | Sec-100,Court 1,Not Booked,450,19 Sep 11:30
2026-09-19,Sat,12:00 pm to 12:30 pm,Noida Pickleball Courts | Sec-100,Court 2,Not Booked,450,19 Sep 12:07
2026-09-19,Sat,12:00 pm to 1:00 pm,Pickit | Vijay Sri Academy,Court 1,Not Booked,750,19 Sep 12:33
2026-09-19,Sat,12:00 pm to 1:00 pm,Pickit | Vijay Sri Academy,Court 2,Not Booked,750,19 Sep 12:33
2026-09-19,Sat,12:00 pm to 1:00 pm,Pickit | Vijay Sri Academy,Court 3,Not Booked,750,19 Sep 12:33
2026-09-19,Sat,12:00 pm to 12:30 pm,Pickle Pros | Noida,Pickleball Court 1,Not Booked,400,19 Sep 12:07
2026-09-19,Sat,12:00 pm to 12:30 pm,Pickle Pros | Noida,Pickleball Court 2,Not Booked,400,19 Sep 12:07
2026-09-19,Sat,12:00 pm to 12:30 pm,Pickle Pros | Noida,Pickleball Court 3,Not Booked,400,19 Sep 11:30
2026-09-19,Sat,12:00 pm to 12:30 pm,Pickle Pros | Noida,Pickleball Court 4,Not Booked,400,19 Sep 12:07
2026-09-19,Sat,12:00 pm to 12:30 pm,Pickleflow Social,Court 1,Not Booked,500,19 Sep 12:07
2026-09-19,Sat,12:00 pm to 12:30 pm,Pickleflow Social,Court 2,Not Booked,500,19 Sep 11:02
2026-09-19,Sat,12:00 pm to 12:30 pm,Pickleflow Social,Court 3,Not Booked,500,19 Sep 12:07
2026-09-19,Sat,12:00 pm to 1:00 pm,Pickleplay 121 | Indoor Arena,Court 1,Not Booked,700,19 Sep 12:33
2026-09-19,Sat,12:00 pm to 1:00 pm,Pickleplay 121 | Indoor Arena,Court 2,Not Booked,700,19 Sep 12:33
2026-09-19,Sat,12:00 pm to 1:00 pm,Pickleplay 121 | Indoor Arena,Court 3,Not Booked,700,19 Sep 12:33
2026-09-19,Sat,12:00 pm to 12:30 pm,Pitch Please X TSG Sports Arena,Court 1,Not Booked,700,19 Sep 11:30
2026-09-19,Sat,12:00 pm to 12:30 pm,Pitch Please X TSG Sports Arena,Court 2,Not Booked,700,19 Sep 11:30
2026-09-19,Sat,12:00 pm to 1:00 pm,PlayAll Noida 105,Court 1,Not Booked,150,19 Sep 10:05
2026-09-19,Sat,12:00 pm to 1:00 pm,PlayAll Noida 105,Court 2,Not Booked,150,19 Sep 12:33
2026-09-19,Sat,12:00 pm to 1:00 pm,PlayAll Noida 105,Court 3,Not Booked,150,19 Sep 12:33
2026-09-19,Sat,12:00 pm to 1:00 pm,PlayAll Noida 73,Court 1,Not Booked,200,19 Sep 12:33
2026-09-19,Sat,12:00 pm to 1:00 pm,PlayAll Noida 73,Court 2,Not Booked,200,19 Sep 12:07
2026-09-19,Sat,12:00 pm to 1:00 pm,PlayAll Noida 73,Court 3,Not Booked,200,19 Sep 12:07
2026-09-19,Sat,12:00 pm to 12:30 pm,PlayLife | Sector 163,Pickleball Court 1,Not Booked,200,19 Sep 12:07
2026-09-19,Sat,12:00 pm to 12:30 pm,PlayLife | Sector 163,Pickleball Court 2,Not Booked,200,19 Sep 12:07
2026-09-19,Sat,12:00 pm to 12:30 pm,PlayLife | Sector 163,Pickleball Court 3,Not Booked,200,19 Sep 12:07
2026-09-19,Sat,12:00 pm to 12:30 pm,Rally N Roast | Sector 141,Court 1 (Blue),Not Booked,500,19 Sep 12:07
2026-09-19,Sat,12:00 pm to 12:30 pm,Rally N Roast | Sector 141,Court 2 (Pink),Not Booked,500,19 Sep 12:07
2026-09-19,Sat,12:00 pm to 12:30 pm,Rally N Roast | Sector 141,Court 3 (Blue),Not Booked,500,19 Sep 12:07
2026-09-19,Sat,12:00 pm to 12:30 pm,Sky Nine Rackets,Court 1,Not Booked,225,19 Sep 11:30
2026-09-19,Sat,12:00 pm to 12:30 pm,Sky Nine Rackets,Court 2,Not Booked,225,19 Sep 12:07
2026-09-19,Sat,12:00 pm to 12:30 pm,Sky Nine Rackets,Court 3,Not Booked,225,19 Sep 12:07
2026-09-19,Sat,12:00 pm to 12:30 pm,Sky Nine Rackets,Court 4,Not Booked,225,19 Sep 12:07
2026-09-19,Sat,12:00 pm to 12:30 pm,Sky Nine Rackets,Court 5,Not Booked,225,19 Sep 12:07
2026-09-19,Sat,12:00 pm to 12:30 pm,Spodium Arena | Sector 29,Court 1,Not Booked,299,19 Sep 11:30
2026-09-19,Sat,12:00 pm to 12:30 pm,Spodium Arena | Sector 29,Court 2,Not Booked,299,19 Sep 12:07
2026-09-19,Sat,12:00 pm to 12:30 pm,Spodium Arena | Sector 29,Court 3,Not Booked,299,19 Sep 12:07
2026-09-19,Sat,12:00 pm to 12:30 pm,Spodium Arena | Sector 29,Court 4,Not Booked,299,19 Sep 12:07
2026-09-19,Sat,12:00 pm to 1:00 pm,Spuddy Multisports Academy | Noida,Pickleball (Indoor),Not Booked,400,19 Sep 12:33
2026-09-19,Sat,12:00 pm to 12:30 pm,The Box Cage,Court 1,Not Booked,300,19 Sep 12:07
2026-09-19,Sat,12:00 pm to 12:30 pm,The Box Cage,Court 2,Not Booked,300,19 Sep 12:07
2026-09-19,Sat,12:00 pm to 12:30 pm,The Box Cage,Court 3,Not Booked,300,19 Sep 12:07
2026-09-19,Sat,12:00 pm to 12:30 pm,The Box Cage,Court 4,Not Booked,300,19 Sep 12:07
2026-09-19,Sat,12:30 pm to 1:00 pm,Anandmay Sports Club | Sector 128,Court 1,Not Booked,250,19 Sep 12:33
2026-09-19,Sat,12:30 pm to 1:00 pm,Anandmay Sports Club | Sector 128,Court 2,Not Booked,250,19 Sep 12:33
2026-09-19,Sat,12:30 pm to 1:00 pm,Arena 44,Hardy's Court 1,Not Booked,450,19 Sep 12:33
2026-09-19,Sat,12:30 pm to 1:00 pm,Arena 44,Hardy's Court 2,Not Booked,450,19 Sep 12:33
2026-09-19,Sat,12:30 pm to 1:00 pm,Arena 44,Hardy's Court 3,Not Booked,450,19 Sep 12:07
2026-09-19,Sat,12:30 pm to 1:00 pm,Arena 44,Hardy's Court 4,Not Booked,450,19 Sep 12:33
2026-09-19,Sat,12:30 pm to 1:00 pm,Arena 44,Court 1,Not Booked,550,19 Sep 12:33
2026-09-19,Sat,12:30 pm to 1:00 pm,Arena 44,Court 2,Not Booked,550,19 Sep 12:33
2026-09-19,Sat,12:30 pm to 1:00 pm,Arena 44,Court 3,Not Booked,550,19 Sep 12:33
2026-09-19,Sat,12:30 pm to 1:00 pm,Crickdome,Court 1,Not Booked,400,19 Sep 11:30
2026-09-19,Sat,12:30 pm to 1:00 pm,Crickdome,Court 2,Not Booked,400,19 Sep 12:33
2026-09-19,Sat,12:30 pm to 1:00 pm,Heat Sports Arena 150,Court 1,Not Booked,450,19 Sep 12:33
2026-09-19,Sat,12:30 pm to 1:00 pm,Heat Sports Arena 150,Court 2,Not Booked,450,19 Sep 12:33
2026-09-19,Sat,12:30 pm to 1:00 pm,Noida Pickleball Courts | Sec-100,Court 1,Not Booked,450,19 Sep 11:30
2026-09-19,Sat,12:30 pm to 1:00 pm,Noida Pickleball Courts | Sec-100,Court 2,Not Booked,450,19 Sep 12:33
2026-09-19,Sat,12:30 pm to 1:00 pm,Pickle Pros | Noida,Pickleball Court 1,Not Booked,400,19 Sep 12:33
2026-09-19,Sat,12:30 pm to 1:00 pm,Pickle Pros | Noida,Pickleball Court 2,Not Booked,400,19 Sep 12:07
2026-09-19,Sat,12:30 pm to 1:00 pm,Pickle Pros | Noida,Pickleball Court 3,Not Booked,400,19 Sep 12:33
2026-09-19,Sat,12:30 pm to 1:00 pm,Pickle Pros | Noida,Pickleball Court 4,Not Booked,400,19 Sep 12:33
2026-09-19,Sat,12:30 pm to 1:00 pm,Pickleflow Social,Court 1,Not Booked,500,19 Sep 12:33
2026-09-19,Sat,12:30 pm to 1:00 pm,Pickleflow Social,Court 2,Not Booked,500,19 Sep 12:33
2026-09-19,Sat,12:30 pm to 1:00 pm,Pickleflow Social,Court 3,Not Booked,500,19 Sep 12:33
2026-09-19,Sat,12:30 pm to 1:00 pm,Pitch Please X TSG Sports Arena,Court 1,Not Booked,700,19 Sep 12:33
2026-09-19,Sat,12:30 pm to 1:00 pm,Pitch Please X TSG Sports Arena,Court 2,Not Booked,700,19 Sep 12:33
2026-09-19,Sat,12:30 pm to 1:30 pm,PlayAll Noida 105,Court 1,Not Booked,150,19 Sep 13:03
2026-09-19,Sat,12:30 pm to 1:30 pm,PlayAll Noida 105,Court 2,Not Booked,150,19 Sep 13:03
2026-09-19,Sat,12:30 pm to 1:30 pm,PlayAll Noida 105,Court 3,Not Booked,150,19 Sep 13:03
2026-09-19,Sat,12:30 pm to 1:30 pm,PlayAll Noida 73,Court 1,Not Booked,200,19 Sep 13:03
2026-09-19,Sat,12:30 pm to 1:30 pm,PlayAll Noida 73,Court 2,Not Booked,200,19 Sep 13:03
2026-09-19,Sat,12:30 pm to 1:30 pm,PlayAll Noida 73,Court 3,Not Booked,200,19 Sep 13:03
2026-09-19,Sat,12:30 pm to 1:00 pm,PlayLife | Sector 163,Pickleball Court 1,Not Booked,200,19 Sep 12:33
2026-09-19,Sat,12:30 pm to 1:00 pm,PlayLife | Sector 163,Pickleball Court 2,Not Booked,200,19 Sep 12:33
2026-09-19,Sat,12:30 pm to 1:00 pm,PlayLife | Sector 163,Pickleball Court 3,Not Booked,200,19 Sep 12:33
2026-09-19,Sat,12:30 pm to 1:00 pm,Rally N Roast | Sector 141,Court 1 (Blue),Not Booked,500,19 Sep 12:33
2026-09-19,Sat,12:30 pm to 1:00 pm,Rally N Roast | Sector 141,Court 2 (Pink),Not Booked,500,19 Sep 12:33
2026-09-19,Sat,12:30 pm to 1:00 pm,Rally N Roast | Sector 141,Court 3 (Blue),Not Booked,500,19 Sep 12:33
2026-09-19,Sat,12:30 pm to 1:00 pm,Sky Nine Rackets,Court 1,Not Booked,225,19 Sep 11:30
2026-09-19,Sat,12:30 pm to 1:00 pm,Sky Nine Rackets,Court 2,Not Booked,225,19 Sep 12:33
2026-09-19,Sat,12:30 pm to 1:00 pm,Sky Nine Rackets,Court 3,Not Booked,225,19 Sep 12:33
2026-09-19,Sat,12:30 pm to 1:00 pm,Sky Nine Rackets,Court 4,Not Booked,225,19 Sep 12:33
2026-09-19,Sat,12:30 pm to 1:00 pm,Sky Nine Rackets,Court 5,Not Booked,225,19 Sep 12:33
2026-09-19,Sat,12:30 pm to 1:00 pm,Spodium Arena | Sector 29,Court 1,Not Booked,299,19 Sep 11:30
2026-09-19,Sat,12:30 pm to 1:00 pm,Spodium Arena | Sector 29,Court 2,Not Booked,299,19 Sep 12:33
2026-09-19,Sat,12:30 pm to 1:00 pm,Spodium Arena | Sector 29,Court 3,Not Booked,299,19 Sep 12:33
2026-09-19,Sat,12:30 pm to 1:00 pm,Spodium Arena | Sector 29,Court 4,Not Booked,299,19 Sep 12:33
2026-09-19,Sat,12:30 pm to 1:00 pm,The Box Cage,Court 1,Not Booked,300,19 Sep 12:33
2026-09-19,Sat,12:30 pm to 1:00 pm,The Box Cage,Court 2,Not Booked,300,19 Sep 12:33
2026-09-19,Sat,12:30 pm to 1:00 pm,The Box Cage,Court 3,Not Booked,300,19 Sep 12:33
2026-09-19,Sat,12:30 pm to 1:00 pm,The Box Cage,Court 4,Not Booked,300,19 Sep 12:07
2026-09-19,Sat,1:00 pm to 1:30 pm,Anandmay Sports Club | Sector 128,Court 1,Not Booked,250,19 Sep 13:03
2026-09-19,Sat,1:00 pm to 1:30 pm,Anandmay Sports Club | Sector 128,Court 2,Not Booked,250,19 Sep 12:33
2026-09-19,Sat,1:00 pm to 1:30 pm,Arena 44,Hardy's Court 1,Not Booked,450,19 Sep 13:03
2026-09-19,Sat,1:00 pm to 1:30 pm,Arena 44,Hardy's Court 2,Not Booked,450,19 Sep 13:03
2026-09-19,Sat,1:00 pm to 1:30 pm,Arena 44,Hardy's Court 3,Not Booked,450,19 Sep 13:03
2026-09-19,Sat,1:00 pm to 1:30 pm,Arena 44,Hardy's Court 4,Not Booked,450,19 Sep 13:03
2026-09-19,Sat,1:00 pm to 1:30 pm,Arena 44,Court 1,Not Booked,550,19 Sep 13:03
2026-09-19,Sat,1:00 pm to 1:30 pm,Arena 44,Court 2,Not Booked,550,19 Sep 12:33
2026-09-19,Sat,1:00 pm to 1:30 pm,Arena 44,Court 3,Not Booked,550,19 Sep 13:03
2026-09-19,Sat,1:00 pm to 1:30 pm,Crickdome,Court 1,Not Booked,400,19 Sep 11:30
2026-09-19,Sat,1:00 pm to 1:30 pm,Crickdome,Court 2,Not Booked,400,19 Sep 13:03
2026-09-19,Sat,1:00 pm to 1:30 pm,Heat Sports Arena 150,Court 1,Not Booked,450,19 Sep 13:03
2026-09-19,Sat,1:00 pm to 1:30 pm,Heat Sports Arena 150,Court 2,Not Booked,450,19 Sep 13:03
2026-09-19,Sat,1:00 pm to 2:00 pm,Noida Indoor Stadium,Court 1,Not Booked,944,19 Sep 13:30
2026-09-19,Sat,1:00 pm to 2:00 pm,Noida Indoor Stadium,Court 2,Not Booked,944,19 Sep 13:03
2026-09-19,Sat,1:00 pm to 2:00 pm,Noida Indoor Stadium,Court 3,Not Booked,944,19 Sep 13:30
2026-09-19,Sat,1:00 pm to 1:30 pm,Noida Pickleball Courts | Sec-100,Court 1,Not Booked,450,19 Sep 11:30
2026-09-19,Sat,1:00 pm to 1:30 pm,Noida Pickleball Courts | Sec-100,Court 2,Not Booked,450,19 Sep 13:03
2026-09-19,Sat,1:00 pm to 2:00 pm,Pickit | Vijay Sri Academy,Court 1,Not Booked,750,19 Sep 13:30
2026-09-19,Sat,1:00 pm to 2:00 pm,Pickit | Vijay Sri Academy,Court 2,Not Booked,750,19 Sep 13:30
2026-09-19,Sat,1:00 pm to 2:00 pm,Pickit | Vijay Sri Academy,Court 3,Not Booked,750,19 Sep 13:30
2026-09-19,Sat,1:00 pm to 1:30 pm,Pickle Pros | Noida,Pickleball Court 1,Not Booked,400,19 Sep 13:03
2026-09-19,Sat,1:00 pm to 1:30 pm,Pickle Pros | Noida,Pickleball Court 2,Not Booked,400,19 Sep 13:03
2026-09-19,Sat,1:00 pm to 1:30 pm,Pickle Pros | Noida,Pickleball Court 3,Not Booked,400,19 Sep 13:03
2026-09-19,Sat,1:00 pm to 1:30 pm,Pickle Pros | Noida,Pickleball Court 4,Not Booked,400,19 Sep 13:03
2026-09-19,Sat,1:00 pm to 1:30 pm,Pickleflow Social,Court 1,Not Booked,500,19 Sep 13:03
2026-09-19,Sat,1:00 pm to 1:30 pm,Pickleflow Social,Court 2,Not Booked,500,19 Sep 13:03
2026-09-19,Sat,1:00 pm to 1:30 pm,Pickleflow Social,Court 3,Not Booked,500,19 Sep 13:03
2026-09-19,Sat,1:00 pm to 2:00 pm,Pickleplay 121 | Indoor Arena,Court 2,Not Booked,700,19 Sep 13:30
2026-09-19,Sat,1:00 pm to 2:00 pm,Pickleplay 121 | Indoor Arena,Court 3,Not Booked,700,19 Sep 13:30
2026-09-19,Sat,1:00 pm to 1:30 pm,Pitch Please X TSG Sports Arena,Court 1,Not Booked,700,19 Sep 13:03
2026-09-19,Sat,1:00 pm to 1:30 pm,Pitch Please X TSG Sports Arena,Court 2,Not Booked,700,19 Sep 13:03
2026-09-19,Sat,1:00 pm to 2:00 pm,PlayAll Noida 105,Court 1,Not Booked,150,19 Sep 13:03
2026-09-19,Sat,1:00 pm to 2:00 pm,PlayAll Noida 105,Court 2,Not Booked,150,19 Sep 13:30
2026-09-19,Sat,1:00 pm to 2:00 pm,PlayAll Noida 105,Court 3,Not Booked,150,19 Sep 13:30
2026-09-19,Sat,1:00 pm to 2:00 pm,PlayAll Noida 73,Court 1,Not Booked,200,19 Sep 13:30
2026-09-19,Sat,1:00 pm to 2:00 pm,PlayAll Noida 73,Court 2,Not Booked,200,19 Sep 13:30
2026-09-19,Sat,1:00 pm to 2:00 pm,PlayAll Noida 73,Court 3,Not Booked,200,19 Sep 13:30
2026-09-19,Sat,1:00 pm to 1:30 pm,PlayLife | Sector 163,Pickleball Court 1,Not Booked,200,19 Sep 13:03
2026-09-19,Sat,1:00 pm to 1:30 pm,PlayLife | Sector 163,Pickleball Court 2,Not Booked,200,19 Sep 13:03
2026-09-19,Sat,1:00 pm to 1:30 pm,PlayLife | Sector 163,Pickleball Court 3,Not Booked,200,19 Sep 13:03
2026-09-19,Sat,1:00 pm to 1:30 pm,Rally N Roast | Sector 141,Court 1 (Blue),Not Booked,500,19 Sep 13:03
2026-09-19,Sat,1:00 pm to 1:30 pm,Rally N Roast | Sector 141,Court 2 (Pink),Not Booked,500,19 Sep 13:03
2026-09-19,Sat,1:00 pm to 1:30 pm,Rally N Roast | Sector 141,Court 3 (Blue),Not Booked,500,19 Sep 13:03
2026-09-19,Sat,1:00 pm to 1:30 pm,Sky Nine Rackets,Court 1,Not Booked,225,19 Sep 11:30
2026-09-19,Sat,1:00 pm to 1:30 pm,Sky Nine Rackets,Court 2,Not Booked,315,19 Sep 13:03
2026-09-19,Sat,1:00 pm to 1:30 pm,Sky Nine Rackets,Court 3,Not Booked,315,19 Sep 13:03
2026-09-19,Sat,1:00 pm to 1:30 pm,Sky Nine Rackets,Court 4,Not Booked,315,19 Sep 13:03
2026-09-19,Sat,1:00 pm to 1:30 pm,Sky Nine Rackets,Court 5,Not Booked,315,19 Sep 13:03
2026-09-19,Sat,1:00 pm to 1:30 pm,Spodium Arena | Sector 29,Court 1,Not Booked,299,19 Sep 13:03
2026-09-19,Sat,1:00 pm to 1:30 pm,Spodium Arena | Sector 29,Court 2,Not Booked,299,19 Sep 13:03
2026-09-19,Sat,1:00 pm to 1:30 pm,Spodium Arena | Sector 29,Court 3,Not Booked,299,19 Sep 13:03
2026-09-19,Sat,1:00 pm to 1:30 pm,Spodium Arena | Sector 29,Court 4,Not Booked,299,19 Sep 12:33
2026-09-19,Sat,1:00 pm to 2:00 pm,Spuddy Multisports Academy | Noida,Pickleball (Indoor),Not Booked,400,19 Sep 13:30
2026-09-19,Sat,1:00 pm to 1:30 pm,The Box Cage,Court 1,Not Booked,300,19 Sep 13:03
2026-09-19,Sat,1:00 pm to 1:30 pm,The Box Cage,Court 2,Not Booked,300,19 Sep 13:03
2026-09-19,Sat,1:00 pm to 1:30 pm,The Box Cage,Court 3,Not Booked,300,19 Sep 13:03
2026-09-19,Sat,1:00 pm to 1:30 pm,The Box Cage,Court 4,Not Booked,300,19 Sep 13:03
2026-09-19,Sat,1:30 pm to 2:00 pm,Anandmay Sports Club | Sector 128,Court 1,Not Booked,250,19 Sep 13:30
2026-09-19,Sat,1:30 pm to 2:00 pm,Anandmay Sports Club | Sector 128,Court 2,Not Booked,250,19 Sep 13:30
2026-09-19,Sat,1:30 pm to 2:00 pm,Arena 44,Hardy's Court 1,Not Booked,450,19 Sep 13:30
2026-09-19,Sat,1:30 pm to 2:00 pm,Arena 44,Hardy's Court 2,Not Booked,450,19 Sep 13:30
2026-09-19,Sat,1:30 pm to 2:00 pm,Arena 44,Hardy's Court 3,Not Booked,450,19 Sep 13:30
2026-09-19,Sat,1:30 pm to 2:00 pm,Arena 44,Hardy's Court 4,Not Booked,450,19 Sep 13:30
2026-09-19,Sat,1:30 pm to 2:00 pm,Arena 44,Court 1,Not Booked,550,19 Sep 13:30
2026-09-19,Sat,1:30 pm to 2:00 pm,Arena 44,Court 2,Not Booked,550,19 Sep 12:33
2026-09-19,Sat,1:30 pm to 2:00 pm,Arena 44,Court 3,Not Booked,550,19 Sep 13:30
2026-09-19,Sat,1:30 pm to 2:00 pm,Crickdome,Court 1,Not Booked,400,19 Sep 11:30
2026-09-19,Sat,1:30 pm to 2:00 pm,Crickdome,Court 2,Not Booked,400,19 Sep 13:30
2026-09-19,Sat,1:30 pm to 2:00 pm,Heat Sports Arena 150,Court 1,Not Booked,450,19 Sep 13:30
2026-09-19,Sat,1:30 pm to 2:00 pm,Heat Sports Arena 150,Court 2,Not Booked,450,19 Sep 13:30
2026-09-19,Sat,1:30 pm to 2:00 pm,Noida Pickleball Courts | Sec-100,Court 1,Not Booked,450,19 Sep 13:30
2026-09-19,Sat,1:30 pm to 2:00 pm,Noida Pickleball Courts | Sec-100,Court 2,Not Booked,450,19 Sep 13:30
2026-09-19,Sat,1:30 pm to 2:00 pm,Pickle Pros | Noida,Pickleball Court 1,Not Booked,400,19 Sep 13:30
2026-09-19,Sat,1:30 pm to 2:00 pm,Pickle Pros | Noida,Pickleball Court 2,Not Booked,400,19 Sep 13:30
2026-09-19,Sat,1:30 pm to 2:00 pm,Pickle Pros | Noida,Pickleball Court 3,Not Booked,400,19 Sep 13:30
2026-09-19,Sat,1:30 pm to 2:00 pm,Pickle Pros | Noida,Pickleball Court 4,Not Booked,400,19 Sep 13:30
2026-09-19,Sat,1:30 pm to 2:00 pm,Pickleflow Social,Court 1,Not Booked,500,19 Sep 13:30
2026-09-19,Sat,1:30 pm to 2:00 pm,Pickleflow Social,Court 2,Not Booked,500,19 Sep 13:03
2026-09-19,Sat,1:30 pm to 2:00 pm,Pickleflow Social,Court 3,Not Booked,500,19 Sep 13:30
2026-09-19,Sat,1:30 pm to 2:00 pm,Pitch Please X TSG Sports Arena,Court 1,Not Booked,700,19 Sep 13:30
2026-09-19,Sat,1:30 pm to 2:00 pm,Pitch Please X TSG Sports Arena,Court 2,Not Booked,700,19 Sep 13:30
2026-09-19,Sat,1:30 pm to 2:30 pm,PlayAll Noida 105,Court 1,Not Booked,150,19 Sep 13:03
2026-09-19,Sat,1:30 pm to 2:30 pm,PlayAll Noida 105,Court 2,Not Booked,150,19 Sep 14:06
2026-09-19,Sat,1:30 pm to 2:30 pm,PlayAll Noida 105,Court 3,Not Booked,150,19 Sep 14:06
2026-09-19,Sat,1:30 pm to 2:30 pm,PlayAll Noida 73,Court 1,Not Booked,200,19 Sep 14:06
2026-09-19,Sat,1:30 pm to 2:30 pm,PlayAll Noida 73,Court 2,Not Booked,200,19 Sep 14:06
2026-09-19,Sat,1:30 pm to 2:30 pm,PlayAll Noida 73,Court 3,Not Booked,200,19 Sep 13:30
2026-09-19,Sat,1:30 pm to 2:00 pm,PlayLife | Sector 163,Pickleball Court 1,Not Booked,200,19 Sep 13:30
2026-09-19,Sat,1:30 pm to 2:00 pm,PlayLife | Sector 163,Pickleball Court 2,Not Booked,200,19 Sep 13:30
2026-09-19,Sat,1:30 pm to 2:00 pm,PlayLife | Sector 163,Pickleball Court 3,Not Booked,200,19 Sep 13:30
2026-09-19,Sat,1:30 pm to 2:00 pm,Rally N Roast | Sector 141,Court 1 (Blue),Not Booked,500,19 Sep 13:30
2026-09-19,Sat,1:30 pm to 2:00 pm,Rally N Roast | Sector 141,Court 2 (Pink),Not Booked,500,19 Sep 13:30
2026-09-19,Sat,1:30 pm to 2:00 pm,Rally N Roast | Sector 141,Court 3 (Blue),Not Booked,500,19 Sep 13:30
2026-09-19,Sat,1:30 pm to 2:00 pm,Sky Nine Rackets,Court 1,Not Booked,315,19 Sep 13:30
2026-09-19,Sat,1:30 pm to 2:00 pm,Sky Nine Rackets,Court 2,Not Booked,315,19 Sep 13:30
2026-09-19,Sat,1:30 pm to 2:00 pm,Sky Nine Rackets,Court 3,Not Booked,315,19 Sep 13:30
2026-09-19,Sat,1:30 pm to 2:00 pm,Sky Nine Rackets,Court 4,Not Booked,315,19 Sep 13:03
2026-09-19,Sat,1:30 pm to 2:00 pm,Sky Nine Rackets,Court 5,Not Booked,315,19 Sep 13:30
2026-09-19,Sat,1:30 pm to 2:00 pm,Spodium Arena | Sector 29,Court 1,Not Booked,299,19 Sep 13:30
2026-09-19,Sat,1:30 pm to 2:00 pm,Spodium Arena | Sector 29,Court 2,Not Booked,299,19 Sep 13:30
2026-09-19,Sat,1:30 pm to 2:00 pm,Spodium Arena | Sector 29,Court 3,Not Booked,299,19 Sep 13:30
2026-09-19,Sat,1:30 pm to 2:00 pm,Spodium Arena | Sector 29,Court 4,Not Booked,299,19 Sep 13:30
2026-09-19,Sat,1:30 pm to 2:00 pm,The Box Cage,Court 1,Not Booked,300,19 Sep 13:03
2026-09-19,Sat,1:30 pm to 2:00 pm,The Box Cage,Court 2,Not Booked,300,19 Sep 13:30
2026-09-19,Sat,1:30 pm to 2:00 pm,The Box Cage,Court 3,Not Booked,300,19 Sep 13:03
2026-09-19,Sat,1:30 pm to 2:00 pm,The Box Cage,Court 4,Not Booked,300,19 Sep 13:30
2026-09-19,Sat,2:00 pm to 2:30 pm,Anandmay Sports Club | Sector 128,Court 1,Not Booked,250,19 Sep 14:06
2026-09-19,Sat,2:00 pm to 2:30 pm,Anandmay Sports Club | Sector 128,Court 2,Not Booked,250,19 Sep 14:06
2026-09-19,Sat,2:00 pm to 2:30 pm,Arena 44,Hardy's Court 1,Not Booked,450,19 Sep 14:06
2026-09-19,Sat,2:00 pm to 2:30 pm,Arena 44,Hardy's Court 2,Not Booked,450,19 Sep 14:06
2026-09-19,Sat,2:00 pm to 2:30 pm,Arena 44,Hardy's Court 3,Not Booked,450,19 Sep 14:06
2026-09-19,Sat,2:00 pm to 2:30 pm,Arena 44,Hardy's Court 4,Not Booked,450,19 Sep 13:30
2026-09-19,Sat,2:00 pm to 2:30 pm,Arena 44,Court 1,Not Booked,550,19 Sep 14:06
2026-09-19,Sat,2:00 pm to 2:30 pm,Arena 44,Court 2,Not Booked,550,19 Sep 14:06
2026-09-19,Sat,2:00 pm to 2:30 pm,Arena 44,Court 3,Not Booked,550,19 Sep 14:06
2026-09-19,Sat,2:00 pm to 2:30 pm,CoPlay RISE | Sec 73 Noida,Court 1,Not Booked,200,19 Sep 14:06
2026-09-19,Sat,2:00 pm to 2:30 pm,CoPlay RISE | Sec 73 Noida,Court 2,Not Booked,200,19 Sep 14:06
2026-09-19,Sat,2:00 pm to 2:30 pm,Crickdome,Court 1,Not Booked,400,19 Sep 14:06
2026-09-19,Sat,2:00 pm to 2:30 pm,Crickdome,Court 2,Not Booked,400,19 Sep 14:06
2026-09-19,Sat,2:00 pm to 2:30 pm,Heat Sports Arena 150,Court 1,Not Booked,450,19 Sep 14:06
2026-09-19,Sat,2:00 pm to 2:30 pm,Heat Sports Arena 150,Court 2,Not Booked,450,19 Sep 14:06
2026-09-19,Sat,2:00 pm to 3:00 pm,Noida Indoor Stadium,Court 1,Not Booked,944,19 Sep 14:30
2026-09-19,Sat,2:00 pm to 3:00 pm,Noida Indoor Stadium,Court 2,Not Booked,944,19 Sep 14:30
2026-09-19,Sat,2:00 pm to 3:00 pm,Noida Indoor Stadium,Court 3,Not Booked,944,19 Sep 14:06
2026-09-19,Sat,2:00 pm to 2:30 pm,Noida Pickleball Courts | Sec-100,Court 1,Not Booked,450,19 Sep 14:06
2026-09-19,Sat,2:00 pm to 2:30 pm,Noida Pickleball Courts | Sec-100,Court 2,Not Booked,450,19 Sep 14:06
2026-09-19,Sat,2:00 pm to 3:00 pm,Pickit | Vijay Sri Academy,Court 1,Not Booked,750,19 Sep 14:06
2026-09-19,Sat,2:00 pm to 3:00 pm,Pickit | Vijay Sri Academy,Court 2,Not Booked,750,19 Sep 14:30
2026-09-19,Sat,2:00 pm to 3:00 pm,Pickit | Vijay Sri Academy,Court 3,Not Booked,750,19 Sep 14:30
2026-09-19,Sat,2:00 pm to 2:30 pm,Pickle Pros | Noida,Pickleball Court 1,Not Booked,400,19 Sep 14:06
2026-09-19,Sat,2:00 pm to 2:30 pm,Pickle Pros | Noida,Pickleball Court 2,Not Booked,400,19 Sep 14:06
2026-09-19,Sat,2:00 pm to 2:30 pm,Pickle Pros | Noida,Pickleball Court 3,Not Booked,400,19 Sep 14:06
2026-09-19,Sat,2:00 pm to 2:30 pm,Pickle Pros | Noida,Pickleball Court 4,Not Booked,400,19 Sep 13:30
2026-09-19,Sat,2:00 pm to 2:30 pm,Pickleflow Social,Court 1,Not Booked,500,19 Sep 14:06
2026-09-19,Sat,2:00 pm to 2:30 pm,Pickleflow Social,Court 2,Not Booked,500,19 Sep 14:06
2026-09-19,Sat,2:00 pm to 2:30 pm,Pickleflow Social,Court 3,Not Booked,500,19 Sep 14:06
2026-09-19,Sat,2:00 pm to 3:00 pm,Pickleplay 121 | Indoor Arena,Court 2,Not Booked,700,19 Sep 14:30
2026-09-19,Sat,2:00 pm to 3:00 pm,Pickleplay 121 | Indoor Arena,Court 3,Not Booked,700,19 Sep 14:30
2026-09-19,Sat,2:00 pm to 2:30 pm,Pitch Please X TSG Sports Arena,Court 1,Not Booked,700,19 Sep 13:30
2026-09-19,Sat,2:00 pm to 2:30 pm,Pitch Please X TSG Sports Arena,Court 2,Not Booked,700,19 Sep 13:30
2026-09-19,Sat,2:00 pm to 3:00 pm,PlayAll Noida 105,Court 1,Not Booked,150,19 Sep 14:30
2026-09-19,Sat,2:00 pm to 3:00 pm,PlayAll Noida 105,Court 2,Not Booked,150,19 Sep 14:06
2026-09-19,Sat,2:00 pm to 3:00 pm,PlayAll Noida 105,Court 3,Not Booked,150,19 Sep 14:30
2026-09-19,Sat,2:00 pm to 3:00 pm,PlayAll Noida 73,Court 1,Not Booked,200,19 Sep 14:30
2026-09-19,Sat,2:00 pm to 3:00 pm,PlayAll Noida 73,Court 2,Not Booked,200,19 Sep 14:06
2026-09-19,Sat,2:00 pm to 3:00 pm,PlayAll Noida 73,Court 3,Not Booked,200,19 Sep 14:30
2026-09-19,Sat,2:00 pm to 2:30 pm,PlayLife | Sector 163,Pickleball Court 1,Not Booked,200,19 Sep 14:06
2026-09-19,Sat,2:00 pm to 2:30 pm,PlayLife | Sector 163,Pickleball Court 2,Not Booked,200,19 Sep 14:06
2026-09-19,Sat,2:00 pm to 2:30 pm,PlayLife | Sector 163,Pickleball Court 3,Not Booked,200,19 Sep 14:06
2026-09-19,Sat,2:00 pm to 2:30 pm,Rally N Roast | Sector 141,Court 1 (Blue),Not Booked,500,19 Sep 14:06
2026-09-19,Sat,2:00 pm to 2:30 pm,Rally N Roast | Sector 141,Court 2 (Pink),Not Booked,500,19 Sep 14:06
2026-09-19,Sat,2:00 pm to 2:30 pm,Rally N Roast | Sector 141,Court 3 (Blue),Not Booked,500,19 Sep 14:06
2026-09-19,Sat,2:00 pm to 2:30 pm,Sky Nine Rackets,Court 1,Not Booked,315,19 Sep 14:06
2026-09-19,Sat,2:00 pm to 2:30 pm,Sky Nine Rackets,Court 2,Not Booked,315,19 Sep 14:06
2026-09-19,Sat,2:00 pm to 2:30 pm,Sky Nine Rackets,Court 3,Not Booked,315,19 Sep 13:30
2026-09-19,Sat,2:00 pm to 2:30 pm,Sky Nine Rackets,Court 4,Not Booked,315,19 Sep 14:06
2026-09-19,Sat,2:00 pm to 2:30 pm,Sky Nine Rackets,Court 5,Not Booked,315,19 Sep 14:06
2026-09-19,Sat,2:00 pm to 2:30 pm,Spodium Arena | Sector 29,Court 1,Not Booked,299,19 Sep 14:06
2026-09-19,Sat,2:00 pm to 2:30 pm,Spodium Arena | Sector 29,Court 2,Not Booked,299,19 Sep 14:06
2026-09-19,Sat,2:00 pm to 2:30 pm,Spodium Arena | Sector 29,Court 3,Not Booked,299,19 Sep 14:06
2026-09-19,Sat,2:00 pm to 2:30 pm,Spodium Arena | Sector 29,Court 4,Not Booked,299,19 Sep 14:06
2026-09-19,Sat,2:00 pm to 3:00 pm,Spuddy Multisports Academy | Noida,Pickleball (Indoor),Not Booked,400,19 Sep 14:30
2026-09-19,Sat,2:00 pm to 2:30 pm,The Box Cage,Court 1,Not Booked,300,19 Sep 14:06
2026-09-19,Sat,2:00 pm to 2:30 pm,The Box Cage,Court 2,Not Booked,300,19 Sep 14:06
2026-09-19,Sat,2:00 pm to 2:30 pm,The Box Cage,Court 3,Not Booked,300,19 Sep 14:06
2026-09-19,Sat,2:00 pm to 2:30 pm,The Box Cage,Court 4,Not Booked,300,19 Sep 14:06
2026-09-19,Sat,2:30 pm to 3:00 pm,Anandmay Sports Club | Sector 128,Court 1,Not Booked,250,19 Sep 14:30
2026-09-19,Sat,2:30 pm to 3:00 pm,Anandmay Sports Club | Sector 128,Court 2,Not Booked,250,19 Sep 14:30
2026-09-19,Sat,2:30 pm to 3:00 pm,Arena 44,Hardy's Court 1,Not Booked,450,19 Sep 14:30
2026-09-19,Sat,2:30 pm to 3:00 pm,Arena 44,Hardy's Court 2,Not Booked,450,19 Sep 14:30
2026-09-19,Sat,2:30 pm to 3:00 pm,Arena 44,Hardy's Court 3,Not Booked,450,19 Sep 14:06
2026-09-19,Sat,2:30 pm to 3:00 pm,Arena 44,Hardy's Court 4,Not Booked,450,19 Sep 14:30
2026-09-19,Sat,2:30 pm to 3:00 pm,Arena 44,Court 1,Not Booked,550,19 Sep 14:06
2026-09-19,Sat,2:30 pm to 3:00 pm,Arena 44,Court 2,Not Booked,550,19 Sep 14:30
2026-09-19,Sat,2:30 pm to 3:00 pm,Arena 44,Court 3,Not Booked,550,19 Sep 14:30
2026-09-19,Sat,2:30 pm to 3:00 pm,CoPlay RISE | Sec 73 Noida,Court 1,Not Booked,200,19 Sep 14:30
2026-09-19,Sat,2:30 pm to 3:00 pm,CoPlay RISE | Sec 73 Noida,Court 2,Not Booked,200,19 Sep 14:30
2026-09-19,Sat,2:30 pm to 3:00 pm,Crickdome,Court 1,Not Booked,400,19 Sep 14:30
2026-09-19,Sat,2:30 pm to 3:00 pm,Crickdome,Court 2,Not Booked,400,19 Sep 14:30
2026-09-19,Sat,2:30 pm to 3:00 pm,Heat Sports Arena 150,Court 1,Not Booked,450,19 Sep 14:30
2026-09-19,Sat,2:30 pm to 3:00 pm,Heat Sports Arena 150,Court 2,Not Booked,450,19 Sep 14:30
2026-09-19,Sat,2:30 pm to 3:00 pm,Noida Pickleball Courts | Sec-100,Court 1,Not Booked,450,19 Sep 14:30
2026-09-19,Sat,2:30 pm to 3:00 pm,Noida Pickleball Courts | Sec-100,Court 2,Not Booked,450,19 Sep 14:30
2026-09-19,Sat,2:30 pm to 3:00 pm,Pickle Pros | Noida,Pickleball Court 1,Not Booked,400,19 Sep 14:06
2026-09-19,Sat,2:30 pm to 3:00 pm,Pickle Pros | Noida,Pickleball Court 2,Not Booked,400,19 Sep 14:30
2026-09-19,Sat,2:30 pm to 3:00 pm,Pickle Pros | Noida,Pickleball Court 3,Not Booked,400,19 Sep 14:30
2026-09-19,Sat,2:30 pm to 3:00 pm,Pickle Pros | Noida,Pickleball Court 4,Not Booked,400,19 Sep 13:30
2026-09-19,Sat,2:30 pm to 3:00 pm,Pickleflow Social,Court 1,Not Booked,500,19 Sep 14:30
2026-09-19,Sat,2:30 pm to 3:00 pm,Pickleflow Social,Court 2,Not Booked,500,19 Sep 14:30
2026-09-19,Sat,2:30 pm to 3:00 pm,Pickleflow Social,Court 3,Not Booked,500,19 Sep 14:30
2026-09-19,Sat,2:30 pm to 3:00 pm,Pitch Please X TSG Sports Arena,Court 1,Not Booked,700,19 Sep 14:30
2026-09-19,Sat,2:30 pm to 3:00 pm,Pitch Please X TSG Sports Arena,Court 2,Not Booked,700,19 Sep 14:30
2026-09-19,Sat,2:30 pm to 3:30 pm,PlayAll Noida 105,Court 1,Not Booked,150,19 Sep 14:30
2026-09-19,Sat,2:30 pm to 3:30 pm,PlayAll Noida 105,Court 2,Not Booked,150,19 Sep 15:05
2026-09-19,Sat,2:30 pm to 3:30 pm,PlayAll Noida 105,Court 3,Not Booked,150,19 Sep 15:05
2026-09-19,Sat,2:30 pm to 3:30 pm,PlayAll Noida 73,Court 1,Not Booked,200,19 Sep 15:05
2026-09-19,Sat,2:30 pm to 3:30 pm,PlayAll Noida 73,Court 2,Not Booked,200,19 Sep 15:05
2026-09-19,Sat,2:30 pm to 3:30 pm,PlayAll Noida 73,Court 3,Not Booked,200,19 Sep 14:30
2026-09-19,Sat,2:30 pm to 3:00 pm,PlayLife | Sector 163,Pickleball Court 1,Not Booked,200,19 Sep 14:30
2026-09-19,Sat,2:30 pm to 3:00 pm,PlayLife | Sector 163,Pickleball Court 2,Not Booked,200,19 Sep 14:30
2026-09-19,Sat,2:30 pm to 3:00 pm,PlayLife | Sector 163,Pickleball Court 3,Not Booked,200,19 Sep 14:30
2026-09-19,Sat,2:30 pm to 3:00 pm,Rally N Roast | Sector 141,Court 1 (Blue),Not Booked,500,19 Sep 14:30
2026-09-19,Sat,2:30 pm to 3:00 pm,Rally N Roast | Sector 141,Court 2 (Pink),Not Booked,500,19 Sep 14:30
2026-09-19,Sat,2:30 pm to 3:00 pm,Rally N Roast | Sector 141,Court 3 (Blue),Not Booked,500,19 Sep 14:30
2026-09-19,Sat,2:30 pm to 3:00 pm,Sky Nine Rackets,Court 1,Not Booked,315,19 Sep 14:30
2026-09-19,Sat,2:30 pm to 3:00 pm,Sky Nine Rackets,Court 2,Not Booked,315,19 Sep 14:06
2026-09-19,Sat,2:30 pm to 3:00 pm,Sky Nine Rackets,Court 3,Not Booked,315,19 Sep 14:30
2026-09-19,Sat,2:30 pm to 3:00 pm,Sky Nine Rackets,Court 4,Not Booked,315,19 Sep 14:06
2026-09-19,Sat,2:30 pm to 3:00 pm,Sky Nine Rackets,Court 5,Not Booked,315,19 Sep 14:30
2026-09-19,Sat,2:30 pm to 3:00 pm,Spodium Arena | Sector 29,Court 1,Not Booked,299,19 Sep 14:30
2026-09-19,Sat,2:30 pm to 3:00 pm,Spodium Arena | Sector 29,Court 2,Not Booked,299,19 Sep 14:30
2026-09-19,Sat,2:30 pm to 3:00 pm,Spodium Arena | Sector 29,Court 3,Not Booked,299,19 Sep 14:30
2026-09-19,Sat,2:30 pm to 3:00 pm,Spodium Arena | Sector 29,Court 4,Not Booked,299,19 Sep 14:30
2026-09-19,Sat,2:30 pm to 3:00 pm,The Box Cage,Court 1,Not Booked,300,19 Sep 14:30
2026-09-19,Sat,2:30 pm to 3:00 pm,The Box Cage,Court 2,Not Booked,300,19 Sep 14:30
2026-09-19,Sat,2:30 pm to 3:00 pm,The Box Cage,Court 3,Not Booked,300,19 Sep 14:30
2026-09-19,Sat,2:30 pm to 3:00 pm,The Box Cage,Court 4,Not Booked,300,19 Sep 14:30
2026-09-19,Sat,3:00 pm to 3:30 pm,Anandmay Sports Club | Sector 128,Court 1,Not Booked,250,19 Sep 15:05
2026-09-19,Sat,3:00 pm to 3:30 pm,Anandmay Sports Club | Sector 128,Court 2,Not Booked,250,19 Sep 15:05
2026-09-19,Sat,3:00 pm to 3:30 pm,Arena 44,Hardy's Court 1,Not Booked,450,19 Sep 15:05
2026-09-19,Sat,3:00 pm to 3:30 pm,Arena 44,Hardy's Court 2,Not Booked,450,19 Sep 15:05
2026-09-19,Sat,3:00 pm to 3:30 pm,Arena 44,Hardy's Court 3,Not Booked,450,19 Sep 15:05
2026-09-19,Sat,3:00 pm to 3:30 pm,Arena 44,Hardy's Court 4,Not Booked,450,19 Sep 15:05
2026-09-19,Sat,3:00 pm to 3:30 pm,Arena 44,Court 1,Not Booked,550,19 Sep 15:05
2026-09-19,Sat,3:00 pm to 3:30 pm,Arena 44,Court 2,Not Booked,550,19 Sep 14:30
2026-09-19,Sat,3:00 pm to 3:30 pm,Arena 44,Court 3,Not Booked,550,19 Sep 15:05
2026-09-19,Sat,3:00 pm to 3:30 pm,CoPlay RISE | Sec 73 Noida,Court 1,Not Booked,200,19 Sep 15:05
2026-09-19,Sat,3:00 pm to 3:30 pm,CoPlay RISE | Sec 73 Noida,Court 2,Not Booked,200,19 Sep 15:05
2026-09-19,Sat,3:00 pm to 3:30 pm,Crickdome,Court 1,Not Booked,400,19 Sep 14:30
2026-09-19,Sat,3:00 pm to 3:30 pm,Crickdome,Court 2,Not Booked,400,19 Sep 15:05
2026-09-19,Sat,3:00 pm to 4:00 pm,Downtown Pickleball | Sector 37,Pickleball Court,Not Booked,800,19 Sep 15:30
2026-09-19,Sat,3:00 pm to 3:30 pm,Heat Sports Arena 150,Court 1,Not Booked,450,19 Sep 15:05
2026-09-19,Sat,3:00 pm to 3:30 pm,Heat Sports Arena 150,Court 2,Not Booked,450,19 Sep 15:05
2026-09-19,Sat,3:00 pm to 4:00 pm,Noida Indoor Stadium,Court 1,Not Booked,944,19 Sep 15:30
2026-09-19,Sat,3:00 pm to 4:00 pm,Noida Indoor Stadium,Court 2,Not Booked,944,19 Sep 15:30
2026-09-19,Sat,3:00 pm to 4:00 pm,Noida Indoor Stadium,Court 3,Not Booked,944,19 Sep 15:05
2026-09-19,Sat,3:00 pm to 3:30 pm,Noida Pickleball Courts | Sec-100,Court 1,Not Booked,450,19 Sep 15:05
2026-09-19,Sat,3:00 pm to 3:30 pm,Noida Pickleball Courts | Sec-100,Court 2,Not Booked,450,19 Sep 15:05
2026-09-19,Sat,3:00 pm to 4:00 pm,Pickit | Vijay Sri Academy,Court 1,Not Booked,750,19 Sep 15:30
2026-09-19,Sat,3:00 pm to 4:00 pm,Pickit | Vijay Sri Academy,Court 2,Not Booked,750,19 Sep 15:30
2026-09-19,Sat,3:00 pm to 4:00 pm,Pickit | Vijay Sri Academy,Court 3,Not Booked,750,19 Sep 15:30
2026-09-19,Sat,3:00 pm to 3:30 pm,Pickle Pros | Noida,Pickleball Court 1,Not Booked,400,19 Sep 15:05
2026-09-19,Sat,3:00 pm to 3:30 pm,Pickle Pros | Noida,Pickleball Court 2,Not Booked,400,19 Sep 15:05
2026-09-19,Sat,3:00 pm to 3:30 pm,Pickle Pros | Noida,Pickleball Court 3,Not Booked,400,19 Sep 15:05
2026-09-19,Sat,3:00 pm to 3:30 pm,Pickle Pros | Noida,Pickleball Court 4,Not Booked,400,19 Sep 15:05
2026-09-19,Sat,3:00 pm to 3:30 pm,Pickleflow Social,Court 1,Not Booked,500,19 Sep 15:05
2026-09-19,Sat,3:00 pm to 3:30 pm,Pickleflow Social,Court 2,Not Booked,500,19 Sep 14:30
2026-09-19,Sat,3:00 pm to 3:30 pm,Pickleflow Social,Court 3,Not Booked,500,19 Sep 15:05
2026-09-19,Sat,3:00 pm to 4:00 pm,Pickleplay 121 | Indoor Arena,Court 1,Not Booked,700,19 Sep 15:30
2026-09-19,Sat,3:00 pm to 4:00 pm,Pickleplay 121 | Indoor Arena,Court 2,Not Booked,700,19 Sep 15:30
2026-09-19,Sat,3:00 pm to 4:00 pm,Pickleplay 121 | Indoor Arena,Court 3,Not Booked,700,19 Sep 15:30
2026-09-19,Sat,3:00 pm to 3:30 pm,Pitch Please X TSG Sports Arena,Court 1,Not Booked,700,19 Sep 15:05
2026-09-19,Sat,3:00 pm to 3:30 pm,Pitch Please X TSG Sports Arena,Court 2,Not Booked,700,19 Sep 14:30
2026-09-19,Sat,3:00 pm to 3:30 pm,PlayAll BSIC Noida 46,Court 1,Not Booked,150,19 Sep 07:31
2026-09-19,Sat,3:00 pm to 3:30 pm,PlayAll BSIC Noida 46,Court 2,Not Booked,150,19 Sep 15:05
2026-09-19,Sat,3:00 pm to 3:30 pm,PlayAll BSIC Noida 46,Court 3,Not Booked,150,19 Sep 15:05
2026-09-19,Sat,3:00 pm to 4:00 pm,PlayAll MPS Noida 11,Court 1,Not Booked,200,19 Sep 15:30
2026-09-19,Sat,3:00 pm to 4:00 pm,PlayAll MPS Noida 11,Court 2,Not Booked,200,19 Sep 15:05
2026-09-19,Sat,3:00 pm to 4:00 pm,PlayAll MPS Noida 11,Court 3,Not Booked,200,19 Sep 15:30
2026-09-19,Sat,3:00 pm to 4:00 pm,PlayAll Noida 105,Court 1,Not Booked,150,19 Sep 14:30
2026-09-19,Sat,3:00 pm to 4:00 pm,PlayAll Noida 105,Court 2,Not Booked,150,19 Sep 15:30
2026-09-19,Sat,3:00 pm to 4:00 pm,PlayAll Noida 105,Court 3,Not Booked,150,19 Sep 15:05
2026-09-19,Sat,3:00 pm to 4:00 pm,PlayAll Noida 73,Court 1,Not Booked,200,19 Sep 15:30
2026-09-19,Sat,3:00 pm to 4:00 pm,PlayAll Noida 73,Court 2,Not Booked,200,19 Sep 15:30
2026-09-19,Sat,3:00 pm to 4:00 pm,PlayAll Noida 73,Court 3,Not Booked,200,19 Sep 15:30
2026-09-19,Sat,3:00 pm to 3:30 pm,PlayLife | Sector 163,Pickleball Court 1,Not Booked,200,19 Sep 15:05
2026-09-19,Sat,3:00 pm to 3:30 pm,PlayLife | Sector 163,Pickleball Court 2,Not Booked,200,19 Sep 15:05
2026-09-19,Sat,3:00 pm to 3:30 pm,PlayLife | Sector 163,Pickleball Court 3,Not Booked,200,19 Sep 15:05
2026-09-19,Sat,3:00 pm to 3:30 pm,Rally N Roast | Sector 141,Court 1 (Blue),Not Booked,500,19 Sep 15:05
2026-09-19,Sat,3:00 pm to 3:30 pm,Rally N Roast | Sector 141,Court 2 (Pink),Not Booked,500,19 Sep 15:05
2026-09-19,Sat,3:00 pm to 3:30 pm,Rally N Roast | Sector 141,Court 3 (Blue),Not Booked,500,19 Sep 15:05
2026-09-19,Sat,3:00 pm to 3:30 pm,Sky Nine Rackets,Court 1,Not Booked,315,19 Sep 14:30
2026-09-19,Sat,3:00 pm to 3:30 pm,Sky Nine Rackets,Court 2,Not Booked,315,19 Sep 15:05
2026-09-19,Sat,3:00 pm to 3:30 pm,Sky Nine Rackets,Court 3,Not Booked,315,19 Sep 15:05
2026-09-19,Sat,3:00 pm to 3:30 pm,Sky Nine Rackets,Court 4,Not Booked,315,19 Sep 15:05
2026-09-19,Sat,3:00 pm to 3:30 pm,Sky Nine Rackets,Court 5,Not Booked,315,19 Sep 15:05
2026-09-19,Sat,3:00 pm to 3:30 pm,Spodium Arena | Sector 29,Court 1,Not Booked,299,19 Sep 14:30
2026-09-19,Sat,3:00 pm to 3:30 pm,Spodium Arena | Sector 29,Court 2,Not Booked,299,19 Sep 15:05
2026-09-19,Sat,3:00 pm to 3:30 pm,Spodium Arena | Sector 29,Court 3,Not Booked,299,19 Sep 15:05
2026-09-19,Sat,3:00 pm to 3:30 pm,Spodium Arena | Sector 29,Court 4,Not Booked,299,19 Sep 15:05
2026-09-19,Sat,3:00 pm to 4:00 pm,Spuddy Multisports Academy | Noida,Pickleball (Indoor),Not Booked,400,19 Sep 15:30
2026-09-19,Sat,3:00 pm to 3:30 pm,The Box Cage,Court 1,Not Booked,300,19 Sep 15:05
2026-09-19,Sat,3:00 pm to 3:30 pm,The Box Cage,Court 2,Not Booked,300,19 Sep 15:05
2026-09-19,Sat,3:00 pm to 3:30 pm,The Box Cage,Court 3,Not Booked,300,19 Sep 15:05
2026-09-19,Sat,3:00 pm to 3:30 pm,The Box Cage,Court 4,Not Booked,300,19 Sep 15:05
2026-09-19,Sat,3:30 pm to 4:00 pm,Anandmay Sports Club | Sector 128,Court 1,Not Booked,250,19 Sep 15:30
2026-09-19,Sat,3:30 pm to 4:00 pm,Anandmay Sports Club | Sector 128,Court 2,Not Booked,250,19 Sep 15:30
2026-09-19,Sat,3:30 pm to 4:00 pm,Arena 44,Hardy's Court 1,Not Booked,450,19 Sep 15:30
2026-09-19,Sat,3:30 pm to 4:00 pm,Arena 44,Hardy's Court 2,Not Booked,450,19 Sep 15:30
2026-09-19,Sat,3:30 pm to 4:00 pm,Arena 44,Hardy's Court 3,Not Booked,450,19 Sep 15:30
2026-09-19,Sat,3:30 pm to 4:00 pm,Arena 44,Hardy's Court 4,Not Booked,450,19 Sep 15:30
2026-09-19,Sat,3:30 pm to 4:00 pm,Arena 44,Court 1,Not Booked,550,19 Sep 15:30
2026-09-19,Sat,3:30 pm to 4:00 pm,Arena 44,Court 2,Not Booked,550,19 Sep 15:30
2026-09-19,Sat,3:30 pm to 4:00 pm,Arena 44,Court 3,Not Booked,550,19 Sep 15:30
2026-09-19,Sat,3:30 pm to 4:00 pm,CoPlay RISE | Sec 73 Noida,Court 1,Not Booked,200,19 Sep 15:30
2026-09-19,Sat,3:30 pm to 4:00 pm,CoPlay RISE | Sec 73 Noida,Court 2,Not Booked,200,19 Sep 15:30
2026-09-19,Sat,3:30 pm to 4:00 pm,Crickdome,Court 1,Not Booked,400,19 Sep 14:30
2026-09-19,Sat,3:30 pm to 4:00 pm,Crickdome,Court 2,Not Booked,400,19 Sep 15:30
2026-09-19,Sat,3:30 pm to 4:00 pm,Heat Sports Arena 150,Court 1,Not Booked,450,19 Sep 15:30
2026-09-19,Sat,3:30 pm to 4:00 pm,Heat Sports Arena 150,Court 2,Not Booked,450,19 Sep 15:30
2026-09-19,Sat,3:30 pm to 4:00 pm,Noida Pickleball Courts | Sec-100,Court 1,Not Booked,450,19 Sep 15:30
2026-09-19,Sat,3:30 pm to 4:00 pm,Noida Pickleball Courts | Sec-100,Court 2,Not Booked,450,19 Sep 15:05
2026-09-19,Sat,3:30 pm to 4:00 pm,Pickle Pros | Noida,Pickleball Court 1,Not Booked,400,19 Sep 15:30
2026-09-19,Sat,3:30 pm to 4:00 pm,Pickle Pros | Noida,Pickleball Court 2,Not Booked,400,19 Sep 15:30
2026-09-19,Sat,3:30 pm to 4:00 pm,Pickle Pros | Noida,Pickleball Court 3,Not Booked,400,19 Sep 15:30
2026-09-19,Sat,3:30 pm to 4:00 pm,Pickle Pros | Noida,Pickleball Court 4,Not Booked,400,19 Sep 15:30
2026-09-19,Sat,3:30 pm to 4:00 pm,Pickleflow Social,Court 1,Not Booked,500,19 Sep 15:30
2026-09-19,Sat,3:30 pm to 4:00 pm,Pickleflow Social,Court 2,Not Booked,500,19 Sep 15:30
2026-09-19,Sat,3:30 pm to 4:00 pm,Pickleflow Social,Court 3,Not Booked,500,19 Sep 15:30
2026-09-19,Sat,3:30 pm to 4:00 pm,Pitch Please X TSG Sports Arena,Court 1,Not Booked,700,19 Sep 15:30
2026-09-19,Sat,3:30 pm to 4:00 pm,Pitch Please X TSG Sports Arena,Court 2,Not Booked,700,19 Sep 15:30
2026-09-19,Sat,3:30 pm to 4:00 pm,PlayAll BSIC Noida 46,Court 1,Not Booked,150,19 Sep 07:31
2026-09-19,Sat,3:30 pm to 4:00 pm,PlayAll BSIC Noida 46,Court 2,Not Booked,150,19 Sep 15:30
2026-09-19,Sat,3:30 pm to 4:00 pm,PlayAll BSIC Noida 46,Court 3,Not Booked,150,19 Sep 15:30
2026-09-19,Sat,3:30 pm to 4:30 pm,PlayAll MPS Noida 11,Court 1,Not Booked,200,19 Sep 15:30
2026-09-19,Sat,3:30 pm to 4:30 pm,PlayAll MPS Noida 11,Court 2,Not Booked,200,19 Sep 16:04
2026-09-19,Sat,3:30 pm to 4:30 pm,PlayAll MPS Noida 11,Court 3,Not Booked,200,19 Sep 16:04
2026-09-19,Sat,3:30 pm to 4:30 pm,PlayAll Noida 105,Court 1,Not Booked,150,19 Sep 14:30
2026-09-19,Sat,3:30 pm to 4:30 pm,PlayAll Noida 105,Court 2,Not Booked,150,19 Sep 15:30
2026-09-19,Sat,3:30 pm to 4:30 pm,PlayAll Noida 105,Court 3,Not Booked,150,19 Sep 16:04
2026-09-19,Sat,3:30 pm to 4:30 pm,PlayAll Noida 73,Court 1,Not Booked,200,19 Sep 16:04
2026-09-19,Sat,3:30 pm to 4:30 pm,PlayAll Noida 73,Court 2,Not Booked,200,19 Sep 15:30
2026-09-19,Sat,3:30 pm to 4:30 pm,PlayAll Noida 73,Court 3,Not Booked,200,19 Sep 16:04
2026-09-19,Sat,3:30 pm to 4:00 pm,PlayLife | Sector 163,Pickleball Court 1,Not Booked,200,19 Sep 15:30
2026-09-19,Sat,3:30 pm to 4:00 pm,PlayLife | Sector 163,Pickleball Court 2,Not Booked,200,19 Sep 15:30
2026-09-19,Sat,3:30 pm to 4:00 pm,PlayLife | Sector 163,Pickleball Court 3,Not Booked,200,19 Sep 15:30
2026-09-19,Sat,3:30 pm to 4:00 pm,Rally N Roast | Sector 141,Court 1 (Blue),Not Booked,500,19 Sep 15:30
2026-09-19,Sat,3:30 pm to 4:00 pm,Rally N Roast | Sector 141,Court 2 (Pink),Not Booked,500,19 Sep 15:30
2026-09-19,Sat,3:30 pm to 4:00 pm,Rally N Roast | Sector 141,Court 3 (Blue),Not Booked,500,19 Sep 15:30
2026-09-19,Sat,3:30 pm to 4:00 pm,Sky Nine Rackets,Court 1,Not Booked,315,19 Sep 15:30
2026-09-19,Sat,3:30 pm to 4:00 pm,Sky Nine Rackets,Court 2,Not Booked,315,19 Sep 15:05
2026-09-19,Sat,3:30 pm to 4:00 pm,Sky Nine Rackets,Court 3,Not Booked,315,19 Sep 15:30
2026-09-19,Sat,3:30 pm to 4:00 pm,Sky Nine Rackets,Court 4,Not Booked,315,19 Sep 15:30
2026-09-19,Sat,3:30 pm to 4:00 pm,Sky Nine Rackets,Court 5,Not Booked,315,19 Sep 15:30
2026-09-19,Sat,3:30 pm to 4:00 pm,Spodium Arena | Sector 29,Court 1,Not Booked,299,19 Sep 15:30
2026-09-19,Sat,3:30 pm to 4:00 pm,Spodium Arena | Sector 29,Court 2,Not Booked,299,19 Sep 15:30
2026-09-19,Sat,3:30 pm to 4:00 pm,Spodium Arena | Sector 29,Court 3,Not Booked,299,19 Sep 15:30
2026-09-19,Sat,3:30 pm to 4:00 pm,Spodium Arena | Sector 29,Court 4,Not Booked,299,19 Sep 15:30
2026-09-19,Sat,3:30 pm to 4:00 pm,The Box Cage,Court 1,Not Booked,300,19 Sep 15:30
2026-09-19,Sat,3:30 pm to 4:00 pm,The Box Cage,Court 2,Not Booked,300,19 Sep 15:30
2026-09-19,Sat,3:30 pm to 4:00 pm,The Box Cage,Court 3,Not Booked,300,19 Sep 15:30
2026-09-19,Sat,3:30 pm to 4:00 pm,The Box Cage,Court 4,Not Booked,300,19 Sep 15:30
2026-09-19,Sat,4:00 pm to 4:30 pm,Anandmay Sports Club | Sector 128,Court 1,Not Booked,250,19 Sep 15:30
2026-09-19,Sat,4:00 pm to 4:30 pm,Anandmay Sports Club | Sector 128,Court 2,Not Booked,250,19 Sep 16:04
2026-09-19,Sat,4:00 pm to 4:30 pm,Arena 44,Hardy's Court 1,Not Booked,450,19 Sep 16:04
2026-09-19,Sat,4:00 pm to 4:30 pm,Arena 44,Hardy's Court 2,Not Booked,450,19 Sep 16:04
2026-09-19,Sat,4:00 pm to 4:30 pm,Arena 44,Hardy's Court 3,Not Booked,450,19 Sep 16:04
2026-09-19,Sat,4:00 pm to 4:30 pm,Arena 44,Hardy's Court 4,Not Booked,450,19 Sep 16:04
2026-09-19,Sat,4:00 pm to 4:30 pm,Arena 44,Court 1,Not Booked,550,19 Sep 16:04
2026-09-19,Sat,4:00 pm to 4:30 pm,Arena 44,Court 2,Not Booked,550,19 Sep 16:04
2026-09-19,Sat,4:00 pm to 4:30 pm,Arena 44,Court 3,Not Booked,550,19 Sep 16:04
2026-09-19,Sat,4:00 pm to 4:30 pm,CoPlay RISE | Sec 73 Noida,Court 1,Not Booked,200,19 Sep 16:04
2026-09-19,Sat,4:00 pm to 4:30 pm,CoPlay RISE | Sec 73 Noida,Court 2,Not Booked,200,19 Sep 16:04
2026-09-19,Sat,4:00 pm to 4:30 pm,CoPlay | Sec 50 Noida,Court 1,Not Booked,350,19 Sep 16:04
2026-09-19,Sat,4:00 pm to 4:30 pm,CoPlay | Sec 50 Noida,Court 2,Not Booked,350,19 Sep 16:04
2026-09-19,Sat,4:00 pm to 4:30 pm,CoPlay | Sec 50 Noida,Court 3,Not Booked,350,19 Sep 16:04
2026-09-19,Sat,4:00 pm to 4:30 pm,Crickdome,Court 1,Not Booked,400,19 Sep 14:30
2026-09-19,Sat,4:00 pm to 4:30 pm,Crickdome,Court 2,Not Booked,400,19 Sep 16:04
2026-09-19,Sat,4:00 pm to 5:00 pm,Downtown Pickleball | Sector 37,Pickleball Court,Not Booked,800,19 Sep 16:30
2026-09-19,Sat,4:00 pm to 4:30 pm,Heat Sports Arena 150,Court 1,Not Booked,450,19 Sep 16:04
2026-09-19,Sat,4:00 pm to 4:30 pm,Heat Sports Arena 150,Court 2,Not Booked,450,19 Sep 16:04
2026-09-19,Sat,4:00 pm to 5:00 pm,Noida Indoor Stadium,Court 1,Not Booked,944,19 Sep 16:30
2026-09-19,Sat,4:00 pm to 5:00 pm,Noida Indoor Stadium,Court 2,Not Booked,944,19 Sep 16:30
2026-09-19,Sat,4:00 pm to 5:00 pm,Noida Indoor Stadium,Court 3,Not Booked,944,19 Sep 16:30
2026-09-19,Sat,4:00 pm to 4:30 pm,Noida Pickleball Courts | Sec-100,Court 1,Not Booked,450,19 Sep 16:04
2026-09-19,Sat,4:00 pm to 4:30 pm,Noida Pickleball Courts | Sec-100,Court 2,Not Booked,450,19 Sep 15:05
2026-09-19,Sat,4:00 pm to 5:00 pm,Pickit | Vijay Sri Academy,Court 1,Not Booked,750,19 Sep 16:30
2026-09-19,Sat,4:00 pm to 5:00 pm,Pickit | Vijay Sri Academy,Court 2,Not Booked,750,19 Sep 16:30
2026-09-19,Sat,4:00 pm to 5:00 pm,Pickit | Vijay Sri Academy,Court 3,Not Booked,750,19 Sep 16:30
2026-09-19,Sat,4:00 pm to 4:30 pm,Pickle Pros | Noida,Pickleball Court 1,Not Booked,400,19 Sep 15:30
2026-09-19,Sat,4:00 pm to 4:30 pm,Pickle Pros | Noida,Pickleball Court 2,Not Booked,400,19 Sep 16:04
2026-09-19,Sat,4:00 pm to 4:30 pm,Pickle Pros | Noida,Pickleball Court 3,Not Booked,400,19 Sep 16:04
2026-09-19,Sat,4:00 pm to 4:30 pm,Pickle Pros | Noida,Pickleball Court 4,Not Booked,400,19 Sep 16:04
2026-09-19,Sat,4:00 pm to 4:30 pm,Pickleflow Social,Court 1,Not Booked,500,19 Sep 15:30
2026-09-19,Sat,4:00 pm to 4:30 pm,Pickleflow Social,Court 2,Not Booked,500,19 Sep 16:04
2026-09-19,Sat,4:00 pm to 4:30 pm,Pickleflow Social,Court 3,Not Booked,500,19 Sep 16:04
2026-09-19,Sat,4:00 pm to 5:00 pm,Pickleplay 121 | Indoor Arena,Court 1,Not Booked,700,19 Sep 16:30
2026-09-19,Sat,4:00 pm to 5:00 pm,Pickleplay 121 | Indoor Arena,Court 2,Not Booked,700,19 Sep 16:30
2026-09-19,Sat,4:00 pm to 5:00 pm,Pickleplay 121 | Indoor Arena,Court 3,Not Booked,700,19 Sep 16:30
2026-09-19,Sat,4:00 pm to 4:30 pm,Pitch Please X TSG Sports Arena,Court 1,Not Booked,700,19 Sep 16:04
2026-09-19,Sat,4:00 pm to 4:30 pm,Pitch Please X TSG Sports Arena,Court 2,Not Booked,700,19 Sep 15:30
2026-09-19,Sat,4:00 pm to 4:30 pm,PlayAll BSIC Noida 46,Court 1,Not Booked,150,19 Sep 16:04
2026-09-19,Sat,4:00 pm to 4:30 pm,PlayAll BSIC Noida 46,Court 2,Not Booked,150,19 Sep 16:04
2026-09-19,Sat,4:00 pm to 4:30 pm,PlayAll BSIC Noida 46,Court 3,Not Booked,150,19 Sep 15:30
2026-09-19,Sat,4:00 pm to 5:00 pm,PlayAll MPS Noida 11,Court 1,Not Booked,200,19 Sep 16:30
2026-09-19,Sat,4:00 pm to 5:00 pm,PlayAll MPS Noida 11,Court 2,Not Booked,200,19 Sep 16:30
2026-09-19,Sat,4:00 pm to 5:00 pm,PlayAll MPS Noida 11,Court 3,Not Booked,200,19 Sep 16:30
2026-09-19,Sat,4:00 pm to 5:00 pm,PlayAll Noida 105,Court 1,Not Booked,150,19 Sep 14:30
2026-09-19,Sat,4:00 pm to 5:00 pm,PlayAll Noida 105,Court 2,Not Booked,150,19 Sep 16:30
2026-09-19,Sat,4:00 pm to 5:00 pm,PlayAll Noida 105,Court 3,Not Booked,150,19 Sep 16:30
2026-09-19,Sat,4:00 pm to 5:00 pm,PlayAll Noida 73,Court 1,Not Booked,200,19 Sep 16:30
2026-09-19,Sat,4:00 pm to 5:00 pm,PlayAll Noida 73,Court 2,Not Booked,200,19 Sep 15:30
2026-09-19,Sat,4:00 pm to 5:00 pm,PlayAll Noida 73,Court 3,Not Booked,200,19 Sep 16:30
2026-09-19,Sat,4:00 pm to 4:30 pm,PlayLife | Sector 163,Pickleball Court 1,Not Booked,200,19 Sep 16:04
2026-09-19,Sat,4:00 pm to 4:30 pm,PlayLife | Sector 163,Pickleball Court 2,Not Booked,200,19 Sep 16:04
2026-09-19,Sat,4:00 pm to 4:30 pm,PlayLife | Sector 163,Pickleball Court 3,Not Booked,200,19 Sep 16:04
2026-09-19,Sat,4:00 pm to 4:30 pm,Rally N Roast | Sector 141,Court 1 (Blue),Not Booked,500,19 Sep 16:04
2026-09-19,Sat,4:00 pm to 4:30 pm,Rally N Roast | Sector 141,Court 2 (Pink),Not Booked,500,19 Sep 16:04
2026-09-19,Sat,4:00 pm to 4:30 pm,Rally N Roast | Sector 141,Court 3 (Blue),Not Booked,500,19 Sep 16:04
2026-09-19,Sat,4:00 pm to 4:30 pm,Sky Nine Rackets,Court 1,Not Booked,315,19 Sep 16:04
2026-09-19,Sat,4:00 pm to 4:30 pm,Sky Nine Rackets,Court 2,Not Booked,315,19 Sep 16:04
2026-09-19,Sat,4:00 pm to 4:30 pm,Sky Nine Rackets,Court 3,Not Booked,315,19 Sep 16:04
2026-09-19,Sat,4:00 pm to 4:30 pm,Sky Nine Rackets,Court 4,Not Booked,315,19 Sep 16:04
2026-09-19,Sat,4:00 pm to 4:30 pm,Sky Nine Rackets,Court 5,Not Booked,315,19 Sep 16:04
2026-09-19,Sat,4:00 pm to 4:30 pm,Spodium Arena | Sector 29,Court 1,Not Booked,299,19 Sep 16:04
2026-09-19,Sat,4:00 pm to 4:30 pm,Spodium Arena | Sector 29,Court 2,Not Booked,299,19 Sep 16:04
2026-09-19,Sat,4:00 pm to 4:30 pm,Spodium Arena | Sector 29,Court 3,Not Booked,299,19 Sep 15:30
2026-09-19,Sat,4:00 pm to 4:30 pm,Spodium Arena | Sector 29,Court 4,Not Booked,299,19 Sep 16:04
2026-09-19,Sat,4:00 pm to 5:00 pm,Spuddy Multisports Academy | Noida,Pickleball (Indoor),Not Booked,400,19 Sep 16:30
2026-09-19,Sat,4:00 pm to 4:30 pm,The Box Cage,Court 1,Not Booked,300,19 Sep 16:04
2026-09-19,Sat,4:00 pm to 4:30 pm,The Box Cage,Court 2,Not Booked,300,19 Sep 16:04
2026-09-19,Sat,4:00 pm to 4:30 pm,The Box Cage,Court 3,Not Booked,300,19 Sep 16:04
2026-09-19,Sat,4:00 pm to 4:30 pm,The Box Cage,Court 4,Not Booked,300,19 Sep 16:04
2026-09-19,Sat,4:00 pm to 4:30 pm,Zyng Gallant Sports Arena,Pickleball Courts (Outdoor),Not Booked,350,19 Sep 16:04
2026-09-19,Sat,4:30 pm to 5:00 pm,Anandmay Sports Club | Sector 128,Court 1,Not Booked,250,19 Sep 16:30
2026-09-19,Sat,4:30 pm to 5:00 pm,Anandmay Sports Club | Sector 128,Court 2,Not Booked,250,19 Sep 16:30
2026-09-19,Sat,4:30 pm to 5:00 pm,Arena 44,Hardy's Court 1,Not Booked,450,19 Sep 16:30
2026-09-19,Sat,4:30 pm to 5:00 pm,Arena 44,Hardy's Court 2,Not Booked,450,19 Sep 16:30
2026-09-19,Sat,4:30 pm to 5:00 pm,Arena 44,Hardy's Court 3,Not Booked,450,19 Sep 16:04
2026-09-19,Sat,4:30 pm to 5:00 pm,Arena 44,Hardy's Court 4,Not Booked,450,19 Sep 16:30
2026-09-19,Sat,4:30 pm to 5:00 pm,Arena 44,Court 1,Not Booked,550,19 Sep 16:30
2026-09-19,Sat,4:30 pm to 5:00 pm,Arena 44,Court 2,Not Booked,550,19 Sep 16:04
2026-09-19,Sat,4:30 pm to 5:00 pm,Arena 44,Court 3,Not Booked,550,19 Sep 16:30
2026-09-19,Sat,4:30 pm to 5:00 pm,CoPlay RISE | Sec 73 Noida,Court 1,Not Booked,200,19 Sep 16:30
2026-09-19,Sat,4:30 pm to 5:00 pm,CoPlay RISE | Sec 73 Noida,Court 2,Not Booked,200,19 Sep 16:30
2026-09-19,Sat,4:30 pm to 5:00 pm,CoPlay | Sec 50 Noida,Court 1,Not Booked,350,19 Sep 16:30
2026-09-19,Sat,4:30 pm to 5:00 pm,CoPlay | Sec 50 Noida,Court 2,Not Booked,350,19 Sep 16:04
2026-09-19,Sat,4:30 pm to 5:00 pm,CoPlay | Sec 50 Noida,Court 3,Not Booked,350,19 Sep 16:30
2026-09-19,Sat,4:30 pm to 5:00 pm,Crickdome,Court 1,Not Booked,400,19 Sep 16:30
2026-09-19,Sat,4:30 pm to 5:00 pm,Crickdome,Court 2,Not Booked,400,19 Sep 16:30
2026-09-19,Sat,4:30 pm to 5:00 pm,Heat Sports Arena 150,Court 1,Not Booked,450,19 Sep 16:30
2026-09-19,Sat,4:30 pm to 5:00 pm,Heat Sports Arena 150,Court 2,Not Booked,450,19 Sep 16:30
2026-09-19,Sat,4:30 pm to 5:00 pm,Noida Pickleball Courts | Sec-100,Court 1,Not Booked,450,19 Sep 16:30
2026-09-19,Sat,4:30 pm to 5:00 pm,Noida Pickleball Courts | Sec-100,Court 2,Not Booked,450,19 Sep 16:30
2026-09-19,Sat,4:30 pm to 5:00 pm,Pickle Pros | Noida,Pickleball Court 1,Not Booked,400,19 Sep 15:30
2026-09-19,Sat,4:30 pm to 5:00 pm,Pickle Pros | Noida,Pickleball Court 2,Not Booked,400,19 Sep 16:30
2026-09-19,Sat,4:30 pm to 5:00 pm,Pickle Pros | Noida,Pickleball Court 3,Not Booked,400,19 Sep 16:30
2026-09-19,Sat,4:30 pm to 5:00 pm,Pickle Pros | Noida,Pickleball Court 4,Not Booked,400,19 Sep 16:30
2026-09-19,Sat,4:30 pm to 5:00 pm,Pickleflow Social,Court 1,Not Booked,500,19 Sep 16:30
2026-09-19,Sat,4:30 pm to 5:00 pm,Pickleflow Social,Court 2,Not Booked,500,19 Sep 16:30
2026-09-19,Sat,4:30 pm to 5:00 pm,Pickleflow Social,Court 3,Not Booked,500,19 Sep 16:30
2026-09-19,Sat,4:30 pm to 5:00 pm,Pitch Please X TSG Sports Arena,Court 1,Not Booked,700,19 Sep 16:30
2026-09-19,Sat,4:30 pm to 5:00 pm,Pitch Please X TSG Sports Arena,Court 2,Not Booked,700,19 Sep 16:30
2026-09-19,Sat,4:30 pm to 5:00 pm,PlayAll BSIC Noida 46,Court 1,Not Booked,150,19 Sep 16:30
2026-09-19,Sat,4:30 pm to 5:00 pm,PlayAll BSIC Noida 46,Court 2,Not Booked,150,19 Sep 16:04
2026-09-19,Sat,4:30 pm to 5:00 pm,PlayAll BSIC Noida 46,Court 3,Not Booked,150,19 Sep 16:30
2026-09-19,Sat,4:30 pm to 5:30 pm,PlayAll MPS Noida 11,Court 1,Not Booked,200,19 Sep 16:30
2026-09-19,Sat,4:30 pm to 5:30 pm,PlayAll MPS Noida 11,Court 2,Not Booked,200,19 Sep 17:03
2026-09-19,Sat,4:30 pm to 5:30 pm,PlayAll MPS Noida 11,Court 3,Not Booked,200,19 Sep 17:03
2026-09-19,Sat,4:30 pm to 5:30 pm,PlayAll Noida 105,Court 1,Not Booked,150,19 Sep 17:03
2026-09-19,Sat,4:30 pm to 5:30 pm,PlayAll Noida 105,Court 2,Not Booked,150,19 Sep 17:03
2026-09-19,Sat,4:30 pm to 5:30 pm,PlayAll Noida 105,Court 3,Not Booked,150,19 Sep 16:30
2026-09-19,Sat,4:30 pm to 5:30 pm,PlayAll Noida 73,Court 1,Not Booked,200,19 Sep 16:30
2026-09-19,Sat,4:30 pm to 5:30 pm,PlayAll Noida 73,Court 2,Not Booked,200,19 Sep 17:03
2026-09-19,Sat,4:30 pm to 5:30 pm,PlayAll Noida 73,Court 3,Not Booked,200,19 Sep 17:03
2026-09-19,Sat,4:30 pm to 5:00 pm,PlayLife | Sector 163,Pickleball Court 1,Not Booked,200,19 Sep 16:30
2026-09-19,Sat,4:30 pm to 5:00 pm,PlayLife | Sector 163,Pickleball Court 2,Not Booked,200,19 Sep 16:30
2026-09-19,Sat,4:30 pm to 5:00 pm,PlayLife | Sector 163,Pickleball Court 3,Not Booked,200,19 Sep 16:30
2026-09-19,Sat,4:30 pm to 5:00 pm,Rally N Roast | Sector 141,Court 1 (Blue),Not Booked,500,19 Sep 16:30
2026-09-19,Sat,4:30 pm to 5:00 pm,Rally N Roast | Sector 141,Court 2 (Pink),Not Booked,500,19 Sep 16:30
2026-09-19,Sat,4:30 pm to 5:00 pm,Rally N Roast | Sector 141,Court 3 (Blue),Not Booked,500,19 Sep 16:30
2026-09-19,Sat,4:30 pm to 5:00 pm,Sky Nine Rackets,Court 1,Not Booked,315,19 Sep 16:30
2026-09-19,Sat,4:30 pm to 5:00 pm,Sky Nine Rackets,Court 2,Not Booked,315,19 Sep 16:30
2026-09-19,Sat,4:30 pm to 5:00 pm,Sky Nine Rackets,Court 3,Not Booked,315,19 Sep 16:30
2026-09-19,Sat,4:30 pm to 5:00 pm,Sky Nine Rackets,Court 4,Not Booked,315,19 Sep 16:30
2026-09-19,Sat,4:30 pm to 5:00 pm,Sky Nine Rackets,Court 5,Not Booked,315,19 Sep 16:30
2026-09-19,Sat,4:30 pm to 5:00 pm,Spodium Arena | Sector 29,Court 1,Not Booked,299,19 Sep 16:30
2026-09-19,Sat,4:30 pm to 5:00 pm,Spodium Arena | Sector 29,Court 2,Not Booked,299,19 Sep 16:30
2026-09-19,Sat,4:30 pm to 5:00 pm,Spodium Arena | Sector 29,Court 3,Not Booked,299,19 Sep 16:30
2026-09-19,Sat,4:30 pm to 5:00 pm,Spodium Arena | Sector 29,Court 4,Not Booked,299,19 Sep 16:30
2026-09-19,Sat,4:30 pm to 5:00 pm,The Box Cage,Court 1,Not Booked,300,19 Sep 16:30
2026-09-19,Sat,4:30 pm to 5:00 pm,The Box Cage,Court 2,Not Booked,300,19 Sep 16:30
2026-09-19,Sat,4:30 pm to 5:00 pm,The Box Cage,Court 3,Not Booked,300,19 Sep 16:30
2026-09-19,Sat,4:30 pm to 5:00 pm,The Box Cage,Court 4,Not Booked,300,19 Sep 16:30
2026-09-19,Sat,4:30 pm to 5:00 pm,Zyng Gallant Sports Arena,Pickleball Courts (Outdoor),Not Booked,350,19 Sep 16:30
2026-09-19,Sat,5:00 pm to 5:30 pm,Anandmay Sports Club | Sector 128,Court 1,Not Booked,250,19 Sep 16:30
2026-09-19,Sat,5:00 pm to 5:30 pm,Anandmay Sports Club | Sector 128,Court 2,Not Booked,250,19 Sep 17:03
2026-09-19,Sat,5:00 pm to 5:30 pm,Arena 44,Hardy's Court 1,Booked,450,19 Sep 17:03
2026-09-19,Sat,5:00 pm to 5:30 pm,Arena 44,Hardy's Court 2,Booked,450,19 Sep 17:03
2026-09-19,Sat,5:00 pm to 5:30 pm,Arena 44,Hardy's Court 3,Not Booked,450,19 Sep 16:04
2026-09-19,Sat,5:00 pm to 5:30 pm,Arena 44,Hardy's Court 4,Not Booked,450,19 Sep 17:03
2026-09-19,Sat,5:00 pm to 5:30 pm,Arena 44,Court 1,Booked,550,19 Sep 17:03
2026-09-19,Sat,5:00 pm to 5:30 pm,Arena 44,Court 2,Not Booked,550,19 Sep 17:03
2026-09-19,Sat,5:00 pm to 5:30 pm,Arena 44,Court 3,Not Booked,550,19 Sep 17:03
2026-09-19,Sat,5:00 pm to 5:30 pm,CoPlay RISE | Sec 73 Noida,Court 1,Not Booked,200,19 Sep 17:03
2026-09-19,Sat,5:00 pm to 5:30 pm,CoPlay RISE | Sec 73 Noida,Court 2,Not Booked,200,19 Sep 17:03
2026-09-19,Sat,5:00 pm to 5:30 pm,Crickdome,Court 1,Not Booked,400,19 Sep 16:30
2026-09-19,Sat,5:00 pm to 5:30 pm,Crickdome,Court 2,Not Booked,400,19 Sep 17:03
2026-09-19,Sat,5:00 pm to 5:30 pm,Dinking Zone One29,Court 1,Not Booked,450,19 Sep 17:03
2026-09-19,Sat,5:00 pm to 5:30 pm,Dinking Zone One29,Court 2,Not Booked,450,19 Sep 16:30
2026-09-19,Sat,5:00 pm to 5:30 pm,Dinking Zone One29,Court 3,Not Booked,450,19 Sep 17:03
2026-09-19,Sat,5:00 pm to 6:00 pm,Downtown Pickleball | Sector 37,Pickleball Court,Not Booked,800,19 Sep 17:31
2026-09-19,Sat,5:00 pm to 5:30 pm,Heat Sports Arena 150,Court 1,Not Booked,450,19 Sep 17:03
2026-09-19,Sat,5:00 pm to 5:30 pm,Heat Sports Arena 150,Court 2,Not Booked,450,19 Sep 17:03
2026-09-19,Sat,5:00 pm to 6:00 pm,Noida Indoor Stadium,Court 1,Not Booked,944,19 Sep 17:31
2026-09-19,Sat,5:00 pm to 6:00 pm,Noida Indoor Stadium,Court 2,Not Booked,944,19 Sep 17:31
2026-09-19,Sat,5:00 pm to 6:00 pm,Noida Indoor Stadium,Court 3,Not Booked,944,19 Sep 17:31
2026-09-19,Sat,5:00 pm to 5:30 pm,Noida Pickleball Courts | Sec-100,Court 1,Not Booked,450,19 Sep 17:03
2026-09-19,Sat,5:00 pm to 5:30 pm,Noida Pickleball Courts | Sec-100,Court 2,Not Booked,450,19 Sep 17:03
2026-09-19,Sat,5:00 pm to 6:00 pm,Pickit | Vijay Sri Academy,Court 1,Not Booked,750,19 Sep 17:31
2026-09-19,Sat,5:00 pm to 6:00 pm,Pickit | Vijay Sri Academy,Court 2,Not Booked,750,19 Sep 17:31
2026-09-19,Sat,5:00 pm to 6:00 pm,Pickit | Vijay Sri Academy,Court 3,Not Booked,750,19 Sep 17:31
2026-09-19,Sat,5:00 pm to 5:30 pm,Pickle Pros | Noida,Pickleball Court 1,Not Booked,400,19 Sep 17:03
2026-09-19,Sat,5:00 pm to 5:30 pm,Pickle Pros | Noida,Pickleball Court 2,Not Booked,400,19 Sep 17:03
2026-09-19,Sat,5:00 pm to 5:30 pm,Pickle Pros | Noida,Pickleball Court 3,Not Booked,400,19 Sep 17:03
2026-09-19,Sat,5:00 pm to 5:30 pm,Pickle Pros | Noida,Pickleball Court 4,Not Booked,400,19 Sep 16:30
2026-09-19,Sat,5:00 pm to 5:30 pm,Pickleflow Social,Court 1,Not Booked,500,19 Sep 17:03
2026-09-19,Sat,5:00 pm to 5:30 pm,Pickleflow Social,Court 2,Not Booked,500,19 Sep 17:03
2026-09-19,Sat,5:00 pm to 5:30 pm,Pickleflow Social,Court 3,Not Booked,500,19 Sep 17:03
2026-09-19,Sat,5:00 pm to 6:00 pm,Pickleplay 121 | Indoor Arena,Court 1,Not Booked,700,19 Sep 17:31
2026-09-19,Sat,5:00 pm to 6:00 pm,Pickleplay 121 | Indoor Arena,Court 2,Not Booked,700,19 Sep 17:31
2026-09-19,Sat,5:00 pm to 6:00 pm,Pickleplay 121 | Indoor Arena,Court 3,Not Booked,700,19 Sep 17:31
2026-09-19,Sat,5:00 pm to 5:30 pm,Pitch Please X TSG Sports Arena,Court 1,Not Booked,700,19 Sep 17:03
2026-09-19,Sat,5:00 pm to 5:30 pm,Pitch Please X TSG Sports Arena,Court 2,Not Booked,700,19 Sep 17:03
2026-09-19,Sat,5:00 pm to 5:30 pm,PlayAll BSIC Noida 46,Court 1,Not Booked,150,19 Sep 17:03
2026-09-19,Sat,5:00 pm to 5:30 pm,PlayAll BSIC Noida 46,Court 2,Not Booked,150,19 Sep 16:04
2026-09-19,Sat,5:00 pm to 5:30 pm,PlayAll BSIC Noida 46,Court 3,Not Booked,150,19 Sep 17:03
2026-09-19,Sat,5:00 pm to 6:00 pm,PlayAll MPS Noida 11,Court 1,Not Booked,200,19 Sep 17:31
2026-09-19,Sat,5:00 pm to 6:00 pm,PlayAll MPS Noida 11,Court 2,Not Booked,200,19 Sep 17:31
2026-09-19,Sat,5:00 pm to 6:00 pm,PlayAll MPS Noida 11,Court 3,Not Booked,200,19 Sep 17:31
2026-09-19,Sat,5:00 pm to 6:00 pm,PlayAll Noida 105,Court 1,Not Booked,150,19 Sep 17:03
2026-09-19,Sat,5:00 pm to 6:00 pm,PlayAll Noida 105,Court 2,Not Booked,150,19 Sep 17:31
2026-09-19,Sat,5:00 pm to 6:00 pm,PlayAll Noida 105,Court 3,Not Booked,150,19 Sep 17:31
2026-09-19,Sat,5:00 pm to 6:00 pm,PlayAll Noida 73,Court 1,Not Booked,200,19 Sep 17:31
2026-09-19,Sat,5:00 pm to 6:00 pm,PlayAll Noida 73,Court 2,Not Booked,200,19 Sep 17:31
2026-09-19,Sat,5:00 pm to 6:00 pm,PlayAll Noida 73,Court 3,Not Booked,200,19 Sep 17:31
2026-09-19,Sat,5:00 pm to 5:30 pm,PlayLife | Sector 163,Pickleball Court 1,Booked,200,19 Sep 17:03
2026-09-19,Sat,5:00 pm to 5:30 pm,PlayLife | Sector 163,Pickleball Court 2,Not Booked,200,19 Sep 17:03
2026-09-19,Sat,5:00 pm to 5:30 pm,PlayLife | Sector 163,Pickleball Court 3,Not Booked,200,19 Sep 17:03
2026-09-19,Sat,5:00 pm to 5:30 pm,Rally N Roast | Sector 141,Court 1 (Blue),Not Booked,500,19 Sep 17:03
2026-09-19,Sat,5:00 pm to 5:30 pm,Rally N Roast | Sector 141,Court 2 (Pink),Not Booked,500,19 Sep 17:03
2026-09-19,Sat,5:00 pm to 5:30 pm,Rally N Roast | Sector 141,Court 3 (Blue),Not Booked,500,19 Sep 17:03
2026-09-19,Sat,5:00 pm to 5:30 pm,Sky Nine Rackets,Court 1,Not Booked,405,19 Sep 17:03
2026-09-19,Sat,5:00 pm to 5:30 pm,Sky Nine Rackets,Court 2,Not Booked,405,19 Sep 17:03
2026-09-19,Sat,5:00 pm to 5:30 pm,Sky Nine Rackets,Court 3,Not Booked,405,19 Sep 17:03
2026-09-19,Sat,5:00 pm to 5:30 pm,Sky Nine Rackets,Court 4,Not Booked,405,19 Sep 17:03
2026-09-19,Sat,5:00 pm to 5:30 pm,Sky Nine Rackets,Court 5,Not Booked,405,19 Sep 17:03
2026-09-19,Sat,5:00 pm to 5:30 pm,Spodium Arena | Sector 29,Court 1,Not Booked,399,19 Sep 17:03
2026-09-19,Sat,5:00 pm to 5:30 pm,Spodium Arena | Sector 29,Court 2,Not Booked,399,19 Sep 17:03
2026-09-19,Sat,5:00 pm to 5:30 pm,Spodium Arena | Sector 29,Court 3,Not Booked,399,19 Sep 16:30
2026-09-19,Sat,5:00 pm to 5:30 pm,Spodium Arena | Sector 29,Court 4,Not Booked,399,19 Sep 17:03
2026-09-19,Sat,5:00 pm to 6:00 pm,Spuddy Multisports Academy | Noida,Pickleball (Indoor),Filling Fast,400,19 Sep 17:31
2026-09-19,Sat,5:00 pm to 5:30 pm,The Box Cage,Court 1,Not Booked,300,19 Sep 17:03
2026-09-19,Sat,5:00 pm to 5:30 pm,The Box Cage,Court 2,Not Booked,300,19 Sep 17:03
2026-09-19,Sat,5:00 pm to 5:30 pm,The Box Cage,Court 3,Not Booked,300,19 Sep 17:03
2026-09-19,Sat,5:00 pm to 5:30 pm,The Box Cage,Court 4,Not Booked,300,19 Sep 17:03
2026-09-19,Sat,5:00 pm to 5:30 pm,Zyng Gallant Sports Arena,Pickleball Courts (Outdoor),Not Booked,350,19 Sep 17:03
2026-09-19,Sat,5:30 pm to 6:00 pm,Anandmay Sports Club | Sector 128,Court 1,Not Booked,250,19 Sep 17:31
2026-09-19,Sat,5:30 pm to 6:00 pm,Anandmay Sports Club | Sector 128,Court 2,Not Booked,250,19 Sep 17:31
2026-09-19,Sat,5:30 pm to 6:00 pm,Arena 44,Hardy's Court 1,Booked,450,19 Sep 17:31
2026-09-19,Sat,5:30 pm to 6:00 pm,Arena 44,Hardy's Court 2,Booked,450,19 Sep 17:31
2026-09-19,Sat,5:30 pm to 6:00 pm,Arena 44,Hardy's Court 3,Not Booked,450,19 Sep 16:04
2026-09-19,Sat,5:30 pm to 6:00 pm,Arena 44,Hardy's Court 4,Not Booked,450,19 Sep 17:31
2026-09-19,Sat,5:30 pm to 6:00 pm,Arena 44,Court 1,Booked,550,19 Sep 17:31
2026-09-19,Sat,5:30 pm to 6:00 pm,Arena 44,Court 2,Not Booked,550,19 Sep 17:31
2026-09-19,Sat,5:30 pm to 6:00 pm,Arena 44,Court 3,Not Booked,550,19 Sep 17:31
2026-09-19,Sat,5:30 pm to 6:00 pm,CoPlay RISE | Sec 73 Noida,Court 1,Not Booked,200,19 Sep 17:31
2026-09-19,Sat,5:30 pm to 6:00 pm,CoPlay RISE | Sec 73 Noida,Court 2,Not Booked,200,19 Sep 17:31
2026-09-19,Sat,5:30 pm to 6:00 pm,Crickdome,Court 1,Not Booked,400,19 Sep 16:30
2026-09-19,Sat,5:30 pm to 6:00 pm,Crickdome,Court 2,Not Booked,400,19 Sep 17:31
2026-09-19,Sat,5:30 pm to 6:00 pm,Dinking Zone One29,Court 1,Not Booked,450,19 Sep 17:03
2026-09-19,Sat,5:30 pm to 6:00 pm,Dinking Zone One29,Court 2,Not Booked,450,19 Sep 17:31
2026-09-19,Sat,5:30 pm to 6:00 pm,Dinking Zone One29,Court 3,Not Booked,450,19 Sep 17:31
2026-09-19,Sat,5:30 pm to 6:00 pm,Heat Sports Arena 150,Court 1,Not Booked,450,19 Sep 17:31
2026-09-19,Sat,5:30 pm to 6:00 pm,Heat Sports Arena 150,Court 2,Not Booked,450,19 Sep 17:31
2026-09-19,Sat,5:30 pm to 6:00 pm,Noida Pickleball Courts | Sec-100,Court 1,Not Booked,450,19 Sep 17:31
2026-09-19,Sat,5:30 pm to 6:00 pm,Noida Pickleball Courts | Sec-100,Court 2,Not Booked,450,19 Sep 17:31
2026-09-19,Sat,5:30 pm to 6:00 pm,Pickle Pros | Noida,Pickleball Court 1,Not Booked,400,19 Sep 17:31
2026-09-19,Sat,5:30 pm to 6:00 pm,Pickle Pros | Noida,Pickleball Court 2,Not Booked,400,19 Sep 17:31
2026-09-19,Sat,5:30 pm to 6:00 pm,Pickle Pros | Noida,Pickleball Court 3,Not Booked,400,19 Sep 17:31
2026-09-19,Sat,5:30 pm to 6:00 pm,Pickle Pros | Noida,Pickleball Court 4,Not Booked,400,19 Sep 17:31
2026-09-19,Sat,5:30 pm to 6:00 pm,Pickleflow Social,Court 1,Not Booked,500,19 Sep 17:31
2026-09-19,Sat,5:30 pm to 6:00 pm,Pickleflow Social,Court 2,Booked,500,19 Sep 17:31
2026-09-19,Sat,5:30 pm to 6:00 pm,Pickleflow Social,Court 3,Booked,500,19 Sep 17:31
2026-09-19,Sat,5:30 pm to 6:00 pm,Pitch Please X TSG Sports Arena,Court 1,Not Booked,700,19 Sep 17:31
2026-09-19,Sat,5:30 pm to 6:00 pm,Pitch Please X TSG Sports Arena,Court 2,Not Booked,700,19 Sep 17:31
2026-09-19,Sat,5:30 pm to 6:00 pm,PlayAll BSIC Noida 46,Court 1,Not Booked,150,19 Sep 17:31
2026-09-19,Sat,5:30 pm to 6:00 pm,PlayAll BSIC Noida 46,Court 2,Not Booked,150,19 Sep 17:31
2026-09-19,Sat,5:30 pm to 6:00 pm,PlayAll BSIC Noida 46,Court 3,Not Booked,150,19 Sep 17:31
2026-09-19,Sat,5:30 pm to 6:30 pm,PlayAll MPS Noida 11,Court 1,Not Booked,200,19 Sep 18:09
2026-09-19,Sat,5:30 pm to 6:30 pm,PlayAll MPS Noida 11,Court 2,Not Booked,200,19 Sep 17:31
2026-09-19,Sat,5:30 pm to 6:30 pm,PlayAll MPS Noida 11,Court 3,Not Booked,200,19 Sep 17:31
2026-09-19,Sat,5:30 pm to 6:30 pm,PlayAll Noida 105,Court 1,Not Booked,150,19 Sep 18:09
2026-09-19,Sat,5:30 pm to 6:30 pm,PlayAll Noida 105,Court 2,Not Booked,150,19 Sep 18:09
2026-09-19,Sat,5:30 pm to 6:30 pm,PlayAll Noida 105,Court 3,Not Booked,150,19 Sep 18:09
2026-09-19,Sat,5:30 pm to 6:30 pm,PlayAll Noida 73,Court 1,Not Booked,200,19 Sep 17:31
2026-09-19,Sat,5:30 pm to 6:30 pm,PlayAll Noida 73,Court 2,Not Booked,200,19 Sep 17:31
2026-09-19,Sat,5:30 pm to 6:30 pm,PlayAll Noida 73,Court 3,Not Booked,200,19 Sep 17:31
2026-09-19,Sat,5:30 pm to 6:00 pm,PlayLife | Sector 163,Pickleball Court 1,Booked,200,19 Sep 17:31
2026-09-19,Sat,5:30 pm to 6:00 pm,PlayLife | Sector 163,Pickleball Court 2,Booked,200,19 Sep 17:31
2026-09-19,Sat,5:30 pm to 6:00 pm,PlayLife | Sector 163,Pickleball Court 3,Not Booked,200,19 Sep 17:31
2026-09-19,Sat,5:30 pm to 6:00 pm,Rally N Roast | Sector 141,Court 1 (Blue),Not Booked,500,19 Sep 17:31
2026-09-19,Sat,5:30 pm to 6:00 pm,Rally N Roast | Sector 141,Court 2 (Pink),Not Booked,500,19 Sep 17:31
2026-09-19,Sat,5:30 pm to 6:00 pm,Rally N Roast | Sector 141,Court 3 (Blue),Not Booked,500,19 Sep 17:31
2026-09-19,Sat,5:30 pm to 6:00 pm,Sky Nine Rackets,Court 1,Not Booked,405,19 Sep 17:31
2026-09-19,Sat,5:30 pm to 6:00 pm,Sky Nine Rackets,Court 2,Not Booked,405,19 Sep 17:31
2026-09-19,Sat,5:30 pm to 6:00 pm,Sky Nine Rackets,Court 3,Not Booked,405,19 Sep 17:31
2026-09-19,Sat,5:30 pm to 6:00 pm,Sky Nine Rackets,Court 4,Not Booked,405,19 Sep 17:31
2026-09-19,Sat,5:30 pm to 6:00 pm,Sky Nine Rackets,Court 5,Not Booked,405,19 Sep 17:03
2026-09-19,Sat,5:30 pm to 6:00 pm,Spodium Arena | Sector 29,Court 1,Not Booked,399,19 Sep 17:31
2026-09-19,Sat,5:30 pm to 6:00 pm,Spodium Arena | Sector 29,Court 2,Not Booked,399,19 Sep 17:31
2026-09-19,Sat,5:30 pm to 6:00 pm,Spodium Arena | Sector 29,Court 3,Not Booked,399,19 Sep 17:31
2026-09-19,Sat,5:30 pm to 6:00 pm,Spodium Arena | Sector 29,Court 4,Not Booked,399,19 Sep 17:31
2026-09-19,Sat,5:30 pm to 6:00 pm,The Box Cage,Court 1,Not Booked,300,19 Sep 17:31
2026-09-19,Sat,5:30 pm to 6:00 pm,The Box Cage,Court 2,Not Booked,300,19 Sep 17:31
2026-09-19,Sat,5:30 pm to 6:00 pm,The Box Cage,Court 3,Not Booked,300,19 Sep 17:31
2026-09-19,Sat,5:30 pm to 6:00 pm,The Box Cage,Court 4,Not Booked,300,19 Sep 17:31
2026-09-19,Sat,5:30 pm to 6:00 pm,Zyng Gallant Sports Arena,Pickleball Courts (Outdoor),Not Booked,350,19 Sep 17:31
2026-09-19,Sat,6:00 pm to 6:30 pm,Anandmay Sports Club | Sector 128,Court 1,Not Booked,250,19 Sep 18:09
2026-09-19,Sat,6:00 pm to 6:30 pm,Anandmay Sports Club | Sector 128,Court 2,Not Booked,250,19 Sep 18:09
2026-09-19,Sat,6:00 pm to 6:30 pm,Arena 44,Hardy's Court 1,Booked,450,19 Sep 18:09
2026-09-19,Sat,6:00 pm to 6:30 pm,Arena 44,Hardy's Court 2,Booked,450,19 Sep 18:09
2026-09-19,Sat,6:00 pm to 6:30 pm,Arena 44,Hardy's Court 3,Booked,450,19 Sep 18:09
2026-09-19,Sat,6:00 pm to 6:30 pm,Arena 44,Hardy's Court 4,Booked,450,19 Sep 18:09
2026-09-19,Sat,6:00 pm to 6:30 pm,Arena 44,Court 1,Not Booked,550,19 Sep 17:31
2026-09-19,Sat,6:00 pm to 6:30 pm,Arena 44,Court 2,Booked,550,19 Sep 18:09
2026-09-19,Sat,6:00 pm to 6:30 pm,Arena 44,Court 3,Booked,550,19 Sep 17:31
2026-09-19,Sat,6:00 pm to 6:30 pm,CoPlay RISE | Sec 73 Noida,Court 1,Not Booked,200,19 Sep 18:09
2026-09-19,Sat,6:00 pm to 6:30 pm,CoPlay RISE | Sec 73 Noida,Court 2,Not Booked,200,19 Sep 18:09
2026-09-19,Sat,6:00 pm to 6:30 pm,Crickdome,Court 1,Not Booked,400,19 Sep 16:30
2026-09-19,Sat,6:00 pm to 6:30 pm,Crickdome,Court 2,Not Booked,400,19 Sep 18:09
2026-09-19,Sat,6:00 pm to 6:30 pm,Dinking Zone One29,Court 1,Not Booked,450,19 Sep 17:03
2026-09-19,Sat,6:00 pm to 6:30 pm,Dinking Zone One29,Court 2,Not Booked,450,19 Sep 18:09
2026-09-19,Sat,6:00 pm to 6:30 pm,Dinking Zone One29,Court 3,Not Booked,450,19 Sep 18:09
2026-09-19,Sat,6:00 pm to 7:00 pm,Downtown Pickleball | Sector 37,Pickleball Court,Not Booked,800,19 Sep 18:35
2026-09-19,Sat,6:00 pm to 6:30 pm,Heat Sports Arena 150,Court 1,Not Booked,450,19 Sep 18:09
2026-09-19,Sat,6:00 pm to 6:30 pm,Heat Sports Arena 150,Court 2,Not Booked,450,19 Sep 18:09
2026-09-19,Sat,6:00 pm to 7:00 pm,Noida Indoor Stadium,Court 1,Not Booked,944,19 Sep 18:35
2026-09-19,Sat,6:00 pm to 7:00 pm,Noida Indoor Stadium,Court 2,Not Booked,944,19 Sep 18:35
2026-09-19,Sat,6:00 pm to 7:00 pm,Noida Indoor Stadium,Court 3,Not Booked,944,19 Sep 18:35
2026-09-19,Sat,6:00 pm to 6:30 pm,Noida Pickleball Courts | Sec-100,Court 1,Not Booked,450,19 Sep 18:09
2026-09-19,Sat,6:00 pm to 6:30 pm,Noida Pickleball Courts | Sec-100,Court 2,Not Booked,450,19 Sep 18:09
2026-09-19,Sat,6:00 pm to 7:00 pm,Pickit | Vijay Sri Academy,Court 1,Not Booked,750,19 Sep 18:35
2026-09-19,Sat,6:00 pm to 7:00 pm,Pickit | Vijay Sri Academy,Court 2,Not Booked,750,19 Sep 18:35
2026-09-19,Sat,6:00 pm to 7:00 pm,Pickit | Vijay Sri Academy,Court 3,Not Booked,750,19 Sep 18:35
2026-09-19,Sat,6:00 pm to 6:30 pm,Pickle Pros | Noida,Pickleball Court 1,Not Booked,400,19 Sep 17:31
2026-09-19,Sat,6:00 pm to 6:30 pm,Pickle Pros | Noida,Pickleball Court 2,Not Booked,400,19 Sep 18:09
2026-09-19,Sat,6:00 pm to 6:30 pm,Pickle Pros | Noida,Pickleball Court 3,Not Booked,400,19 Sep 18:09
2026-09-19,Sat,6:00 pm to 6:30 pm,Pickle Pros | Noida,Pickleball Court 4,Not Booked,400,19 Sep 18:09
2026-09-19,Sat,6:00 pm to 6:30 pm,Pickleflow Social,Court 1,Not Booked,500,19 Sep 17:31
2026-09-19,Sat,6:00 pm to 6:30 pm,Pickleflow Social,Court 2,Booked,500,19 Sep 18:09
2026-09-19,Sat,6:00 pm to 6:30 pm,Pickleflow Social,Court 3,Booked,500,19 Sep 18:09
2026-09-19,Sat,6:00 pm to 7:00 pm,Pickleplay 121 | Indoor Arena,Court 1,Not Booked,700,19 Sep 18:35
2026-09-19,Sat,6:00 pm to 7:00 pm,Pickleplay 121 | Indoor Arena,Court 2,Not Booked,700,19 Sep 18:35
2026-09-19,Sat,6:00 pm to 7:00 pm,Pickleplay 121 | Indoor Arena,Court 3,Not Booked,700,19 Sep 18:35
2026-09-19,Sat,6:00 pm to 6:30 pm,PlayAll BSIC Noida 46,Court 1,Not Booked,200,19 Sep 18:09
2026-09-19,Sat,6:00 pm to 6:30 pm,PlayAll BSIC Noida 46,Court 2,Not Booked,200,19 Sep 18:09
2026-09-19,Sat,6:00 pm to 6:30 pm,PlayAll BSIC Noida 46,Court 3,Not Booked,200,19 Sep 18:09
2026-09-19,Sat,6:00 pm to 7:00 pm,PlayAll MPS Noida 11,Court 1,Not Booked,200,19 Sep 18:35
2026-09-19,Sat,6:00 pm to 7:00 pm,PlayAll MPS Noida 11,Court 2,Not Booked,200,19 Sep 18:35
2026-09-19,Sat,6:00 pm to 7:00 pm,PlayAll MPS Noida 11,Court 3,Not Booked,200,19 Sep 18:35
2026-09-19,Sat,6:00 pm to 7:00 pm,PlayAll Noida 105,Court 1,Not Booked,200,19 Sep 18:35
2026-09-19,Sat,6:00 pm to 7:00 pm,PlayAll Noida 105,Court 2,Not Booked,200,19 Sep 18:35
2026-09-19,Sat,6:00 pm to 7:00 pm,PlayAll Noida 105,Court 3,Not Booked,200,19 Sep 18:35
2026-09-19,Sat,6:00 pm to 7:00 pm,PlayAll Noida 73,Court 1,Not Booked,250,19 Sep 16:30
2026-09-19,Sat,6:00 pm to 7:00 pm,PlayAll Noida 73,Court 2,Not Booked,250,19 Sep 17:31
2026-09-19,Sat,6:00 pm to 7:00 pm,PlayAll Noida 73,Court 3,Not Booked,250,19 Sep 18:35
2026-09-19,Sat,6:00 pm to 6:30 pm,PlayLife | Sector 163,Pickleball Court 1,Not Booked,200,19 Sep 18:09
2026-09-19,Sat,6:00 pm to 6:30 pm,PlayLife | Sector 163,Pickleball Court 2,Not Booked,200,19 Sep 18:09
2026-09-19,Sat,6:00 pm to 6:30 pm,PlayLife | Sector 163,Pickleball Court 3,Not Booked,200,19 Sep 18:09
2026-09-19,Sat,6:00 pm to 6:30 pm,Rally N Roast | Sector 141,Court 1 (Blue),Not Booked,500,19 Sep 18:09
2026-09-19,Sat,6:00 pm to 6:30 pm,Rally N Roast | Sector 141,Court 2 (Pink),Not Booked,500,19 Sep 18:09
2026-09-19,Sat,6:00 pm to 6:30 pm,Rally N Roast | Sector 141,Court 3 (Blue),Not Booked,500,19 Sep 18:09
2026-09-19,Sat,6:00 pm to 6:30 pm,Sky Nine Rackets,Court 1,Not Booked,405,19 Sep 18:09
2026-09-19,Sat,6:00 pm to 6:30 pm,Sky Nine Rackets,Court 2,Not Booked,405,19 Sep 18:09
2026-09-19,Sat,6:00 pm to 6:30 pm,Sky Nine Rackets,Court 3,Not Booked,405,19 Sep 18:09
2026-09-19,Sat,6:00 pm to 6:30 pm,Sky Nine Rackets,Court 4,Not Booked,405,19 Sep 18:09
2026-09-19,Sat,6:00 pm to 6:30 pm,Sky Nine Rackets,Court 5,Not Booked,405,19 Sep 18:09
2026-09-19,Sat,6:00 pm to 6:30 pm,Spodium Arena | Sector 29,Court 1,Not Booked,399,19 Sep 17:31
2026-09-19,Sat,6:00 pm to 6:30 pm,Spodium Arena | Sector 29,Court 2,Not Booked,399,19 Sep 18:09
2026-09-19,Sat,6:00 pm to 6:30 pm,Spodium Arena | Sector 29,Court 3,Not Booked,399,19 Sep 18:09
2026-09-19,Sat,6:00 pm to 6:30 pm,Spodium Arena | Sector 29,Court 4,Not Booked,399,19 Sep 18:09
2026-09-19,Sat,6:00 pm to 7:00 pm,Spuddy Multisports Academy | Noida,Pickleball (Indoor),Filling Fast,400,19 Sep 18:35
2026-09-19,Sat,6:00 pm to 6:30 pm,The Box Cage,Court 1,Not Booked,300,19 Sep 18:09
2026-09-19,Sat,6:00 pm to 6:30 pm,The Box Cage,Court 2,Not Booked,300,19 Sep 18:09
2026-09-19,Sat,6:00 pm to 6:30 pm,The Box Cage,Court 3,Not Booked,300,19 Sep 18:09
2026-09-19,Sat,6:00 pm to 6:30 pm,The Box Cage,Court 4,Not Booked,300,19 Sep 18:09
2026-09-19,Sat,6:00 pm to 6:30 pm,Zyng Gallant Sports Arena,Pickleball Courts (Outdoor),Not Booked,350,19 Sep 18:09
2026-09-19,Sat,6:30 pm to 7:00 pm,Anandmay Sports Club | Sector 128,Court 1,Not Booked,250,19 Sep 18:35
2026-09-19,Sat,6:30 pm to 7:00 pm,Anandmay Sports Club | Sector 128,Court 2,Not Booked,250,19 Sep 18:09
2026-09-19,Sat,6:30 pm to 7:00 pm,Arena 44,Hardy's Court 1,Booked,450,19 Sep 18:35
2026-09-19,Sat,6:30 pm to 7:00 pm,Arena 44,Hardy's Court 2,Booked,450,19 Sep 18:35
2026-09-19,Sat,6:30 pm to 7:00 pm,Arena 44,Hardy's Court 3,Booked,450,19 Sep 18:09
2026-09-19,Sat,6:30 pm to 7:00 pm,Arena 44,Hardy's Court 4,Booked,450,19 Sep 18:35
2026-09-19,Sat,6:30 pm to 7:00 pm,Arena 44,Court 1,Not Booked,550,19 Sep 18:35
2026-09-19,Sat,6:30 pm to 7:00 pm,Arena 44,Court 2,Booked,550,19 Sep 18:35
2026-09-19,Sat,6:30 pm to 7:00 pm,Arena 44,Court 3,Booked,550,19 Sep 18:35
2026-09-19,Sat,6:30 pm to 7:00 pm,CoPlay RISE | Sec 73 Noida,Court 1,Not Booked,200,19 Sep 18:35
2026-09-19,Sat,6:30 pm to 7:00 pm,CoPlay RISE | Sec 73 Noida,Court 2,Not Booked,200,19 Sep 18:35
2026-09-19,Sat,6:30 pm to 7:00 pm,Crickdome,Court 1,Not Booked,400,19 Sep 16:30
2026-09-19,Sat,6:30 pm to 7:00 pm,Crickdome,Court 2,Not Booked,400,19 Sep 18:35
2026-09-19,Sat,6:30 pm to 7:00 pm,Dinking Zone One29,Court 1,Not Booked,450,19 Sep 18:35
2026-09-19,Sat,6:30 pm to 7:00 pm,Dinking Zone One29,Court 2,Not Booked,450,19 Sep 18:35
2026-09-19,Sat,6:30 pm to 7:00 pm,Dinking Zone One29,Court 3,Not Booked,450,19 Sep 18:35
2026-09-19,Sat,6:30 pm to 7:00 pm,Heat Sports Arena 150,Court 1,Not Booked,450,19 Sep 18:35
2026-09-19,Sat,6:30 pm to 7:00 pm,Heat Sports Arena 150,Court 2,Not Booked,450,19 Sep 18:35
2026-09-19,Sat,6:30 pm to 7:00 pm,Noida Pickleball Courts | Sec-100,Court 1,Not Booked,450,19 Sep 18:35
2026-09-19,Sat,6:30 pm to 7:00 pm,Noida Pickleball Courts | Sec-100,Court 2,Not Booked,450,19 Sep 18:35
2026-09-19,Sat,6:30 pm to 7:00 pm,Pickle Pros | Noida,Pickleball Court 1,Booked,400,19 Sep 17:31
2026-09-19,Sat,6:30 pm to 7:00 pm,Pickle Pros | Noida,Pickleball Court 2,Not Booked,400,19 Sep 17:03
2026-09-19,Sat,6:30 pm to 7:00 pm,Pickle Pros | Noida,Pickleball Court 3,Not Booked,400,19 Sep 18:35
2026-09-19,Sat,6:30 pm to 7:00 pm,Pickle Pros | Noida,Pickleball Court 4,Not Booked,400,19 Sep 18:35
2026-09-19,Sat,6:30 pm to 7:00 pm,Pickleflow Social,Court 1,Booked,500,19 Sep 18:35
2026-09-19,Sat,6:30 pm to 7:00 pm,Pickleflow Social,Court 2,Booked,500,19 Sep 18:35
2026-09-19,Sat,6:30 pm to 7:00 pm,Pickleflow Social,Court 3,Booked,500,19 Sep 18:35
2026-09-19,Sat,6:30 pm to 7:00 pm,PlayAll BSIC Noida 46,Court 1,Not Booked,200,19 Sep 18:35
2026-09-19,Sat,6:30 pm to 7:00 pm,PlayAll BSIC Noida 46,Court 2,Not Booked,200,19 Sep 18:35
2026-09-19,Sat,6:30 pm to 7:00 pm,PlayAll BSIC Noida 46,Court 3,Not Booked,200,19 Sep 18:35
2026-09-19,Sat,6:30 pm to 7:30 pm,PlayAll MPS Noida 11,Court 1,Not Booked,200,19 Sep 19:04
2026-09-19,Sat,6:30 pm to 7:30 pm,PlayAll MPS Noida 11,Court 2,Not Booked,200,19 Sep 19:04
2026-09-19,Sat,6:30 pm to 7:30 pm,PlayAll MPS Noida 11,Court 3,Not Booked,200,19 Sep 19:04
2026-09-19,Sat,6:30 pm to 7:30 pm,PlayAll Noida 105,Court 1,Not Booked,200,19 Sep 18:35
2026-09-19,Sat,6:30 pm to 7:30 pm,PlayAll Noida 105,Court 2,Not Booked,200,19 Sep 19:04
2026-09-19,Sat,6:30 pm to 7:30 pm,PlayAll Noida 105,Court 3,Not Booked,200,19 Sep 18:35
2026-09-19,Sat,6:30 pm to 7:30 pm,PlayAll Noida 73,Court 1,Not Booked,250,19 Sep 16:30
2026-09-19,Sat,6:30 pm to 7:30 pm,PlayAll Noida 73,Court 2,Not Booked,250,19 Sep 19:04
2026-09-19,Sat,6:30 pm to 7:30 pm,PlayAll Noida 73,Court 3,Not Booked,250,19 Sep 19:04
2026-09-19,Sat,6:30 pm to 7:00 pm,PlayLife | Sector 163,Pickleball Court 1,Not Booked,200,19 Sep 18:35
2026-09-19,Sat,6:30 pm to 7:00 pm,PlayLife | Sector 163,Pickleball Court 2,Not Booked,200,19 Sep 18:35
2026-09-19,Sat,6:30 pm to 7:00 pm,PlayLife | Sector 163,Pickleball Court 3,Not Booked,200,19 Sep 18:35
2026-09-19,Sat,6:30 pm to 7:00 pm,Rally N Roast | Sector 141,Court 1 (Blue),Not Booked,500,19 Sep 18:35
2026-09-19,Sat,6:30 pm to 7:00 pm,Rally N Roast | Sector 141,Court 2 (Pink),Not Booked,500,19 Sep 18:35
2026-09-19,Sat,6:30 pm to 7:00 pm,Rally N Roast | Sector 141,Court 3 (Blue),Not Booked,500,19 Sep 18:35
2026-09-19,Sat,6:30 pm to 7:00 pm,Sky Nine Rackets,Court 1,Not Booked,405,19 Sep 18:35
2026-09-19,Sat,6:30 pm to 7:00 pm,Sky Nine Rackets,Court 2,Not Booked,405,19 Sep 18:35
2026-09-19,Sat,6:30 pm to 7:00 pm,Sky Nine Rackets,Court 3,Not Booked,405,19 Sep 18:35
2026-09-19,Sat,6:30 pm to 7:00 pm,Sky Nine Rackets,Court 4,Not Booked,405,19 Sep 18:35
2026-09-19,Sat,6:30 pm to 7:00 pm,Sky Nine Rackets,Court 5,Not Booked,405,19 Sep 18:35
2026-09-19,Sat,6:30 pm to 7:00 pm,Spodium Arena | Sector 29,Court 1,Not Booked,399,19 Sep 18:35
2026-09-19,Sat,6:30 pm to 7:00 pm,Spodium Arena | Sector 29,Court 2,Booked,399,19 Sep 18:35
2026-09-19,Sat,6:30 pm to 7:00 pm,Spodium Arena | Sector 29,Court 3,Booked,399,19 Sep 18:35
2026-09-19,Sat,6:30 pm to 7:00 pm,Spodium Arena | Sector 29,Court 4,Not Booked,399,19 Sep 18:35
2026-09-19,Sat,6:30 pm to 7:00 pm,The Box Cage,Court 1,Not Booked,300,19 Sep 18:35
2026-09-19,Sat,6:30 pm to 7:00 pm,The Box Cage,Court 2,Not Booked,300,19 Sep 18:35
2026-09-19,Sat,6:30 pm to 7:00 pm,The Box Cage,Court 3,Not Booked,300,19 Sep 18:35
2026-09-19,Sat,6:30 pm to 7:00 pm,The Box Cage,Court 4,Not Booked,300,19 Sep 18:35
2026-09-19,Sat,6:30 pm to 7:00 pm,Zyng Gallant Sports Arena,Pickleball Courts (Outdoor),Not Booked,350,19 Sep 18:35
2026-09-19,Sat,7:00 pm to 7:30 pm,Anandmay Sports Club | Sector 128,Court 1,Not Booked,250,19 Sep 19:04
2026-09-19,Sat,7:00 pm to 7:30 pm,Anandmay Sports Club | Sector 128,Court 2,Not Booked,250,19 Sep 19:28
2026-09-19,Sat,7:00 pm to 7:30 pm,Arena 44,Hardy's Court 1,Booked,450,19 Sep 19:28
2026-09-19,Sat,7:00 pm to 7:30 pm,Arena 44,Hardy's Court 2,Booked,450,19 Sep 19:28
2026-09-19,Sat,7:00 pm to 7:30 pm,Arena 44,Hardy's Court 3,Booked,450,19 Sep 19:28
2026-09-19,Sat,7:00 pm to 7:30 pm,Arena 44,Hardy's Court 4,Booked,450,19 Sep 19:28
2026-09-19,Sat,7:00 pm to 7:30 pm,Arena 44,Court 1,Booked,550,19 Sep 19:28
2026-09-19,Sat,7:00 pm to 7:30 pm,Arena 44,Court 2,Booked,550,19 Sep 19:28
2026-09-19,Sat,7:00 pm to 7:30 pm,Arena 44,Court 3,Not Booked,550,19 Sep 19:28
2026-09-19,Sat,7:00 pm to 7:30 pm,CoPlay RISE | Sec 73 Noida,Court 1,Booked,200,19 Sep 19:28
2026-09-19,Sat,7:00 pm to 7:30 pm,CoPlay RISE | Sec 73 Noida,Court 2,Not Booked,200,19 Sep 19:28
2026-09-19,Sat,7:00 pm to 7:30 pm,CoPlay | Sec 50 Noida,Court 1,Booked,350,19 Sep 19:04
2026-09-19,Sat,7:00 pm to 7:30 pm,CoPlay | Sec 50 Noida,Court 2,Not Booked,350,19 Sep 19:28
2026-09-19,Sat,7:00 pm to 7:30 pm,CoPlay | Sec 50 Noida,Court 3,Not Booked,350,19 Sep 19:28
2026-09-19,Sat,7:00 pm to 7:30 pm,Crickdome,Court 1,Not Booked,400,19 Sep 16:30
2026-09-19,Sat,7:00 pm to 7:30 pm,Crickdome,Court 2,Not Booked,400,19 Sep 19:28
2026-09-19,Sat,7:00 pm to 7:30 pm,Dinking Zone One29,Court 1,Not Booked,450,19 Sep 19:28
2026-09-19,Sat,7:00 pm to 7:30 pm,Dinking Zone One29,Court 2,Not Booked,450,19 Sep 19:28
2026-09-19,Sat,7:00 pm to 7:30 pm,Dinking Zone One29,Court 3,Not Booked,450,19 Sep 19:04
2026-09-19,Sat,7:00 pm to 8:00 pm,Downtown Pickleball | Sector 37,Pickleball Court,Not Booked,800,19 Sep 19:28
2026-09-19,Sat,7:00 pm to 7:30 pm,Heat Sports Arena 150,Court 1,Not Booked,450,19 Sep 19:28
2026-09-19,Sat,7:00 pm to 7:30 pm,Heat Sports Arena 150,Court 2,Not Booked,450,19 Sep 19:28
2026-09-19,Sat,7:00 pm to 8:00 pm,Noida Indoor Stadium,Court 1,Not Booked,944,19 Sep 19:28
2026-09-19,Sat,7:00 pm to 8:00 pm,Noida Indoor Stadium,Court 2,Not Booked,944,19 Sep 19:28
2026-09-19,Sat,7:00 pm to 8:00 pm,Noida Indoor Stadium,Court 3,Not Booked,944,19 Sep 19:28
2026-09-19,Sat,7:00 pm to 7:30 pm,Noida Pickleball Courts | Sec-100,Court 1,Not Booked,450,19 Sep 18:35
2026-09-19,Sat,7:00 pm to 7:30 pm,Noida Pickleball Courts | Sec-100,Court 2,Not Booked,450,19 Sep 19:28
2026-09-19,Sat,7:00 pm to 8:00 pm,Pickit | Vijay Sri Academy,Court 1,Not Booked,750,19 Sep 19:28
2026-09-19,Sat,7:00 pm to 8:00 pm,Pickit | Vijay Sri Academy,Court 2,Not Booked,750,19 Sep 19:28
2026-09-19,Sat,7:00 pm to 8:00 pm,Pickit | Vijay Sri Academy,Court 3,Not Booked,750,19 Sep 19:28
2026-09-19,Sat,7:00 pm to 7:30 pm,Pickle Pros | Noida,Pickleball Court 1,Booked,400,19 Sep 19:28
2026-09-19,Sat,7:00 pm to 7:30 pm,Pickle Pros | Noida,Pickleball Court 2,Not Booked,400,19 Sep 17:03
2026-09-19,Sat,7:00 pm to 7:30 pm,Pickle Pros | Noida,Pickleball Court 3,Not Booked,400,19 Sep 19:28
2026-09-19,Sat,7:00 pm to 7:30 pm,Pickle Pros | Noida,Pickleball Court 4,Not Booked,400,19 Sep 19:28
2026-09-19,Sat,7:00 pm to 7:30 pm,Pickleflow Social,Court 1,Not Booked,500,19 Sep 18:35
2026-09-19,Sat,7:00 pm to 7:30 pm,Pickleflow Social,Court 2,Not Booked,500,19 Sep 19:28
2026-09-19,Sat,7:00 pm to 7:30 pm,Pickleflow Social,Court 3,Not Booked,500,19 Sep 19:28
2026-09-19,Sat,7:00 pm to 8:00 pm,Pickleplay 121 | Indoor Arena,Court 1,Not Booked,700,19 Sep 19:28
2026-09-19,Sat,7:00 pm to 8:00 pm,Pickleplay 121 | Indoor Arena,Court 2,Not Booked,700,19 Sep 19:28
2026-09-19,Sat,7:00 pm to 8:00 pm,Pickleplay 121 | Indoor Arena,Court 3,Not Booked,700,19 Sep 19:28
2026-09-19,Sat,7:00 pm to 7:30 pm,PlayAll BSIC Noida 46,Court 1,Not Booked,300,19 Sep 19:28
2026-09-19,Sat,7:00 pm to 7:30 pm,PlayAll BSIC Noida 46,Court 2,Not Booked,300,19 Sep 19:28
2026-09-19,Sat,7:00 pm to 7:30 pm,PlayAll BSIC Noida 46,Court 3,Not Booked,300,19 Sep 19:28
2026-09-19,Sat,7:00 pm to 8:00 pm,PlayAll MPS Noida 11,Court 1,Not Booked,200,19 Sep 19:04
2026-09-19,Sat,7:00 pm to 8:00 pm,PlayAll MPS Noida 11,Court 2,Not Booked,200,19 Sep 19:28
2026-09-19,Sat,7:00 pm to 8:00 pm,PlayAll MPS Noida 11,Court 3,Not Booked,200,19 Sep 19:28
2026-09-19,Sat,7:00 pm to 8:00 pm,PlayAll Noida 105,Court 1,Not Booked,300,19 Sep 18:35
2026-09-19,Sat,7:00 pm to 8:00 pm,PlayAll Noida 105,Court 2,Not Booked,300,19 Sep 19:28
2026-09-19,Sat,7:00 pm to 8:00 pm,PlayAll Noida 105,Court 3,Not Booked,300,19 Sep 18:35
2026-09-19,Sat,7:00 pm to 8:00 pm,PlayAll Noida 73,Court 1,Not Booked,250,19 Sep 19:28
2026-09-19,Sat,7:00 pm to 8:00 pm,PlayAll Noida 73,Court 2,Not Booked,250,19 Sep 15:30
2026-09-19,Sat,7:00 pm to 8:00 pm,PlayAll Noida 73,Court 3,Not Booked,250,19 Sep 19:04
2026-09-19,Sat,7:00 pm to 7:30 pm,PlayLife | Sector 163,Pickleball Court 1,Not Booked,200,19 Sep 19:28
2026-09-19,Sat,7:00 pm to 7:30 pm,PlayLife | Sector 163,Pickleball Court 2,Not Booked,200,19 Sep 19:28
2026-09-19,Sat,7:00 pm to 7:30 pm,PlayLife | Sector 163,Pickleball Court 3,Not Booked,200,19 Sep 19:28
2026-09-19,Sat,7:00 pm to 7:30 pm,Rally N Roast | Sector 141,Court 1 (Blue),Not Booked,500,19 Sep 19:28
2026-09-19,Sat,7:00 pm to 7:30 pm,Rally N Roast | Sector 141,Court 2 (Pink),Not Booked,500,19 Sep 19:28
2026-09-19,Sat,7:00 pm to 7:30 pm,Rally N Roast | Sector 141,Court 3 (Blue),Not Booked,500,19 Sep 19:28
2026-09-19,Sat,7:00 pm to 7:30 pm,Sky Nine Rackets,Court 1,Not Booked,405,19 Sep 19:28
2026-09-19,Sat,7:00 pm to 7:30 pm,Sky Nine Rackets,Court 2,Not Booked,405,19 Sep 19:04
2026-09-19,Sat,7:00 pm to 7:30 pm,Sky Nine Rackets,Court 3,Not Booked,405,19 Sep 19:28
2026-09-19,Sat,7:00 pm to 7:30 pm,Sky Nine Rackets,Court 4,Not Booked,405,19 Sep 19:28
2026-09-19,Sat,7:00 pm to 7:30 pm,Sky Nine Rackets,Court 5,Not Booked,405,19 Sep 19:28
2026-09-19,Sat,7:00 pm to 7:30 pm,Spodium Arena | Sector 29,Court 1,Booked,399,19 Sep 19:04
2026-09-19,Sat,7:00 pm to 7:30 pm,Spodium Arena | Sector 29,Court 2,Booked,399,19 Sep 19:28
2026-09-19,Sat,7:00 pm to 7:30 pm,Spodium Arena | Sector 29,Court 3,Booked,399,19 Sep 19:28
2026-09-19,Sat,7:00 pm to 7:30 pm,Spodium Arena | Sector 29,Court 4,Not Booked,399,19 Sep 19:28
2026-09-19,Sat,7:00 pm to 8:00 pm,Spuddy Multisports Academy | Noida,Pickleball (Indoor),Filling Fast,400,19 Sep 19:04
2026-09-19,Sat,7:00 pm to 7:30 pm,The Box Cage,Court 1,Not Booked,300,19 Sep 19:28
2026-09-19,Sat,7:00 pm to 7:30 pm,The Box Cage,Court 2,Not Booked,300,19 Sep 19:28
2026-09-19,Sat,7:00 pm to 7:30 pm,The Box Cage,Court 3,Not Booked,300,19 Sep 19:28
2026-09-19,Sat,7:00 pm to 7:30 pm,The Box Cage,Court 4,Not Booked,300,19 Sep 19:04
2026-09-19,Sat,7:00 pm to 7:30 pm,Zyng Gallant Sports Arena,Pickleball Courts (Outdoor),Not Booked,350,19 Sep 19:28
2026-09-19,Sat,7:30 pm to 8:00 pm,Anandmay Sports Club | Sector 128,Court 1,Not Booked,250,19 Sep 19:04
2026-09-19,Sat,7:30 pm to 8:00 pm,Anandmay Sports Club | Sector 128,Court 2,Not Booked,250,19 Sep 19:28
2026-09-19,Sat,7:30 pm to 8:00 pm,Arena 44,Hardy's Court 1,Booked,450,19 Sep 19:28
2026-09-19,Sat,7:30 pm to 8:00 pm,Arena 44,Hardy's Court 2,Booked,450,19 Sep 19:28
2026-09-19,Sat,7:30 pm to 8:00 pm,Arena 44,Hardy's Court 3,Booked,450,19 Sep 19:28
2026-09-19,Sat,7:30 pm to 8:00 pm,Arena 44,Hardy's Court 4,Booked,450,19 Sep 19:28
2026-09-19,Sat,7:30 pm to 8:00 pm,Arena 44,Court 1,Booked,550,19 Sep 19:28
2026-09-19,Sat,7:30 pm to 8:00 pm,Arena 44,Court 2,Not Booked,550,19 Sep 19:28
2026-09-19,Sat,7:30 pm to 8:00 pm,Arena 44,Court 3,Booked,550,19 Sep 19:28
2026-09-19,Sat,7:30 pm to 8:00 pm,CoPlay RISE | Sec 73 Noida,Court 1,Not Booked,200,19 Sep 19:28
2026-09-19,Sat,7:30 pm to 8:00 pm,CoPlay RISE | Sec 73 Noida,Court 2,Not Booked,200,19 Sep 19:28
2026-09-19,Sat,7:30 pm to 8:00 pm,CoPlay | Sec 50 Noida,Court 1,Booked,350,19 Sep 19:04
2026-09-19,Sat,7:30 pm to 8:00 pm,CoPlay | Sec 50 Noida,Court 2,Not Booked,350,19 Sep 19:28
2026-09-19,Sat,7:30 pm to 8:00 pm,CoPlay | Sec 50 Noida,Court 3,Not Booked,350,19 Sep 19:28
2026-09-19,Sat,7:30 pm to 8:00 pm,Crickdome,Court 1,Not Booked,400,19 Sep 16:30
2026-09-19,Sat,7:30 pm to 8:00 pm,Crickdome,Court 2,Not Booked,400,19 Sep 19:28
2026-09-19,Sat,7:30 pm to 8:00 pm,Dinking Zone One29,Court 1,Not Booked,450,19 Sep 19:28
2026-09-19,Sat,7:30 pm to 8:00 pm,Dinking Zone One29,Court 2,Not Booked,450,19 Sep 19:28
2026-09-19,Sat,7:30 pm to 8:00 pm,Dinking Zone One29,Court 3,Not Booked,450,19 Sep 19:04
2026-09-19,Sat,7:30 pm to 8:00 pm,Heat Sports Arena 150,Court 1,Not Booked,450,19 Sep 19:28
2026-09-19,Sat,7:30 pm to 8:00 pm,Heat Sports Arena 150,Court 2,Not Booked,450,19 Sep 19:28
2026-09-19,Sat,7:30 pm to 8:00 pm,Noida Pickleball Courts | Sec-100,Court 1,Not Booked,450,19 Sep 18:35
2026-09-19,Sat,7:30 pm to 8:00 pm,Noida Pickleball Courts | Sec-100,Court 2,Not Booked,450,19 Sep 19:28
2026-09-19,Sat,7:30 pm to 8:00 pm,Pickle Pros | Noida,Pickleball Court 1,Not Booked,400,19 Sep 19:28
2026-09-19,Sat,7:30 pm to 8:00 pm,Pickle Pros | Noida,Pickleball Court 2,Not Booked,400,19 Sep 19:28
2026-09-19,Sat,7:30 pm to 8:00 pm,Pickle Pros | Noida,Pickleball Court 3,Not Booked,400,19 Sep 19:28
2026-09-19,Sat,7:30 pm to 8:00 pm,Pickle Pros | Noida,Pickleball Court 4,Not Booked,400,19 Sep 19:28
2026-09-19,Sat,7:30 pm to 8:00 pm,Pickleflow Social,Court 1,Not Booked,500,19 Sep 18:35
2026-09-19,Sat,7:30 pm to 8:00 pm,Pickleflow Social,Court 2,Not Booked,500,19 Sep 19:28
2026-09-19,Sat,7:30 pm to 8:00 pm,Pickleflow Social,Court 3,Not Booked,500,19 Sep 19:28
2026-09-19,Sat,7:30 pm to 8:00 pm,PlayAll BSIC Noida 46,Court 1,Not Booked,300,19 Sep 19:28
2026-09-19,Sat,7:30 pm to 8:00 pm,PlayAll BSIC Noida 46,Court 2,Not Booked,300,19 Sep 19:28
2026-09-19,Sat,7:30 pm to 8:00 pm,PlayAll BSIC Noida 46,Court 3,Not Booked,300,19 Sep 19:28
2026-09-19,Sat,7:30 pm to 8:30 pm,PlayAll MPS Noida 11,Court 1,Not Booked,200,19 Sep 20:03
2026-09-19,Sat,7:30 pm to 8:30 pm,PlayAll MPS Noida 11,Court 2,Not Booked,200,19 Sep 20:03
2026-09-19,Sat,7:30 pm to 8:30 pm,PlayAll MPS Noida 11,Court 3,Not Booked,200,19 Sep 20:03
2026-09-19,Sat,7:30 pm to 8:30 pm,PlayAll Noida 105,Court 1,Not Booked,300,19 Sep 20:03
2026-09-19,Sat,7:30 pm to 8:30 pm,PlayAll Noida 105,Court 2,Not Booked,300,19 Sep 20:03
2026-09-19,Sat,7:30 pm to 8:30 pm,PlayAll Noida 105,Court 3,Not Booked,300,19 Sep 18:35
2026-09-19,Sat,7:30 pm to 8:30 pm,PlayAll Noida 73,Court 2,Not Booked,250,19 Sep 15:30
2026-09-19,Sat,7:30 pm to 8:30 pm,PlayAll Noida 73,Court 3,Not Booked,250,19 Sep 20:03
2026-09-19,Sat,7:30 pm to 8:00 pm,PlayLife | Sector 163,Pickleball Court 1,Not Booked,200,19 Sep 19:28
2026-09-19,Sat,7:30 pm to 8:00 pm,PlayLife | Sector 163,Pickleball Court 2,Not Booked,200,19 Sep 19:28
2026-09-19,Sat,7:30 pm to 8:00 pm,PlayLife | Sector 163,Pickleball Court 3,Not Booked,200,19 Sep 19:28
2026-09-19,Sat,7:30 pm to 8:00 pm,Rally N Roast | Sector 141,Court 1 (Blue),Not Booked,500,19 Sep 19:28
2026-09-19,Sat,7:30 pm to 8:00 pm,Rally N Roast | Sector 141,Court 2 (Pink),Not Booked,500,19 Sep 19:28
2026-09-19,Sat,7:30 pm to 8:00 pm,Rally N Roast | Sector 141,Court 3 (Blue),Not Booked,500,19 Sep 19:28
2026-09-19,Sat,7:30 pm to 8:00 pm,Sky Nine Rackets,Court 1,Not Booked,405,19 Sep 19:28
2026-09-19,Sat,7:30 pm to 8:00 pm,Sky Nine Rackets,Court 2,Not Booked,405,19 Sep 19:04
2026-09-19,Sat,7:30 pm to 8:00 pm,Sky Nine Rackets,Court 3,Not Booked,405,19 Sep 19:28
2026-09-19,Sat,7:30 pm to 8:00 pm,Sky Nine Rackets,Court 4,Not Booked,405,19 Sep 19:28
2026-09-19,Sat,7:30 pm to 8:00 pm,Sky Nine Rackets,Court 5,Not Booked,405,19 Sep 19:28
2026-09-19,Sat,7:30 pm to 8:00 pm,Spodium Arena | Sector 29,Court 1,Booked,399,19 Sep 19:04
2026-09-19,Sat,7:30 pm to 8:00 pm,Spodium Arena | Sector 29,Court 2,Booked,399,19 Sep 19:28
2026-09-19,Sat,7:30 pm to 8:00 pm,Spodium Arena | Sector 29,Court 3,Not Booked,399,19 Sep 19:28
2026-09-19,Sat,7:30 pm to 8:00 pm,Spodium Arena | Sector 29,Court 4,Booked,399,19 Sep 19:28
2026-09-19,Sat,7:30 pm to 8:00 pm,The Box Cage,Court 1,Not Booked,300,19 Sep 19:28
2026-09-19,Sat,7:30 pm to 8:00 pm,The Box Cage,Court 2,Not Booked,300,19 Sep 19:28
2026-09-19,Sat,7:30 pm to 8:00 pm,The Box Cage,Court 3,Not Booked,300,19 Sep 19:28
2026-09-19,Sat,7:30 pm to 8:00 pm,The Box Cage,Court 4,Not Booked,300,19 Sep 19:04
2026-09-19,Sat,7:30 pm to 8:00 pm,Zyng Gallant Sports Arena,Pickleball Courts (Outdoor),Not Booked,350,19 Sep 19:28
2026-09-19,Sat,8:00 pm to 8:30 pm,Anandmay Sports Club | Sector 128,Court 1,Not Booked,250,19 Sep 20:29
2026-09-19,Sat,8:00 pm to 8:30 pm,Anandmay Sports Club | Sector 128,Court 2,Not Booked,250,19 Sep 20:29
2026-09-19,Sat,8:00 pm to 8:30 pm,Arena 44,Hardy's Court 1,Booked,450,19 Sep 20:29
2026-09-19,Sat,8:00 pm to 8:30 pm,Arena 44,Hardy's Court 2,Booked,450,19 Sep 20:29
2026-09-19,Sat,8:00 pm to 8:30 pm,Arena 44,Hardy's Court 3,Booked,450,19 Sep 20:03
2026-09-19,Sat,8:00 pm to 8:30 pm,Arena 44,Hardy's Court 4,Booked,450,19 Sep 20:29
2026-09-19,Sat,8:00 pm to 8:30 pm,Arena 44,Court 1,Not Booked,550,19 Sep 20:29
2026-09-19,Sat,8:00 pm to 8:30 pm,Arena 44,Court 2,Booked,550,19 Sep 20:29
2026-09-19,Sat,8:00 pm to 8:30 pm,Arena 44,Court 3,Not Booked,550,19 Sep 20:29
2026-09-19,Sat,8:00 pm to 8:30 pm,CoPlay RISE | Sec 73 Noida,Court 1,Not Booked,200,19 Sep 20:29
2026-09-19,Sat,8:00 pm to 8:30 pm,CoPlay RISE | Sec 73 Noida,Court 2,Not Booked,200,19 Sep 20:29
2026-09-19,Sat,8:00 pm to 8:30 pm,CoPlay | Sec 50 Noida,Court 1,Not Booked,350,19 Sep 20:29
2026-09-19,Sat,8:00 pm to 8:30 pm,CoPlay | Sec 50 Noida,Court 2,Not Booked,350,19 Sep 20:03
2026-09-19,Sat,8:00 pm to 8:30 pm,CoPlay | Sec 50 Noida,Court 3,Not Booked,350,19 Sep 20:29
2026-09-19,Sat,8:00 pm to 8:30 pm,Crickdome,Court 1,Not Booked,400,19 Sep 16:30
2026-09-19,Sat,8:00 pm to 8:30 pm,Crickdome,Court 2,Not Booked,400,19 Sep 20:29
2026-09-19,Sat,8:00 pm to 8:30 pm,Dinking Zone One29,Court 1,Not Booked,450,19 Sep 20:03
2026-09-19,Sat,8:00 pm to 8:30 pm,Dinking Zone One29,Court 2,Not Booked,450,19 Sep 20:29
2026-09-19,Sat,8:00 pm to 8:30 pm,Dinking Zone One29,Court 3,Not Booked,450,19 Sep 20:29
2026-09-19,Sat,8:00 pm to 9:00 pm,Downtown Pickleball | Sector 37,Pickleball Court,Booked,800,19 Sep 20:29
2026-09-19,Sat,8:00 pm to 8:30 pm,Heat Sports Arena 150,Court 1,Not Booked,450,19 Sep 20:29
2026-09-19,Sat,8:00 pm to 8:30 pm,Heat Sports Arena 150,Court 2,Not Booked,450,19 Sep 20:29
2026-09-19,Sat,8:00 pm to 9:00 pm,Noida Indoor Stadium,Court 1,Not Booked,944,19 Sep 16:30
2026-09-19,Sat,8:00 pm to 9:00 pm,Noida Indoor Stadium,Court 2,Not Booked,944,19 Sep 16:30
2026-09-19,Sat,8:00 pm to 9:00 pm,Noida Indoor Stadium,Court 3,Not Booked,944,19 Sep 16:30
2026-09-19,Sat,8:00 pm to 8:30 pm,Noida Pickleball Courts | Sec-100,Court 1,Not Booked,450,19 Sep 20:29
2026-09-19,Sat,8:00 pm to 8:30 pm,Noida Pickleball Courts | Sec-100,Court 2,Not Booked,450,19 Sep 20:29
2026-09-19,Sat,8:00 pm to 9:00 pm,Pickit | Vijay Sri Academy,Court 1,Not Booked,750,19 Sep 20:29
2026-09-19,Sat,8:00 pm to 9:00 pm,Pickit | Vijay Sri Academy,Court 2,Not Booked,750,19 Sep 20:29
2026-09-19,Sat,8:00 pm to 9:00 pm,Pickit | Vijay Sri Academy,Court 3,Not Booked,750,19 Sep 20:29
2026-09-19,Sat,8:00 pm to 8:30 pm,Pickle Pros | Noida,Pickleball Court 1,Not Booked,400,19 Sep 20:29
2026-09-19,Sat,8:00 pm to 8:30 pm,Pickle Pros | Noida,Pickleball Court 2,Not Booked,400,19 Sep 20:29
2026-09-19,Sat,8:00 pm to 8:30 pm,Pickle Pros | Noida,Pickleball Court 3,Not Booked,400,19 Sep 20:29
2026-09-19,Sat,8:00 pm to 8:30 pm,Pickle Pros | Noida,Pickleball Court 4,Not Booked,400,19 Sep 20:29
2026-09-19,Sat,8:00 pm to 8:30 pm,Pickleflow Social,Court 1,Not Booked,500,19 Sep 20:29
2026-09-19,Sat,8:00 pm to 8:30 pm,Pickleflow Social,Court 2,Not Booked,500,19 Sep 20:03
2026-09-19,Sat,8:00 pm to 8:30 pm,Pickleflow Social,Court 3,Not Booked,500,19 Sep 20:29
2026-09-19,Sat,8:00 pm to 9:00 pm,Pickleplay 121 | Indoor Arena,Court 1,Not Booked,700,19 Sep 20:29
2026-09-19,Sat,8:00 pm to 9:00 pm,Pickleplay 121 | Indoor Arena,Court 2,Not Booked,700,19 Sep 20:29
2026-09-19,Sat,8:00 pm to 9:00 pm,Pickleplay 121 | Indoor Arena,Court 3,Not Booked,700,19 Sep 20:29
2026-09-19,Sat,8:00 pm to 8:30 pm,PlayAll BSIC Noida 46,Court 1,Not Booked,300,19 Sep 17:31
2026-09-19,Sat,8:00 pm to 8:30 pm,PlayAll BSIC Noida 46,Court 2,Not Booked,300,19 Sep 20:29
2026-09-19,Sat,8:00 pm to 8:30 pm,PlayAll BSIC Noida 46,Court 3,Not Booked,300,19 Sep 20:29
2026-09-19,Sat,8:00 pm to 9:00 pm,PlayAll MPS Noida 11,Court 1,Not Booked,200,19 Sep 15:30
2026-09-19,Sat,8:00 pm to 9:00 pm,PlayAll MPS Noida 11,Court 2,Not Booked,200,19 Sep 20:29
2026-09-19,Sat,8:00 pm to 9:00 pm,PlayAll MPS Noida 11,Court 3,Not Booked,200,19 Sep 20:03
2026-09-19,Sat,8:00 pm to 9:00 pm,PlayAll Noida 105,Court 1,Not Booked,300,19 Sep 14:30
2026-09-19,Sat,8:00 pm to 9:00 pm,PlayAll Noida 105,Court 2,Not Booked,300,19 Sep 18:09
2026-09-19,Sat,8:00 pm to 9:00 pm,PlayAll Noida 105,Court 3,Not Booked,300,19 Sep 20:29
2026-09-19,Sat,8:00 pm to 9:00 pm,PlayAll Noida 73,Court 2,Not Booked,250,19 Sep 15:30
2026-09-19,Sat,8:00 pm to 9:00 pm,PlayAll Noida 73,Court 3,Not Booked,250,19 Sep 17:31
2026-09-19,Sat,8:00 pm to 8:30 pm,PlayLife | Sector 163,Pickleball Court 1,Not Booked,200,19 Sep 20:29
2026-09-19,Sat,8:00 pm to 8:30 pm,PlayLife | Sector 163,Pickleball Court 2,Not Booked,200,19 Sep 20:29
2026-09-19,Sat,8:00 pm to 8:30 pm,PlayLife | Sector 163,Pickleball Court 3,Not Booked,200,19 Sep 20:29
2026-09-19,Sat,8:00 pm to 8:30 pm,Rally N Roast | Sector 141,Court 1 (Blue),Not Booked,500,19 Sep 20:29
2026-09-19,Sat,8:00 pm to 8:30 pm,Rally N Roast | Sector 141,Court 2 (Pink),Not Booked,500,19 Sep 20:29
2026-09-19,Sat,8:00 pm to 8:30 pm,Rally N Roast | Sector 141,Court 3 (Blue),Not Booked,500,19 Sep 20:29
2026-09-19,Sat,8:00 pm to 8:30 pm,Sky Nine Rackets,Court 1,Not Booked,405,19 Sep 19:28
2026-09-19,Sat,8:00 pm to 8:30 pm,Sky Nine Rackets,Court 2,Not Booked,405,19 Sep 20:29
2026-09-19,Sat,8:00 pm to 8:30 pm,Sky Nine Rackets,Court 3,Not Booked,405,19 Sep 20:29
2026-09-19,Sat,8:00 pm to 8:30 pm,Sky Nine Rackets,Court 4,Not Booked,405,19 Sep 20:29
2026-09-19,Sat,8:00 pm to 8:30 pm,Sky Nine Rackets,Court 5,Not Booked,405,19 Sep 19:28
2026-09-19,Sat,8:00 pm to 8:30 pm,Spodium Arena | Sector 29,Court 1,Booked,399,19 Sep 19:04
2026-09-19,Sat,8:00 pm to 8:30 pm,Spodium Arena | Sector 29,Court 2,Booked,399,19 Sep 20:29
2026-09-19,Sat,8:00 pm to 8:30 pm,Spodium Arena | Sector 29,Court 3,Not Booked,399,19 Sep 20:29
2026-09-19,Sat,8:00 pm to 8:30 pm,Spodium Arena | Sector 29,Court 4,Booked,399,19 Sep 20:29
2026-09-19,Sat,8:00 pm to 9:00 pm,Spuddy Multisports Academy | Noida,Pickleball (Indoor),Filling Fast,400,19 Sep 20:29
2026-09-19,Sat,8:00 pm to 8:30 pm,The Box Cage,Court 1,Not Booked,300,19 Sep 20:29
2026-09-19,Sat,8:00 pm to 8:30 pm,The Box Cage,Court 2,Not Booked,300,19 Sep 19:28
2026-09-19,Sat,8:00 pm to 8:30 pm,The Box Cage,Court 3,Not Booked,300,19 Sep 20:29
2026-09-19,Sat,8:00 pm to 8:30 pm,The Box Cage,Court 4,Not Booked,300,19 Sep 20:29
2026-09-19,Sat,8:00 pm to 8:30 pm,Zyng Gallant Sports Arena,Pickleball Courts (Outdoor),Not Booked,350,19 Sep 20:29
2026-09-19,Sat,8:30 pm to 9:00 pm,Anandmay Sports Club | Sector 128,Court 1,Not Booked,250,19 Sep 20:29
2026-09-19,Sat,8:30 pm to 9:00 pm,Anandmay Sports Club | Sector 128,Court 2,Not Booked,250,19 Sep 20:29
2026-09-19,Sat,8:30 pm to 9:00 pm,Arena 44,Hardy's Court 1,Booked,450,19 Sep 20:29
2026-09-19,Sat,8:30 pm to 9:00 pm,Arena 44,Hardy's Court 2,Booked,450,19 Sep 20:29
2026-09-19,Sat,8:30 pm to 9:00 pm,Arena 44,Hardy's Court 3,Booked,450,19 Sep 20:03
2026-09-19,Sat,8:30 pm to 9:00 pm,Arena 44,Hardy's Court 4,Booked,450,19 Sep 20:29
2026-09-19,Sat,8:30 pm to 9:00 pm,Arena 44,Court 1,Booked,550,19 Sep 20:29
2026-09-19,Sat,8:30 pm to 9:00 pm,Arena 44,Court 2,Booked,550,19 Sep 20:29
2026-09-19,Sat,8:30 pm to 9:00 pm,Arena 44,Court 3,Booked,550,19 Sep 20:29
2026-09-19,Sat,8:30 pm to 9:00 pm,CoPlay RISE | Sec 73 Noida,Court 1,Not Booked,200,19 Sep 20:29
2026-09-19,Sat,8:30 pm to 9:00 pm,CoPlay RISE | Sec 73 Noida,Court 2,Not Booked,200,19 Sep 20:29
2026-09-19,Sat,8:30 pm to 9:00 pm,CoPlay | Sec 50 Noida,Court 1,Not Booked,350,19 Sep 20:29
2026-09-19,Sat,8:30 pm to 9:00 pm,CoPlay | Sec 50 Noida,Court 2,Not Booked,350,19 Sep 20:03
2026-09-19,Sat,8:30 pm to 9:00 pm,CoPlay | Sec 50 Noida,Court 3,Not Booked,350,19 Sep 20:29
2026-09-19,Sat,8:30 pm to 9:00 pm,Crickdome,Court 1,Not Booked,400,19 Sep 16:30
2026-09-19,Sat,8:30 pm to 9:00 pm,Crickdome,Court 2,Not Booked,400,19 Sep 20:29
2026-09-19,Sat,8:30 pm to 9:00 pm,Dinking Zone One29,Court 1,Not Booked,450,19 Sep 20:03
2026-09-19,Sat,8:30 pm to 9:00 pm,Dinking Zone One29,Court 2,Not Booked,450,19 Sep 20:29
2026-09-19,Sat,8:30 pm to 9:00 pm,Dinking Zone One29,Court 3,Not Booked,450,19 Sep 20:29
2026-09-19,Sat,8:30 pm to 9:00 pm,Heat Sports Arena 150,Court 1,Not Booked,450,19 Sep 20:29
2026-09-19,Sat,8:30 pm to 9:00 pm,Heat Sports Arena 150,Court 2,Not Booked,450,19 Sep 20:29
2026-09-19,Sat,8:30 pm to 9:00 pm,Noida Pickleball Courts | Sec-100,Court 1,Not Booked,450,19 Sep 20:29
2026-09-19,Sat,8:30 pm to 9:00 pm,Noida Pickleball Courts | Sec-100,Court 2,Not Booked,450,19 Sep 20:29
2026-09-19,Sat,8:30 pm to 9:00 pm,Pickle Pros | Noida,Pickleball Court 1,Not Booked,400,19 Sep 20:29
2026-09-19,Sat,8:30 pm to 9:00 pm,Pickle Pros | Noida,Pickleball Court 2,Not Booked,400,19 Sep 20:29
2026-09-19,Sat,8:30 pm to 9:00 pm,Pickle Pros | Noida,Pickleball Court 3,Not Booked,400,19 Sep 20:29
2026-09-19,Sat,8:30 pm to 9:00 pm,Pickle Pros | Noida,Pickleball Court 4,Not Booked,400,19 Sep 20:29
2026-09-19,Sat,8:30 pm to 9:00 pm,Pickleflow Social,Court 1,Not Booked,500,19 Sep 20:29
2026-09-19,Sat,8:30 pm to 9:00 pm,Pickleflow Social,Court 2,Not Booked,500,19 Sep 20:03
2026-09-19,Sat,8:30 pm to 9:00 pm,Pickleflow Social,Court 3,Not Booked,500,19 Sep 20:29
2026-09-19,Sat,8:30 pm to 9:00 pm,PlayAll BSIC Noida 46,Court 1,Not Booked,300,19 Sep 17:31
2026-09-19,Sat,8:30 pm to 9:00 pm,PlayAll BSIC Noida 46,Court 2,Not Booked,300,19 Sep 20:29
2026-09-19,Sat,8:30 pm to 9:00 pm,PlayAll BSIC Noida 46,Court 3,Not Booked,300,19 Sep 20:29
2026-09-19,Sat,8:30 pm to 9:30 pm,PlayAll MPS Noida 11,Court 1,Not Booked,200,19 Sep 15:30
2026-09-19,Sat,8:30 pm to 9:30 pm,PlayAll MPS Noida 11,Court 2,Not Booked,200,19 Sep 21:04
2026-09-19,Sat,8:30 pm to 9:30 pm,PlayAll MPS Noida 11,Court 3,Not Booked,200,19 Sep 21:04
2026-09-19,Sat,8:30 pm to 9:30 pm,PlayAll Noida 105,Court 1,Not Booked,300,19 Sep 14:30
2026-09-19,Sat,8:30 pm to 9:30 pm,PlayAll Noida 105,Court 2,Not Booked,300,19 Sep 21:04
2026-09-19,Sat,8:30 pm to 9:30 pm,PlayAll Noida 105,Court 3,Not Booked,300,19 Sep 21:04
2026-09-19,Sat,8:30 pm to 9:30 pm,PlayAll Noida 73,Court 2,Not Booked,250,19 Sep 15:30
2026-09-19,Sat,8:30 pm to 9:30 pm,PlayAll Noida 73,Court 3,Not Booked,250,19 Sep 17:31
2026-09-19,Sat,8:30 pm to 9:00 pm,PlayLife | Sector 163,Pickleball Court 1,Not Booked,200,19 Sep 20:29
2026-09-19,Sat,8:30 pm to 9:00 pm,PlayLife | Sector 163,Pickleball Court 2,Not Booked,200,19 Sep 20:29
2026-09-19,Sat,8:30 pm to 9:00 pm,PlayLife | Sector 163,Pickleball Court 3,Not Booked,200,19 Sep 20:29
2026-09-19,Sat,8:30 pm to 9:00 pm,Rally N Roast | Sector 141,Court 1 (Blue),Not Booked,500,19 Sep 20:29
2026-09-19,Sat,8:30 pm to 9:00 pm,Rally N Roast | Sector 141,Court 2 (Pink),Not Booked,500,19 Sep 20:29
2026-09-19,Sat,8:30 pm to 9:00 pm,Rally N Roast | Sector 141,Court 3 (Blue),Not Booked,500,19 Sep 20:29
2026-09-19,Sat,8:30 pm to 9:00 pm,Sky Nine Rackets,Court 1,Not Booked,405,19 Sep 19:28
2026-09-19,Sat,8:30 pm to 9:00 pm,Sky Nine Rackets,Court 2,Not Booked,405,19 Sep 20:29
2026-09-19,Sat,8:30 pm to 9:00 pm,Sky Nine Rackets,Court 3,Not Booked,405,19 Sep 20:29
2026-09-19,Sat,8:30 pm to 9:00 pm,Sky Nine Rackets,Court 4,Not Booked,405,19 Sep 20:29
2026-09-19,Sat,8:30 pm to 9:00 pm,Sky Nine Rackets,Court 5,Not Booked,405,19 Sep 19:28
2026-09-19,Sat,8:30 pm to 9:00 pm,Spodium Arena | Sector 29,Court 1,Booked,399,19 Sep 19:04
2026-09-19,Sat,8:30 pm to 9:00 pm,Spodium Arena | Sector 29,Court 2,Booked,399,19 Sep 20:29
2026-09-19,Sat,8:30 pm to 9:00 pm,Spodium Arena | Sector 29,Court 3,Booked,399,19 Sep 20:29
2026-09-19,Sat,8:30 pm to 9:00 pm,Spodium Arena | Sector 29,Court 4,Not Booked,399,19 Sep 20:29
2026-09-19,Sat,8:30 pm to 9:00 pm,The Box Cage,Court 1,Not Booked,300,19 Sep 20:29
2026-09-19,Sat,8:30 pm to 9:00 pm,The Box Cage,Court 2,Not Booked,300,19 Sep 19:28
2026-09-19,Sat,8:30 pm to 9:00 pm,The Box Cage,Court 3,Not Booked,300,19 Sep 20:29
2026-09-19,Sat,8:30 pm to 9:00 pm,The Box Cage,Court 4,Not Booked,300,19 Sep 20:29
2026-09-19,Sat,8:30 pm to 9:00 pm,Zyng Gallant Sports Arena,Pickleball Courts (Outdoor),Not Booked,350,19 Sep 20:29
2026-09-19,Sat,9:00 pm to 9:30 pm,Anandmay Sports Club | Sector 128,Court 1,Not Booked,250,19 Sep 21:28
2026-09-19,Sat,9:00 pm to 9:30 pm,Anandmay Sports Club | Sector 128,Court 2,Not Booked,250,19 Sep 21:04
2026-09-19,Sat,9:00 pm to 9:30 pm,Arena 44,Hardy's Court 1,Booked,450,19 Sep 21:28
2026-09-19,Sat,9:00 pm to 9:30 pm,Arena 44,Hardy's Court 2,Not Booked,450,19 Sep 21:28
2026-09-19,Sat,9:00 pm to 9:30 pm,Arena 44,Hardy's Court 3,Booked,450,19 Sep 21:28
2026-09-19,Sat,9:00 pm to 9:30 pm,Arena 44,Hardy's Court 4,Booked,450,19 Sep 21:28
2026-09-19,Sat,9:00 pm to 9:30 pm,Arena 44,Court 1,Booked,550,19 Sep 21:28
2026-09-19,Sat,9:00 pm to 9:30 pm,Arena 44,Court 2,Not Booked,550,19 Sep 21:04
2026-09-19,Sat,9:00 pm to 9:30 pm,Arena 44,Court 3,Booked,550,19 Sep 21:28
2026-09-19,Sat,9:00 pm to 9:30 pm,CoPlay RISE | Sec 73 Noida,Court 1,Not Booked,200,19 Sep 21:28
2026-09-19,Sat,9:00 pm to 9:30 pm,CoPlay RISE | Sec 73 Noida,Court 2,Not Booked,200,19 Sep 21:28
2026-09-19,Sat,9:00 pm to 9:30 pm,Crickdome,Court 1,Not Booked,400,19 Sep 21:04
2026-09-19,Sat,9:00 pm to 9:30 pm,Crickdome,Court 2,Not Booked,400,19 Sep 21:28
2026-09-19,Sat,9:00 pm to 9:30 pm,Dinking Zone One29,Court 1,Not Booked,450,19 Sep 21:04
2026-09-19,Sat,9:00 pm to 9:30 pm,Dinking Zone One29,Court 2,Not Booked,450,19 Sep 21:28
2026-09-19,Sat,9:00 pm to 9:30 pm,Dinking Zone One29,Court 3,Not Booked,450,19 Sep 21:28
2026-09-19,Sat,9:00 pm to 10:00 pm,Downtown Pickleball | Sector 37,Pickleball Court,Not Booked,800,19 Sep 21:28
2026-09-19,Sat,9:00 pm to 9:30 pm,Heat Sports Arena 150,Court 1,Not Booked,450,19 Sep 21:28
2026-09-19,Sat,9:00 pm to 9:30 pm,Heat Sports Arena 150,Court 2,Not Booked,450,19 Sep 21:28
2026-09-19,Sat,9:00 pm to 10:00 pm,Noida Indoor Stadium,Court 1,Not Booked,944,19 Sep 16:30
2026-09-19,Sat,9:00 pm to 10:00 pm,Noida Indoor Stadium,Court 2,Not Booked,944,19 Sep 16:30
2026-09-19,Sat,9:00 pm to 10:00 pm,Noida Indoor Stadium,Court 3,Not Booked,944,19 Sep 16:30
2026-09-19,Sat,9:00 pm to 9:30 pm,Noida Pickleball Courts | Sec-100,Court 1,Not Booked,450,19 Sep 21:04
2026-09-19,Sat,9:00 pm to 9:30 pm,Noida Pickleball Courts | Sec-100,Court 2,Not Booked,450,19 Sep 21:28
2026-09-19,Sat,9:00 pm to 10:00 pm,Pickit | Vijay Sri Academy,Court 1,Not Booked,750,19 Sep 21:28
2026-09-19,Sat,9:00 pm to 10:00 pm,Pickit | Vijay Sri Academy,Court 2,Not Booked,750,19 Sep 21:28
2026-09-19,Sat,9:00 pm to 10:00 pm,Pickit | Vijay Sri Academy,Court 3,Not Booked,750,19 Sep 21:28
2026-09-19,Sat,9:00 pm to 9:30 pm,Pickle Pros | Noida,Pickleball Court 1,Not Booked,400,19 Sep 21:28
2026-09-19,Sat,9:00 pm to 9:30 pm,Pickle Pros | Noida,Pickleball Court 2,Not Booked,400,19 Sep 21:28
2026-09-19,Sat,9:00 pm to 9:30 pm,Pickle Pros | Noida,Pickleball Court 3,Not Booked,400,19 Sep 21:04
2026-09-19,Sat,9:00 pm to 9:30 pm,Pickle Pros | Noida,Pickleball Court 4,Not Booked,400,19 Sep 21:28
2026-09-19,Sat,9:00 pm to 9:30 pm,Pickleflow Social,Court 1,Not Booked,500,19 Sep 20:29
2026-09-19,Sat,9:00 pm to 9:30 pm,Pickleflow Social,Court 2,Not Booked,500,19 Sep 21:28
2026-09-19,Sat,9:00 pm to 9:30 pm,Pickleflow Social,Court 3,Not Booked,500,19 Sep 21:28
2026-09-19,Sat,9:00 pm to 10:00 pm,Pickleplay 121 | Indoor Arena,Court 1,Not Booked,700,19 Sep 21:04
2026-09-19,Sat,9:00 pm to 10:00 pm,Pickleplay 121 | Indoor Arena,Court 2,Not Booked,700,19 Sep 13:30
2026-09-19,Sat,9:00 pm to 10:00 pm,Pickleplay 121 | Indoor Arena,Court 3,Not Booked,700,19 Sep 21:28
2026-09-19,Sat,9:00 pm to 9:30 pm,PlayAll BSIC Noida 46,Court 1,Not Booked,300,19 Sep 21:04
2026-09-19,Sat,9:00 pm to 9:30 pm,PlayAll BSIC Noida 46,Court 2,Not Booked,300,19 Sep 21:28
2026-09-19,Sat,9:00 pm to 9:30 pm,PlayAll BSIC Noida 46,Court 3,Not Booked,300,19 Sep 10:31
2026-09-19,Sat,9:00 pm to 10:00 pm,PlayAll MPS Noida 11,Court 1,Not Booked,200,19 Sep 15:30
2026-09-19,Sat,9:00 pm to 10:00 pm,PlayAll MPS Noida 11,Court 2,Not Booked,200,19 Sep 19:28
2026-09-19,Sat,9:00 pm to 10:00 pm,PlayAll MPS Noida 11,Court 3,Not Booked,200,19 Sep 21:28
2026-09-19,Sat,9:00 pm to 10:00 pm,PlayAll Noida 105,Court 1,Not Booked,300,19 Sep 14:30
2026-09-19,Sat,9:00 pm to 10:00 pm,PlayAll Noida 105,Court 2,Not Booked,300,19 Sep 18:35
2026-09-19,Sat,9:00 pm to 10:00 pm,PlayAll Noida 105,Court 3,Not Booked,300,19 Sep 18:35
2026-09-19,Sat,9:00 pm to 10:00 pm,PlayAll Noida 73,Court 2,Not Booked,250,19 Sep 21:28
2026-09-19,Sat,9:00 pm to 10:00 pm,PlayAll Noida 73,Court 3,Not Booked,250,19 Sep 21:28
2026-09-19,Sat,9:00 pm to 9:30 pm,PlayLife | Sector 163,Pickleball Court 1,Not Booked,200,19 Sep 21:28
2026-09-19,Sat,9:00 pm to 9:30 pm,PlayLife | Sector 163,Pickleball Court 2,Not Booked,200,19 Sep 21:28
2026-09-19,Sat,9:00 pm to 9:30 pm,PlayLife | Sector 163,Pickleball Court 3,Not Booked,200,19 Sep 21:28
2026-09-19,Sat,9:00 pm to 9:30 pm,Rally N Roast | Sector 141,Court 1 (Blue),Not Booked,500,19 Sep 21:28
2026-09-19,Sat,9:00 pm to 9:30 pm,Rally N Roast | Sector 141,Court 2 (Pink),Not Booked,500,19 Sep 21:28
2026-09-19,Sat,9:00 pm to 9:30 pm,Rally N Roast | Sector 141,Court 3 (Blue),Not Booked,500,19 Sep 21:28
2026-09-19,Sat,9:00 pm to 9:30 pm,Sky Nine Rackets,Court 1,Not Booked,405,19 Sep 21:28
2026-09-19,Sat,9:00 pm to 9:30 pm,Sky Nine Rackets,Court 2,Not Booked,405,19 Sep 21:28
2026-09-19,Sat,9:00 pm to 9:30 pm,Sky Nine Rackets,Court 3,Not Booked,405,19 Sep 21:28
2026-09-19,Sat,9:00 pm to 9:30 pm,Sky Nine Rackets,Court 4,Not Booked,405,19 Sep 21:28
2026-09-19,Sat,9:00 pm to 9:30 pm,Sky Nine Rackets,Court 5,Not Booked,405,19 Sep 21:28
2026-09-19,Sat,9:00 pm to 9:30 pm,Spodium Arena | Sector 29,Court 1,Booked,399,19 Sep 21:28
2026-09-19,Sat,9:00 pm to 9:30 pm,Spodium Arena | Sector 29,Court 2,Booked,399,19 Sep 21:28
2026-09-19,Sat,9:00 pm to 9:30 pm,Spodium Arena | Sector 29,Court 3,Booked,399,19 Sep 21:28
2026-09-19,Sat,9:00 pm to 9:30 pm,Spodium Arena | Sector 29,Court 4,Not Booked,399,19 Sep 21:04
2026-09-19,Sat,9:00 pm to 10:00 pm,Spuddy Multisports Academy | Noida,Pickleball (Indoor),Filling Fast,400,19 Sep 21:28
2026-09-19,Sat,9:00 pm to 9:30 pm,The Box Cage,Court 1,Not Booked,300,19 Sep 21:04
2026-09-19,Sat,9:00 pm to 9:30 pm,The Box Cage,Court 2,Not Booked,300,19 Sep 21:28
2026-09-19,Sat,9:00 pm to 9:30 pm,The Box Cage,Court 3,Not Booked,300,19 Sep 21:28
2026-09-19,Sat,9:00 pm to 9:30 pm,The Box Cage,Court 4,Not Booked,300,19 Sep 21:28
2026-09-19,Sat,9:00 pm to 9:30 pm,Zyng Gallant Sports Arena,Pickleball Courts (Outdoor),Not Booked,350,19 Sep 21:28
2026-09-19,Sat,9:30 pm to 10:00 pm,Anandmay Sports Club | Sector 128,Court 1,Not Booked,250,19 Sep 21:28
2026-09-19,Sat,9:30 pm to 10:00 pm,Anandmay Sports Club | Sector 128,Court 2,Not Booked,250,19 Sep 21:04
2026-09-19,Sat,9:30 pm to 10:00 pm,Arena 44,Hardy's Court 1,Booked,450,19 Sep 21:28
2026-09-19,Sat,9:30 pm to 10:00 pm,Arena 44,Hardy's Court 2,Not Booked,450,19 Sep 21:28
2026-09-19,Sat,9:30 pm to 10:00 pm,Arena 44,Hardy's Court 3,Not Booked,450,19 Sep 21:28
2026-09-19,Sat,9:30 pm to 10:00 pm,Arena 44,Hardy's Court 4,Booked,450,19 Sep 21:28
2026-09-19,Sat,9:30 pm to 10:00 pm,Arena 44,Court 1,Booked,550,19 Sep 21:28
2026-09-19,Sat,9:30 pm to 10:00 pm,Arena 44,Court 2,Not Booked,550,19 Sep 21:04
2026-09-19,Sat,9:30 pm to 10:00 pm,Arena 44,Court 3,Not Booked,550,19 Sep 21:28
2026-09-19,Sat,9:30 pm to 10:00 pm,CoPlay RISE | Sec 73 Noida,Court 1,Not Booked,200,19 Sep 21:28
2026-09-19,Sat,9:30 pm to 10:00 pm,CoPlay RISE | Sec 73 Noida,Court 2,Not Booked,200,19 Sep 21:28
2026-09-19,Sat,9:30 pm to 10:00 pm,Crickdome,Court 1,Not Booked,400,19 Sep 21:04
2026-09-19,Sat,9:30 pm to 10:00 pm,Crickdome,Court 2,Not Booked,400,19 Sep 21:28
2026-09-19,Sat,9:30 pm to 10:00 pm,Dinking Zone One29,Court 1,Not Booked,450,19 Sep 21:04
2026-09-19,Sat,9:30 pm to 10:00 pm,Dinking Zone One29,Court 2,Not Booked,450,19 Sep 21:28
2026-09-19,Sat,9:30 pm to 10:00 pm,Dinking Zone One29,Court 3,Not Booked,450,19 Sep 21:28
2026-09-19,Sat,9:30 pm to 10:00 pm,Heat Sports Arena 150,Court 1,Not Booked,450,19 Sep 21:28
2026-09-19,Sat,9:30 pm to 10:00 pm,Heat Sports Arena 150,Court 2,Not Booked,450,19 Sep 21:28
2026-09-19,Sat,9:30 pm to 10:00 pm,Noida Pickleball Courts | Sec-100,Court 1,Not Booked,450,19 Sep 21:04
2026-09-19,Sat,9:30 pm to 10:00 pm,Noida Pickleball Courts | Sec-100,Court 2,Not Booked,450,19 Sep 21:28
2026-09-19,Sat,9:30 pm to 10:00 pm,Pickle Pros | Noida,Pickleball Court 1,Not Booked,400,19 Sep 21:28
2026-09-19,Sat,9:30 pm to 10:00 pm,Pickle Pros | Noida,Pickleball Court 2,Not Booked,400,19 Sep 21:28
2026-09-19,Sat,9:30 pm to 10:00 pm,Pickle Pros | Noida,Pickleball Court 3,Not Booked,400,19 Sep 21:04
2026-09-19,Sat,9:30 pm to 10:00 pm,Pickle Pros | Noida,Pickleball Court 4,Not Booked,400,19 Sep 21:28
2026-09-19,Sat,9:30 pm to 10:00 pm,Pickleflow Social,Court 1,Not Booked,500,19 Sep 20:29
2026-09-19,Sat,9:30 pm to 10:00 pm,Pickleflow Social,Court 2,Not Booked,500,19 Sep 21:28
2026-09-19,Sat,9:30 pm to 10:00 pm,Pickleflow Social,Court 3,Not Booked,500,19 Sep 21:28
2026-09-19,Sat,9:30 pm to 10:00 pm,PlayAll BSIC Noida 46,Court 2,Not Booked,300,19 Sep 21:28
2026-09-19,Sat,9:30 pm to 10:00 pm,PlayAll BSIC Noida 46,Court 3,Not Booked,300,19 Sep 10:31
2026-09-19,Sat,9:30 pm to 10:30 pm,PlayAll MPS Noida 11,Court 1,Not Booked,200,19 Sep 15:30
2026-09-19,Sat,9:30 pm to 10:30 pm,PlayAll MPS Noida 11,Court 2,Not Booked,200,19 Sep 19:28
2026-09-19,Sat,9:30 pm to 10:30 pm,PlayAll MPS Noida 11,Court 3,Not Booked,200,19 Sep 21:28
2026-09-19,Sat,9:30 pm to 10:30 pm,PlayAll Noida 105,Court 1,Not Booked,300,19 Sep 14:30
2026-09-19,Sat,9:30 pm to 10:30 pm,PlayAll Noida 105,Court 2,Not Booked,300,19 Sep 18:35
2026-09-19,Sat,9:30 pm to 10:30 pm,PlayAll Noida 105,Court 3,Not Booked,300,19 Sep 18:35
2026-09-19,Sat,9:30 pm to 10:30 pm,PlayAll Noida 73,Court 2,Not Booked,250,19 Sep 21:04
2026-09-19,Sat,9:30 pm to 10:30 pm,PlayAll Noida 73,Court 3,Not Booked,250,19 Sep 22:03
2026-09-19,Sat,9:30 pm to 10:00 pm,PlayLife | Sector 163,Pickleball Court 1,Not Booked,200,19 Sep 21:28
2026-09-19,Sat,9:30 pm to 10:00 pm,PlayLife | Sector 163,Pickleball Court 2,Not Booked,200,19 Sep 21:28
2026-09-19,Sat,9:30 pm to 10:00 pm,PlayLife | Sector 163,Pickleball Court 3,Not Booked,200,19 Sep 21:28
2026-09-19,Sat,9:30 pm to 10:00 pm,Rally N Roast | Sector 141,Court 1 (Blue),Not Booked,500,19 Sep 21:28
2026-09-19,Sat,9:30 pm to 10:00 pm,Rally N Roast | Sector 141,Court 2 (Pink),Not Booked,500,19 Sep 21:28
2026-09-19,Sat,9:30 pm to 10:00 pm,Rally N Roast | Sector 141,Court 3 (Blue),Not Booked,500,19 Sep 21:28
2026-09-19,Sat,9:30 pm to 10:00 pm,Sky Nine Rackets,Court 1,Not Booked,405,19 Sep 21:28
2026-09-19,Sat,9:30 pm to 10:00 pm,Sky Nine Rackets,Court 2,Not Booked,405,19 Sep 21:28
2026-09-19,Sat,9:30 pm to 10:00 pm,Sky Nine Rackets,Court 3,Not Booked,405,19 Sep 21:28
2026-09-19,Sat,9:30 pm to 10:00 pm,Sky Nine Rackets,Court 4,Not Booked,405,19 Sep 21:28
2026-09-19,Sat,9:30 pm to 10:00 pm,Sky Nine Rackets,Court 5,Not Booked,405,19 Sep 21:28
2026-09-19,Sat,9:30 pm to 10:00 pm,Spodium Arena | Sector 29,Court 1,Booked,399,19 Sep 21:28
2026-09-19,Sat,9:30 pm to 10:00 pm,Spodium Arena | Sector 29,Court 2,Booked,399,19 Sep 21:28
2026-09-19,Sat,9:30 pm to 10:00 pm,Spodium Arena | Sector 29,Court 3,Not Booked,399,19 Sep 21:28
2026-09-19,Sat,9:30 pm to 10:00 pm,Spodium Arena | Sector 29,Court 4,Not Booked,399,19 Sep 21:04
2026-09-19,Sat,9:30 pm to 10:00 pm,The Box Cage,Court 1,Not Booked,300,19 Sep 21:04
2026-09-19,Sat,9:30 pm to 10:00 pm,The Box Cage,Court 2,Not Booked,300,19 Sep 21:28
2026-09-19,Sat,9:30 pm to 10:00 pm,The Box Cage,Court 3,Not Booked,300,19 Sep 21:28
2026-09-19,Sat,9:30 pm to 10:00 pm,The Box Cage,Court 4,Not Booked,300,19 Sep 21:28
2026-09-19,Sat,9:30 pm to 10:00 pm,Zyng Gallant Sports Arena,Pickleball Courts (Outdoor),Not Booked,350,19 Sep 21:28
2026-09-19,Sat,10:00 pm to 10:30 pm,Anandmay Sports Club | Sector 128,Court 1,Not Booked,250,19 Sep 22:03
2026-09-19,Sat,10:00 pm to 10:30 pm,Anandmay Sports Club | Sector 128,Court 2,Not Booked,250,19 Sep 22:03
2026-09-19,Sat,10:00 pm to 10:30 pm,Arena 44,Hardy's Court 1,Booked,450,19 Sep 22:03
2026-09-19,Sat,10:00 pm to 10:30 pm,Arena 44,Hardy's Court 2,Not Booked,450,19 Sep 22:03
2026-09-19,Sat,10:00 pm to 10:30 pm,Arena 44,Hardy's Court 3,Not Booked,450,19 Sep 22:03
2026-09-19,Sat,10:00 pm to 10:30 pm,Arena 44,Hardy's Court 4,Not Booked,450,19 Sep 22:03
2026-09-19,Sat,10:00 pm to 10:30 pm,Arena 44,Court 1,Booked,550,19 Sep 22:03
2026-09-19,Sat,10:00 pm to 10:30 pm,Arena 44,Court 2,Not Booked,550,19 Sep 21:04
2026-09-19,Sat,10:00 pm to 10:30 pm,Arena 44,Court 3,Not Booked,550,19 Sep 22:03
2026-09-19,Sat,10:00 pm to 10:30 pm,CoPlay RISE | Sec 73 Noida,Court 1,Booked,200,19 Sep 22:03
2026-09-19,Sat,10:00 pm to 10:30 pm,CoPlay RISE | Sec 73 Noida,Court 2,Not Booked,200,19 Sep 22:03
2026-09-19,Sat,10:00 pm to 10:30 pm,Crickdome,Court 1,Not Booked,400,19 Sep 22:03
2026-09-19,Sat,10:00 pm to 10:30 pm,Crickdome,Court 2,Not Booked,400,19 Sep 21:28
2026-09-19,Sat,10:00 pm to 10:30 pm,Dinking Zone One29,Court 1,Not Booked,450,19 Sep 22:03
2026-09-19,Sat,10:00 pm to 10:30 pm,Dinking Zone One29,Court 2,Not Booked,450,19 Sep 22:03
2026-09-19,Sat,10:00 pm to 10:30 pm,Dinking Zone One29,Court 3,Not Booked,450,19 Sep 22:03
2026-09-19,Sat,10:00 pm to 10:30 pm,Heat Sports Arena 150,Court 1,Not Booked,450,19 Sep 22:03
2026-09-19,Sat,10:00 pm to 10:30 pm,Heat Sports Arena 150,Court 2,Not Booked,450,19 Sep 22:03
2026-09-19,Sat,10:00 pm to 11:00 pm,Noida Indoor Stadium,Court 1,Not Booked,944,19 Sep 21:28
2026-09-19,Sat,10:00 pm to 11:00 pm,Noida Indoor Stadium,Court 2,Not Booked,944,19 Sep 22:03
2026-09-19,Sat,10:00 pm to 11:00 pm,Noida Indoor Stadium,Court 3,Not Booked,944,19 Sep 22:03
2026-09-19,Sat,10:00 pm to 10:30 pm,Noida Pickleball Courts | Sec-100,Court 1,Not Booked,450,19 Sep 22:03
2026-09-19,Sat,10:00 pm to 10:30 pm,Noida Pickleball Courts | Sec-100,Court 2,Not Booked,450,19 Sep 22:03
2026-09-19,Sat,10:00 pm to 11:00 pm,Pickit | Vijay Sri Academy,Court 1,Not Booked,750,19 Sep 22:03
2026-09-19,Sat,10:00 pm to 11:00 pm,Pickit | Vijay Sri Academy,Court 2,Not Booked,750,19 Sep 22:03
2026-09-19,Sat,10:00 pm to 11:00 pm,Pickit | Vijay Sri Academy,Court 3,Not Booked,750,19 Sep 22:03
2026-09-19,Sat,10:00 pm to 10:30 pm,Pickle Pros | Noida,Pickleball Court 1,Not Booked,400,19 Sep 21:28
2026-09-19,Sat,10:00 pm to 10:30 pm,Pickle Pros | Noida,Pickleball Court 2,Not Booked,400,19 Sep 22:03
2026-09-19,Sat,10:00 pm to 10:30 pm,Pickle Pros | Noida,Pickleball Court 3,Not Booked,400,19 Sep 22:03
2026-09-19,Sat,10:00 pm to 10:30 pm,Pickle Pros | Noida,Pickleball Court 4,Not Booked,400,19 Sep 22:03
2026-09-19,Sat,10:00 pm to 10:30 pm,Pickleflow Social,Court 1,Not Booked,500,19 Sep 22:03
2026-09-19,Sat,10:00 pm to 10:30 pm,Pickleflow Social,Court 2,Not Booked,500,19 Sep 22:03
2026-09-19,Sat,10:00 pm to 10:30 pm,Pickleflow Social,Court 3,Not Booked,500,19 Sep 21:28
2026-09-19,Sat,10:00 pm to 11:00 pm,Pickleplay 121 | Indoor Arena,Court 1,Not Booked,700,19 Sep 22:03
2026-09-19,Sat,10:00 pm to 11:00 pm,Pickleplay 121 | Indoor Arena,Court 2,Not Booked,700,19 Sep 22:03
2026-09-19,Sat,10:00 pm to 11:00 pm,Pickleplay 121 | Indoor Arena,Court 3,Not Booked,700,19 Sep 22:03
2026-09-19,Sat,10:00 pm to 10:30 pm,PlayAll BSIC Noida 46,Court 2,Not Booked,300,19 Sep 22:03
2026-09-19,Sat,10:00 pm to 10:30 pm,PlayAll BSIC Noida 46,Court 3,Not Booked,300,19 Sep 22:03
2026-09-19,Sat,10:00 pm to 11:00 pm,PlayAll MPS Noida 11,Court 1,Not Booked,200,19 Sep 20:29
2026-09-19,Sat,10:00 pm to 11:00 pm,PlayAll MPS Noida 11,Court 2,Not Booked,200,19 Sep 22:03
2026-09-19,Sat,10:00 pm to 11:00 pm,PlayAll MPS Noida 11,Court 3,Not Booked,200,19 Sep 21:28
2026-09-19,Sat,10:00 pm to 11:00 pm,PlayAll Noida 105,Court 1,Not Booked,300,19 Sep 22:03
2026-09-19,Sat,10:00 pm to 11:00 pm,PlayAll Noida 105,Court 2,Not Booked,300,19 Sep 22:03
2026-09-19,Sat,10:00 pm to 11:00 pm,PlayAll Noida 105,Court 3,Not Booked,300,19 Sep 22:03
2026-09-19,Sat,10:00 pm to 11:00 pm,PlayAll Noida 73,Court 1,Not Booked,250,19 Sep 22:03
2026-09-19,Sat,10:00 pm to 11:00 pm,PlayAll Noida 73,Court 2,Not Booked,250,19 Sep 21:04
2026-09-19,Sat,10:00 pm to 11:00 pm,PlayAll Noida 73,Court 3,Not Booked,250,19 Sep 22:03
2026-09-19,Sat,10:00 pm to 10:30 pm,PlayLife | Sector 163,Pickleball Court 1,Not Booked,200,19 Sep 22:03
2026-09-19,Sat,10:00 pm to 10:30 pm,PlayLife | Sector 163,Pickleball Court 2,Not Booked,200,19 Sep 22:03
2026-09-19,Sat,10:00 pm to 10:30 pm,PlayLife | Sector 163,Pickleball Court 3,Not Booked,200,19 Sep 22:03
2026-09-19,Sat,10:00 pm to 10:30 pm,Rally N Roast | Sector 141,Court 1 (Blue),Not Booked,500,19 Sep 22:03
2026-09-19,Sat,10:00 pm to 10:30 pm,Rally N Roast | Sector 141,Court 2 (Pink),Not Booked,500,19 Sep 22:03
2026-09-19,Sat,10:00 pm to 10:30 pm,Rally N Roast | Sector 141,Court 3 (Blue),Not Booked,500,19 Sep 22:03
2026-09-19,Sat,10:00 pm to 10:30 pm,Sky Nine Rackets,Court 1,Not Booked,405,19 Sep 22:03
2026-09-19,Sat,10:00 pm to 10:30 pm,Sky Nine Rackets,Court 2,Not Booked,405,19 Sep 22:03
2026-09-19,Sat,10:00 pm to 10:30 pm,Sky Nine Rackets,Court 3,Not Booked,405,19 Sep 22:03
2026-09-19,Sat,10:00 pm to 10:30 pm,Sky Nine Rackets,Court 4,Not Booked,405,19 Sep 22:03
2026-09-19,Sat,10:00 pm to 10:30 pm,Sky Nine Rackets,Court 5,Not Booked,405,19 Sep 22:03
2026-09-19,Sat,10:00 pm to 10:30 pm,Spodium Arena | Sector 29,Court 1,Not Booked,399,19 Sep 21:28
2026-09-19,Sat,10:00 pm to 10:30 pm,Spodium Arena | Sector 29,Court 2,Not Booked,399,19 Sep 22:03
2026-09-19,Sat,10:00 pm to 10:30 pm,Spodium Arena | Sector 29,Court 3,Not Booked,399,19 Sep 21:28
2026-09-19,Sat,10:00 pm to 10:30 pm,Spodium Arena | Sector 29,Court 4,Not Booked,399,19 Sep 22:03
2026-09-19,Sat,10:00 pm to 11:00 pm,Spuddy Multisports Academy | Noida,Pickleball (Indoor),Not Booked,400,19 Sep 22:03
2026-09-19,Sat,10:00 pm to 10:30 pm,The Box Cage,Court 1,Not Booked,300,19 Sep 22:03
2026-09-19,Sat,10:00 pm to 10:30 pm,The Box Cage,Court 2,Not Booked,300,19 Sep 21:28
2026-09-19,Sat,10:00 pm to 10:30 pm,The Box Cage,Court 3,Not Booked,300,19 Sep 22:03
2026-09-19,Sat,10:00 pm to 10:30 pm,The Box Cage,Court 4,Not Booked,300,19 Sep 22:03
2026-09-19,Sat,10:30 pm to 11:00 pm,Anandmay Sports Club | Sector 128,Court 1,Not Booked,250,19 Sep 22:03
2026-09-19,Sat,10:30 pm to 11:00 pm,Anandmay Sports Club | Sector 128,Court 2,Not Booked,250,19 Sep 22:03
2026-09-19,Sat,10:30 pm to 11:00 pm,Arena 44,Hardy's Court 1,Booked,450,19 Sep 22:03
2026-09-19,Sat,10:30 pm to 11:00 pm,Arena 44,Hardy's Court 2,Not Booked,450,19 Sep 22:03
2026-09-19,Sat,10:30 pm to 11:00 pm,Arena 44,Hardy's Court 3,Not Booked,450,19 Sep 22:03
2026-09-19,Sat,10:30 pm to 11:00 pm,Arena 44,Hardy's Court 4,Not Booked,450,19 Sep 22:03
2026-09-19,Sat,10:30 pm to 11:00 pm,Arena 44,Court 1,Not Booked,550,19 Sep 22:03
2026-09-19,Sat,10:30 pm to 11:00 pm,Arena 44,Court 2,Not Booked,550,19 Sep 21:04
2026-09-19,Sat,10:30 pm to 11:00 pm,Arena 44,Court 3,Not Booked,550,19 Sep 22:03
2026-09-19,Sat,10:30 pm to 11:00 pm,CoPlay RISE | Sec 73 Noida,Court 1,Booked,200,19 Sep 22:03
2026-09-19,Sat,10:30 pm to 11:00 pm,CoPlay RISE | Sec 73 Noida,Court 2,Not Booked,200,19 Sep 22:03
2026-09-19,Sat,10:30 pm to 11:00 pm,Crickdome,Court 1,Not Booked,400,19 Sep 22:03
2026-09-19,Sat,10:30 pm to 11:00 pm,Crickdome,Court 2,Not Booked,400,19 Sep 21:28
2026-09-19,Sat,10:30 pm to 11:00 pm,Dinking Zone One29,Court 1,Not Booked,450,19 Sep 22:03
2026-09-19,Sat,10:30 pm to 11:00 pm,Dinking Zone One29,Court 2,Not Booked,450,19 Sep 22:03
2026-09-19,Sat,10:30 pm to 11:00 pm,Dinking Zone One29,Court 3,Not Booked,450,19 Sep 22:03
2026-09-19,Sat,10:30 pm to 11:00 pm,Heat Sports Arena 150,Court 1,Not Booked,450,19 Sep 22:03
2026-09-19,Sat,10:30 pm to 11:00 pm,Heat Sports Arena 150,Court 2,Not Booked,450,19 Sep 22:03
2026-09-19,Sat,10:30 pm to 11:00 pm,Noida Pickleball Courts | Sec-100,Court 1,Not Booked,450,19 Sep 22:03
2026-09-19,Sat,10:30 pm to 11:00 pm,Noida Pickleball Courts | Sec-100,Court 2,Not Booked,450,19 Sep 22:03
2026-09-19,Sat,10:30 pm to 11:00 pm,Pickleflow Social,Court 1,Not Booked,500,19 Sep 22:03
2026-09-19,Sat,10:30 pm to 11:00 pm,Pickleflow Social,Court 2,Not Booked,500,19 Sep 22:03
2026-09-19,Sat,10:30 pm to 11:00 pm,Pickleflow Social,Court 3,Not Booked,500,19 Sep 21:28
2026-09-19,Sat,10:30 pm to 11:00 pm,PlayAll BSIC Noida 46,Court 1,Not Booked,300,19 Sep 22:03
2026-09-19,Sat,10:30 pm to 11:00 pm,PlayAll BSIC Noida 46,Court 2,Not Booked,300,19 Sep 22:03
2026-09-19,Sat,10:30 pm to 11:00 pm,PlayAll BSIC Noida 46,Court 3,Not Booked,300,19 Sep 22:03
2026-09-19,Sat,10:30 pm to 11:30 pm,PlayAll MPS Noida 11,Court 1,Not Booked,200,19 Sep 20:29
2026-09-19,Sat,10:30 pm to 11:30 pm,PlayAll MPS Noida 11,Court 2,Not Booked,200,19 Sep 22:03
2026-09-19,Sat,10:30 pm to 11:30 pm,PlayAll MPS Noida 11,Court 3,Not Booked,200,19 Sep 21:28
2026-09-19,Sat,10:30 pm to 11:30 pm,PlayAll Noida 105,Court 1,Not Booked,300,19 Sep 22:03
2026-09-19,Sat,10:30 pm to 11:30 pm,PlayAll Noida 105,Court 2,Not Booked,300,19 Sep 20:29
2026-09-19,Sat,10:30 pm to 11:30 pm,PlayAll Noida 105,Court 3,Not Booked,300,19 Sep 22:03
2026-09-19,Sat,10:30 pm to 11:30 pm,PlayAll Noida 73,Court 1,Not Booked,250,19 Sep 22:03
2026-09-19,Sat,10:30 pm to 11:30 pm,PlayAll Noida 73,Court 2,Not Booked,250,19 Sep 21:28
2026-09-19,Sat,10:30 pm to 11:30 pm,PlayAll Noida 73,Court 3,Not Booked,250,19 Sep 22:03
2026-09-19,Sat,10:30 pm to 11:00 pm,PlayLife | Sector 163,Pickleball Court 1,Not Booked,200,19 Sep 22:03
2026-09-19,Sat,10:30 pm to 11:00 pm,PlayLife | Sector 163,Pickleball Court 2,Not Booked,200,19 Sep 22:03
2026-09-19,Sat,10:30 pm to 11:00 pm,PlayLife | Sector 163,Pickleball Court 3,Not Booked,200,19 Sep 22:03
2026-09-19,Sat,10:30 pm to 11:00 pm,Rally N Roast | Sector 141,Court 1 (Blue),Not Booked,500,19 Sep 22:03
2026-09-19,Sat,10:30 pm to 11:00 pm,Rally N Roast | Sector 141,Court 2 (Pink),Not Booked,500,19 Sep 22:03
2026-09-19,Sat,10:30 pm to 11:00 pm,Rally N Roast | Sector 141,Court 3 (Blue),Not Booked,500,19 Sep 22:03
2026-09-19,Sat,10:30 pm to 11:00 pm,Sky Nine Rackets,Court 1,Not Booked,405,19 Sep 22:03
2026-09-19,Sat,10:30 pm to 11:00 pm,Sky Nine Rackets,Court 2,Not Booked,405,19 Sep 22:03
2026-09-19,Sat,10:30 pm to 11:00 pm,Sky Nine Rackets,Court 3,Not Booked,405,19 Sep 22:03
2026-09-19,Sat,10:30 pm to 11:00 pm,Sky Nine Rackets,Court 4,Not Booked,405,19 Sep 22:03
2026-09-19,Sat,10:30 pm to 11:00 pm,Sky Nine Rackets,Court 5,Not Booked,405,19 Sep 22:03
2026-09-19,Sat,10:30 pm to 11:00 pm,Spodium Arena | Sector 29,Court 1,Not Booked,399,19 Sep 21:28
2026-09-19,Sat,10:30 pm to 11:00 pm,Spodium Arena | Sector 29,Court 2,Not Booked,399,19 Sep 22:03
2026-09-19,Sat,10:30 pm to 11:00 pm,Spodium Arena | Sector 29,Court 3,Booked,399,19 Sep 21:28
2026-09-19,Sat,10:30 pm to 11:00 pm,Spodium Arena | Sector 29,Court 4,Not Booked,399,19 Sep 22:03
2026-09-19,Sat,10:30 pm to 11:00 pm,The Box Cage,Court 1,Not Booked,300,19 Sep 22:03
2026-09-19,Sat,10:30 pm to 11:00 pm,The Box Cage,Court 2,Not Booked,300,19 Sep 21:28
2026-09-19,Sat,10:30 pm to 11:00 pm,The Box Cage,Court 3,Not Booked,300,19 Sep 22:03
2026-09-19,Sat,10:30 pm to 11:00 pm,The Box Cage,Court 4,Not Booked,300,19 Sep 22:03
2026-09-19,Sat,11:00 pm to 11:30 pm,Anandmay Sports Club | Sector 128,Court 1,Not Booked,250,19 Sep 22:03
2026-09-19,Sat,11:00 pm to 11:30 pm,Anandmay Sports Club | Sector 128,Court 2,Not Booked,250,19 Sep 22:03
2026-09-19,Sat,11:00 pm to 11:30 pm,CoPlay RISE | Sec 73 Noida,Court 1,Not Booked,200,19 Sep 22:03
2026-09-19,Sat,11:00 pm to 11:30 pm,CoPlay RISE | Sec 73 Noida,Court 2,Not Booked,200,19 Sep 22:03
2026-09-19,Sat,11:00 pm to 11:30 pm,Crickdome,Court 1,Not Booked,400,19 Sep 22:03
2026-09-19,Sat,11:00 pm to 11:30 pm,Crickdome,Court 2,Not Booked,400,19 Sep 21:28
2026-09-19,Sat,11:00 pm to 11:30 pm,Dinking Zone One29,Court 1,Not Booked,450,19 Sep 22:03
2026-09-19,Sat,11:00 pm to 11:30 pm,Dinking Zone One29,Court 2,Not Booked,450,19 Sep 22:03
2026-09-19,Sat,11:00 pm to 11:30 pm,Dinking Zone One29,Court 3,Not Booked,450,19 Sep 22:03
2026-09-19,Sat,11:00 pm to 11:30 pm,Heat Sports Arena 150,Court 1,Not Booked,450,19 Sep 22:03
2026-09-19,Sat,11:00 pm to 11:30 pm,Heat Sports Arena 150,Court 2,Not Booked,450,19 Sep 22:03
2026-09-19,Sat,11:00 pm to 12:00 am,Noida Indoor Stadium,Court 1,Not Booked,944,19 Sep 21:28
2026-09-19,Sat,11:00 pm to 12:00 am,Noida Indoor Stadium,Court 2,Not Booked,944,19 Sep 22:03
2026-09-19,Sat,11:00 pm to 12:00 am,Noida Indoor Stadium,Court 3,Not Booked,944,19 Sep 22:03
2026-09-19,Sat,11:00 pm to 11:30 pm,Noida Pickleball Courts | Sec-100,Court 1,Not Booked,450,19 Sep 22:03
2026-09-19,Sat,11:00 pm to 11:30 pm,Noida Pickleball Courts | Sec-100,Court 2,Not Booked,450,19 Sep 22:03
2026-09-19,Sat,11:00 pm to 12:00 am,Pickit | Vijay Sri Academy,Court 1,Not Booked,750,19 Sep 22:03
2026-09-19,Sat,11:00 pm to 12:00 am,Pickit | Vijay Sri Academy,Court 2,Not Booked,750,19 Sep 22:03
2026-09-19,Sat,11:00 pm to 12:00 am,Pickit | Vijay Sri Academy,Court 3,Not Booked,750,19 Sep 22:03
2026-09-19,Sat,11:00 pm to 11:30 pm,Pickleflow Social,Court 1,Not Booked,500,19 Sep 22:03
2026-09-19,Sat,11:00 pm to 11:30 pm,Pickleflow Social,Court 2,Not Booked,500,19 Sep 22:03
2026-09-19,Sat,11:00 pm to 11:30 pm,Pickleflow Social,Court 3,Not Booked,500,19 Sep 21:28
2026-09-19,Sat,11:00 pm to 12:00 am,Pickleplay 121 | Indoor Arena,Court 1,Not Booked,700,19 Sep 22:03
2026-09-19,Sat,11:00 pm to 12:00 am,Pickleplay 121 | Indoor Arena,Court 2,Not Booked,700,19 Sep 22:03
2026-09-19,Sat,11:00 pm to 12:00 am,Pickleplay 121 | Indoor Arena,Court 3,Not Booked,700,19 Sep 22:03
2026-09-19,Sat,11:00 pm to 12:00 am,PlayAll MPS Noida 11,Court 1,Not Booked,175,19 Sep 22:03
2026-09-19,Sat,11:00 pm to 12:00 am,PlayAll MPS Noida 11,Court 2,Not Booked,175,19 Sep 22:03
2026-09-19,Sat,11:00 pm to 12:00 am,PlayAll MPS Noida 11,Court 3,Not Booked,175,19 Sep 21:28
2026-09-19,Sat,11:00 pm to 12:00 am,PlayAll Noida 105,Court 1,Not Booked,300,19 Sep 22:03
2026-09-19,Sat,11:00 pm to 12:00 am,PlayAll Noida 105,Court 2,Not Booked,300,19 Sep 20:29
2026-09-19,Sat,11:00 pm to 12:00 am,PlayAll Noida 105,Court 3,Not Booked,300,19 Sep 22:03
2026-09-19,Sat,11:00 pm to 12:00 am,PlayAll Noida 73,Court 1,Not Booked,200,19 Sep 22:03
2026-09-19,Sat,11:00 pm to 12:00 am,PlayAll Noida 73,Court 2,Not Booked,200,19 Sep 21:28
2026-09-19,Sat,11:00 pm to 12:00 am,PlayAll Noida 73,Court 3,Not Booked,200,19 Sep 22:03
2026-09-19,Sat,11:00 pm to 11:30 pm,Sky Nine Rackets,Court 1,Not Booked,405,19 Sep 22:03
2026-09-19,Sat,11:00 pm to 11:30 pm,Sky Nine Rackets,Court 2,Not Booked,405,19 Sep 22:03
2026-09-19,Sat,11:00 pm to 11:30 pm,Sky Nine Rackets,Court 3,Not Booked,405,19 Sep 22:03
2026-09-19,Sat,11:00 pm to 11:30 pm,Sky Nine Rackets,Court 4,Not Booked,405,19 Sep 22:03
2026-09-19,Sat,11:00 pm to 11:30 pm,Sky Nine Rackets,Court 5,Not Booked,405,19 Sep 22:03
2026-09-19,Sat,11:00 pm to 11:30 pm,Spodium Arena | Sector 29,Court 1,Not Booked,399,19 Sep 21:28
2026-09-19,Sat,11:00 pm to 11:30 pm,Spodium Arena | Sector 29,Court 2,Not Booked,399,19 Sep 22:03
2026-09-19,Sat,11:00 pm to 11:30 pm,Spodium Arena | Sector 29,Court 3,Booked,399,19 Sep 21:28
2026-09-19,Sat,11:00 pm to 11:30 pm,Spodium Arena | Sector 29,Court 4,Not Booked,399,19 Sep 22:03
2026-09-19,Sat,11:00 pm to 12:00 am,Spuddy Multisports Academy | Noida,Pickleball (Indoor),Not Booked,400,19 Sep 22:03
2026-09-19,Sat,11:00 pm to 11:30 pm,The Box Cage,Court 1,Not Booked,300,19 Sep 22:03
2026-09-19,Sat,11:00 pm to 11:30 pm,The Box Cage,Court 2,Not Booked,300,19 Sep 21:28
2026-09-19,Sat,11:00 pm to 11:30 pm,The Box Cage,Court 3,Not Booked,300,19 Sep 22:03
2026-09-19,Sat,11:00 pm to 11:30 pm,The Box Cage,Court 4,Not Booked,300,19 Sep 22:03
2026-09-19,Sat,11:30 pm to 12:00 am,Anandmay Sports Club | Sector 128,Court 1,Not Booked,250,19 Sep 22:03
2026-09-19,Sat,11:30 pm to 12:00 am,Anandmay Sports Club | Sector 128,Court 2,Not Booked,250,19 Sep 22:03
2026-09-19,Sat,11:30 pm to 12:00 am,CoPlay RISE | Sec 73 Noida,Court 1,Not Booked,200,19 Sep 22:03
2026-09-19,Sat,11:30 pm to 12:00 am,CoPlay RISE | Sec 73 Noida,Court 2,Not Booked,200,19 Sep 22:03
2026-09-19,Sat,11:30 pm to 12:00 am,Crickdome,Court 1,Not Booked,400,19 Sep 22:03
2026-09-19,Sat,11:30 pm to 12:00 am,Crickdome,Court 2,Not Booked,400,19 Sep 21:28
2026-09-19,Sat,11:30 pm to 12:00 am,Dinking Zone One29,Court 1,Not Booked,450,19 Sep 22:03
2026-09-19,Sat,11:30 pm to 12:00 am,Dinking Zone One29,Court 2,Not Booked,450,19 Sep 22:03
2026-09-19,Sat,11:30 pm to 12:00 am,Dinking Zone One29,Court 3,Not Booked,450,19 Sep 22:03
2026-09-19,Sat,11:30 pm to 12:00 am,Heat Sports Arena 150,Court 1,Not Booked,450,19 Sep 22:03
2026-09-19,Sat,11:30 pm to 12:00 am,Heat Sports Arena 150,Court 2,Not Booked,450,19 Sep 22:03
2026-09-19,Sat,11:30 pm to 12:00 am,Noida Pickleball Courts | Sec-100,Court 1,Not Booked,450,19 Sep 22:03
2026-09-19,Sat,11:30 pm to 12:00 am,Noida Pickleball Courts | Sec-100,Court 2,Not Booked,450,19 Sep 22:03
2026-09-19,Sat,11:30 pm to 12:00 am,Pickleflow Social,Court 1,Not Booked,500,19 Sep 22:03
2026-09-19,Sat,11:30 pm to 12:00 am,Pickleflow Social,Court 2,Not Booked,500,19 Sep 22:03
2026-09-19,Sat,11:30 pm to 12:00 am,Pickleflow Social,Court 3,Not Booked,500,19 Sep 21:28
2026-09-19,Sat,11:30 pm to 12:30 am,PlayAll MPS Noida 11,Court 1,Not Booked,175,19 Sep 22:03
2026-09-19,Sat,11:30 pm to 12:30 am,PlayAll MPS Noida 11,Court 2,Not Booked,175,19 Sep 22:03
2026-09-19,Sat,11:30 pm to 12:30 am,PlayAll MPS Noida 11,Court 3,Not Booked,175,19 Sep 21:28
2026-09-19,Sat,11:30 pm to 12:30 am,PlayAll Noida 105,Court 1,Not Booked,300,19 Sep 22:03
2026-09-19,Sat,11:30 pm to 12:30 am,PlayAll Noida 105,Court 2,Not Booked,300,19 Sep 22:03
2026-09-19,Sat,11:30 pm to 12:30 am,PlayAll Noida 105,Court 3,Not Booked,300,19 Sep 22:03
2026-09-19,Sat,11:30 pm to 12:30 am,PlayAll Noida 73,Court 1,Not Booked,200,19 Sep 22:03
2026-09-19,Sat,11:30 pm to 12:30 am,PlayAll Noida 73,Court 2,Not Booked,200,19 Sep 21:28
2026-09-19,Sat,11:30 pm to 12:30 am,PlayAll Noida 73,Court 3,Not Booked,200,19 Sep 22:03
2026-09-19,Sat,11:30 pm to 12:00 am,Sky Nine Rackets,Court 1,Not Booked,405,19 Sep 22:03
2026-09-19,Sat,11:30 pm to 12:00 am,Sky Nine Rackets,Court 2,Not Booked,405,19 Sep 22:03
2026-09-19,Sat,11:30 pm to 12:00 am,Sky Nine Rackets,Court 3,Not Booked,405,19 Sep 22:03
2026-09-19,Sat,11:30 pm to 12:00 am,Sky Nine Rackets,Court 4,Not Booked,405,19 Sep 22:03
2026-09-19,Sat,11:30 pm to 12:00 am,Sky Nine Rackets,Court 5,Not Booked,405,19 Sep 22:03
2026-09-19,Sat,11:30 pm to 12:00 am,Spodium Arena | Sector 29,Court 1,Not Booked,399,19 Sep 21:28
2026-09-19,Sat,11:30 pm to 12:00 am,Spodium Arena | Sector 29,Court 2,Not Booked,399,19 Sep 22:03
2026-09-19,Sat,11:30 pm to 12:00 am,Spodium Arena | Sector 29,Court 3,Not Booked,399,19 Sep 21:28
2026-09-19,Sat,11:30 pm to 12:00 am,Spodium Arena | Sector 29,Court 4,Not Booked,399,19 Sep 22:03
2026-09-19,Sat,11:30 pm to 12:00 am,The Box Cage,Court 1,Not Booked,300,19 Sep 22:03
2026-09-19,Sat,11:30 pm to 12:00 am,The Box Cage,Court 2,Not Booked,300,19 Sep 21:28
2026-09-19,Sat,11:30 pm to 12:00 am,The Box Cage,Court 3,Not Booked,300,19 Sep 22:03
2026-09-19,Sat,11:30 pm to 12:00 am,The Box Cage,Court 4,Not Booked,300,19 Sep 22:03
