Date,Day,Slot Time,Venue,Court,Status,Price,Last checked
2026-09-24,Thu,10:00 am to 11:00 am,Apex Sports Academy | Noida,Tennis (Clay Courts),Filling Fast,400,24 Sep 10:54
2026-09-24,Thu,11:00 am to 12:00 pm,Apex Sports Academy | Noida,Tennis (Clay Courts),Filling Fast,400,24 Sep 11:21
2026-09-24,Thu,12:00 pm to 1:00 pm,Apex Sports Academy | Noida,Tennis (Clay Courts),Filling Fast,400,24 Sep 12:56
2026-09-24,Thu,1:00 pm to 2:00 pm,Apex Sports Academy | Noida,Tennis (Clay Courts),Filling Fast,400,24 Sep 13:22
2026-09-24,Thu,2:00 pm to 3:00 pm,Apex Sports Academy | Noida,Tennis (Clay Courts),Filling Fast,400,24 Sep 14:56
2026-09-24,Thu,3:00 pm to 4:00 pm,Apex Sports Academy | Noida,Tennis (Clay Courts),Filling Fast,400,24 Sep 15:57
2026-09-24,Thu,9:00 am to 10:00 am,Apex Sports Academy | Noida,Tennis (Clay Courts),Filling Fast,400,24 Sep 09:55
2026-09-24,Thu,10:00 am to 10:30 am,Global Sports Complex | Noida,Tennis Court,Not Booked,300,24 Sep 10:21
2026-09-24,Thu,10:30 am to 11:00 am,Global Sports Complex | Noida,Tennis Court,Not Booked,300,24 Sep 10:54
2026-09-24,Thu,11:00 am to 11:30 am,Global Sports Complex | Noida,Tennis Court,Not Booked,300,24 Sep 11:21
2026-09-24,Thu,11:30 am to 12:00 pm,Global Sports Complex | Noida,Tennis Court,Not Booked,300,24 Sep 11:21
2026-09-24,Thu,12:00 pm to 12:30 pm,Global Sports Complex | Noida,Tennis Court,Not Booked,300,24 Sep 12:24
2026-09-24,Thu,12:30 pm to 1:00 pm,Global Sports Complex | Noida,Tennis Court,Not Booked,300,24 Sep 12:56
2026-09-24,Thu,1:00 pm to 1:30 pm,Global Sports Complex | Noida,Tennis Court,Not Booked,300,24 Sep 13:22
2026-09-24,Thu,1:30 pm to 2:00 pm,Global Sports Complex | Noida,Tennis Court,Not Booked,300,24 Sep 13:57
2026-09-24,Thu,2:00 pm to 2:30 pm,Global Sports Complex | Noida,Tennis Court,Not Booked,300,24 Sep 14:23
2026-09-24,Thu,2:30 pm to 3:00 pm,Global Sports Complex | Noida,Tennis Court,Not Booked,300,24 Sep 14:56
2026-09-24,Thu,3:00 pm to 3:30 pm,Global Sports Complex | Noida,Tennis Court,Filling Fast,300,24 Sep 15:22
2026-09-24,Thu,3:30 pm to 4:00 pm,Global Sports Complex | Noida,Tennis Court,Filling Fast,300,24 Sep 15:57
2026-09-24,Thu,4:00 pm to 4:30 pm,Global Sports Complex | Noida,Tennis Court,Filling Fast,300,24 Sep 16:22
2026-09-24,Thu,4:30 pm to 5:00 pm,Global Sports Complex | Noida,Tennis Court,Filling Fast,300,24 Sep 16:55
2026-09-24,Thu,6:00 am to 7:00 am,Indrayu Jeta Sports | Noida,Tennis (Acrylic Court),Booked,222,24 Sep 06:54
2026-09-24,Thu,6:00 pm to 7:00 pm,Indrayu Jeta Sports | Noida,Tennis (Acrylic Court),Booked,222,24 Sep 18:57
2026-09-24,Thu,7:00 pm to 8:00 pm,Indrayu Jeta Sports | Noida,Tennis (Acrylic Court),Booked,222,24 Sep 19:57
2026-09-24,Thu,8:00 pm to 9:00 pm,Indrayu Jeta Sports | Noida,Tennis (Acrylic Court),Booked,222,24 Sep 20:57
2026-09-24,Thu,10:00 pm to 10:30 pm,Spodium Arena | Sector 29,Tennis Court (Clay),Not Booked,199,24 Sep 22:22
2026-09-24,Thu,10:30 pm to 11:00 pm,Spodium Arena | Sector 29,Tennis Court (Clay),Not Booked,199,24 Sep 22:54
2026-09-24,Thu,11:00 pm to 11:30 pm,Spodium Arena | Sector 29,Tennis Court (Clay),Not Booked,199,24 Sep 23:20
2026-09-24,Thu,11:30 pm to 12:00 am,Spodium Arena | Sector 29,Tennis Court (Clay),Not Booked,199,24 Sep 23:58
2026-09-24,Thu,2:00 pm to 2:30 pm,Spodium Arena | Sector 29,Tennis Court (Clay),Not Booked,199,24 Sep 14:23
2026-09-24,Thu,2:30 pm to 3:00 pm,Spodium Arena | Sector 29,Tennis Court (Clay),Not Booked,199,24 Sep 14:56
2026-09-24,Thu,3:00 pm to 3:30 pm,Spodium Arena | Sector 29,Tennis Court (Clay),Not Booked,199,24 Sep 15:22
2026-09-24,Thu,3:30 pm to 4:00 pm,Spodium Arena | Sector 29,Tennis Court (Clay),Not Booked,199,24 Sep 15:57
2026-09-24,Thu,4:00 pm to 4:30 pm,Spodium Arena | Sector 29,Tennis Court (Clay),Not Booked,199,24 Sep 16:22
2026-09-24,Thu,4:30 pm to 5:00 pm,Spodium Arena | Sector 29,Tennis Court (Clay),Not Booked,199,24 Sep 16:55
2026-09-24,Thu,5:00 am to 5:30 am,Spodium Arena | Sector 29,Tennis Court (Clay),Not Booked,199,24 Sep 05:19
2026-09-24,Thu,5:00 pm to 5:30 pm,Spodium Arena | Sector 29,Tennis Court (Clay),Not Booked,199,24 Sep 17:22
2026-09-24,Thu,5:30 am to 6:00 am,Spodium Arena | Sector 29,Tennis Court (Clay),Not Booked,199,24 Sep 05:19
2026-09-24,Thu,6:00 am to 6:30 am,Spodium Arena | Sector 29,Tennis Court (Clay),Not Booked,199,24 Sep 06:23
2026-09-24,Thu,6:30 am to 7:00 am,Spodium Arena | Sector 29,Tennis Court (Clay),Not Booked,199,24 Sep 06:54
2026-09-24,Thu,7:00 am to 7:30 am,Spodium Arena | Sector 29,Tennis Court (Clay),Not Booked,199,24 Sep 07:22
2026-09-24,Thu,7:30 am to 8:00 am,Spodium Arena | Sector 29,Tennis Court (Clay),Not Booked,199,24 Sep 07:55
2026-09-24,Thu,7:30 pm to 8:00 pm,Spodium Arena | Sector 29,Tennis Court (Clay),Not Booked,199,24 Sep 19:57
2026-09-24,Thu,8:00 pm to 8:30 pm,Spodium Arena | Sector 29,Tennis Court (Clay),Not Booked,199,24 Sep 20:24
2026-09-24,Thu,8:30 pm to 9:00 pm,Spodium Arena | Sector 29,Tennis Court (Clay),Not Booked,199,24 Sep 20:57
2026-09-24,Thu,9:00 pm to 9:30 pm,Spodium Arena | Sector 29,Tennis Court (Clay),Booked,199,24 Sep 21:22
2026-09-24,Thu,9:30 pm to 10:00 pm,Spodium Arena | Sector 29,Tennis Court (Clay),Not Booked,199,24 Sep 21:57
2026-09-24,Thu,10:00 am to 10:30 am,Way To Slams Tennis Academy,Tennis (Clay Courts),Not Booked,150,24 Sep 10:21
2026-09-24,Thu,10:00 pm to 10:30 pm,Way To Slams Tennis Academy,Tennis (Clay Courts),Not Booked,300,24 Sep 22:22
2026-09-24,Thu,10:30 am to 11:00 am,Way To Slams Tennis Academy,Tennis (Clay Courts),Not Booked,150,24 Sep 10:54
2026-09-24,Thu,10:30 pm to 11:00 pm,Way To Slams Tennis Academy,Tennis (Clay Courts),Not Booked,300,24 Sep 22:54
2026-09-24,Thu,11:00 am to 11:30 am,Way To Slams Tennis Academy,Tennis (Clay Courts),Not Booked,150,24 Sep 11:21
2026-09-24,Thu,11:00 pm to 11:30 pm,Way To Slams Tennis Academy,Tennis (Clay Courts),Not Booked,300,24 Sep 23:20
2026-09-24,Thu,11:30 am to 12:00 pm,Way To Slams Tennis Academy,Tennis (Clay Courts),Not Booked,150,24 Sep 11:21
2026-09-24,Thu,11:30 pm to 12:00 am,Way To Slams Tennis Academy,Tennis (Clay Courts),Not Booked,300,24 Sep 23:58
2026-09-24,Thu,12:00 am to 12:30 am,Way To Slams Tennis Academy,Tennis (Clay Courts),Not Booked,300,24 Sep 00:22
2026-09-24,Thu,12:00 pm to 12:30 pm,Way To Slams Tennis Academy,Tennis (Clay Courts),Not Booked,150,24 Sep 12:24
2026-09-24,Thu,12:30 am to 1:00 am,Way To Slams Tennis Academy,Tennis (Clay Courts),Not Booked,300,24 Sep 00:54
2026-09-24,Thu,12:30 pm to 1:00 pm,Way To Slams Tennis Academy,Tennis (Clay Courts),Not Booked,150,24 Sep 12:56
2026-09-24,Thu,1:00 am to 1:30 am,Way To Slams Tennis Academy,Tennis (Clay Courts),Not Booked,300,24 Sep 01:20
2026-09-24,Thu,1:00 pm to 1:30 pm,Way To Slams Tennis Academy,Tennis (Clay Courts),Not Booked,150,24 Sep 13:22
2026-09-24,Thu,1:30 am to 2:00 am,Way To Slams Tennis Academy,Tennis (Clay Courts),Not Booked,300,24 Sep 01:55
2026-09-24,Thu,1:30 pm to 2:00 pm,Way To Slams Tennis Academy,Tennis (Clay Courts),Not Booked,150,24 Sep 13:57
2026-09-24,Thu,2:00 am to 2:30 am,Way To Slams Tennis Academy,Tennis (Clay Courts),Not Booked,300,24 Sep 02:20
2026-09-24,Thu,2:00 pm to 2:30 pm,Way To Slams Tennis Academy,Tennis (Clay Courts),Not Booked,150,24 Sep 14:23
2026-09-24,Thu,2:30 am to 3:00 am,Way To Slams Tennis Academy,Tennis (Clay Courts),Not Booked,300,24 Sep 02:54
2026-09-24,Thu,2:30 pm to 3:00 pm,Way To Slams Tennis Academy,Tennis (Clay Courts),Not Booked,150,24 Sep 14:56
2026-09-24,Thu,3:00 am to 3:30 am,Way To Slams Tennis Academy,Tennis (Clay Courts),Not Booked,300,24 Sep 03:19
2026-09-24,Thu,3:00 pm to 3:30 pm,Way To Slams Tennis Academy,Tennis (Clay Courts),Not Booked,150,24 Sep 15:22
2026-09-24,Thu,3:30 am to 4:00 am,Way To Slams Tennis Academy,Tennis (Clay Courts),Not Booked,300,24 Sep 03:54
2026-09-24,Thu,3:30 pm to 4:00 pm,Way To Slams Tennis Academy,Tennis (Clay Courts),Not Booked,150,24 Sep 15:57
2026-09-24,Thu,4:00 am to 4:30 am,Way To Slams Tennis Academy,Tennis (Clay Courts),Not Booked,300,24 Sep 04:20
2026-09-24,Thu,4:00 pm to 4:30 pm,Way To Slams Tennis Academy,Tennis (Clay Courts),Not Booked,150,24 Sep 16:22
2026-09-24,Thu,4:30 am to 5:00 am,Way To Slams Tennis Academy,Tennis (Clay Courts),Not Booked,300,24 Sep 04:51
2026-09-24,Thu,5:00 am to 5:30 am,Way To Slams Tennis Academy,Tennis (Clay Courts),Not Booked,300,24 Sep 05:19
2026-09-24,Thu,5:30 am to 6:00 am,Way To Slams Tennis Academy,Tennis (Clay Courts),Not Booked,300,24 Sep 05:19
2026-09-24,Thu,6:00 am to 6:30 am,Way To Slams Tennis Academy,Tennis (Clay Courts),Not Booked,300,24 Sep 06:23
2026-09-24,Thu,6:30 am to 7:00 am,Way To Slams Tennis Academy,Tennis (Clay Courts),Not Booked,300,24 Sep 06:54
2026-09-24,Thu,7:30 pm to 8:00 pm,Way To Slams Tennis Academy,Tennis (Clay Courts),Not Booked,300,24 Sep 19:57
2026-09-24,Thu,8:00 pm to 8:30 pm,Way To Slams Tennis Academy,Tennis (Clay Courts),Not Booked,300,24 Sep 20:24
2026-09-24,Thu,8:30 pm to 9:00 pm,Way To Slams Tennis Academy,Tennis (Clay Courts),Not Booked,300,24 Sep 20:57
2026-09-24,Thu,9:00 am to 9:30 am,Way To Slams Tennis Academy,Tennis (Clay Courts),Not Booked,150,24 Sep 09:22
2026-09-24,Thu,9:00 pm to 9:30 pm,Way To Slams Tennis Academy,Tennis (Clay Courts),Not Booked,300,24 Sep 21:22
2026-09-24,Thu,9:30 am to 10:00 am,Way To Slams Tennis Academy,Tennis (Clay Courts),Not Booked,150,24 Sep 09:55
2026-09-24,Thu,9:30 pm to 10:00 pm,Way To Slams Tennis Academy,Tennis (Clay Courts),Not Booked,300,24 Sep 21:57
2026-09-25,Fri,10:00 am to 11:00 am,Apex Sports Academy | Noida,Tennis (Clay Courts),Filling Fast,400,25 Sep 10:54
2026-09-25,Fri,11:00 am to 12:00 pm,Apex Sports Academy | Noida,Tennis (Clay Courts),Filling Fast,400,25 Sep 11:22
2026-09-25,Fri,12:00 pm to 1:00 pm,Apex Sports Academy | Noida,Tennis (Clay Courts),Filling Fast,400,25 Sep 12:56
2026-09-25,Fri,1:00 pm to 2:00 pm,Apex Sports Academy | Noida,Tennis (Clay Courts),Filling Fast,400,25 Sep 13:57
2026-09-25,Fri,2:00 pm to 3:00 pm,Apex Sports Academy | Noida,Tennis (Clay Courts),Filling Fast,400,25 Sep 14:56
2026-09-25,Fri,3:00 pm to 4:00 pm,Apex Sports Academy | Noida,Tennis (Clay Courts),Filling Fast,400,25 Sep 15:56
2026-09-25,Fri,9:00 am to 10:00 am,Apex Sports Academy | Noida,Tennis (Clay Courts),Filling Fast,400,25 Sep 09:56
2026-09-25,Fri,10:00 am to 10:30 am,Global Sports Complex | Noida,Tennis Court,Not Booked,300,25 Sep 10:23
2026-09-25,Fri,10:30 am to 11:00 am,Global Sports Complex | Noida,Tennis Court,Not Booked,300,25 Sep 10:54
2026-09-25,Fri,11:00 am to 11:30 am,Global Sports Complex | Noida,Tennis Court,Not Booked,300,25 Sep 11:22
2026-09-25,Fri,11:30 am to 12:00 pm,Global Sports Complex | Noida,Tennis Court,Not Booked,300,25 Sep 11:22
2026-09-25,Fri,12:00 pm to 12:30 pm,Global Sports Complex | Noida,Tennis Court,Not Booked,300,25 Sep 12:24
2026-09-25,Fri,12:30 pm to 1:00 pm,Global Sports Complex | Noida,Tennis Court,Not Booked,300,25 Sep 12:56
2026-09-25,Fri,1:00 pm to 1:30 pm,Global Sports Complex | Noida,Tennis Court,Not Booked,300,25 Sep 13:22
2026-09-25,Fri,1:30 pm to 2:00 pm,Global Sports Complex | Noida,Tennis Court,Not Booked,300,25 Sep 13:57
2026-09-25,Fri,2:00 pm to 2:30 pm,Global Sports Complex | Noida,Tennis Court,Not Booked,300,25 Sep 14:23
2026-09-25,Fri,2:30 pm to 3:00 pm,Global Sports Complex | Noida,Tennis Court,Not Booked,300,25 Sep 14:56
2026-09-25,Fri,3:00 pm to 3:30 pm,Global Sports Complex | Noida,Tennis Court,Filling Fast,300,25 Sep 15:22
2026-09-25,Fri,3:30 pm to 4:00 pm,Global Sports Complex | Noida,Tennis Court,Filling Fast,300,25 Sep 15:56
2026-09-25,Fri,4:00 pm to 4:30 pm,Global Sports Complex | Noida,Tennis Court,Filling Fast,300,25 Sep 16:22
2026-09-25,Fri,4:30 pm to 5:00 pm,Global Sports Complex | Noida,Tennis Court,Filling Fast,300,25 Sep 16:55
2026-09-25,Fri,6:00 am to 7:00 am,Indrayu Jeta Sports | Noida,Tennis (Acrylic Court),Not Booked,222,25 Sep 06:54
2026-09-25,Fri,6:00 pm to 7:00 pm,Indrayu Jeta Sports | Noida,Tennis (Acrylic Court),Booked,222,25 Sep 18:57
2026-09-25,Fri,7:00 pm to 8:00 pm,Indrayu Jeta Sports | Noida,Tennis (Acrylic Court),Booked,222,25 Sep 19:57
2026-09-25,Fri,8:00 pm to 9:00 pm,Indrayu Jeta Sports | Noida,Tennis (Acrylic Court),Booked,222,25 Sep 20:56
2026-09-25,Fri,10:00 pm to 10:30 pm,Spodium Arena | Sector 29,Tennis Court (Clay),Not Booked,199,25 Sep 22:23
2026-09-25,Fri,10:30 pm to 11:00 pm,Spodium Arena | Sector 29,Tennis Court (Clay),Not Booked,199,25 Sep 22:55
2026-09-25,Fri,11:00 pm to 11:30 pm,Spodium Arena | Sector 29,Tennis Court (Clay),Not Booked,199,25 Sep 23:22
2026-09-25,Fri,11:30 pm to 12:00 am,Spodium Arena | Sector 29,Tennis Court (Clay),Not Booked,199,25 Sep 23:57
2026-09-25,Fri,2:00 pm to 2:30 pm,Spodium Arena | Sector 29,Tennis Court (Clay),Not Booked,199,25 Sep 14:23
2026-09-25,Fri,2:30 pm to 3:00 pm,Spodium Arena | Sector 29,Tennis Court (Clay),Not Booked,199,25 Sep 14:56
2026-09-25,Fri,3:00 pm to 3:30 pm,Spodium Arena | Sector 29,Tennis Court (Clay),Not Booked,199,25 Sep 15:22
2026-09-25,Fri,3:30 pm to 4:00 pm,Spodium Arena | Sector 29,Tennis Court (Clay),Not Booked,199,25 Sep 15:56
2026-09-25,Fri,4:00 pm to 4:30 pm,Spodium Arena | Sector 29,Tennis Court (Clay),Not Booked,199,25 Sep 16:22
2026-09-25,Fri,4:30 pm to 5:00 pm,Spodium Arena | Sector 29,Tennis Court (Clay),Not Booked,199,25 Sep 16:55
2026-09-25,Fri,5:00 am to 5:30 am,Spodium Arena | Sector 29,Tennis Court (Clay),Not Booked,199,25 Sep 05:19
2026-09-25,Fri,5:00 pm to 5:30 pm,Spodium Arena | Sector 29,Tennis Court (Clay),Not Booked,199,25 Sep 17:22
2026-09-25,Fri,5:30 am to 6:00 am,Spodium Arena | Sector 29,Tennis Court (Clay),Not Booked,199,25 Sep 05:19
2026-09-25,Fri,5:30 pm to 6:00 pm,Spodium Arena | Sector 29,Tennis Court (Clay),Not Booked,199,25 Sep 17:22
2026-09-25,Fri,6:00 am to 6:30 am,Spodium Arena | Sector 29,Tennis Court (Clay),Not Booked,199,25 Sep 06:23
2026-09-25,Fri,6:00 pm to 6:30 pm,Spodium Arena | Sector 29,Tennis Court (Clay),Booked,199,25 Sep 18:24
2026-09-25,Fri,6:30 am to 7:00 am,Spodium Arena | Sector 29,Tennis Court (Clay),Not Booked,199,25 Sep 06:54
2026-09-25,Fri,6:30 pm to 7:00 pm,Spodium Arena | Sector 29,Tennis Court (Clay),Booked,199,25 Sep 18:57
2026-09-25,Fri,7:00 am to 7:30 am,Spodium Arena | Sector 29,Tennis Court (Clay),Not Booked,199,25 Sep 07:20
2026-09-25,Fri,7:00 pm to 7:30 pm,Spodium Arena | Sector 29,Tennis Court (Clay),Booked,199,25 Sep 19:23
2026-09-25,Fri,7:30 am to 8:00 am,Spodium Arena | Sector 29,Tennis Court (Clay),Not Booked,199,25 Sep 07:54
2026-09-25,Fri,7:30 pm to 8:00 pm,Spodium Arena | Sector 29,Tennis Court (Clay),Booked,199,25 Sep 19:57
2026-09-25,Fri,8:00 pm to 8:30 pm,Spodium Arena | Sector 29,Tennis Court (Clay),Not Booked,199,25 Sep 20:24
2026-09-25,Fri,8:30 pm to 9:00 pm,Spodium Arena | Sector 29,Tennis Court (Clay),Not Booked,199,25 Sep 20:56
2026-09-25,Fri,9:00 pm to 9:30 pm,Spodium Arena | Sector 29,Tennis Court (Clay),Not Booked,199,25 Sep 21:21
2026-09-25,Fri,9:30 pm to 10:00 pm,Spodium Arena | Sector 29,Tennis Court (Clay),Not Booked,199,25 Sep 21:57
2026-09-25,Fri,10:00 am to 10:30 am,Way To Slams Tennis Academy,Tennis (Clay Courts),Not Booked,150,25 Sep 10:23
2026-09-25,Fri,10:00 pm to 10:30 pm,Way To Slams Tennis Academy,Tennis (Clay Courts),Not Booked,300,25 Sep 22:23
2026-09-25,Fri,10:30 am to 11:00 am,Way To Slams Tennis Academy,Tennis (Clay Courts),Not Booked,150,25 Sep 10:54
2026-09-25,Fri,10:30 pm to 11:00 pm,Way To Slams Tennis Academy,Tennis (Clay Courts),Not Booked,300,25 Sep 22:55
2026-09-25,Fri,11:00 am to 11:30 am,Way To Slams Tennis Academy,Tennis (Clay Courts),Not Booked,150,25 Sep 11:22
2026-09-25,Fri,11:00 pm to 11:30 pm,Way To Slams Tennis Academy,Tennis (Clay Courts),Not Booked,300,25 Sep 23:22
2026-09-25,Fri,11:30 am to 12:00 pm,Way To Slams Tennis Academy,Tennis (Clay Courts),Not Booked,150,25 Sep 11:22
2026-09-25,Fri,11:30 pm to 12:00 am,Way To Slams Tennis Academy,Tennis (Clay Courts),Not Booked,300,25 Sep 23:57
2026-09-25,Fri,12:00 am to 12:30 am,Way To Slams Tennis Academy,Tennis (Clay Courts),Not Booked,300,25 Sep 00:23
2026-09-25,Fri,12:00 pm to 12:30 pm,Way To Slams Tennis Academy,Tennis (Clay Courts),Not Booked,150,25 Sep 12:24
2026-09-25,Fri,12:30 am to 1:00 am,Way To Slams Tennis Academy,Tennis (Clay Courts),Not Booked,300,25 Sep 00:53
2026-09-25,Fri,12:30 pm to 1:00 pm,Way To Slams Tennis Academy,Tennis (Clay Courts),Not Booked,150,25 Sep 12:56
2026-09-25,Fri,1:00 am to 1:30 am,Way To Slams Tennis Academy,Tennis (Clay Courts),Not Booked,300,25 Sep 01:20
2026-09-25,Fri,1:00 pm to 1:30 pm,Way To Slams Tennis Academy,Tennis (Clay Courts),Not Booked,150,25 Sep 13:22
2026-09-25,Fri,1:30 am to 2:00 am,Way To Slams Tennis Academy,Tennis (Clay Courts),Not Booked,300,25 Sep 01:56
2026-09-25,Fri,1:30 pm to 2:00 pm,Way To Slams Tennis Academy,Tennis (Clay Courts),Not Booked,150,25 Sep 13:57
2026-09-25,Fri,2:00 am to 2:30 am,Way To Slams Tennis Academy,Tennis (Clay Courts),Not Booked,300,25 Sep 02:23
2026-09-25,Fri,2:00 pm to 2:30 pm,Way To Slams Tennis Academy,Tennis (Clay Courts),Not Booked,150,25 Sep 14:23
2026-09-25,Fri,2:30 am to 3:00 am,Way To Slams Tennis Academy,Tennis (Clay Courts),Not Booked,300,25 Sep 02:54
2026-09-25,Fri,2:30 pm to 3:00 pm,Way To Slams Tennis Academy,Tennis (Clay Courts),Not Booked,150,25 Sep 14:56
2026-09-25,Fri,3:00 am to 3:30 am,Way To Slams Tennis Academy,Tennis (Clay Courts),Not Booked,300,25 Sep 03:19
2026-09-25,Fri,3:00 pm to 3:30 pm,Way To Slams Tennis Academy,Tennis (Clay Courts),Not Booked,150,25 Sep 15:22
2026-09-25,Fri,3:30 am to 4:00 am,Way To Slams Tennis Academy,Tennis (Clay Courts),Not Booked,300,25 Sep 03:55
2026-09-25,Fri,3:30 pm to 4:00 pm,Way To Slams Tennis Academy,Tennis (Clay Courts),Not Booked,150,25 Sep 15:56
2026-09-25,Fri,4:00 am to 4:30 am,Way To Slams Tennis Academy,Tennis (Clay Courts),Not Booked,300,25 Sep 04:21
2026-09-25,Fri,4:00 pm to 4:30 pm,Way To Slams Tennis Academy,Tennis (Clay Courts),Not Booked,150,25 Sep 16:22
2026-09-25,Fri,4:30 am to 5:00 am,Way To Slams Tennis Academy,Tennis (Clay Courts),Not Booked,300,25 Sep 04:53
2026-09-25,Fri,5:00 am to 5:30 am,Way To Slams Tennis Academy,Tennis (Clay Courts),Not Booked,300,25 Sep 05:19
2026-09-25,Fri,5:30 am to 6:00 am,Way To Slams Tennis Academy,Tennis (Clay Courts),Not Booked,300,25 Sep 05:19
2026-09-25,Fri,6:00 am to 6:30 am,Way To Slams Tennis Academy,Tennis (Clay Courts),Not Booked,300,25 Sep 06:23
2026-09-25,Fri,6:30 am to 7:00 am,Way To Slams Tennis Academy,Tennis (Clay Courts),Not Booked,300,25 Sep 06:54
2026-09-25,Fri,7:30 pm to 8:00 pm,Way To Slams Tennis Academy,Tennis (Clay Courts),Not Booked,300,25 Sep 19:57
2026-09-25,Fri,8:00 pm to 8:30 pm,Way To Slams Tennis Academy,Tennis (Clay Courts),Not Booked,300,25 Sep 20:24
2026-09-25,Fri,8:30 pm to 9:00 pm,Way To Slams Tennis Academy,Tennis (Clay Courts),Not Booked,300,25 Sep 20:56
2026-09-25,Fri,9:00 am to 9:30 am,Way To Slams Tennis Academy,Tennis (Clay Courts),Not Booked,150,25 Sep 09:21
2026-09-25,Fri,9:00 pm to 9:30 pm,Way To Slams Tennis Academy,Tennis (Clay Courts),Not Booked,300,25 Sep 21:21
2026-09-25,Fri,9:30 am to 10:00 am,Way To Slams Tennis Academy,Tennis (Clay Courts),Not Booked,150,25 Sep 09:56
2026-09-25,Fri,9:30 pm to 10:00 pm,Way To Slams Tennis Academy,Tennis (Clay Courts),Not Booked,300,25 Sep 21:57
2026-09-26,Sat,10:00 am to 11:00 am,Apex Sports Academy | Noida,Tennis (Clay Courts),Filling Fast,400,26 Sep 10:53
2026-09-26,Sat,11:00 am to 12:00 pm,Apex Sports Academy | Noida,Tennis (Clay Courts),Filling Fast,400,26 Sep 11:59
2026-09-26,Sat,12:00 pm to 1:00 pm,Apex Sports Academy | Noida,Tennis (Clay Courts),Filling Fast,400,26 Sep 12:54
2026-09-26,Sat,1:00 pm to 2:00 pm,Apex Sports Academy | Noida,Tennis (Clay Courts),Filling Fast,400,26 Sep 13:56
2026-09-26,Sat,2:00 pm to 3:00 pm,Apex Sports Academy | Noida,Tennis (Clay Courts),Filling Fast,400,26 Sep 14:54
2026-09-26,Sat,3:00 pm to 4:00 pm,Apex Sports Academy | Noida,Tennis (Clay Courts),Filling Fast,400,26 Sep 15:53
2026-09-26,Sat,9:00 am to 10:00 am,Apex Sports Academy | Noida,Tennis (Clay Courts),Filling Fast,400,26 Sep 09:55
2026-09-26,Sat,10:00 am to 10:30 am,Global Sports Complex | Noida,Tennis Court,Filling Fast,300,26 Sep 10:20
2026-09-26,Sat,10:30 am to 11:00 am,Global Sports Complex | Noida,Tennis Court,Filling Fast,300,26 Sep 10:53
2026-09-26,Sat,11:00 am to 11:30 am,Global Sports Complex | Noida,Tennis Court,Not Booked,300,26 Sep 11:20
2026-09-26,Sat,11:30 am to 12:00 pm,Global Sports Complex | Noida,Tennis Court,Not Booked,300,26 Sep 11:59
2026-09-26,Sat,12:00 pm to 12:30 pm,Global Sports Complex | Noida,Tennis Court,Not Booked,300,26 Sep 12:23
2026-09-26,Sat,12:30 pm to 1:00 pm,Global Sports Complex | Noida,Tennis Court,Not Booked,300,26 Sep 12:54
2026-09-26,Sat,1:00 pm to 1:30 pm,Global Sports Complex | Noida,Tennis Court,Not Booked,300,26 Sep 13:20
2026-09-26,Sat,1:30 pm to 2:00 pm,Global Sports Complex | Noida,Tennis Court,Not Booked,300,26 Sep 13:56
2026-09-26,Sat,2:00 pm to 2:30 pm,Global Sports Complex | Noida,Tennis Court,Not Booked,300,26 Sep 14:21
2026-09-26,Sat,2:30 pm to 3:00 pm,Global Sports Complex | Noida,Tennis Court,Not Booked,300,26 Sep 14:54
2026-09-26,Sat,3:00 pm to 3:30 pm,Global Sports Complex | Noida,Tennis Court,Filling Fast,300,26 Sep 15:20
2026-09-26,Sat,3:30 pm to 4:00 pm,Global Sports Complex | Noida,Tennis Court,Filling Fast,300,26 Sep 15:53
2026-09-26,Sat,4:00 pm to 4:30 pm,Global Sports Complex | Noida,Tennis Court,Filling Fast,300,26 Sep 16:20
2026-09-26,Sat,4:30 pm to 5:00 pm,Global Sports Complex | Noida,Tennis Court,Filling Fast,300,26 Sep 16:53
2026-09-26,Sat,5:00 pm to 5:30 pm,Global Sports Complex | Noida,Tennis Court,Filling Fast,300,26 Sep 14:54
2026-09-26,Sat,5:30 pm to 6:00 pm,Global Sports Complex | Noida,Tennis Court,Filling Fast,300,26 Sep 14:54
2026-09-26,Sat,6:00 pm to 6:30 pm,Global Sports Complex | Noida,Tennis Court,Booked,325,26 Sep 18:23
2026-09-26,Sat,6:30 pm to 7:00 pm,Global Sports Complex | Noida,Tennis Court,Booked,325,26 Sep 18:53
2026-09-26,Sat,7:00 pm to 7:30 pm,Global Sports Complex | Noida,Tennis Court,Booked,325,26 Sep 19:19
2026-09-26,Sat,10:00 am to 11:00 am,Indrayu Jeta Sports | Noida,Tennis (Acrylic Court),Not Booked,222,26 Sep 10:53
2026-09-26,Sat,11:00 am to 12:00 pm,Indrayu Jeta Sports | Noida,Tennis (Acrylic Court),Not Booked,222,26 Sep 11:59
2026-09-26,Sat,12:00 pm to 1:00 pm,Indrayu Jeta Sports | Noida,Tennis (Acrylic Court),Booked,222,26 Sep 12:54
2026-09-26,Sat,1:00 pm to 2:00 pm,Indrayu Jeta Sports | Noida,Tennis (Acrylic Court),Not Booked,222,26 Sep 13:56
2026-09-26,Sat,2:00 pm to 3:00 pm,Indrayu Jeta Sports | Noida,Tennis (Acrylic Court),Not Booked,222,26 Sep 14:54
2026-09-26,Sat,3:00 pm to 4:00 pm,Indrayu Jeta Sports | Noida,Tennis (Acrylic Court),Not Booked,222,26 Sep 15:53
2026-09-26,Sat,4:00 pm to 5:00 pm,Indrayu Jeta Sports | Noida,Tennis (Acrylic Court),Booked,222,26 Sep 16:53
2026-09-26,Sat,5:00 pm to 6:00 pm,Indrayu Jeta Sports | Noida,Tennis (Acrylic Court),Booked,222,26 Sep 17:58
2026-09-26,Sat,6:00 am to 7:00 am,Indrayu Jeta Sports | Noida,Tennis (Acrylic Court),Not Booked,222,26 Sep 06:53
2026-09-26,Sat,6:00 pm to 7:00 pm,Indrayu Jeta Sports | Noida,Tennis (Acrylic Court),Booked,222,26 Sep 18:53
2026-09-26,Sat,7:00 am to 8:00 am,Indrayu Jeta Sports | Noida,Tennis (Acrylic Court),Not Booked,222,26 Sep 07:54
2026-09-26,Sat,7:00 pm to 8:00 pm,Indrayu Jeta Sports | Noida,Tennis (Acrylic Court),Booked,222,26 Sep 19:54
2026-09-26,Sat,8:00 am to 9:00 am,Indrayu Jeta Sports | Noida,Tennis (Acrylic Court),Not Booked,222,26 Sep 08:54
2026-09-26,Sat,8:00 pm to 9:00 pm,Indrayu Jeta Sports | Noida,Tennis (Acrylic Court),Not Booked,222,26 Sep 20:54
2026-09-26,Sat,9:00 am to 10:00 am,Indrayu Jeta Sports | Noida,Tennis (Acrylic Court),Not Booked,222,26 Sep 09:55
2026-09-26,Sat,10:00 am to 10:30 am,Spodium Arena | Sector 29,Tennis Court (Clay),Not Booked,199,26 Sep 10:20
2026-09-26,Sat,10:00 pm to 10:30 pm,Spodium Arena | Sector 29,Tennis Court (Clay),Not Booked,199,26 Sep 22:21
2026-09-26,Sat,10:30 am to 11:00 am,Spodium Arena | Sector 29,Tennis Court (Clay),Not Booked,199,26 Sep 10:53
2026-09-26,Sat,10:30 pm to 11:00 pm,Spodium Arena | Sector 29,Tennis Court (Clay),Not Booked,199,26 Sep 22:53
2026-09-26,Sat,11:00 am to 11:30 am,Spodium Arena | Sector 29,Tennis Court (Clay),Not Booked,199,26 Sep 11:20
2026-09-26,Sat,11:00 pm to 11:30 pm,Spodium Arena | Sector 29,Tennis Court (Clay),Not Booked,199,26 Sep 23:20
2026-09-26,Sat,11:30 am to 12:00 pm,Spodium Arena | Sector 29,Tennis Court (Clay),Not Booked,199,26 Sep 11:59
2026-09-26,Sat,11:30 pm to 12:00 am,Spodium Arena | Sector 29,Tennis Court (Clay),Not Booked,199,26 Sep 23:57
2026-09-26,Sat,12:00 pm to 12:30 pm,Spodium Arena | Sector 29,Tennis Court (Clay),Not Booked,199,26 Sep 12:23
2026-09-26,Sat,12:30 pm to 1:00 pm,Spodium Arena | Sector 29,Tennis Court (Clay),Not Booked,199,26 Sep 12:54
2026-09-26,Sat,1:00 pm to 1:30 pm,Spodium Arena | Sector 29,Tennis Court (Clay),Not Booked,199,26 Sep 13:20
2026-09-26,Sat,1:30 pm to 2:00 pm,Spodium Arena | Sector 29,Tennis Court (Clay),Not Booked,199,26 Sep 13:56
2026-09-26,Sat,2:00 pm to 2:30 pm,Spodium Arena | Sector 29,Tennis Court (Clay),Not Booked,199,26 Sep 14:21
2026-09-26,Sat,2:30 pm to 3:00 pm,Spodium Arena | Sector 29,Tennis Court (Clay),Not Booked,199,26 Sep 14:54
2026-09-26,Sat,3:00 pm to 3:30 pm,Spodium Arena | Sector 29,Tennis Court (Clay),Not Booked,199,26 Sep 15:20
2026-09-26,Sat,3:30 pm to 4:00 pm,Spodium Arena | Sector 29,Tennis Court (Clay),Not Booked,199,26 Sep 15:53
2026-09-26,Sat,4:00 pm to 4:30 pm,Spodium Arena | Sector 29,Tennis Court (Clay),Not Booked,199,26 Sep 16:20
2026-09-26,Sat,4:30 pm to 5:00 pm,Spodium Arena | Sector 29,Tennis Court (Clay),Not Booked,199,26 Sep 16:53
2026-09-26,Sat,5:00 am to 5:30 am,Spodium Arena | Sector 29,Tennis Court (Clay),Not Booked,199,26 Sep 05:20
2026-09-26,Sat,5:00 pm to 5:30 pm,Spodium Arena | Sector 29,Tennis Court (Clay),Not Booked,199,26 Sep 17:19
2026-09-26,Sat,5:30 am to 6:00 am,Spodium Arena | Sector 29,Tennis Court (Clay),Not Booked,199,26 Sep 05:20
2026-09-26,Sat,5:30 pm to 6:00 pm,Spodium Arena | Sector 29,Tennis Court (Clay),Not Booked,199,26 Sep 17:58
2026-09-26,Sat,6:00 am to 6:30 am,Spodium Arena | Sector 29,Tennis Court (Clay),Not Booked,199,26 Sep 06:23
2026-09-26,Sat,6:00 pm to 6:30 pm,Spodium Arena | Sector 29,Tennis Court (Clay),Not Booked,199,26 Sep 18:23
2026-09-26,Sat,6:30 am to 7:00 am,Spodium Arena | Sector 29,Tennis Court (Clay),Not Booked,199,26 Sep 06:53
2026-09-26,Sat,6:30 pm to 7:00 pm,Spodium Arena | Sector 29,Tennis Court (Clay),Not Booked,199,26 Sep 18:53
2026-09-26,Sat,7:00 am to 7:30 am,Spodium Arena | Sector 29,Tennis Court (Clay),Not Booked,199,26 Sep 07:21
2026-09-26,Sat,7:00 pm to 7:30 pm,Spodium Arena | Sector 29,Tennis Court (Clay),Not Booked,199,26 Sep 19:19
2026-09-26,Sat,7:30 am to 8:00 am,Spodium Arena | Sector 29,Tennis Court (Clay),Not Booked,199,26 Sep 07:54
2026-09-26,Sat,7:30 pm to 8:00 pm,Spodium Arena | Sector 29,Tennis Court (Clay),Not Booked,199,26 Sep 19:54
2026-09-26,Sat,8:00 am to 8:30 am,Spodium Arena | Sector 29,Tennis Court (Clay),Not Booked,199,26 Sep 08:21
2026-09-26,Sat,8:00 pm to 8:30 pm,Spodium Arena | Sector 29,Tennis Court (Clay),Not Booked,199,26 Sep 20:20
2026-09-26,Sat,8:30 am to 9:00 am,Spodium Arena | Sector 29,Tennis Court (Clay),Not Booked,199,26 Sep 08:54
2026-09-26,Sat,8:30 pm to 9:00 pm,Spodium Arena | Sector 29,Tennis Court (Clay),Not Booked,199,26 Sep 20:54
2026-09-26,Sat,9:00 am to 9:30 am,Spodium Arena | Sector 29,Tennis Court (Clay),Not Booked,199,26 Sep 09:20
2026-09-26,Sat,9:00 pm to 9:30 pm,Spodium Arena | Sector 29,Tennis Court (Clay),Not Booked,199,26 Sep 21:21
2026-09-26,Sat,9:30 am to 10:00 am,Spodium Arena | Sector 29,Tennis Court (Clay),Not Booked,199,26 Sep 09:55
2026-09-26,Sat,9:30 pm to 10:00 pm,Spodium Arena | Sector 29,Tennis Court (Clay),Not Booked,199,26 Sep 21:55
2026-09-26,Sat,10:00 am to 10:30 am,Way To Slams Tennis Academy,Tennis (Clay Courts),Not Booked,150,26 Sep 10:20
2026-09-26,Sat,10:00 pm to 10:30 pm,Way To Slams Tennis Academy,Tennis (Clay Courts),Not Booked,300,26 Sep 22:21
2026-09-26,Sat,10:30 am to 11:00 am,Way To Slams Tennis Academy,Tennis (Clay Courts),Not Booked,150,26 Sep 10:53
2026-09-26,Sat,10:30 pm to 11:00 pm,Way To Slams Tennis Academy,Tennis (Clay Courts),Not Booked,300,26 Sep 22:53
2026-09-26,Sat,11:00 am to 11:30 am,Way To Slams Tennis Academy,Tennis (Clay Courts),Not Booked,150,26 Sep 11:20
2026-09-26,Sat,11:00 pm to 11:30 pm,Way To Slams Tennis Academy,Tennis (Clay Courts),Not Booked,300,26 Sep 23:20
2026-09-26,Sat,11:30 am to 12:00 pm,Way To Slams Tennis Academy,Tennis (Clay Courts),Not Booked,150,26 Sep 11:59
2026-09-26,Sat,11:30 pm to 12:00 am,Way To Slams Tennis Academy,Tennis (Clay Courts),Not Booked,300,26 Sep 23:57
2026-09-26,Sat,12:00 am to 12:30 am,Way To Slams Tennis Academy,Tennis (Clay Courts),Not Booked,300,26 Sep 00:23
2026-09-26,Sat,12:00 pm to 12:30 pm,Way To Slams Tennis Academy,Tennis (Clay Courts),Not Booked,150,26 Sep 12:23
2026-09-26,Sat,12:30 am to 1:00 am,Way To Slams Tennis Academy,Tennis (Clay Courts),Not Booked,300,26 Sep 00:53
2026-09-26,Sat,12:30 pm to 1:00 pm,Way To Slams Tennis Academy,Tennis (Clay Courts),Not Booked,150,26 Sep 12:54
2026-09-26,Sat,1:00 am to 1:30 am,Way To Slams Tennis Academy,Tennis (Clay Courts),Not Booked,300,26 Sep 01:21
2026-09-26,Sat,1:00 pm to 1:30 pm,Way To Slams Tennis Academy,Tennis (Clay Courts),Not Booked,150,26 Sep 13:20
2026-09-26,Sat,1:30 am to 2:00 am,Way To Slams Tennis Academy,Tennis (Clay Courts),Not Booked,300,26 Sep 01:54
2026-09-26,Sat,1:30 pm to 2:00 pm,Way To Slams Tennis Academy,Tennis (Clay Courts),Not Booked,150,26 Sep 13:56
2026-09-26,Sat,2:00 am to 2:30 am,Way To Slams Tennis Academy,Tennis (Clay Courts),Not Booked,300,26 Sep 02:22
2026-09-26,Sat,2:00 pm to 2:30 pm,Way To Slams Tennis Academy,Tennis (Clay Courts),Not Booked,150,26 Sep 14:21
2026-09-26,Sat,2:30 am to 3:00 am,Way To Slams Tennis Academy,Tennis (Clay Courts),Not Booked,300,26 Sep 02:54
2026-09-26,Sat,2:30 pm to 3:00 pm,Way To Slams Tennis Academy,Tennis (Clay Courts),Not Booked,150,26 Sep 14:54
2026-09-26,Sat,3:00 am to 3:30 am,Way To Slams Tennis Academy,Tennis (Clay Courts),Not Booked,300,26 Sep 03:21
2026-09-26,Sat,3:00 pm to 3:30 pm,Way To Slams Tennis Academy,Tennis (Clay Courts),Not Booked,150,26 Sep 15:20
2026-09-26,Sat,3:30 am to 4:00 am,Way To Slams Tennis Academy,Tennis (Clay Courts),Not Booked,300,26 Sep 03:54
2026-09-26,Sat,3:30 pm to 4:00 pm,Way To Slams Tennis Academy,Tennis (Clay Courts),Not Booked,150,26 Sep 15:53
2026-09-26,Sat,4:00 am to 4:30 am,Way To Slams Tennis Academy,Tennis (Clay Courts),Not Booked,300,26 Sep 04:21
2026-09-26,Sat,4:00 pm to 4:30 pm,Way To Slams Tennis Academy,Tennis (Clay Courts),Not Booked,150,26 Sep 16:20
2026-09-26,Sat,4:30 am to 5:00 am,Way To Slams Tennis Academy,Tennis (Clay Courts),Not Booked,300,26 Sep 04:53
2026-09-26,Sat,5:00 am to 5:30 am,Way To Slams Tennis Academy,Tennis (Clay Courts),Not Booked,300,26 Sep 05:20
2026-09-26,Sat,5:30 am to 6:00 am,Way To Slams Tennis Academy,Tennis (Clay Courts),Not Booked,300,26 Sep 05:20
2026-09-26,Sat,6:00 am to 6:30 am,Way To Slams Tennis Academy,Tennis (Clay Courts),Not Booked,300,26 Sep 06:23
2026-09-26,Sat,6:30 am to 7:00 am,Way To Slams Tennis Academy,Tennis (Clay Courts),Not Booked,300,26 Sep 06:53
2026-09-26,Sat,7:30 pm to 8:00 pm,Way To Slams Tennis Academy,Tennis (Clay Courts),Not Booked,300,26 Sep 19:54
2026-09-26,Sat,8:00 pm to 8:30 pm,Way To Slams Tennis Academy,Tennis (Clay Courts),Not Booked,300,26 Sep 20:20
2026-09-26,Sat,8:30 pm to 9:00 pm,Way To Slams Tennis Academy,Tennis (Clay Courts),Not Booked,300,26 Sep 20:54
2026-09-26,Sat,9:00 am to 9:30 am,Way To Slams Tennis Academy,Tennis (Clay Courts),Not Booked,150,26 Sep 09:20
2026-09-26,Sat,9:00 pm to 9:30 pm,Way To Slams Tennis Academy,Tennis (Clay Courts),Not Booked,300,26 Sep 21:21
2026-09-26,Sat,9:30 am to 10:00 am,Way To Slams Tennis Academy,Tennis (Clay Courts),Not Booked,150,26 Sep 09:55
2026-09-26,Sat,9:30 pm to 10:00 pm,Way To Slams Tennis Academy,Tennis (Clay Courts),Not Booked,300,26 Sep 21:55
2026-09-27,Sun,10:00 am to 11:00 am,Apex Sports Academy | Noida,Tennis (Clay Courts),Filling Fast,400,27 Sep 10:54
2026-09-27,Sun,11:00 am to 12:00 pm,Apex Sports Academy | Noida,Tennis (Clay Courts),Filling Fast,400,27 Sep 11:21
2026-09-27,Sun,12:00 pm to 1:00 pm,Apex Sports Academy | Noida,Tennis (Clay Courts),Filling Fast,400,27 Sep 12:54
2026-09-27,Sun,1:00 pm to 2:00 pm,Apex Sports Academy | Noida,Tennis (Clay Courts),Filling Fast,400,27 Sep 13:55
2026-09-27,Sun,2:00 pm to 3:00 pm,Apex Sports Academy | Noida,Tennis (Clay Courts),Filling Fast,400,27 Sep 14:55
2026-09-27,Sun,3:00 pm to 4:00 pm,Apex Sports Academy | Noida,Tennis (Clay Courts),Filling Fast,400,27 Sep 15:54
2026-09-27,Sun,4:00 pm to 5:00 pm,Apex Sports Academy | Noida,Tennis (Clay Courts),Filling Fast,400,27 Sep 16:54
2026-09-27,Sun,5:00 pm to 6:00 pm,Apex Sports Academy | Noida,Tennis (Clay Courts),Booked,400,27 Sep 17:59
2026-09-27,Sun,6:00 pm to 7:00 pm,Apex Sports Academy | Noida,Tennis (Clay Courts),Booked,400,27 Sep 18:54
2026-09-27,Sun,7:00 pm to 8:00 pm,Apex Sports Academy | Noida,Tennis (Clay Courts),Filling Fast,400,27 Sep 19:54
2026-09-27,Sun,8:00 pm to 9:00 pm,Apex Sports Academy | Noida,Tennis (Clay Courts),Filling Fast,400,27 Sep 20:54
2026-09-27,Sun,9:00 am to 10:00 am,Apex Sports Academy | Noida,Tennis (Clay Courts),Filling Fast,400,27 Sep 09:55
2026-09-27,Sun,10:00 am to 10:30 am,Global Sports Complex | Noida,Tennis Court,Not Booked,300,27 Sep 10:22
2026-09-27,Sun,10:30 am to 11:00 am,Global Sports Complex | Noida,Tennis Court,Not Booked,300,27 Sep 10:54
2026-09-27,Sun,11:00 am to 11:30 am,Global Sports Complex | Noida,Tennis Court,Not Booked,300,27 Sep 11:21
2026-09-27,Sun,11:30 am to 12:00 pm,Global Sports Complex | Noida,Tennis Court,Not Booked,300,27 Sep 11:21
2026-09-27,Sun,12:00 pm to 12:30 pm,Global Sports Complex | Noida,Tennis Court,Not Booked,300,27 Sep 12:24
2026-09-27,Sun,12:30 pm to 1:00 pm,Global Sports Complex | Noida,Tennis Court,Not Booked,300,27 Sep 12:54
2026-09-27,Sun,1:00 pm to 1:30 pm,Global Sports Complex | Noida,Tennis Court,Not Booked,300,27 Sep 13:21
2026-09-27,Sun,1:30 pm to 2:00 pm,Global Sports Complex | Noida,Tennis Court,Not Booked,300,27 Sep 13:55
2026-09-27,Sun,2:00 pm to 2:30 pm,Global Sports Complex | Noida,Tennis Court,Not Booked,300,27 Sep 14:21
2026-09-27,Sun,2:30 pm to 3:00 pm,Global Sports Complex | Noida,Tennis Court,Not Booked,300,27 Sep 14:55
2026-09-27,Sun,3:00 pm to 3:30 pm,Global Sports Complex | Noida,Tennis Court,Filling Fast,300,27 Sep 15:21
2026-09-27,Sun,3:30 pm to 4:00 pm,Global Sports Complex | Noida,Tennis Court,Filling Fast,300,27 Sep 15:54
2026-09-27,Sun,4:00 pm to 4:30 pm,Global Sports Complex | Noida,Tennis Court,Filling Fast,300,27 Sep 16:20
2026-09-27,Sun,4:30 pm to 5:00 pm,Global Sports Complex | Noida,Tennis Court,Filling Fast,300,27 Sep 16:54
2026-09-27,Sun,5:00 pm to 5:30 pm,Global Sports Complex | Noida,Tennis Court,Filling Fast,300,27 Sep 17:20
2026-09-27,Sun,5:30 pm to 6:00 pm,Global Sports Complex | Noida,Tennis Court,Filling Fast,300,27 Sep 17:59
2026-09-27,Sun,6:00 pm to 6:30 pm,Global Sports Complex | Noida,Tennis Court,Filling Fast,325,27 Sep 18:24
2026-09-27,Sun,6:30 pm to 7:00 pm,Global Sports Complex | Noida,Tennis Court,Booked,325,27 Sep 18:54
2026-09-27,Sun,7:00 pm to 7:30 pm,Global Sports Complex | Noida,Tennis Court,Booked,325,27 Sep 19:20
2026-09-27,Sun,10:00 am to 11:00 am,Indrayu Jeta Sports | Noida,Tennis (Acrylic Court),Booked,222,27 Sep 10:54
2026-09-27,Sun,11:00 am to 12:00 pm,Indrayu Jeta Sports | Noida,Tennis (Acrylic Court),Not Booked,222,27 Sep 11:21
2026-09-27,Sun,12:00 pm to 1:00 pm,Indrayu Jeta Sports | Noida,Tennis (Acrylic Court),Not Booked,222,27 Sep 12:54
2026-09-27,Sun,1:00 pm to 2:00 pm,Indrayu Jeta Sports | Noida,Tennis (Acrylic Court),Not Booked,222,27 Sep 13:55
2026-09-27,Sun,2:00 pm to 3:00 pm,Indrayu Jeta Sports | Noida,Tennis (Acrylic Court),Not Booked,222,27 Sep 14:55
2026-09-27,Sun,3:00 pm to 4:00 pm,Indrayu Jeta Sports | Noida,Tennis (Acrylic Court),Not Booked,222,27 Sep 15:54
2026-09-27,Sun,4:00 pm to 5:00 pm,Indrayu Jeta Sports | Noida,Tennis (Acrylic Court),Booked,222,27 Sep 16:54
2026-09-27,Sun,5:00 pm to 6:00 pm,Indrayu Jeta Sports | Noida,Tennis (Acrylic Court),Booked,222,27 Sep 17:59
2026-09-27,Sun,6:00 am to 7:00 am,Indrayu Jeta Sports | Noida,Tennis (Acrylic Court),Booked,222,27 Sep 06:54
2026-09-27,Sun,6:00 pm to 7:00 pm,Indrayu Jeta Sports | Noida,Tennis (Acrylic Court),Booked,222,27 Sep 18:54
2026-09-27,Sun,7:00 am to 8:00 am,Indrayu Jeta Sports | Noida,Tennis (Acrylic Court),Booked,222,27 Sep 07:56
2026-09-27,Sun,7:00 pm to 8:00 pm,Indrayu Jeta Sports | Noida,Tennis (Acrylic Court),Booked,222,27 Sep 19:54
2026-09-27,Sun,8:00 am to 9:00 am,Indrayu Jeta Sports | Noida,Tennis (Acrylic Court),Booked,222,27 Sep 08:55
2026-09-27,Sun,8:00 pm to 9:00 pm,Indrayu Jeta Sports | Noida,Tennis (Acrylic Court),Not Booked,222,27 Sep 20:54
2026-09-27,Sun,9:00 am to 10:00 am,Indrayu Jeta Sports | Noida,Tennis (Acrylic Court),Booked,222,27 Sep 09:55
2026-09-27,Sun,10:00 am to 10:30 am,Spodium Arena | Sector 29,Tennis Court (Clay),Not Booked,199,27 Sep 10:22
2026-09-27,Sun,10:00 pm to 10:30 pm,Spodium Arena | Sector 29,Tennis Court (Clay),Booked,199,27 Sep 22:21
2026-09-27,Sun,10:30 am to 11:00 am,Spodium Arena | Sector 29,Tennis Court (Clay),Not Booked,199,27 Sep 10:54
2026-09-27,Sun,10:30 pm to 11:00 pm,Spodium Arena | Sector 29,Tennis Court (Clay),Booked,199,27 Sep 22:53
2026-09-27,Sun,11:00 am to 11:30 am,Spodium Arena | Sector 29,Tennis Court (Clay),Not Booked,199,27 Sep 11:21
2026-09-27,Sun,11:00 pm to 11:30 pm,Spodium Arena | Sector 29,Tennis Court (Clay),Not Booked,199,27 Sep 23:20
2026-09-27,Sun,11:30 am to 12:00 pm,Spodium Arena | Sector 29,Tennis Court (Clay),Not Booked,199,27 Sep 11:21
2026-09-27,Sun,11:30 pm to 12:00 am,Spodium Arena | Sector 29,Tennis Court (Clay),Not Booked,199,27 Sep 23:57
2026-09-27,Sun,12:00 pm to 12:30 pm,Spodium Arena | Sector 29,Tennis Court (Clay),Not Booked,199,27 Sep 12:24
2026-09-27,Sun,12:30 pm to 1:00 pm,Spodium Arena | Sector 29,Tennis Court (Clay),Not Booked,199,27 Sep 12:54
2026-09-27,Sun,1:00 pm to 1:30 pm,Spodium Arena | Sector 29,Tennis Court (Clay),Not Booked,199,27 Sep 13:21
2026-09-27,Sun,1:30 pm to 2:00 pm,Spodium Arena | Sector 29,Tennis Court (Clay),Not Booked,199,27 Sep 13:55
2026-09-27,Sun,2:00 pm to 2:30 pm,Spodium Arena | Sector 29,Tennis Court (Clay),Not Booked,199,27 Sep 14:21
2026-09-27,Sun,2:30 pm to 3:00 pm,Spodium Arena | Sector 29,Tennis Court (Clay),Not Booked,199,27 Sep 14:55
2026-09-27,Sun,3:00 pm to 3:30 pm,Spodium Arena | Sector 29,Tennis Court (Clay),Not Booked,199,27 Sep 15:21
2026-09-27,Sun,3:30 pm to 4:00 pm,Spodium Arena | Sector 29,Tennis Court (Clay),Not Booked,199,27 Sep 15:54
2026-09-27,Sun,4:00 pm to 4:30 pm,Spodium Arena | Sector 29,Tennis Court (Clay),Not Booked,199,27 Sep 16:20
2026-09-27,Sun,4:30 pm to 5:00 pm,Spodium Arena | Sector 29,Tennis Court (Clay),Not Booked,199,27 Sep 16:54
2026-09-27,Sun,5:00 am to 5:30 am,Spodium Arena | Sector 29,Tennis Court (Clay),Not Booked,199,27 Sep 05:19
2026-09-27,Sun,5:00 pm to 5:30 pm,Spodium Arena | Sector 29,Tennis Court (Clay),Not Booked,199,27 Sep 17:20
2026-09-27,Sun,5:30 am to 6:00 am,Spodium Arena | Sector 29,Tennis Court (Clay),Not Booked,199,27 Sep 05:19
2026-09-27,Sun,6:00 am to 6:30 am,Spodium Arena | Sector 29,Tennis Court (Clay),Not Booked,199,27 Sep 06:24
2026-09-27,Sun,6:30 am to 7:00 am,Spodium Arena | Sector 29,Tennis Court (Clay),Not Booked,199,27 Sep 06:54
2026-09-27,Sun,7:00 am to 7:30 am,Spodium Arena | Sector 29,Tennis Court (Clay),Not Booked,199,27 Sep 07:21
2026-09-27,Sun,7:30 am to 8:00 am,Spodium Arena | Sector 29,Tennis Court (Clay),Not Booked,199,27 Sep 07:56
2026-09-27,Sun,7:30 pm to 8:00 pm,Spodium Arena | Sector 29,Tennis Court (Clay),Not Booked,199,27 Sep 19:54
2026-09-27,Sun,8:00 am to 8:30 am,Spodium Arena | Sector 29,Tennis Court (Clay),Not Booked,199,27 Sep 08:22
2026-09-27,Sun,8:00 pm to 8:30 pm,Spodium Arena | Sector 29,Tennis Court (Clay),Not Booked,199,27 Sep 20:20
2026-09-27,Sun,8:30 am to 9:00 am,Spodium Arena | Sector 29,Tennis Court (Clay),Not Booked,199,27 Sep 08:55
2026-09-27,Sun,8:30 pm to 9:00 pm,Spodium Arena | Sector 29,Tennis Court (Clay),Not Booked,199,27 Sep 20:54
2026-09-27,Sun,9:00 am to 9:30 am,Spodium Arena | Sector 29,Tennis Court (Clay),Not Booked,199,27 Sep 09:22
2026-09-27,Sun,9:00 pm to 9:30 pm,Spodium Arena | Sector 29,Tennis Court (Clay),Not Booked,199,27 Sep 21:20
2026-09-27,Sun,9:30 am to 10:00 am,Spodium Arena | Sector 29,Tennis Court (Clay),Not Booked,199,27 Sep 09:55
2026-09-27,Sun,9:30 pm to 10:00 pm,Spodium Arena | Sector 29,Tennis Court (Clay),Not Booked,199,27 Sep 21:55
2026-09-27,Sun,10:00 am to 10:30 am,Way To Slams Tennis Academy,Tennis (Clay Courts),Not Booked,150,27 Sep 10:22
2026-09-27,Sun,10:00 pm to 10:30 pm,Way To Slams Tennis Academy,Tennis (Clay Courts),Not Booked,300,27 Sep 22:21
2026-09-27,Sun,10:30 am to 11:00 am,Way To Slams Tennis Academy,Tennis (Clay Courts),Not Booked,150,27 Sep 10:54
2026-09-27,Sun,10:30 pm to 11:00 pm,Way To Slams Tennis Academy,Tennis (Clay Courts),Not Booked,300,27 Sep 22:53
2026-09-27,Sun,11:00 am to 11:30 am,Way To Slams Tennis Academy,Tennis (Clay Courts),Not Booked,150,27 Sep 11:21
2026-09-27,Sun,11:00 pm to 11:30 pm,Way To Slams Tennis Academy,Tennis (Clay Courts),Not Booked,300,27 Sep 23:20
2026-09-27,Sun,11:30 am to 12:00 pm,Way To Slams Tennis Academy,Tennis (Clay Courts),Not Booked,150,27 Sep 11:21
2026-09-27,Sun,11:30 pm to 12:00 am,Way To Slams Tennis Academy,Tennis (Clay Courts),Not Booked,300,27 Sep 23:57
2026-09-27,Sun,12:00 am to 12:30 am,Way To Slams Tennis Academy,Tennis (Clay Courts),Not Booked,300,27 Sep 00:22
2026-09-27,Sun,12:00 pm to 12:30 pm,Way To Slams Tennis Academy,Tennis (Clay Courts),Not Booked,150,27 Sep 12:24
2026-09-27,Sun,12:30 am to 1:00 am,Way To Slams Tennis Academy,Tennis (Clay Courts),Not Booked,300,27 Sep 00:52
2026-09-27,Sun,12:30 pm to 1:00 pm,Way To Slams Tennis Academy,Tennis (Clay Courts),Not Booked,150,27 Sep 12:54
2026-09-27,Sun,1:00 am to 1:30 am,Way To Slams Tennis Academy,Tennis (Clay Courts),Not Booked,300,27 Sep 01:19
2026-09-27,Sun,1:00 pm to 1:30 pm,Way To Slams Tennis Academy,Tennis (Clay Courts),Not Booked,150,27 Sep 13:21
2026-09-27,Sun,1:30 am to 2:00 am,Way To Slams Tennis Academy,Tennis (Clay Courts),Not Booked,300,27 Sep 01:53
2026-09-27,Sun,1:30 pm to 2:00 pm,Way To Slams Tennis Academy,Tennis (Clay Courts),Not Booked,150,27 Sep 13:55
2026-09-27,Sun,2:00 am to 2:30 am,Way To Slams Tennis Academy,Tennis (Clay Courts),Not Booked,300,27 Sep 02:20
2026-09-27,Sun,2:00 pm to 2:30 pm,Way To Slams Tennis Academy,Tennis (Clay Courts),Not Booked,150,27 Sep 14:21
2026-09-27,Sun,2:30 am to 3:00 am,Way To Slams Tennis Academy,Tennis (Clay Courts),Not Booked,300,27 Sep 02:54
2026-09-27,Sun,2:30 pm to 3:00 pm,Way To Slams Tennis Academy,Tennis (Clay Courts),Not Booked,150,27 Sep 14:55
2026-09-27,Sun,3:00 am to 3:30 am,Way To Slams Tennis Academy,Tennis (Clay Courts),Not Booked,300,27 Sep 03:19
2026-09-27,Sun,3:00 pm to 3:30 pm,Way To Slams Tennis Academy,Tennis (Clay Courts),Not Booked,150,27 Sep 15:21
2026-09-27,Sun,3:30 am to 4:00 am,Way To Slams Tennis Academy,Tennis (Clay Courts),Not Booked,300,27 Sep 03:53
2026-09-27,Sun,3:30 pm to 4:00 pm,Way To Slams Tennis Academy,Tennis (Clay Courts),Not Booked,150,27 Sep 15:54
2026-09-27,Sun,4:00 am to 4:30 am,Way To Slams Tennis Academy,Tennis (Clay Courts),Not Booked,300,27 Sep 04:21
2026-09-27,Sun,4:00 pm to 4:30 pm,Way To Slams Tennis Academy,Tennis (Clay Courts),Not Booked,150,27 Sep 16:20
2026-09-27,Sun,4:30 am to 5:00 am,Way To Slams Tennis Academy,Tennis (Clay Courts),Not Booked,300,27 Sep 04:53
2026-09-27,Sun,4:30 pm to 5:00 pm,Way To Slams Tennis Academy,Tennis (Clay Courts),Not Booked,400,27 Sep 16:54
2026-09-27,Sun,5:00 am to 5:30 am,Way To Slams Tennis Academy,Tennis (Clay Courts),Not Booked,300,27 Sep 05:19
2026-09-27,Sun,5:00 pm to 5:30 pm,Way To Slams Tennis Academy,Tennis (Clay Courts),Not Booked,400,27 Sep 17:20
2026-09-27,Sun,5:30 am to 6:00 am,Way To Slams Tennis Academy,Tennis (Clay Courts),Not Booked,300,27 Sep 05:19
2026-09-27,Sun,5:30 pm to 6:00 pm,Way To Slams Tennis Academy,Tennis (Clay Courts),Not Booked,400,27 Sep 17:59
2026-09-27,Sun,6:00 am to 6:30 am,Way To Slams Tennis Academy,Tennis (Clay Courts),Not Booked,300,27 Sep 06:24
2026-09-27,Sun,6:00 pm to 6:30 pm,Way To Slams Tennis Academy,Tennis (Clay Courts),Not Booked,400,27 Sep 18:24
2026-09-27,Sun,6:30 am to 7:00 am,Way To Slams Tennis Academy,Tennis (Clay Courts),Not Booked,300,27 Sep 06:54
2026-09-27,Sun,6:30 pm to 7:00 pm,Way To Slams Tennis Academy,Tennis (Clay Courts),Not Booked,400,27 Sep 18:54
2026-09-27,Sun,7:00 pm to 7:30 pm,Way To Slams Tennis Academy,Tennis (Clay Courts),Not Booked,400,27 Sep 19:20
2026-09-27,Sun,7:30 pm to 8:00 pm,Way To Slams Tennis Academy,Tennis (Clay Courts),Not Booked,300,27 Sep 19:54
2026-09-27,Sun,8:00 pm to 8:30 pm,Way To Slams Tennis Academy,Tennis (Clay Courts),Not Booked,300,27 Sep 20:20
2026-09-27,Sun,8:30 pm to 9:00 pm,Way To Slams Tennis Academy,Tennis (Clay Courts),Not Booked,300,27 Sep 20:54
2026-09-27,Sun,9:00 am to 9:30 am,Way To Slams Tennis Academy,Tennis (Clay Courts),Not Booked,150,27 Sep 09:22
2026-09-27,Sun,9:00 pm to 9:30 pm,Way To Slams Tennis Academy,Tennis (Clay Courts),Not Booked,300,27 Sep 21:20
2026-09-27,Sun,9:30 am to 10:00 am,Way To Slams Tennis Academy,Tennis (Clay Courts),Not Booked,150,27 Sep 09:55
2026-09-27,Sun,9:30 pm to 10:00 pm,Way To Slams Tennis Academy,Tennis (Clay Courts),Not Booked,300,27 Sep 21:55
2026-09-28,Mon,10:00 am to 11:00 am,Apex Sports Academy | Noida,Tennis (Clay Courts),Filling Fast,400,28 Sep 10:57
2026-09-28,Mon,11:00 am to 12:00 pm,Apex Sports Academy | Noida,Tennis (Clay Courts),Filling Fast,400,28 Sep 11:23
2026-09-28,Mon,12:00 pm to 1:00 pm,Apex Sports Academy | Noida,Tennis (Clay Courts),Filling Fast,400,28 Sep 12:59
2026-09-28,Mon,1:00 pm to 2:00 pm,Apex Sports Academy | Noida,Tennis (Clay Courts),Filling Fast,400,28 Sep 13:24
2026-09-28,Mon,2:00 pm to 3:00 pm,Apex Sports Academy | Noida,Tennis (Clay Courts),Filling Fast,400,28 Sep 14:24
2026-09-28,Mon,3:00 pm to 4:00 pm,Apex Sports Academy | Noida,Tennis (Clay Courts),Filling Fast,400,28 Sep 15:58
2026-09-28,Mon,9:00 am to 10:00 am,Apex Sports Academy | Noida,Tennis (Clay Courts),Filling Fast,400,28 Sep 09:57
2026-09-28,Mon,10:00 am to 10:30 am,Global Sports Complex | Noida,Tennis Court,Not Booked,300,28 Sep 10:24
2026-09-28,Mon,10:30 am to 11:00 am,Global Sports Complex | Noida,Tennis Court,Not Booked,300,28 Sep 10:57
2026-09-28,Mon,11:00 am to 11:30 am,Global Sports Complex | Noida,Tennis Court,Not Booked,300,28 Sep 11:23
2026-09-28,Mon,11:30 am to 12:00 pm,Global Sports Complex | Noida,Tennis Court,Not Booked,300,28 Sep 11:23
2026-09-28,Mon,12:00 pm to 12:30 pm,Global Sports Complex | Noida,Tennis Court,Not Booked,300,28 Sep 12:28
2026-09-28,Mon,12:30 pm to 1:00 pm,Global Sports Complex | Noida,Tennis Court,Not Booked,300,28 Sep 12:59
2026-09-28,Mon,1:00 pm to 1:30 pm,Global Sports Complex | Noida,Tennis Court,Not Booked,300,28 Sep 13:24
2026-09-28,Mon,1:30 pm to 2:00 pm,Global Sports Complex | Noida,Tennis Court,Not Booked,300,28 Sep 13:24
2026-09-28,Mon,2:00 pm to 2:30 pm,Global Sports Complex | Noida,Tennis Court,Not Booked,300,28 Sep 14:24
2026-09-28,Mon,2:30 pm to 3:00 pm,Global Sports Complex | Noida,Tennis Court,Not Booked,300,28 Sep 14:24
2026-09-28,Mon,3:00 pm to 3:30 pm,Global Sports Complex | Noida,Tennis Court,Filling Fast,300,28 Sep 15:24
2026-09-28,Mon,3:30 pm to 4:00 pm,Global Sports Complex | Noida,Tennis Court,Filling Fast,300,28 Sep 15:58
2026-09-28,Mon,4:00 pm to 4:30 pm,Global Sports Complex | Noida,Tennis Court,Filling Fast,300,28 Sep 16:24
2026-09-28,Mon,4:30 pm to 5:00 pm,Global Sports Complex | Noida,Tennis Court,Filling Fast,300,28 Sep 16:56
2026-09-28,Mon,6:00 am to 7:00 am,Indrayu Jeta Sports | Noida,Tennis (Acrylic Court),Not Booked,222,28 Sep 06:55
2026-09-28,Mon,6:00 pm to 7:00 pm,Indrayu Jeta Sports | Noida,Tennis (Acrylic Court),Filling Fast,222,28 Sep 18:58
2026-09-28,Mon,7:00 pm to 8:00 pm,Indrayu Jeta Sports | Noida,Tennis (Acrylic Court),Filling Fast,222,28 Sep 19:26
2026-09-28,Mon,8:00 pm to 9:00 pm,Indrayu Jeta Sports | Noida,Tennis (Acrylic Court),Not Booked,222,28 Sep 20:59
2026-09-28,Mon,10:00 pm to 10:30 pm,Spodium Arena | Sector 29,Tennis Court (Clay),Not Booked,199,28 Sep 22:25
2026-09-28,Mon,10:30 pm to 11:00 pm,Spodium Arena | Sector 29,Tennis Court (Clay),Not Booked,199,28 Sep 22:56
2026-09-28,Mon,11:00 pm to 11:30 pm,Spodium Arena | Sector 29,Tennis Court (Clay),Not Booked,199,28 Sep 23:23
2026-09-28,Mon,11:30 pm to 12:00 am,Spodium Arena | Sector 29,Tennis Court (Clay),Not Booked,199,28 Sep 23:23
2026-09-28,Mon,2:00 pm to 2:30 pm,Spodium Arena | Sector 29,Tennis Court (Clay),Not Booked,199,28 Sep 14:24
2026-09-28,Mon,2:30 pm to 3:00 pm,Spodium Arena | Sector 29,Tennis Court (Clay),Not Booked,199,28 Sep 14:24
2026-09-28,Mon,3:00 pm to 3:30 pm,Spodium Arena | Sector 29,Tennis Court (Clay),Not Booked,199,28 Sep 15:24
2026-09-28,Mon,3:30 pm to 4:00 pm,Spodium Arena | Sector 29,Tennis Court (Clay),Not Booked,199,28 Sep 15:58
2026-09-28,Mon,4:00 pm to 4:30 pm,Spodium Arena | Sector 29,Tennis Court (Clay),Not Booked,199,28 Sep 16:24
2026-09-28,Mon,4:30 pm to 5:00 pm,Spodium Arena | Sector 29,Tennis Court (Clay),Not Booked,199,28 Sep 16:56
2026-09-28,Mon,5:00 am to 5:30 am,Spodium Arena | Sector 29,Tennis Court (Clay),Not Booked,199,28 Sep 05:20
2026-09-28,Mon,5:00 pm to 5:30 pm,Spodium Arena | Sector 29,Tennis Court (Clay),Not Booked,199,28 Sep 17:24
2026-09-28,Mon,5:30 am to 6:00 am,Spodium Arena | Sector 29,Tennis Court (Clay),Not Booked,199,28 Sep 05:20
2026-09-28,Mon,6:00 am to 6:30 am,Spodium Arena | Sector 29,Tennis Court (Clay),Not Booked,199,28 Sep 06:26
2026-09-28,Mon,6:30 am to 7:00 am,Spodium Arena | Sector 29,Tennis Court (Clay),Not Booked,199,28 Sep 06:55
2026-09-28,Mon,7:00 am to 7:30 am,Spodium Arena | Sector 29,Tennis Court (Clay),Not Booked,199,28 Sep 07:21
2026-09-28,Mon,7:30 am to 8:00 am,Spodium Arena | Sector 29,Tennis Court (Clay),Not Booked,199,28 Sep 07:56
2026-09-28,Mon,7:30 pm to 8:00 pm,Spodium Arena | Sector 29,Tennis Court (Clay),Not Booked,199,28 Sep 19:26
2026-09-28,Mon,8:00 pm to 8:30 pm,Spodium Arena | Sector 29,Tennis Court (Clay),Not Booked,199,28 Sep 20:27
2026-09-28,Mon,8:30 pm to 9:00 pm,Spodium Arena | Sector 29,Tennis Court (Clay),Not Booked,199,28 Sep 20:59
2026-09-28,Mon,9:00 pm to 9:30 pm,Spodium Arena | Sector 29,Tennis Court (Clay),Not Booked,199,28 Sep 21:25
2026-09-28,Mon,9:30 pm to 10:00 pm,Spodium Arena | Sector 29,Tennis Court (Clay),Not Booked,199,28 Sep 21:59
2026-09-28,Mon,10:00 am to 10:30 am,Way To Slams Tennis Academy,Tennis (Clay Courts),Not Booked,150,28 Sep 10:24
2026-09-28,Mon,10:00 pm to 10:30 pm,Way To Slams Tennis Academy,Tennis (Clay Courts),Not Booked,300,28 Sep 22:25
2026-09-28,Mon,10:30 am to 11:00 am,Way To Slams Tennis Academy,Tennis (Clay Courts),Not Booked,150,28 Sep 10:57
2026-09-28,Mon,10:30 pm to 11:00 pm,Way To Slams Tennis Academy,Tennis (Clay Courts),Not Booked,300,28 Sep 22:56
2026-09-28,Mon,11:00 am to 11:30 am,Way To Slams Tennis Academy,Tennis (Clay Courts),Not Booked,150,28 Sep 11:23
2026-09-28,Mon,11:00 pm to 11:30 pm,Way To Slams Tennis Academy,Tennis (Clay Courts),Not Booked,300,28 Sep 23:23
2026-09-28,Mon,11:30 am to 12:00 pm,Way To Slams Tennis Academy,Tennis (Clay Courts),Not Booked,150,28 Sep 11:23
2026-09-28,Mon,11:30 pm to 12:00 am,Way To Slams Tennis Academy,Tennis (Clay Courts),Not Booked,300,28 Sep 23:23
2026-09-28,Mon,12:00 am to 12:30 am,Way To Slams Tennis Academy,Tennis (Clay Courts),Not Booked,300,28 Sep 00:23
2026-09-28,Mon,12:00 pm to 12:30 pm,Way To Slams Tennis Academy,Tennis (Clay Courts),Not Booked,150,28 Sep 12:28
2026-09-28,Mon,12:30 am to 1:00 am,Way To Slams Tennis Academy,Tennis (Clay Courts),Not Booked,300,28 Sep 00:52
2026-09-28,Mon,12:30 pm to 1:00 pm,Way To Slams Tennis Academy,Tennis (Clay Courts),Not Booked,150,28 Sep 12:59
2026-09-28,Mon,1:00 am to 1:30 am,Way To Slams Tennis Academy,Tennis (Clay Courts),Not Booked,300,28 Sep 01:19
2026-09-28,Mon,1:00 pm to 1:30 pm,Way To Slams Tennis Academy,Tennis (Clay Courts),Not Booked,150,28 Sep 13:24
2026-09-28,Mon,1:30 am to 2:00 am,Way To Slams Tennis Academy,Tennis (Clay Courts),Not Booked,300,28 Sep 01:54
2026-09-28,Mon,1:30 pm to 2:00 pm,Way To Slams Tennis Academy,Tennis (Clay Courts),Not Booked,150,28 Sep 13:24
2026-09-28,Mon,2:00 am to 2:30 am,Way To Slams Tennis Academy,Tennis (Clay Courts),Not Booked,300,28 Sep 02:21
2026-09-28,Mon,2:00 pm to 2:30 pm,Way To Slams Tennis Academy,Tennis (Clay Courts),Not Booked,150,28 Sep 14:24
2026-09-28,Mon,2:30 am to 3:00 am,Way To Slams Tennis Academy,Tennis (Clay Courts),Not Booked,300,28 Sep 02:54
2026-09-28,Mon,2:30 pm to 3:00 pm,Way To Slams Tennis Academy,Tennis (Clay Courts),Not Booked,150,28 Sep 14:24
2026-09-28,Mon,3:00 am to 3:30 am,Way To Slams Tennis Academy,Tennis (Clay Courts),Not Booked,300,28 Sep 03:20
2026-09-28,Mon,3:00 pm to 3:30 pm,Way To Slams Tennis Academy,Tennis (Clay Courts),Not Booked,150,28 Sep 15:24
2026-09-28,Mon,3:30 am to 4:00 am,Way To Slams Tennis Academy,Tennis (Clay Courts),Not Booked,300,28 Sep 03:55
2026-09-28,Mon,3:30 pm to 4:00 pm,Way To Slams Tennis Academy,Tennis (Clay Courts),Not Booked,150,28 Sep 15:58
2026-09-28,Mon,4:00 am to 4:30 am,Way To Slams Tennis Academy,Tennis (Clay Courts),Not Booked,300,28 Sep 04:20
2026-09-28,Mon,4:00 pm to 4:30 pm,Way To Slams Tennis Academy,Tennis (Clay Courts),Not Booked,150,28 Sep 16:24
2026-09-28,Mon,4:30 am to 5:00 am,Way To Slams Tennis Academy,Tennis (Clay Courts),Not Booked,300,28 Sep 04:53
2026-09-28,Mon,5:00 am to 5:30 am,Way To Slams Tennis Academy,Tennis (Clay Courts),Not Booked,300,28 Sep 05:20
2026-09-28,Mon,5:30 am to 6:00 am,Way To Slams Tennis Academy,Tennis (Clay Courts),Not Booked,300,28 Sep 05:20
2026-09-28,Mon,6:00 am to 6:30 am,Way To Slams Tennis Academy,Tennis (Clay Courts),Not Booked,300,28 Sep 06:26
2026-09-28,Mon,6:30 am to 7:00 am,Way To Slams Tennis Academy,Tennis (Clay Courts),Not Booked,300,28 Sep 06:55
2026-09-28,Mon,7:30 pm to 8:00 pm,Way To Slams Tennis Academy,Tennis (Clay Courts),Not Booked,300,28 Sep 19:26
2026-09-28,Mon,8:00 pm to 8:30 pm,Way To Slams Tennis Academy,Tennis (Clay Courts),Not Booked,300,28 Sep 20:27
2026-09-28,Mon,8:30 pm to 9:00 pm,Way To Slams Tennis Academy,Tennis (Clay Courts),Not Booked,300,28 Sep 20:59
2026-09-28,Mon,9:00 am to 9:30 am,Way To Slams Tennis Academy,Tennis (Clay Courts),Not Booked,150,28 Sep 09:24
2026-09-28,Mon,9:00 pm to 9:30 pm,Way To Slams Tennis Academy,Tennis (Clay Courts),Not Booked,300,28 Sep 21:25
2026-09-28,Mon,9:30 am to 10:00 am,Way To Slams Tennis Academy,Tennis (Clay Courts),Not Booked,150,28 Sep 09:57
2026-09-28,Mon,9:30 pm to 10:00 pm,Way To Slams Tennis Academy,Tennis (Clay Courts),Not Booked,300,28 Sep 21:59
2026-09-29,Tue,10:00 am to 11:00 am,Apex Sports Academy | Noida,Tennis (Clay Courts),Filling Fast,400,29 Sep 10:56
2026-09-29,Tue,11:00 am to 12:00 pm,Apex Sports Academy | Noida,Tennis (Clay Courts),Filling Fast,400,29 Sep 11:24
2026-09-29,Tue,12:00 pm to 1:00 pm,Apex Sports Academy | Noida,Tennis (Clay Courts),Filling Fast,400,29 Sep 12:58
2026-09-29,Tue,1:00 pm to 2:00 pm,Apex Sports Academy | Noida,Tennis (Clay Courts),Filling Fast,400,29 Sep 13:59
2026-09-29,Tue,2:00 pm to 3:00 pm,Apex Sports Academy | Noida,Tennis (Clay Courts),Filling Fast,400,29 Sep 14:58
2026-09-29,Tue,3:00 pm to 4:00 pm,Apex Sports Academy | Noida,Tennis (Clay Courts),Filling Fast,400,29 Sep 15:58
2026-09-29,Tue,9:00 am to 10:00 am,Apex Sports Academy | Noida,Tennis (Clay Courts),Filling Fast,400,29 Sep 09:57
2026-09-29,Tue,10:00 am to 10:30 am,Global Sports Complex | Noida,Tennis Court,Not Booked,300,29 Sep 10:24
2026-09-29,Tue,10:30 am to 11:00 am,Global Sports Complex | Noida,Tennis Court,Not Booked,300,29 Sep 10:56
2026-09-29,Tue,11:00 am to 11:30 am,Global Sports Complex | Noida,Tennis Court,Not Booked,300,29 Sep 11:24
2026-09-29,Tue,11:30 am to 12:00 pm,Global Sports Complex | Noida,Tennis Court,Not Booked,300,29 Sep 11:24
2026-09-29,Tue,12:00 pm to 12:30 pm,Global Sports Complex | Noida,Tennis Court,Not Booked,300,29 Sep 12:27
2026-09-29,Tue,12:30 pm to 1:00 pm,Global Sports Complex | Noida,Tennis Court,Not Booked,300,29 Sep 12:58
2026-09-29,Tue,1:00 pm to 1:30 pm,Global Sports Complex | Noida,Tennis Court,Not Booked,300,29 Sep 13:24
2026-09-29,Tue,1:30 pm to 2:00 pm,Global Sports Complex | Noida,Tennis Court,Not Booked,300,29 Sep 13:59
2026-09-29,Tue,2:00 pm to 2:30 pm,Global Sports Complex | Noida,Tennis Court,Not Booked,300,29 Sep 14:24
2026-09-29,Tue,2:30 pm to 3:00 pm,Global Sports Complex | Noida,Tennis Court,Not Booked,300,29 Sep 14:58
2026-09-29,Tue,3:00 pm to 3:30 pm,Global Sports Complex | Noida,Tennis Court,Filling Fast,300,29 Sep 15:25
2026-09-29,Tue,3:30 pm to 4:00 pm,Global Sports Complex | Noida,Tennis Court,Filling Fast,300,29 Sep 15:58
2026-09-29,Tue,4:00 pm to 4:30 pm,Global Sports Complex | Noida,Tennis Court,Filling Fast,600,29 Sep 16:24
2026-09-29,Tue,4:30 pm to 5:00 pm,Global Sports Complex | Noida,Tennis Court,Filling Fast,600,29 Sep 16:56
2026-09-29,Tue,6:00 am to 7:00 am,Indrayu Jeta Sports | Noida,Tennis (Acrylic Court),Booked,222,29 Sep 06:55
2026-09-29,Tue,6:00 pm to 7:00 pm,Indrayu Jeta Sports | Noida,Tennis (Acrylic Court),Booked,222,29 Sep 18:28
2026-09-29,Tue,7:00 pm to 8:00 pm,Indrayu Jeta Sports | Noida,Tennis (Acrylic Court),Booked,222,29 Sep 19:59
2026-09-29,Tue,8:00 pm to 9:00 pm,Indrayu Jeta Sports | Noida,Tennis (Acrylic Court),Booked,222,29 Sep 20:25
2026-09-29,Tue,10:00 pm to 10:30 pm,Spodium Arena | Sector 29,Tennis Court (Clay),Not Booked,199,29 Sep 22:26
2026-09-29,Tue,10:30 pm to 11:00 pm,Spodium Arena | Sector 29,Tennis Court (Clay),Not Booked,199,29 Sep 22:57
2026-09-29,Tue,11:00 pm to 11:30 pm,Spodium Arena | Sector 29,Tennis Court (Clay),Not Booked,199,29 Sep 23:24
2026-09-29,Tue,11:30 pm to 12:00 am,Spodium Arena | Sector 29,Tennis Court (Clay),Not Booked,199,29 Sep 23:24
2026-09-29,Tue,2:00 pm to 2:30 pm,Spodium Arena | Sector 29,Tennis Court (Clay),Not Booked,199,29 Sep 14:24
2026-09-29,Tue,2:30 pm to 3:00 pm,Spodium Arena | Sector 29,Tennis Court (Clay),Not Booked,199,29 Sep 14:58
2026-09-29,Tue,3:00 pm to 3:30 pm,Spodium Arena | Sector 29,Tennis Court (Clay),Not Booked,199,29 Sep 15:25
2026-09-29,Tue,3:30 pm to 4:00 pm,Spodium Arena | Sector 29,Tennis Court (Clay),Not Booked,199,29 Sep 15:58
2026-09-29,Tue,4:00 pm to 4:30 pm,Spodium Arena | Sector 29,Tennis Court (Clay),Not Booked,199,29 Sep 16:24
2026-09-29,Tue,4:30 pm to 5:00 pm,Spodium Arena | Sector 29,Tennis Court (Clay),Not Booked,199,29 Sep 16:56
2026-09-29,Tue,5:00 am to 5:30 am,Spodium Arena | Sector 29,Tennis Court (Clay),Not Booked,199,29 Sep 05:22
2026-09-29,Tue,5:00 pm to 5:30 pm,Spodium Arena | Sector 29,Tennis Court (Clay),Not Booked,199,29 Sep 17:24
2026-09-29,Tue,5:30 am to 6:00 am,Spodium Arena | Sector 29,Tennis Court (Clay),Not Booked,199,29 Sep 05:22
2026-09-29,Tue,6:00 am to 6:30 am,Spodium Arena | Sector 29,Tennis Court (Clay),Not Booked,199,29 Sep 06:27
2026-09-29,Tue,6:30 am to 7:00 am,Spodium Arena | Sector 29,Tennis Court (Clay),Not Booked,199,29 Sep 06:55
2026-09-29,Tue,7:00 am to 7:30 am,Spodium Arena | Sector 29,Tennis Court (Clay),Not Booked,199,29 Sep 07:23
2026-09-29,Tue,7:30 am to 8:00 am,Spodium Arena | Sector 29,Tennis Court (Clay),Not Booked,199,29 Sep 07:54
2026-09-29,Tue,7:30 pm to 8:00 pm,Spodium Arena | Sector 29,Tennis Court (Clay),Not Booked,199,29 Sep 19:59
2026-09-29,Tue,8:00 pm to 8:30 pm,Spodium Arena | Sector 29,Tennis Court (Clay),Not Booked,199,29 Sep 20:25
2026-09-29,Tue,8:30 pm to 9:00 pm,Spodium Arena | Sector 29,Tennis Court (Clay),Not Booked,199,29 Sep 20:25
2026-09-29,Tue,9:00 pm to 9:30 pm,Spodium Arena | Sector 29,Tennis Court (Clay),Not Booked,199,29 Sep 21:25
2026-09-29,Tue,9:30 pm to 10:00 pm,Spodium Arena | Sector 29,Tennis Court (Clay),Not Booked,199,29 Sep 21:25
2026-09-29,Tue,10:00 am to 10:30 am,Way To Slams Tennis Academy,Tennis (Clay Courts),Not Booked,150,29 Sep 10:24
2026-09-29,Tue,10:00 pm to 10:30 pm,Way To Slams Tennis Academy,Tennis (Clay Courts),Not Booked,300,29 Sep 22:26
2026-09-29,Tue,10:30 am to 11:00 am,Way To Slams Tennis Academy,Tennis (Clay Courts),Not Booked,150,29 Sep 10:56
2026-09-29,Tue,10:30 pm to 11:00 pm,Way To Slams Tennis Academy,Tennis (Clay Courts),Not Booked,300,29 Sep 22:57
2026-09-29,Tue,11:00 am to 11:30 am,Way To Slams Tennis Academy,Tennis (Clay Courts),Not Booked,150,29 Sep 11:24
2026-09-29,Tue,11:00 pm to 11:30 pm,Way To Slams Tennis Academy,Tennis (Clay Courts),Not Booked,300,29 Sep 23:24
2026-09-29,Tue,11:30 am to 12:00 pm,Way To Slams Tennis Academy,Tennis (Clay Courts),Not Booked,150,29 Sep 11:24
2026-09-29,Tue,11:30 pm to 12:00 am,Way To Slams Tennis Academy,Tennis (Clay Courts),Not Booked,300,29 Sep 23:24
2026-09-29,Tue,12:00 am to 12:30 am,Way To Slams Tennis Academy,Tennis (Clay Courts),Not Booked,300,29 Sep 00:25
2026-09-29,Tue,12:00 pm to 12:30 pm,Way To Slams Tennis Academy,Tennis (Clay Courts),Not Booked,150,29 Sep 12:27
2026-09-29,Tue,12:30 am to 1:00 am,Way To Slams Tennis Academy,Tennis (Clay Courts),Not Booked,300,29 Sep 00:56
2026-09-29,Tue,12:30 pm to 1:00 pm,Way To Slams Tennis Academy,Tennis (Clay Courts),Not Booked,150,29 Sep 12:58
2026-09-29,Tue,1:00 am to 1:30 am,Way To Slams Tennis Academy,Tennis (Clay Courts),Not Booked,300,29 Sep 01:23
2026-09-29,Tue,1:00 pm to 1:30 pm,Way To Slams Tennis Academy,Tennis (Clay Courts),Not Booked,150,29 Sep 13:24
2026-09-29,Tue,1:30 am to 2:00 am,Way To Slams Tennis Academy,Tennis (Clay Courts),Not Booked,300,29 Sep 01:55
2026-09-29,Tue,1:30 pm to 2:00 pm,Way To Slams Tennis Academy,Tennis (Clay Courts),Not Booked,150,29 Sep 13:59
2026-09-29,Tue,2:00 am to 2:30 am,Way To Slams Tennis Academy,Tennis (Clay Courts),Not Booked,300,29 Sep 02:25
2026-09-29,Tue,2:00 pm to 2:30 pm,Way To Slams Tennis Academy,Tennis (Clay Courts),Not Booked,150,29 Sep 14:24
2026-09-29,Tue,2:30 am to 3:00 am,Way To Slams Tennis Academy,Tennis (Clay Courts),Not Booked,300,29 Sep 02:55
2026-09-29,Tue,2:30 pm to 3:00 pm,Way To Slams Tennis Academy,Tennis (Clay Courts),Not Booked,150,29 Sep 14:58
2026-09-29,Tue,3:00 am to 3:30 am,Way To Slams Tennis Academy,Tennis (Clay Courts),Not Booked,300,29 Sep 03:22
2026-09-29,Tue,3:00 pm to 3:30 pm,Way To Slams Tennis Academy,Tennis (Clay Courts),Not Booked,150,29 Sep 15:25
2026-09-29,Tue,3:30 am to 4:00 am,Way To Slams Tennis Academy,Tennis (Clay Courts),Not Booked,300,29 Sep 03:55
2026-09-29,Tue,3:30 pm to 4:00 pm,Way To Slams Tennis Academy,Tennis (Clay Courts),Not Booked,150,29 Sep 15:58
2026-09-29,Tue,4:00 am to 4:30 am,Way To Slams Tennis Academy,Tennis (Clay Courts),Not Booked,300,29 Sep 04:21
2026-09-29,Tue,4:00 pm to 4:30 pm,Way To Slams Tennis Academy,Tennis (Clay Courts),Not Booked,150,29 Sep 16:24
2026-09-29,Tue,4:30 am to 5:00 am,Way To Slams Tennis Academy,Tennis (Clay Courts),Not Booked,300,29 Sep 04:55
2026-09-29,Tue,5:00 am to 5:30 am,Way To Slams Tennis Academy,Tennis (Clay Courts),Not Booked,300,29 Sep 05:22
2026-09-29,Tue,5:30 am to 6:00 am,Way To Slams Tennis Academy,Tennis (Clay Courts),Not Booked,300,29 Sep 05:22
2026-09-29,Tue,6:00 am to 6:30 am,Way To Slams Tennis Academy,Tennis (Clay Courts),Not Booked,300,29 Sep 06:27
2026-09-29,Tue,6:30 am to 7:00 am,Way To Slams Tennis Academy,Tennis (Clay Courts),Not Booked,300,29 Sep 06:55
2026-09-29,Tue,7:30 pm to 8:00 pm,Way To Slams Tennis Academy,Tennis (Clay Courts),Not Booked,300,29 Sep 19:59
2026-09-29,Tue,8:00 pm to 8:30 pm,Way To Slams Tennis Academy,Tennis (Clay Courts),Not Booked,300,29 Sep 20:25
2026-09-29,Tue,8:30 pm to 9:00 pm,Way To Slams Tennis Academy,Tennis (Clay Courts),Not Booked,300,29 Sep 20:25
2026-09-29,Tue,9:00 am to 9:30 am,Way To Slams Tennis Academy,Tennis (Clay Courts),Not Booked,150,29 Sep 09:24
2026-09-29,Tue,9:00 pm to 9:30 pm,Way To Slams Tennis Academy,Tennis (Clay Courts),Not Booked,300,29 Sep 21:25
2026-09-29,Tue,9:30 am to 10:00 am,Way To Slams Tennis Academy,Tennis (Clay Courts),Not Booked,150,29 Sep 09:57
2026-09-29,Tue,9:30 pm to 10:00 pm,Way To Slams Tennis Academy,Tennis (Clay Courts),Not Booked,300,29 Sep 21:25
2026-09-30,Wed,10:00 am to 11:00 am,Apex Sports Academy | Noida,Tennis (Clay Courts),Filling Fast,400,30 Sep 10:57
2026-09-30,Wed,11:00 am to 12:00 pm,Apex Sports Academy | Noida,Tennis (Clay Courts),Filling Fast,400,30 Sep 11:24
2026-09-30,Wed,12:00 pm to 1:00 pm,Apex Sports Academy | Noida,Tennis (Clay Courts),Filling Fast,400,30 Sep 12:27
2026-09-30,Wed,1:00 pm to 2:00 pm,Apex Sports Academy | Noida,Tennis (Clay Courts),Filling Fast,400,30 Sep 13:25
2026-09-30,Wed,2:00 pm to 3:00 pm,Apex Sports Academy | Noida,Tennis (Clay Courts),Filling Fast,400,30 Sep 14:58
2026-09-30,Wed,3:00 pm to 4:00 pm,Apex Sports Academy | Noida,Tennis (Clay Courts),Filling Fast,400,30 Sep 15:58
2026-09-30,Wed,9:00 am to 10:00 am,Apex Sports Academy | Noida,Tennis (Clay Courts),Filling Fast,400,30 Sep 09:58
2026-09-30,Wed,10:00 am to 10:30 am,Global Sports Complex | Noida,Tennis Court,Not Booked,300,30 Sep 10:24
2026-09-30,Wed,10:30 am to 11:00 am,Global Sports Complex | Noida,Tennis Court,Not Booked,300,30 Sep 10:57
2026-09-30,Wed,11:00 am to 11:30 am,Global Sports Complex | Noida,Tennis Court,Not Booked,300,30 Sep 11:24
2026-09-30,Wed,11:30 am to 12:00 pm,Global Sports Complex | Noida,Tennis Court,Not Booked,300,30 Sep 11:24
2026-09-30,Wed,12:00 pm to 12:30 pm,Global Sports Complex | Noida,Tennis Court,Not Booked,300,30 Sep 12:27
2026-09-30,Wed,12:30 pm to 1:00 pm,Global Sports Complex | Noida,Tennis Court,Not Booked,300,30 Sep 12:27
2026-09-30,Wed,1:00 pm to 1:30 pm,Global Sports Complex | Noida,Tennis Court,Not Booked,300,30 Sep 13:25
2026-09-30,Wed,1:30 pm to 2:00 pm,Global Sports Complex | Noida,Tennis Court,Not Booked,300,30 Sep 13:25
2026-09-30,Wed,2:00 pm to 2:30 pm,Global Sports Complex | Noida,Tennis Court,Not Booked,300,30 Sep 14:25
2026-09-30,Wed,2:30 pm to 3:00 pm,Global Sports Complex | Noida,Tennis Court,Not Booked,300,30 Sep 14:58
2026-09-30,Wed,3:00 pm to 3:30 pm,Global Sports Complex | Noida,Tennis Court,Filling Fast,300,30 Sep 15:25
2026-09-30,Wed,3:30 pm to 4:00 pm,Global Sports Complex | Noida,Tennis Court,Filling Fast,300,30 Sep 15:58
2026-09-30,Wed,4:00 pm to 4:30 pm,Global Sports Complex | Noida,Tennis Court,Filling Fast,300,30 Sep 16:25
2026-09-30,Wed,4:30 pm to 5:00 pm,Global Sports Complex | Noida,Tennis Court,Filling Fast,300,30 Sep 16:56
2026-09-30,Wed,6:00 am to 7:00 am,Indrayu Jeta Sports | Noida,Tennis (Acrylic Court),Not Booked,222,30 Sep 06:57
2026-09-30,Wed,6:00 pm to 7:00 pm,Indrayu Jeta Sports | Noida,Tennis (Acrylic Court),Booked,222,30 Sep 18:59
2026-09-30,Wed,7:00 pm to 8:00 pm,Indrayu Jeta Sports | Noida,Tennis (Acrylic Court),Booked,222,30 Sep 19:26
2026-09-30,Wed,8:00 pm to 9:00 pm,Indrayu Jeta Sports | Noida,Tennis (Acrylic Court),Booked,222,30 Sep 20:32
2026-09-30,Wed,10:00 pm to 10:30 pm,Spodium Arena | Sector 29,Tennis Court (Clay),Not Booked,199,30 Sep 22:24
2026-09-30,Wed,10:30 pm to 11:00 pm,Spodium Arena | Sector 29,Tennis Court (Clay),Not Booked,199,30 Sep 22:57
2026-09-30,Wed,11:00 pm to 11:30 pm,Spodium Arena | Sector 29,Tennis Court (Clay),Not Booked,199,30 Sep 23:24
2026-09-30,Wed,11:30 pm to 12:00 am,Spodium Arena | Sector 29,Tennis Court (Clay),Not Booked,199,30 Sep 23:59
2026-09-30,Wed,2:00 pm to 2:30 pm,Spodium Arena | Sector 29,Tennis Court (Clay),Not Booked,199,30 Sep 14:25
2026-09-30,Wed,2:30 pm to 3:00 pm,Spodium Arena | Sector 29,Tennis Court (Clay),Not Booked,199,30 Sep 14:58
2026-09-30,Wed,3:00 pm to 3:30 pm,Spodium Arena | Sector 29,Tennis Court (Clay),Not Booked,199,30 Sep 15:25
2026-09-30,Wed,3:30 pm to 4:00 pm,Spodium Arena | Sector 29,Tennis Court (Clay),Not Booked,199,30 Sep 15:58
2026-09-30,Wed,4:00 pm to 4:30 pm,Spodium Arena | Sector 29,Tennis Court (Clay),Not Booked,199,30 Sep 16:25
2026-09-30,Wed,4:30 pm to 5:00 pm,Spodium Arena | Sector 29,Tennis Court (Clay),Not Booked,199,30 Sep 16:56
2026-09-30,Wed,5:00 am to 5:30 am,Spodium Arena | Sector 29,Tennis Court (Clay),Not Booked,199,30 Sep 05:21
2026-09-30,Wed,5:00 pm to 5:30 pm,Spodium Arena | Sector 29,Tennis Court (Clay),Not Booked,199,30 Sep 17:25
2026-09-30,Wed,5:30 am to 6:00 am,Spodium Arena | Sector 29,Tennis Court (Clay),Not Booked,199,30 Sep 05:21
2026-09-30,Wed,6:00 am to 6:30 am,Spodium Arena | Sector 29,Tennis Court (Clay),Booked,199,30 Sep 06:28
2026-09-30,Wed,6:30 am to 7:00 am,Spodium Arena | Sector 29,Tennis Court (Clay),Booked,199,30 Sep 06:57
2026-09-30,Wed,7:00 am to 7:30 am,Spodium Arena | Sector 29,Tennis Court (Clay),Not Booked,199,30 Sep 07:23
2026-09-30,Wed,7:30 am to 8:00 am,Spodium Arena | Sector 29,Tennis Court (Clay),Not Booked,199,30 Sep 07:55
2026-09-30,Wed,7:30 pm to 8:00 pm,Spodium Arena | Sector 29,Tennis Court (Clay),Booked,199,30 Sep 19:26
2026-09-30,Wed,8:00 pm to 8:30 pm,Spodium Arena | Sector 29,Tennis Court (Clay),Booked,199,30 Sep 20:07
2026-09-30,Wed,8:30 pm to 9:00 pm,Spodium Arena | Sector 29,Tennis Court (Clay),Booked,199,30 Sep 20:32
2026-09-30,Wed,9:00 pm to 9:30 pm,Spodium Arena | Sector 29,Tennis Court (Clay),Not Booked,199,30 Sep 21:26
2026-09-30,Wed,9:30 pm to 10:00 pm,Spodium Arena | Sector 29,Tennis Court (Clay),Not Booked,199,30 Sep 21:26
2026-09-30,Wed,10:00 am to 10:30 am,Way To Slams Tennis Academy,Tennis (Clay Courts),Not Booked,150,30 Sep 10:24
2026-09-30,Wed,10:00 pm to 10:30 pm,Way To Slams Tennis Academy,Tennis (Clay Courts),Not Booked,300,30 Sep 22:24
2026-09-30,Wed,10:30 am to 11:00 am,Way To Slams Tennis Academy,Tennis (Clay Courts),Not Booked,150,30 Sep 10:57
2026-09-30,Wed,10:30 pm to 11:00 pm,Way To Slams Tennis Academy,Tennis (Clay Courts),Not Booked,300,30 Sep 22:57
2026-09-30,Wed,11:00 am to 11:30 am,Way To Slams Tennis Academy,Tennis (Clay Courts),Not Booked,150,30 Sep 11:24
2026-09-30,Wed,11:00 pm to 11:30 pm,Way To Slams Tennis Academy,Tennis (Clay Courts),Not Booked,300,30 Sep 23:24
2026-09-30,Wed,11:30 am to 12:00 pm,Way To Slams Tennis Academy,Tennis (Clay Courts),Not Booked,150,30 Sep 11:24
2026-09-30,Wed,11:30 pm to 12:00 am,Way To Slams Tennis Academy,Tennis (Clay Courts),Not Booked,300,30 Sep 23:59
2026-09-30,Wed,12:00 am to 12:30 am,Way To Slams Tennis Academy,Tennis (Clay Courts),Not Booked,300,30 Sep 00:25
2026-09-30,Wed,12:00 pm to 12:30 pm,Way To Slams Tennis Academy,Tennis (Clay Courts),Not Booked,150,30 Sep 12:27
2026-09-30,Wed,12:30 am to 1:00 am,Way To Slams Tennis Academy,Tennis (Clay Courts),Not Booked,300,30 Sep 00:57
2026-09-30,Wed,12:30 pm to 1:00 pm,Way To Slams Tennis Academy,Tennis (Clay Courts),Not Booked,150,30 Sep 12:27
2026-09-30,Wed,1:00 am to 1:30 am,Way To Slams Tennis Academy,Tennis (Clay Courts),Not Booked,300,30 Sep 01:23
2026-09-30,Wed,1:00 pm to 1:30 pm,Way To Slams Tennis Academy,Tennis (Clay Courts),Not Booked,150,30 Sep 13:25
2026-09-30,Wed,1:30 am to 2:00 am,Way To Slams Tennis Academy,Tennis (Clay Courts),Not Booked,300,30 Sep 01:58
2026-09-30,Wed,1:30 pm to 2:00 pm,Way To Slams Tennis Academy,Tennis (Clay Courts),Not Booked,150,30 Sep 13:25
2026-09-30,Wed,2:00 am to 2:30 am,Way To Slams Tennis Academy,Tennis (Clay Courts),Not Booked,300,30 Sep 02:23
2026-09-30,Wed,2:00 pm to 2:30 pm,Way To Slams Tennis Academy,Tennis (Clay Courts),Not Booked,150,30 Sep 14:25
2026-09-30,Wed,2:30 am to 3:00 am,Way To Slams Tennis Academy,Tennis (Clay Courts),Not Booked,300,30 Sep 02:56
2026-09-30,Wed,2:30 pm to 3:00 pm,Way To Slams Tennis Academy,Tennis (Clay Courts),Not Booked,150,30 Sep 14:58
2026-09-30,Wed,3:00 am to 3:30 am,Way To Slams Tennis Academy,Tennis (Clay Courts),Not Booked,300,30 Sep 03:22
2026-09-30,Wed,3:00 pm to 3:30 pm,Way To Slams Tennis Academy,Tennis (Clay Courts),Not Booked,150,30 Sep 15:25
2026-09-30,Wed,3:30 am to 4:00 am,Way To Slams Tennis Academy,Tennis (Clay Courts),Not Booked,300,30 Sep 03:56
2026-09-30,Wed,3:30 pm to 4:00 pm,Way To Slams Tennis Academy,Tennis (Clay Courts),Not Booked,150,30 Sep 15:58
2026-09-30,Wed,4:00 am to 4:30 am,Way To Slams Tennis Academy,Tennis (Clay Courts),Not Booked,300,30 Sep 04:22
2026-09-30,Wed,4:00 pm to 4:30 pm,Way To Slams Tennis Academy,Tennis (Clay Courts),Not Booked,150,30 Sep 16:25
2026-09-30,Wed,4:30 am to 5:00 am,Way To Slams Tennis Academy,Tennis (Clay Courts),Not Booked,300,30 Sep 04:54
2026-09-30,Wed,5:00 am to 5:30 am,Way To Slams Tennis Academy,Tennis (Clay Courts),Not Booked,300,30 Sep 05:21
2026-09-30,Wed,5:30 am to 6:00 am,Way To Slams Tennis Academy,Tennis (Clay Courts),Not Booked,300,30 Sep 05:21
2026-09-30,Wed,6:00 am to 6:30 am,Way To Slams Tennis Academy,Tennis (Clay Courts),Not Booked,300,30 Sep 06:28
2026-09-30,Wed,6:30 am to 7:00 am,Way To Slams Tennis Academy,Tennis (Clay Courts),Not Booked,300,30 Sep 06:57
2026-09-30,Wed,7:30 pm to 8:00 pm,Way To Slams Tennis Academy,Tennis (Clay Courts),Not Booked,300,30 Sep 19:26
2026-09-30,Wed,8:00 pm to 8:30 pm,Way To Slams Tennis Academy,Tennis (Clay Courts),Not Booked,300,30 Sep 20:07
2026-09-30,Wed,8:30 pm to 9:00 pm,Way To Slams Tennis Academy,Tennis (Clay Courts),Not Booked,300,30 Sep 20:32
2026-09-30,Wed,9:00 am to 9:30 am,Way To Slams Tennis Academy,Tennis (Clay Courts),Not Booked,150,30 Sep 09:24
2026-09-30,Wed,9:00 pm to 9:30 pm,Way To Slams Tennis Academy,Tennis (Clay Courts),Not Booked,300,30 Sep 21:26
2026-09-30,Wed,9:30 am to 10:00 am,Way To Slams Tennis Academy,Tennis (Clay Courts),Not Booked,150,30 Sep 09:58
2026-09-30,Wed,9:30 pm to 10:00 pm,Way To Slams Tennis Academy,Tennis (Clay Courts),Not Booked,300,30 Sep 21:26
2026-10-01,Thu,10:00 am to 11:00 am,Apex Sports Academy | Noida,Tennis (Clay Courts),Filling Fast,400,01 Oct 10:57
2026-10-01,Thu,11:00 am to 12:00 pm,Apex Sports Academy | Noida,Tennis (Clay Courts),Filling Fast,400,01 Oct 11:25
2026-10-01,Thu,12:00 pm to 1:00 pm,Apex Sports Academy | Noida,Tennis (Clay Courts),Filling Fast,400,01 Oct 12:32
2026-10-01,Thu,1:00 pm to 2:00 pm,Apex Sports Academy | Noida,Tennis (Clay Courts),Filling Fast,400,01 Oct 13:24
2026-10-01,Thu,2:00 pm to 3:00 pm,Apex Sports Academy | Noida,Tennis (Clay Courts),Filling Fast,400,01 Oct 14:59
2026-10-01,Thu,3:00 pm to 4:00 pm,Apex Sports Academy | Noida,Tennis (Clay Courts),Filling Fast,400,01 Oct 15:59
2026-10-01,Thu,9:00 am to 10:00 am,Apex Sports Academy | Noida,Tennis (Clay Courts),Filling Fast,400,01 Oct 09:58
2026-10-01,Thu,10:00 am to 10:30 am,Global Sports Complex | Noida,Tennis Court,Not Booked,300,01 Oct 10:25
2026-10-01,Thu,10:30 am to 11:00 am,Global Sports Complex | Noida,Tennis Court,Not Booked,300,01 Oct 10:57
2026-10-01,Thu,11:00 am to 11:30 am,Global Sports Complex | Noida,Tennis Court,Not Booked,300,01 Oct 11:25
2026-10-01,Thu,11:30 am to 12:00 pm,Global Sports Complex | Noida,Tennis Court,Not Booked,300,01 Oct 11:25
2026-10-01,Thu,12:00 pm to 12:30 pm,Global Sports Complex | Noida,Tennis Court,Not Booked,300,01 Oct 12:04
2026-10-01,Thu,12:30 pm to 1:00 pm,Global Sports Complex | Noida,Tennis Court,Not Booked,300,01 Oct 12:32
2026-10-01,Thu,1:00 pm to 1:30 pm,Global Sports Complex | Noida,Tennis Court,Not Booked,300,01 Oct 13:24
2026-10-01,Thu,1:30 pm to 2:00 pm,Global Sports Complex | Noida,Tennis Court,Not Booked,300,01 Oct 13:24
2026-10-01,Thu,2:00 pm to 2:30 pm,Global Sports Complex | Noida,Tennis Court,Not Booked,300,01 Oct 14:25
2026-10-01,Thu,2:30 pm to 3:00 pm,Global Sports Complex | Noida,Tennis Court,Not Booked,300,01 Oct 14:59
2026-10-01,Thu,3:00 pm to 3:30 pm,Global Sports Complex | Noida,Tennis Court,Filling Fast,300,01 Oct 15:25
2026-10-01,Thu,3:30 pm to 4:00 pm,Global Sports Complex | Noida,Tennis Court,Filling Fast,300,01 Oct 15:59
2026-10-01,Thu,4:00 pm to 4:30 pm,Global Sports Complex | Noida,Tennis Court,Filling Fast,300,01 Oct 16:25
2026-10-01,Thu,4:30 pm to 5:00 pm,Global Sports Complex | Noida,Tennis Court,Filling Fast,300,01 Oct 16:57
2026-10-01,Thu,6:00 am to 7:00 am,Indrayu Jeta Sports | Noida,Tennis (Acrylic Court),Booked,222,01 Oct 06:57
2026-10-01,Thu,6:00 pm to 7:00 pm,Indrayu Jeta Sports | Noida,Tennis (Acrylic Court),Not Booked,222,01 Oct 18:29
2026-10-01,Thu,7:00 pm to 8:00 pm,Indrayu Jeta Sports | Noida,Tennis (Acrylic Court),Booked,222,01 Oct 19:26
2026-10-01,Thu,8:00 pm to 9:00 pm,Indrayu Jeta Sports | Noida,Tennis (Acrylic Court),Booked,222,01 Oct 20:25
2026-10-01,Thu,10:00 pm to 10:30 pm,Spodium Arena | Sector 29,Tennis Court (Clay),Not Booked,199,01 Oct 22:24
2026-10-01,Thu,10:30 pm to 11:00 pm,Spodium Arena | Sector 29,Tennis Court (Clay),Not Booked,199,01 Oct 22:58
2026-10-01,Thu,11:00 pm to 11:30 pm,Spodium Arena | Sector 29,Tennis Court (Clay),Not Booked,199,01 Oct 23:25
2026-10-01,Thu,11:30 pm to 12:00 am,Spodium Arena | Sector 29,Tennis Court (Clay),Not Booked,199,01 Oct 23:25
2026-10-01,Thu,2:00 pm to 2:30 pm,Spodium Arena | Sector 29,Tennis Court (Clay),Not Booked,199,01 Oct 14:25
2026-10-01,Thu,2:30 pm to 3:00 pm,Spodium Arena | Sector 29,Tennis Court (Clay),Not Booked,199,01 Oct 14:59
2026-10-01,Thu,3:00 pm to 3:30 pm,Spodium Arena | Sector 29,Tennis Court (Clay),Not Booked,199,01 Oct 15:25
2026-10-01,Thu,3:30 pm to 4:00 pm,Spodium Arena | Sector 29,Tennis Court (Clay),Not Booked,199,01 Oct 15:59
2026-10-01,Thu,4:00 pm to 4:30 pm,Spodium Arena | Sector 29,Tennis Court (Clay),Not Booked,199,01 Oct 16:25
2026-10-01,Thu,4:30 pm to 5:00 pm,Spodium Arena | Sector 29,Tennis Court (Clay),Not Booked,199,01 Oct 16:57
2026-10-01,Thu,5:00 am to 5:30 am,Spodium Arena | Sector 29,Tennis Court (Clay),Not Booked,199,01 Oct 05:22
2026-10-01,Thu,5:00 pm to 5:30 pm,Spodium Arena | Sector 29,Tennis Court (Clay),Not Booked,199,01 Oct 17:25
2026-10-01,Thu,5:30 am to 6:00 am,Spodium Arena | Sector 29,Tennis Court (Clay),Not Booked,199,01 Oct 05:22
2026-10-01,Thu,6:00 am to 6:30 am,Spodium Arena | Sector 29,Tennis Court (Clay),Not Booked,199,01 Oct 06:29
2026-10-01,Thu,6:30 am to 7:00 am,Spodium Arena | Sector 29,Tennis Court (Clay),Not Booked,199,01 Oct 06:57
2026-10-01,Thu,7:00 am to 7:30 am,Spodium Arena | Sector 29,Tennis Court (Clay),Not Booked,199,01 Oct 07:23
2026-10-01,Thu,7:30 am to 8:00 am,Spodium Arena | Sector 29,Tennis Court (Clay),Not Booked,199,01 Oct 07:56
2026-10-01,Thu,7:30 pm to 8:00 pm,Spodium Arena | Sector 29,Tennis Court (Clay),Not Booked,199,01 Oct 19:26
2026-10-01,Thu,8:00 pm to 8:30 pm,Spodium Arena | Sector 29,Tennis Court (Clay),Not Booked,199,01 Oct 20:25
2026-10-01,Thu,8:30 pm to 9:00 pm,Spodium Arena | Sector 29,Tennis Court (Clay),Not Booked,199,01 Oct 20:25
2026-10-01,Thu,9:00 pm to 9:30 pm,Spodium Arena | Sector 29,Tennis Court (Clay),Not Booked,199,01 Oct 21:26
2026-10-01,Thu,9:30 pm to 10:00 pm,Spodium Arena | Sector 29,Tennis Court (Clay),Not Booked,199,01 Oct 21:26
2026-10-01,Thu,10:00 am to 10:30 am,Way To Slams Tennis Academy,Tennis (Clay Courts),Not Booked,150,01 Oct 10:25
2026-10-01,Thu,10:00 pm to 10:30 pm,Way To Slams Tennis Academy,Tennis (Clay Courts),Not Booked,300,01 Oct 22:24
2026-10-01,Thu,10:30 am to 11:00 am,Way To Slams Tennis Academy,Tennis (Clay Courts),Not Booked,150,01 Oct 10:57
2026-10-01,Thu,10:30 pm to 11:00 pm,Way To Slams Tennis Academy,Tennis (Clay Courts),Not Booked,300,01 Oct 22:58
2026-10-01,Thu,11:00 am to 11:30 am,Way To Slams Tennis Academy,Tennis (Clay Courts),Not Booked,150,01 Oct 11:25
2026-10-01,Thu,11:00 pm to 11:30 pm,Way To Slams Tennis Academy,Tennis (Clay Courts),Not Booked,300,01 Oct 23:25
2026-10-01,Thu,11:30 am to 12:00 pm,Way To Slams Tennis Academy,Tennis (Clay Courts),Not Booked,150,01 Oct 11:25
2026-10-01,Thu,11:30 pm to 12:00 am,Way To Slams Tennis Academy,Tennis (Clay Courts),Not Booked,300,01 Oct 23:25
2026-10-01,Thu,12:00 am to 12:30 am,Way To Slams Tennis Academy,Tennis (Clay Courts),Not Booked,300,01 Oct 00:27
2026-10-01,Thu,12:00 pm to 12:30 pm,Way To Slams Tennis Academy,Tennis (Clay Courts),Not Booked,150,01 Oct 12:04
2026-10-01,Thu,12:30 am to 1:00 am,Way To Slams Tennis Academy,Tennis (Clay Courts),Not Booked,300,01 Oct 00:58
2026-10-01,Thu,12:30 pm to 1:00 pm,Way To Slams Tennis Academy,Tennis (Clay Courts),Not Booked,150,01 Oct 12:32
2026-10-01,Thu,1:00 am to 1:30 am,Way To Slams Tennis Academy,Tennis (Clay Courts),Not Booked,300,01 Oct 01:22
2026-10-01,Thu,1:00 pm to 1:30 pm,Way To Slams Tennis Academy,Tennis (Clay Courts),Not Booked,150,01 Oct 13:24
2026-10-01,Thu,1:30 am to 2:00 am,Way To Slams Tennis Academy,Tennis (Clay Courts),Not Booked,300,01 Oct 01:57
2026-10-01,Thu,1:30 pm to 2:00 pm,Way To Slams Tennis Academy,Tennis (Clay Courts),Not Booked,150,01 Oct 13:24
2026-10-01,Thu,2:00 am to 2:30 am,Way To Slams Tennis Academy,Tennis (Clay Courts),Not Booked,300,01 Oct 02:23
2026-10-01,Thu,2:00 pm to 2:30 pm,Way To Slams Tennis Academy,Tennis (Clay Courts),Not Booked,150,01 Oct 14:25
2026-10-01,Thu,2:30 am to 3:00 am,Way To Slams Tennis Academy,Tennis (Clay Courts),Not Booked,300,01 Oct 02:58
2026-10-01,Thu,2:30 pm to 3:00 pm,Way To Slams Tennis Academy,Tennis (Clay Courts),Not Booked,150,01 Oct 14:59
2026-10-01,Thu,3:00 am to 3:30 am,Way To Slams Tennis Academy,Tennis (Clay Courts),Not Booked,300,01 Oct 03:25
2026-10-01,Thu,3:00 pm to 3:30 pm,Way To Slams Tennis Academy,Tennis (Clay Courts),Not Booked,150,01 Oct 15:25
2026-10-01,Thu,3:30 am to 4:00 am,Way To Slams Tennis Academy,Tennis (Clay Courts),Not Booked,300,01 Oct 03:57
2026-10-01,Thu,3:30 pm to 4:00 pm,Way To Slams Tennis Academy,Tennis (Clay Courts),Not Booked,150,01 Oct 15:59
2026-10-01,Thu,4:00 am to 4:30 am,Way To Slams Tennis Academy,Tennis (Clay Courts),Not Booked,300,01 Oct 04:24
2026-10-01,Thu,4:00 pm to 4:30 pm,Way To Slams Tennis Academy,Tennis (Clay Courts),Not Booked,150,01 Oct 16:25
2026-10-01,Thu,4:30 am to 5:00 am,Way To Slams Tennis Academy,Tennis (Clay Courts),Not Booked,300,01 Oct 04:54
2026-10-01,Thu,5:00 am to 5:30 am,Way To Slams Tennis Academy,Tennis (Clay Courts),Not Booked,300,01 Oct 05:22
2026-10-01,Thu,5:30 am to 6:00 am,Way To Slams Tennis Academy,Tennis (Clay Courts),Not Booked,300,01 Oct 05:22
2026-10-01,Thu,6:00 am to 6:30 am,Way To Slams Tennis Academy,Tennis (Clay Courts),Not Booked,300,01 Oct 06:29
2026-10-01,Thu,6:30 am to 7:00 am,Way To Slams Tennis Academy,Tennis (Clay Courts),Not Booked,300,01 Oct 06:57
2026-10-01,Thu,7:30 pm to 8:00 pm,Way To Slams Tennis Academy,Tennis (Clay Courts),Not Booked,300,01 Oct 19:26
2026-10-01,Thu,8:00 pm to 8:30 pm,Way To Slams Tennis Academy,Tennis (Clay Courts),Not Booked,300,01 Oct 20:25
2026-10-01,Thu,8:30 pm to 9:00 pm,Way To Slams Tennis Academy,Tennis (Clay Courts),Not Booked,300,01 Oct 20:25
2026-10-01,Thu,9:00 am to 9:30 am,Way To Slams Tennis Academy,Tennis (Clay Courts),Not Booked,150,01 Oct 09:25
2026-10-01,Thu,9:00 pm to 9:30 pm,Way To Slams Tennis Academy,Tennis (Clay Courts),Not Booked,300,01 Oct 21:26
2026-10-01,Thu,9:30 am to 10:00 am,Way To Slams Tennis Academy,Tennis (Clay Courts),Not Booked,150,01 Oct 09:58
2026-10-01,Thu,9:30 pm to 10:00 pm,Way To Slams Tennis Academy,Tennis (Clay Courts),Not Booked,300,01 Oct 21:26
2026-10-02,Fri,10:00 am to 11:00 am,Apex Sports Academy | Noida,Tennis (Clay Courts),Filling Fast,400,02 Oct 10:57
2026-10-02,Fri,11:00 am to 12:00 pm,Apex Sports Academy | Noida,Tennis (Clay Courts),Filling Fast,400,02 Oct 11:24
2026-10-02,Fri,12:00 pm to 1:00 pm,Apex Sports Academy | Noida,Tennis (Clay Courts),Filling Fast,400,02 Oct 12:59
2026-10-02,Fri,1:00 pm to 2:00 pm,Apex Sports Academy | Noida,Tennis (Clay Courts),Filling Fast,400,02 Oct 13:59
2026-10-02,Fri,2:00 pm to 3:00 pm,Apex Sports Academy | Noida,Tennis (Clay Courts),Filling Fast,400,02 Oct 14:59
2026-10-02,Fri,3:00 pm to 4:00 pm,Apex Sports Academy | Noida,Tennis (Clay Courts),Filling Fast,400,02 Oct 15:57
2026-10-02,Fri,9:00 am to 10:00 am,Apex Sports Academy | Noida,Tennis (Clay Courts),Filling Fast,400,02 Oct 09:58
2026-10-02,Fri,10:00 am to 10:30 am,Global Sports Complex | Noida,Tennis Court,Not Booked,300,02 Oct 10:24
2026-10-02,Fri,10:30 am to 11:00 am,Global Sports Complex | Noida,Tennis Court,Not Booked,300,02 Oct 10:57
2026-10-02,Fri,11:00 am to 11:30 am,Global Sports Complex | Noida,Tennis Court,Not Booked,300,02 Oct 11:24
2026-10-02,Fri,11:30 am to 12:00 pm,Global Sports Complex | Noida,Tennis Court,Not Booked,300,02 Oct 11:24
2026-10-02,Fri,12:00 pm to 12:30 pm,Global Sports Complex | Noida,Tennis Court,Not Booked,300,02 Oct 12:28
2026-10-02,Fri,12:30 pm to 1:00 pm,Global Sports Complex | Noida,Tennis Court,Not Booked,300,02 Oct 12:59
2026-10-02,Fri,1:00 pm to 1:30 pm,Global Sports Complex | Noida,Tennis Court,Not Booked,300,02 Oct 13:24
2026-10-02,Fri,1:30 pm to 2:00 pm,Global Sports Complex | Noida,Tennis Court,Not Booked,300,02 Oct 13:59
2026-10-02,Fri,2:00 pm to 2:30 pm,Global Sports Complex | Noida,Tennis Court,Not Booked,300,02 Oct 14:24
2026-10-02,Fri,2:30 pm to 3:00 pm,Global Sports Complex | Noida,Tennis Court,Not Booked,300,02 Oct 14:59
2026-10-02,Fri,3:00 pm to 3:30 pm,Global Sports Complex | Noida,Tennis Court,Filling Fast,300,02 Oct 15:24
2026-10-02,Fri,3:30 pm to 4:00 pm,Global Sports Complex | Noida,Tennis Court,Filling Fast,300,02 Oct 15:57
2026-10-02,Fri,4:00 pm to 4:30 pm,Global Sports Complex | Noida,Tennis Court,Filling Fast,300,02 Oct 16:24
2026-10-02,Fri,4:30 pm to 5:00 pm,Global Sports Complex | Noida,Tennis Court,Filling Fast,300,02 Oct 16:57
2026-10-02,Fri,5:00 pm to 5:30 pm,Global Sports Complex | Noida,Tennis Court,Filling Fast,300,02 Oct 17:24
2026-10-02,Fri,5:30 pm to 6:00 pm,Global Sports Complex | Noida,Tennis Court,Filling Fast,300,02 Oct 17:24
2026-10-02,Fri,6:00 pm to 6:30 pm,Global Sports Complex | Noida,Tennis Court,Filling Fast,325,02 Oct 18:27
2026-10-02,Fri,6:30 pm to 7:00 pm,Global Sports Complex | Noida,Tennis Court,Filling Fast,325,02 Oct 18:27
2026-10-02,Fri,7:00 pm to 7:30 pm,Global Sports Complex | Noida,Tennis Court,Filling Fast,325,02 Oct 19:25
2026-10-02,Fri,10:00 am to 11:00 am,Indrayu Jeta Sports | Noida,Tennis (Acrylic Court),Not Booked,222,02 Oct 10:57
2026-10-02,Fri,11:00 am to 12:00 pm,Indrayu Jeta Sports | Noida,Tennis (Acrylic Court),Not Booked,222,02 Oct 11:24
2026-10-02,Fri,12:00 pm to 1:00 pm,Indrayu Jeta Sports | Noida,Tennis (Acrylic Court),Not Booked,222,02 Oct 12:59
2026-10-02,Fri,1:00 pm to 2:00 pm,Indrayu Jeta Sports | Noida,Tennis (Acrylic Court),Not Booked,222,02 Oct 13:59
2026-10-02,Fri,2:00 pm to 3:00 pm,Indrayu Jeta Sports | Noida,Tennis (Acrylic Court),Not Booked,222,02 Oct 14:59
2026-10-02,Fri,3:00 pm to 4:00 pm,Indrayu Jeta Sports | Noida,Tennis (Acrylic Court),Not Booked,222,02 Oct 15:57
2026-10-02,Fri,4:00 pm to 5:00 pm,Indrayu Jeta Sports | Noida,Tennis (Acrylic Court),Not Booked,222,02 Oct 16:57
2026-10-02,Fri,5:00 pm to 6:00 pm,Indrayu Jeta Sports | Noida,Tennis (Acrylic Court),Booked,222,02 Oct 17:24
2026-10-02,Fri,6:00 am to 7:00 am,Indrayu Jeta Sports | Noida,Tennis (Acrylic Court),Not Booked,222,02 Oct 06:57
2026-10-02,Fri,6:00 pm to 7:00 pm,Indrayu Jeta Sports | Noida,Tennis (Acrylic Court),Not Booked,222,02 Oct 18:27
2026-10-02,Fri,7:00 am to 8:00 am,Indrayu Jeta Sports | Noida,Tennis (Acrylic Court),Booked,222,02 Oct 07:55
2026-10-02,Fri,7:00 pm to 8:00 pm,Indrayu Jeta Sports | Noida,Tennis (Acrylic Court),Booked,222,02 Oct 19:25
2026-10-02,Fri,8:00 am to 9:00 am,Indrayu Jeta Sports | Noida,Tennis (Acrylic Court),Not Booked,222,02 Oct 08:57
2026-10-02,Fri,8:00 pm to 9:00 pm,Indrayu Jeta Sports | Noida,Tennis (Acrylic Court),Booked,222,02 Oct 20:26
2026-10-02,Fri,9:00 am to 10:00 am,Indrayu Jeta Sports | Noida,Tennis (Acrylic Court),Not Booked,222,02 Oct 09:58
2026-10-02,Fri,10:00 am to 10:30 am,Spodium Arena | Sector 29,Tennis Court (Clay),Not Booked,199,02 Oct 10:24
2026-10-02,Fri,10:00 pm to 10:30 pm,Spodium Arena | Sector 29,Tennis Court (Clay),Not Booked,199,02 Oct 22:24
2026-10-02,Fri,10:30 am to 11:00 am,Spodium Arena | Sector 29,Tennis Court (Clay),Not Booked,199,02 Oct 10:57
2026-10-02,Fri,10:30 pm to 11:00 pm,Spodium Arena | Sector 29,Tennis Court (Clay),Not Booked,199,02 Oct 22:24
2026-10-02,Fri,11:00 am to 11:30 am,Spodium Arena | Sector 29,Tennis Court (Clay),Not Booked,199,02 Oct 11:24
2026-10-02,Fri,11:00 pm to 11:30 pm,Spodium Arena | Sector 29,Tennis Court (Clay),Booked,199,02 Oct 23:23
2026-10-02,Fri,11:30 am to 12:00 pm,Spodium Arena | Sector 29,Tennis Court (Clay),Not Booked,199,02 Oct 11:24
2026-10-02,Fri,11:30 pm to 12:00 am,Spodium Arena | Sector 29,Tennis Court (Clay),Booked,199,02 Oct 23:23
2026-10-02,Fri,12:00 pm to 12:30 pm,Spodium Arena | Sector 29,Tennis Court (Clay),Not Booked,199,02 Oct 12:28
2026-10-02,Fri,12:30 pm to 1:00 pm,Spodium Arena | Sector 29,Tennis Court (Clay),Not Booked,199,02 Oct 12:59
2026-10-02,Fri,1:00 pm to 1:30 pm,Spodium Arena | Sector 29,Tennis Court (Clay),Not Booked,199,02 Oct 13:24
2026-10-02,Fri,1:30 pm to 2:00 pm,Spodium Arena | Sector 29,Tennis Court (Clay),Not Booked,199,02 Oct 13:59
2026-10-02,Fri,2:00 pm to 2:30 pm,Spodium Arena | Sector 29,Tennis Court (Clay),Not Booked,199,02 Oct 14:24
2026-10-02,Fri,2:30 pm to 3:00 pm,Spodium Arena | Sector 29,Tennis Court (Clay),Not Booked,199,02 Oct 14:59
2026-10-02,Fri,3:00 pm to 3:30 pm,Spodium Arena | Sector 29,Tennis Court (Clay),Not Booked,199,02 Oct 15:24
2026-10-02,Fri,3:30 pm to 4:00 pm,Spodium Arena | Sector 29,Tennis Court (Clay),Not Booked,199,02 Oct 15:57
2026-10-02,Fri,4:00 pm to 4:30 pm,Spodium Arena | Sector 29,Tennis Court (Clay),Not Booked,199,02 Oct 16:24
2026-10-02,Fri,4:30 pm to 5:00 pm,Spodium Arena | Sector 29,Tennis Court (Clay),Not Booked,199,02 Oct 16:57
2026-10-02,Fri,5:00 am to 5:30 am,Spodium Arena | Sector 29,Tennis Court (Clay),Not Booked,199,02 Oct 05:22
2026-10-02,Fri,5:00 pm to 5:30 pm,Spodium Arena | Sector 29,Tennis Court (Clay),Not Booked,199,02 Oct 17:24
2026-10-02,Fri,5:30 am to 6:00 am,Spodium Arena | Sector 29,Tennis Court (Clay),Not Booked,199,02 Oct 05:22
2026-10-02,Fri,6:00 am to 6:30 am,Spodium Arena | Sector 29,Tennis Court (Clay),Not Booked,199,02 Oct 06:27
2026-10-02,Fri,6:30 am to 7:00 am,Spodium Arena | Sector 29,Tennis Court (Clay),Not Booked,199,02 Oct 06:57
2026-10-02,Fri,7:00 am to 7:30 am,Spodium Arena | Sector 29,Tennis Court (Clay),Not Booked,199,02 Oct 07:24
2026-10-02,Fri,7:30 am to 8:00 am,Spodium Arena | Sector 29,Tennis Court (Clay),Not Booked,199,02 Oct 07:55
2026-10-02,Fri,7:30 pm to 8:00 pm,Spodium Arena | Sector 29,Tennis Court (Clay),Not Booked,199,02 Oct 19:25
2026-10-02,Fri,8:00 am to 8:30 am,Spodium Arena | Sector 29,Tennis Court (Clay),Booked,199,02 Oct 08:23
2026-10-02,Fri,8:00 pm to 8:30 pm,Spodium Arena | Sector 29,Tennis Court (Clay),Booked,199,02 Oct 20:26
2026-10-02,Fri,8:30 am to 9:00 am,Spodium Arena | Sector 29,Tennis Court (Clay),Booked,199,02 Oct 08:57
2026-10-02,Fri,8:30 pm to 9:00 pm,Spodium Arena | Sector 29,Tennis Court (Clay),Booked,199,02 Oct 20:26
2026-10-02,Fri,9:00 am to 9:30 am,Spodium Arena | Sector 29,Tennis Court (Clay),Not Booked,199,02 Oct 09:24
2026-10-02,Fri,9:00 pm to 9:30 pm,Spodium Arena | Sector 29,Tennis Court (Clay),Not Booked,199,02 Oct 21:25
2026-10-02,Fri,9:30 am to 10:00 am,Spodium Arena | Sector 29,Tennis Court (Clay),Not Booked,199,02 Oct 09:58
2026-10-02,Fri,9:30 pm to 10:00 pm,Spodium Arena | Sector 29,Tennis Court (Clay),Not Booked,199,02 Oct 21:58
2026-10-02,Fri,10:00 am to 10:30 am,Way To Slams Tennis Academy,Tennis (Clay Courts),Not Booked,150,02 Oct 10:24
2026-10-02,Fri,10:00 pm to 10:30 pm,Way To Slams Tennis Academy,Tennis (Clay Courts),Not Booked,300,02 Oct 22:24
2026-10-02,Fri,10:30 am to 11:00 am,Way To Slams Tennis Academy,Tennis (Clay Courts),Not Booked,150,02 Oct 10:57
2026-10-02,Fri,10:30 pm to 11:00 pm,Way To Slams Tennis Academy,Tennis (Clay Courts),Not Booked,300,02 Oct 22:24
2026-10-02,Fri,11:00 am to 11:30 am,Way To Slams Tennis Academy,Tennis (Clay Courts),Not Booked,150,02 Oct 11:24
2026-10-02,Fri,11:00 pm to 11:30 pm,Way To Slams Tennis Academy,Tennis (Clay Courts),Not Booked,300,02 Oct 23:23
2026-10-02,Fri,11:30 am to 12:00 pm,Way To Slams Tennis Academy,Tennis (Clay Courts),Not Booked,150,02 Oct 11:24
2026-10-02,Fri,11:30 pm to 12:00 am,Way To Slams Tennis Academy,Tennis (Clay Courts),Not Booked,300,02 Oct 23:23
2026-10-02,Fri,12:00 am to 12:30 am,Way To Slams Tennis Academy,Tennis (Clay Courts),Not Booked,300,02 Oct 00:27
2026-10-02,Fri,12:00 pm to 12:30 pm,Way To Slams Tennis Academy,Tennis (Clay Courts),Not Booked,150,02 Oct 12:28
2026-10-02,Fri,12:30 am to 1:00 am,Way To Slams Tennis Academy,Tennis (Clay Courts),Not Booked,300,02 Oct 00:27
2026-10-02,Fri,12:30 pm to 1:00 pm,Way To Slams Tennis Academy,Tennis (Clay Courts),Not Booked,150,02 Oct 12:59
2026-10-02,Fri,1:00 am to 1:30 am,Way To Slams Tennis Academy,Tennis (Clay Courts),Not Booked,300,02 Oct 01:26
2026-10-02,Fri,1:00 pm to 1:30 pm,Way To Slams Tennis Academy,Tennis (Clay Courts),Not Booked,150,02 Oct 13:24
2026-10-02,Fri,1:30 am to 2:00 am,Way To Slams Tennis Academy,Tennis (Clay Courts),Not Booked,300,02 Oct 01:59
2026-10-02,Fri,1:30 pm to 2:00 pm,Way To Slams Tennis Academy,Tennis (Clay Courts),Not Booked,150,02 Oct 13:59
2026-10-02,Fri,2:00 am to 2:30 am,Way To Slams Tennis Academy,Tennis (Clay Courts),Not Booked,300,02 Oct 02:23
2026-10-02,Fri,2:00 pm to 2:30 pm,Way To Slams Tennis Academy,Tennis (Clay Courts),Not Booked,150,02 Oct 14:24
2026-10-02,Fri,2:30 am to 3:00 am,Way To Slams Tennis Academy,Tennis (Clay Courts),Not Booked,300,02 Oct 02:56
2026-10-02,Fri,2:30 pm to 3:00 pm,Way To Slams Tennis Academy,Tennis (Clay Courts),Not Booked,150,02 Oct 14:59
2026-10-02,Fri,3:00 am to 3:30 am,Way To Slams Tennis Academy,Tennis (Clay Courts),Not Booked,300,02 Oct 03:25
2026-10-02,Fri,3:00 pm to 3:30 pm,Way To Slams Tennis Academy,Tennis (Clay Courts),Not Booked,150,02 Oct 15:24
2026-10-02,Fri,3:30 am to 4:00 am,Way To Slams Tennis Academy,Tennis (Clay Courts),Not Booked,300,02 Oct 03:54
2026-10-02,Fri,3:30 pm to 4:00 pm,Way To Slams Tennis Academy,Tennis (Clay Courts),Not Booked,150,02 Oct 15:57
2026-10-02,Fri,4:00 am to 4:30 am,Way To Slams Tennis Academy,Tennis (Clay Courts),Not Booked,300,02 Oct 04:23
2026-10-02,Fri,4:00 pm to 4:30 pm,Way To Slams Tennis Academy,Tennis (Clay Courts),Not Booked,150,02 Oct 16:24
2026-10-02,Fri,4:30 am to 5:00 am,Way To Slams Tennis Academy,Tennis (Clay Courts),Not Booked,300,02 Oct 04:53
2026-10-02,Fri,5:00 am to 5:30 am,Way To Slams Tennis Academy,Tennis (Clay Courts),Not Booked,300,02 Oct 05:22
2026-10-02,Fri,5:30 am to 6:00 am,Way To Slams Tennis Academy,Tennis (Clay Courts),Not Booked,300,02 Oct 05:22
2026-10-02,Fri,6:00 am to 6:30 am,Way To Slams Tennis Academy,Tennis (Clay Courts),Not Booked,300,02 Oct 06:27
2026-10-02,Fri,6:30 am to 7:00 am,Way To Slams Tennis Academy,Tennis (Clay Courts),Not Booked,300,02 Oct 06:57
2026-10-02,Fri,7:30 pm to 8:00 pm,Way To Slams Tennis Academy,Tennis (Clay Courts),Not Booked,300,02 Oct 19:25
2026-10-02,Fri,8:00 pm to 8:30 pm,Way To Slams Tennis Academy,Tennis (Clay Courts),Not Booked,300,02 Oct 20:26
2026-10-02,Fri,8:30 pm to 9:00 pm,Way To Slams Tennis Academy,Tennis (Clay Courts),Not Booked,300,02 Oct 20:26
2026-10-02,Fri,9:00 am to 9:30 am,Way To Slams Tennis Academy,Tennis (Clay Courts),Not Booked,150,02 Oct 09:24
2026-10-02,Fri,9:00 pm to 9:30 pm,Way To Slams Tennis Academy,Tennis (Clay Courts),Not Booked,300,02 Oct 21:25
2026-10-02,Fri,9:30 am to 10:00 am,Way To Slams Tennis Academy,Tennis (Clay Courts),Not Booked,150,02 Oct 09:58
2026-10-02,Fri,9:30 pm to 10:00 pm,Way To Slams Tennis Academy,Tennis (Clay Courts),Not Booked,300,02 Oct 21:58
2026-10-03,Sat,10:00 am to 11:00 am,Apex Sports Academy | Noida,Tennis (Clay Courts),Filling Fast,400,03 Oct 10:24
2026-10-03,Sat,11:00 am to 12:00 pm,Apex Sports Academy | Noida,Tennis (Clay Courts),Filling Fast,400,03 Oct 11:25
2026-10-03,Sat,12:00 pm to 1:00 pm,Apex Sports Academy | Noida,Tennis (Clay Courts),Filling Fast,400,03 Oct 12:59
2026-10-03,Sat,1:00 pm to 2:00 pm,Apex Sports Academy | Noida,Tennis (Clay Courts),Filling Fast,400,03 Oct 13:58
2026-10-03,Sat,2:00 pm to 3:00 pm,Apex Sports Academy | Noida,Tennis (Clay Courts),Filling Fast,400,03 Oct 14:57
2026-10-03,Sat,3:00 pm to 4:00 pm,Apex Sports Academy | Noida,Tennis (Clay Courts),Filling Fast,400,03 Oct 15:55
2026-10-03,Sat,9:00 am to 10:00 am,Apex Sports Academy | Noida,Tennis (Clay Courts),Filling Fast,400,03 Oct 09:57
2026-10-03,Sat,10:00 am to 10:30 am,Global Sports Complex | Noida,Tennis Court,Not Booked,300,03 Oct 10:24
2026-10-03,Sat,10:30 am to 11:00 am,Global Sports Complex | Noida,Tennis Court,Not Booked,300,03 Oct 10:24
2026-10-03,Sat,11:00 am to 11:30 am,Global Sports Complex | Noida,Tennis Court,Not Booked,300,03 Oct 11:25
2026-10-03,Sat,11:30 am to 12:00 pm,Global Sports Complex | Noida,Tennis Court,Not Booked,300,03 Oct 11:25
2026-10-03,Sat,12:00 pm to 12:30 pm,Global Sports Complex | Noida,Tennis Court,Not Booked,300,03 Oct 12:04
2026-10-03,Sat,12:30 pm to 1:00 pm,Global Sports Complex | Noida,Tennis Court,Not Booked,300,03 Oct 12:59
2026-10-03,Sat,1:00 pm to 1:30 pm,Global Sports Complex | Noida,Tennis Court,Not Booked,300,03 Oct 13:24
2026-10-03,Sat,1:30 pm to 2:00 pm,Global Sports Complex | Noida,Tennis Court,Not Booked,300,03 Oct 13:58
2026-10-03,Sat,2:00 pm to 2:30 pm,Global Sports Complex | Noida,Tennis Court,Not Booked,300,03 Oct 14:27
2026-10-03,Sat,2:30 pm to 3:00 pm,Global Sports Complex | Noida,Tennis Court,Not Booked,300,03 Oct 14:57
2026-10-03,Sat,3:00 pm to 3:30 pm,Global Sports Complex | Noida,Tennis Court,Filling Fast,300,03 Oct 15:22
2026-10-03,Sat,3:30 pm to 4:00 pm,Global Sports Complex | Noida,Tennis Court,Filling Fast,300,03 Oct 15:55
2026-10-03,Sat,4:00 pm to 4:30 pm,Global Sports Complex | Noida,Tennis Court,Filling Fast,300,03 Oct 15:55
2026-10-03,Sat,4:30 pm to 5:00 pm,Global Sports Complex | Noida,Tennis Court,Filling Fast,300,03 Oct 16:39
2026-10-03,Sat,5:00 pm to 5:30 pm,Global Sports Complex | Noida,Tennis Court,Filling Fast,600,03 Oct 16:39
2026-10-03,Sat,5:30 pm to 6:00 pm,Global Sports Complex | Noida,Tennis Court,Filling Fast,600,03 Oct 16:39
2026-10-03,Sat,6:00 pm to 6:30 pm,Global Sports Complex | Noida,Tennis Court,Filling Fast,325,03 Oct 16:39
2026-10-03,Sat,6:30 pm to 7:00 pm,Global Sports Complex | Noida,Tennis Court,Filling Fast,325,03 Oct 16:39
2026-10-03,Sat,7:00 pm to 7:30 pm,Global Sports Complex | Noida,Tennis Court,Filling Fast,325,03 Oct 16:39
2026-10-03,Sat,3:00 pm to 4:00 pm,Indrayu Jeta Sports | Noida,Tennis (Acrylic Court),Not Booked,222,03 Oct 15:55
2026-10-03,Sat,4:00 pm to 5:00 pm,Indrayu Jeta Sports | Noida,Tennis (Acrylic Court),Not Booked,222,03 Oct 16:39
2026-10-03,Sat,5:00 pm to 6:00 pm,Indrayu Jeta Sports | Noida,Tennis (Acrylic Court),Booked,222,03 Oct 16:39
2026-10-03,Sat,6:00 am to 7:00 am,Indrayu Jeta Sports | Noida,Tennis (Acrylic Court),Booked,222,03 Oct 06:55
2026-10-03,Sat,6:00 pm to 7:00 pm,Indrayu Jeta Sports | Noida,Tennis (Acrylic Court),Booked,222,03 Oct 16:39
2026-10-03,Sat,7:00 pm to 8:00 pm,Indrayu Jeta Sports | Noida,Tennis (Acrylic Court),Booked,222,03 Oct 16:39
2026-10-03,Sat,8:00 pm to 9:00 pm,Indrayu Jeta Sports | Noida,Tennis (Acrylic Court),Booked,222,03 Oct 20:04
2026-10-03,Sat,10:00 am to 10:30 am,Spodium Arena | Sector 29,Tennis Court (Clay),Not Booked,199,03 Oct 10:24
2026-10-03,Sat,10:00 pm to 10:30 pm,Spodium Arena | Sector 29,Tennis Court (Clay),Not Booked,199,03 Oct 20:04
2026-10-03,Sat,10:30 am to 11:00 am,Spodium Arena | Sector 29,Tennis Court (Clay),Not Booked,199,03 Oct 10:24
2026-10-03,Sat,10:30 pm to 11:00 pm,Spodium Arena | Sector 29,Tennis Court (Clay),Not Booked,199,03 Oct 20:04
2026-10-03,Sat,11:00 am to 11:30 am,Spodium Arena | Sector 29,Tennis Court (Clay),Not Booked,199,03 Oct 11:25
2026-10-03,Sat,11:00 pm to 11:30 pm,Spodium Arena | Sector 29,Tennis Court (Clay),Not Booked,199,03 Oct 20:04
2026-10-03,Sat,11:30 am to 12:00 pm,Spodium Arena | Sector 29,Tennis Court (Clay),Not Booked,199,03 Oct 11:25
2026-10-03,Sat,11:30 pm to 12:00 am,Spodium Arena | Sector 29,Tennis Court (Clay),Not Booked,199,03 Oct 20:04
2026-10-03,Sat,12:00 pm to 12:30 pm,Spodium Arena | Sector 29,Tennis Court (Clay),Not Booked,199,03 Oct 12:04
2026-10-03,Sat,12:30 pm to 1:00 pm,Spodium Arena | Sector 29,Tennis Court (Clay),Not Booked,199,03 Oct 12:59
2026-10-03,Sat,1:00 pm to 1:30 pm,Spodium Arena | Sector 29,Tennis Court (Clay),Not Booked,199,03 Oct 13:24
2026-10-03,Sat,1:30 pm to 2:00 pm,Spodium Arena | Sector 29,Tennis Court (Clay),Not Booked,199,03 Oct 13:58
2026-10-03,Sat,2:00 pm to 2:30 pm,Spodium Arena | Sector 29,Tennis Court (Clay),Not Booked,199,03 Oct 14:27
2026-10-03,Sat,2:30 pm to 3:00 pm,Spodium Arena | Sector 29,Tennis Court (Clay),Not Booked,199,03 Oct 14:57
2026-10-03,Sat,3:00 pm to 3:30 pm,Spodium Arena | Sector 29,Tennis Court (Clay),Not Booked,199,03 Oct 15:22
2026-10-03,Sat,3:30 pm to 4:00 pm,Spodium Arena | Sector 29,Tennis Court (Clay),Not Booked,199,03 Oct 15:55
2026-10-03,Sat,4:00 pm to 4:30 pm,Spodium Arena | Sector 29,Tennis Court (Clay),Not Booked,199,03 Oct 15:55
2026-10-03,Sat,4:30 pm to 5:00 pm,Spodium Arena | Sector 29,Tennis Court (Clay),Not Booked,199,03 Oct 16:39
2026-10-03,Sat,5:00 am to 5:30 am,Spodium Arena | Sector 29,Tennis Court (Clay),Not Booked,199,03 Oct 05:21
2026-10-03,Sat,5:00 pm to 5:30 pm,Spodium Arena | Sector 29,Tennis Court (Clay),Not Booked,199,03 Oct 16:39
2026-10-03,Sat,5:30 am to 6:00 am,Spodium Arena | Sector 29,Tennis Court (Clay),Not Booked,199,03 Oct 05:21
2026-10-03,Sat,6:00 am to 6:30 am,Spodium Arena | Sector 29,Tennis Court (Clay),Not Booked,199,03 Oct 06:26
2026-10-03,Sat,6:30 am to 7:00 am,Spodium Arena | Sector 29,Tennis Court (Clay),Booked,199,03 Oct 06:55
2026-10-03,Sat,7:00 am to 7:30 am,Spodium Arena | Sector 29,Tennis Court (Clay),Booked,199,03 Oct 07:22
2026-10-03,Sat,7:30 am to 8:00 am,Spodium Arena | Sector 29,Tennis Court (Clay),Not Booked,199,03 Oct 07:22
2026-10-03,Sat,7:30 pm to 8:00 pm,Spodium Arena | Sector 29,Tennis Court (Clay),Not Booked,199,03 Oct 16:39
2026-10-03,Sat,8:00 am to 8:30 am,Spodium Arena | Sector 29,Tennis Court (Clay),Booked,199,03 Oct 08:02
2026-10-03,Sat,8:00 pm to 8:30 pm,Spodium Arena | Sector 29,Tennis Court (Clay),Booked,199,03 Oct 20:04
2026-10-03,Sat,8:30 am to 9:00 am,Spodium Arena | Sector 29,Tennis Court (Clay),Booked,199,03 Oct 08:32
2026-10-03,Sat,8:30 pm to 9:00 pm,Spodium Arena | Sector 29,Tennis Court (Clay),Booked,199,03 Oct 20:04
2026-10-03,Sat,9:00 am to 9:30 am,Spodium Arena | Sector 29,Tennis Court (Clay),Not Booked,199,03 Oct 09:02
2026-10-03,Sat,9:00 pm to 9:30 pm,Spodium Arena | Sector 29,Tennis Court (Clay),Not Booked,199,03 Oct 20:04
2026-10-03,Sat,9:30 am to 10:00 am,Spodium Arena | Sector 29,Tennis Court (Clay),Not Booked,199,03 Oct 09:57
2026-10-03,Sat,9:30 pm to 10:00 pm,Spodium Arena | Sector 29,Tennis Court (Clay),Not Booked,199,03 Oct 20:04
2026-10-03,Sat,10:00 am to 10:30 am,Way To Slams Tennis Academy,Tennis (Clay Courts),Not Booked,150,03 Oct 10:24
2026-10-03,Sat,10:00 pm to 10:30 pm,Way To Slams Tennis Academy,Tennis (Clay Courts),Not Booked,300,03 Oct 20:04
2026-10-03,Sat,10:30 am to 11:00 am,Way To Slams Tennis Academy,Tennis (Clay Courts),Not Booked,150,03 Oct 10:24
2026-10-03,Sat,10:30 pm to 11:00 pm,Way To Slams Tennis Academy,Tennis (Clay Courts),Not Booked,300,03 Oct 20:04
2026-10-03,Sat,11:00 am to 11:30 am,Way To Slams Tennis Academy,Tennis (Clay Courts),Not Booked,150,03 Oct 11:25
2026-10-03,Sat,11:00 pm to 11:30 pm,Way To Slams Tennis Academy,Tennis (Clay Courts),Not Booked,300,03 Oct 20:04
2026-10-03,Sat,11:30 am to 12:00 pm,Way To Slams Tennis Academy,Tennis (Clay Courts),Not Booked,150,03 Oct 11:25
2026-10-03,Sat,11:30 pm to 12:00 am,Way To Slams Tennis Academy,Tennis (Clay Courts),Not Booked,300,03 Oct 20:04
2026-10-03,Sat,12:00 am to 12:30 am,Way To Slams Tennis Academy,Tennis (Clay Courts),Not Booked,300,03 Oct 00:25
2026-10-03,Sat,12:00 pm to 12:30 pm,Way To Slams Tennis Academy,Tennis (Clay Courts),Not Booked,150,03 Oct 12:04
2026-10-03,Sat,12:30 am to 1:00 am,Way To Slams Tennis Academy,Tennis (Clay Courts),Not Booked,300,03 Oct 00:58
2026-10-03,Sat,12:30 pm to 1:00 pm,Way To Slams Tennis Academy,Tennis (Clay Courts),Not Booked,150,03 Oct 12:59
2026-10-03,Sat,1:00 am to 1:30 am,Way To Slams Tennis Academy,Tennis (Clay Courts),Not Booked,300,03 Oct 01:24
2026-10-03,Sat,1:00 pm to 1:30 pm,Way To Slams Tennis Academy,Tennis (Clay Courts),Not Booked,150,03 Oct 13:24
2026-10-03,Sat,1:30 am to 2:00 am,Way To Slams Tennis Academy,Tennis (Clay Courts),Not Booked,300,03 Oct 01:56
2026-10-03,Sat,1:30 pm to 2:00 pm,Way To Slams Tennis Academy,Tennis (Clay Courts),Not Booked,150,03 Oct 13:58
2026-10-03,Sat,2:00 am to 2:30 am,Way To Slams Tennis Academy,Tennis (Clay Courts),Not Booked,300,03 Oct 02:25
2026-10-03,Sat,2:00 pm to 2:30 pm,Way To Slams Tennis Academy,Tennis (Clay Courts),Not Booked,150,03 Oct 14:27
2026-10-03,Sat,2:30 am to 3:00 am,Way To Slams Tennis Academy,Tennis (Clay Courts),Not Booked,300,03 Oct 02:56
2026-10-03,Sat,2:30 pm to 3:00 pm,Way To Slams Tennis Academy,Tennis (Clay Courts),Not Booked,150,03 Oct 14:57
2026-10-03,Sat,3:00 am to 3:30 am,Way To Slams Tennis Academy,Tennis (Clay Courts),Not Booked,300,03 Oct 03:23
2026-10-03,Sat,3:00 pm to 3:30 pm,Way To Slams Tennis Academy,Tennis (Clay Courts),Not Booked,150,03 Oct 15:22
2026-10-03,Sat,3:30 am to 4:00 am,Way To Slams Tennis Academy,Tennis (Clay Courts),Not Booked,300,03 Oct 03:55
2026-10-03,Sat,3:30 pm to 4:00 pm,Way To Slams Tennis Academy,Tennis (Clay Courts),Not Booked,150,03 Oct 15:55
2026-10-03,Sat,4:00 am to 4:30 am,Way To Slams Tennis Academy,Tennis (Clay Courts),Not Booked,300,03 Oct 04:23
2026-10-03,Sat,4:00 pm to 4:30 pm,Way To Slams Tennis Academy,Tennis (Clay Courts),Not Booked,150,03 Oct 15:55
2026-10-03,Sat,4:30 am to 5:00 am,Way To Slams Tennis Academy,Tennis (Clay Courts),Not Booked,300,03 Oct 04:53
2026-10-03,Sat,5:00 am to 5:30 am,Way To Slams Tennis Academy,Tennis (Clay Courts),Not Booked,300,03 Oct 05:21
2026-10-03,Sat,5:30 am to 6:00 am,Way To Slams Tennis Academy,Tennis (Clay Courts),Not Booked,300,03 Oct 05:21
2026-10-03,Sat,6:00 am to 6:30 am,Way To Slams Tennis Academy,Tennis (Clay Courts),Not Booked,300,03 Oct 06:26
2026-10-03,Sat,6:30 am to 7:00 am,Way To Slams Tennis Academy,Tennis (Clay Courts),Not Booked,300,03 Oct 06:55
2026-10-03,Sat,7:30 pm to 8:00 pm,Way To Slams Tennis Academy,Tennis (Clay Courts),Not Booked,300,03 Oct 16:39
2026-10-03,Sat,8:00 pm to 8:30 pm,Way To Slams Tennis Academy,Tennis (Clay Courts),Not Booked,300,03 Oct 20:04
2026-10-03,Sat,8:30 pm to 9:00 pm,Way To Slams Tennis Academy,Tennis (Clay Courts),Not Booked,300,03 Oct 20:04
2026-10-03,Sat,9:00 am to 9:30 am,Way To Slams Tennis Academy,Tennis (Clay Courts),Not Booked,150,03 Oct 09:02
2026-10-03,Sat,9:00 pm to 9:30 pm,Way To Slams Tennis Academy,Tennis (Clay Courts),Not Booked,300,03 Oct 20:04
2026-10-03,Sat,9:30 am to 10:00 am,Way To Slams Tennis Academy,Tennis (Clay Courts),Not Booked,150,03 Oct 09:57
2026-10-03,Sat,9:30 pm to 10:00 pm,Way To Slams Tennis Academy,Tennis (Clay Courts),Not Booked,300,03 Oct 20:04
2026-10-04,Sun,10:00 am to 11:00 am,Apex Sports Academy | Noida,Tennis (Clay Courts),Filling Fast,400,04 Oct 10:00
2026-10-04,Sun,11:00 am to 12:00 pm,Apex Sports Academy | Noida,Tennis (Clay Courts),Filling Fast,400,04 Oct 10:00
2026-10-04,Sun,12:00 pm to 1:00 pm,Apex Sports Academy | Noida,Tennis (Clay Courts),Filling Fast,400,04 Oct 10:00
2026-10-04,Sun,1:00 pm to 2:00 pm,Apex Sports Academy | Noida,Tennis (Clay Courts),Filling Fast,400,04 Oct 10:00
2026-10-04,Sun,2:00 pm to 3:00 pm,Apex Sports Academy | Noida,Tennis (Clay Courts),Filling Fast,400,04 Oct 10:00
2026-10-04,Sun,3:00 pm to 4:00 pm,Apex Sports Academy | Noida,Tennis (Clay Courts),Filling Fast,400,04 Oct 10:00
2026-10-04,Sun,4:00 pm to 5:00 pm,Apex Sports Academy | Noida,Tennis (Clay Courts),Filling Fast,400,04 Oct 10:00
2026-10-04,Sun,5:00 pm to 6:00 pm,Apex Sports Academy | Noida,Tennis (Clay Courts),Booked,400,04 Oct 16:25
2026-10-04,Sun,6:00 pm to 7:00 pm,Apex Sports Academy | Noida,Tennis (Clay Courts),Filling Fast,400,04 Oct 10:00
2026-10-04,Sun,7:00 pm to 8:00 pm,Apex Sports Academy | Noida,Tennis (Clay Courts),Filling Fast,400,04 Oct 16:25
2026-10-04,Sun,8:00 pm to 9:00 pm,Apex Sports Academy | Noida,Tennis (Clay Courts),Filling Fast,400,04 Oct 16:25
2026-10-04,Sun,9:00 am to 10:00 am,Apex Sports Academy | Noida,Tennis (Clay Courts),Filling Fast,400,04 Oct 07:46
2026-10-04,Sun,10:00 am to 10:30 am,Global Sports Complex | Noida,Tennis Court,Not Booked,300,04 Oct 10:00
2026-10-04,Sun,10:30 am to 11:00 am,Global Sports Complex | Noida,Tennis Court,Not Booked,300,04 Oct 10:00
2026-10-04,Sun,11:00 am to 11:30 am,Global Sports Complex | Noida,Tennis Court,Not Booked,300,04 Oct 10:00
2026-10-04,Sun,11:30 am to 12:00 pm,Global Sports Complex | Noida,Tennis Court,Not Booked,300,04 Oct 10:00
2026-10-04,Sun,12:00 pm to 12:30 pm,Global Sports Complex | Noida,Tennis Court,Not Booked,300,04 Oct 10:00
2026-10-04,Sun,12:30 pm to 1:00 pm,Global Sports Complex | Noida,Tennis Court,Not Booked,300,04 Oct 10:00
2026-10-04,Sun,1:00 pm to 1:30 pm,Global Sports Complex | Noida,Tennis Court,Not Booked,300,04 Oct 10:00
2026-10-04,Sun,1:30 pm to 2:00 pm,Global Sports Complex | Noida,Tennis Court,Not Booked,300,04 Oct 10:00
2026-10-04,Sun,2:00 pm to 2:30 pm,Global Sports Complex | Noida,Tennis Court,Not Booked,300,04 Oct 10:00
2026-10-04,Sun,2:30 pm to 3:00 pm,Global Sports Complex | Noida,Tennis Court,Not Booked,300,04 Oct 10:00
2026-10-04,Sun,3:00 pm to 3:30 pm,Global Sports Complex | Noida,Tennis Court,Filling Fast,300,04 Oct 10:00
2026-10-04,Sun,3:30 pm to 4:00 pm,Global Sports Complex | Noida,Tennis Court,Filling Fast,300,04 Oct 10:00
2026-10-04,Sun,4:00 pm to 4:30 pm,Global Sports Complex | Noida,Tennis Court,Filling Fast,300,04 Oct 16:25
2026-10-04,Sun,4:30 pm to 5:00 pm,Global Sports Complex | Noida,Tennis Court,Filling Fast,300,04 Oct 16:25
2026-10-04,Sun,5:00 pm to 5:30 pm,Global Sports Complex | Noida,Tennis Court,Filling Fast,300,04 Oct 16:25
2026-10-04,Sun,5:30 pm to 6:00 pm,Global Sports Complex | Noida,Tennis Court,Filling Fast,300,04 Oct 16:25
2026-10-04,Sun,6:00 pm to 6:30 pm,Global Sports Complex | Noida,Tennis Court,Filling Fast,325,04 Oct 16:25
2026-10-04,Sun,6:30 pm to 7:00 pm,Global Sports Complex | Noida,Tennis Court,Booked,325,04 Oct 16:25
2026-10-04,Sun,7:00 pm to 7:30 pm,Global Sports Complex | Noida,Tennis Court,Booked,325,04 Oct 16:25
2026-10-04,Sun,10:00 am to 11:00 am,Indrayu Jeta Sports | Noida,Tennis (Acrylic Court),Not Booked,222,04 Oct 10:00
2026-10-04,Sun,11:00 am to 12:00 pm,Indrayu Jeta Sports | Noida,Tennis (Acrylic Court),Not Booked,222,04 Oct 10:00
2026-10-04,Sun,12:00 pm to 1:00 pm,Indrayu Jeta Sports | Noida,Tennis (Acrylic Court),Not Booked,222,04 Oct 10:00
2026-10-04,Sun,1:00 pm to 2:00 pm,Indrayu Jeta Sports | Noida,Tennis (Acrylic Court),Not Booked,222,04 Oct 10:00
2026-10-04,Sun,2:00 pm to 3:00 pm,Indrayu Jeta Sports | Noida,Tennis (Acrylic Court),Not Booked,222,04 Oct 10:00
2026-10-04,Sun,3:00 pm to 4:00 pm,Indrayu Jeta Sports | Noida,Tennis (Acrylic Court),Not Booked,222,04 Oct 10:00
2026-10-04,Sun,4:00 pm to 5:00 pm,Indrayu Jeta Sports | Noida,Tennis (Acrylic Court),Not Booked,222,04 Oct 16:25
2026-10-04,Sun,5:00 pm to 6:00 pm,Indrayu Jeta Sports | Noida,Tennis (Acrylic Court),Booked,222,04 Oct 16:25
2026-10-04,Sun,6:00 am to 7:00 am,Indrayu Jeta Sports | Noida,Tennis (Acrylic Court),Booked,222,04 Oct 00:09
2026-10-04,Sun,6:00 pm to 7:00 pm,Indrayu Jeta Sports | Noida,Tennis (Acrylic Court),Booked,222,04 Oct 16:25
2026-10-04,Sun,7:00 am to 8:00 am,Indrayu Jeta Sports | Noida,Tennis (Acrylic Court),Booked,222,04 Oct 07:46
2026-10-04,Sun,7:00 pm to 8:00 pm,Indrayu Jeta Sports | Noida,Tennis (Acrylic Court),Not Booked,222,04 Oct 16:25
2026-10-04,Sun,8:00 am to 9:00 am,Indrayu Jeta Sports | Noida,Tennis (Acrylic Court),Booked,222,04 Oct 07:46
2026-10-04,Sun,8:00 pm to 9:00 pm,Indrayu Jeta Sports | Noida,Tennis (Acrylic Court),Not Booked,222,04 Oct 16:25
2026-10-04,Sun,9:00 am to 10:00 am,Indrayu Jeta Sports | Noida,Tennis (Acrylic Court),Not Booked,222,04 Oct 07:46
2026-10-04,Sun,10:00 am to 10:30 am,Spodium Arena | Sector 29,Tennis Court (Clay),Not Booked,199,04 Oct 10:00
2026-10-04,Sun,10:00 pm to 10:30 pm,Spodium Arena | Sector 29,Tennis Court (Clay),Not Booked,199,04 Oct 16:25
2026-10-04,Sun,10:30 am to 11:00 am,Spodium Arena | Sector 29,Tennis Court (Clay),Not Booked,199,04 Oct 10:00
2026-10-04,Sun,10:30 pm to 11:00 pm,Spodium Arena | Sector 29,Tennis Court (Clay),Not Booked,199,04 Oct 16:25
2026-10-04,Sun,11:00 am to 11:30 am,Spodium Arena | Sector 29,Tennis Court (Clay),Not Booked,199,04 Oct 10:00
2026-10-04,Sun,11:00 pm to 11:30 pm,Spodium Arena | Sector 29,Tennis Court (Clay),Not Booked,199,04 Oct 23:29
2026-10-04,Sun,11:30 am to 12:00 pm,Spodium Arena | Sector 29,Tennis Court (Clay),Not Booked,199,04 Oct 10:00
2026-10-04,Sun,11:30 pm to 12:00 am,Spodium Arena | Sector 29,Tennis Court (Clay),Not Booked,199,04 Oct 23:29
2026-10-04,Sun,12:00 pm to 12:30 pm,Spodium Arena | Sector 29,Tennis Court (Clay),Not Booked,199,04 Oct 10:00
2026-10-04,Sun,12:30 pm to 1:00 pm,Spodium Arena | Sector 29,Tennis Court (Clay),Not Booked,199,04 Oct 10:00
2026-10-04,Sun,1:00 pm to 1:30 pm,Spodium Arena | Sector 29,Tennis Court (Clay),Not Booked,199,04 Oct 10:00
2026-10-04,Sun,1:30 pm to 2:00 pm,Spodium Arena | Sector 29,Tennis Court (Clay),Not Booked,199,04 Oct 10:00
2026-10-04,Sun,2:00 pm to 2:30 pm,Spodium Arena | Sector 29,Tennis Court (Clay),Not Booked,199,04 Oct 10:00
2026-10-04,Sun,2:30 pm to 3:00 pm,Spodium Arena | Sector 29,Tennis Court (Clay),Not Booked,199,04 Oct 10:00
2026-10-04,Sun,3:00 pm to 3:30 pm,Spodium Arena | Sector 29,Tennis Court (Clay),Not Booked,199,04 Oct 10:00
2026-10-04,Sun,3:30 pm to 4:00 pm,Spodium Arena | Sector 29,Tennis Court (Clay),Not Booked,199,04 Oct 10:00
2026-10-04,Sun,4:00 pm to 4:30 pm,Spodium Arena | Sector 29,Tennis Court (Clay),Not Booked,199,04 Oct 16:25
2026-10-04,Sun,4:30 pm to 5:00 pm,Spodium Arena | Sector 29,Tennis Court (Clay),Not Booked,199,04 Oct 16:25
2026-10-04,Sun,5:00 am to 5:30 am,Spodium Arena | Sector 29,Tennis Court (Clay),Not Booked,199,04 Oct 00:09
2026-10-04,Sun,5:00 pm to 5:30 pm,Spodium Arena | Sector 29,Tennis Court (Clay),Not Booked,199,04 Oct 16:25
2026-10-04,Sun,5:30 am to 6:00 am,Spodium Arena | Sector 29,Tennis Court (Clay),Not Booked,199,04 Oct 00:09
2026-10-04,Sun,6:00 am to 6:30 am,Spodium Arena | Sector 29,Tennis Court (Clay),Booked,199,04 Oct 00:09
2026-10-04,Sun,6:30 am to 7:00 am,Spodium Arena | Sector 29,Tennis Court (Clay),Booked,199,04 Oct 00:09
2026-10-04,Sun,7:00 am to 7:30 am,Spodium Arena | Sector 29,Tennis Court (Clay),Booked,199,04 Oct 00:09
2026-10-04,Sun,7:30 am to 8:00 am,Spodium Arena | Sector 29,Tennis Court (Clay),Booked,199,04 Oct 07:46
2026-10-04,Sun,7:30 pm to 8:00 pm,Spodium Arena | Sector 29,Tennis Court (Clay),Not Booked,199,04 Oct 16:25
2026-10-04,Sun,8:00 am to 8:30 am,Spodium Arena | Sector 29,Tennis Court (Clay),Booked,199,04 Oct 07:46
2026-10-04,Sun,8:00 pm to 8:30 pm,Spodium Arena | Sector 29,Tennis Court (Clay),Not Booked,199,04 Oct 16:25
2026-10-04,Sun,8:30 am to 9:00 am,Spodium Arena | Sector 29,Tennis Court (Clay),Booked,199,04 Oct 07:46
2026-10-04,Sun,8:30 pm to 9:00 pm,Spodium Arena | Sector 29,Tennis Court (Clay),Not Booked,199,04 Oct 16:25
2026-10-04,Sun,9:00 am to 9:30 am,Spodium Arena | Sector 29,Tennis Court (Clay),Not Booked,199,04 Oct 07:46
2026-10-04,Sun,9:00 pm to 9:30 pm,Spodium Arena | Sector 29,Tennis Court (Clay),Not Booked,199,04 Oct 16:25
2026-10-04,Sun,9:30 am to 10:00 am,Spodium Arena | Sector 29,Tennis Court (Clay),Not Booked,199,04 Oct 07:46
2026-10-04,Sun,9:30 pm to 10:00 pm,Spodium Arena | Sector 29,Tennis Court (Clay),Not Booked,199,04 Oct 16:25
2026-10-04,Sun,10:00 am to 10:30 am,Way To Slams Tennis Academy,Tennis (Clay Courts),Not Booked,150,04 Oct 10:00
2026-10-04,Sun,10:00 pm to 10:30 pm,Way To Slams Tennis Academy,Tennis (Clay Courts),Not Booked,300,04 Oct 16:25
2026-10-04,Sun,10:30 am to 11:00 am,Way To Slams Tennis Academy,Tennis (Clay Courts),Not Booked,150,04 Oct 10:00
2026-10-04,Sun,10:30 pm to 11:00 pm,Way To Slams Tennis Academy,Tennis (Clay Courts),Not Booked,300,04 Oct 16:25
2026-10-04,Sun,11:00 am to 11:30 am,Way To Slams Tennis Academy,Tennis (Clay Courts),Not Booked,150,04 Oct 10:00
2026-10-04,Sun,11:00 pm to 11:30 pm,Way To Slams Tennis Academy,Tennis (Clay Courts),Not Booked,300,04 Oct 23:29
2026-10-04,Sun,11:30 am to 12:00 pm,Way To Slams Tennis Academy,Tennis (Clay Courts),Not Booked,150,04 Oct 10:00
2026-10-04,Sun,11:30 pm to 12:00 am,Way To Slams Tennis Academy,Tennis (Clay Courts),Not Booked,300,04 Oct 23:29
2026-10-04,Sun,12:00 am to 12:30 am,Way To Slams Tennis Academy,Tennis (Clay Courts),Not Booked,300,04 Oct 00:09
2026-10-04,Sun,12:00 pm to 12:30 pm,Way To Slams Tennis Academy,Tennis (Clay Courts),Not Booked,150,04 Oct 10:00
2026-10-04,Sun,12:30 am to 1:00 am,Way To Slams Tennis Academy,Tennis (Clay Courts),Not Booked,300,04 Oct 00:09
2026-10-04,Sun,12:30 pm to 1:00 pm,Way To Slams Tennis Academy,Tennis (Clay Courts),Not Booked,150,04 Oct 10:00
2026-10-04,Sun,1:00 am to 1:30 am,Way To Slams Tennis Academy,Tennis (Clay Courts),Not Booked,300,04 Oct 00:09
2026-10-04,Sun,1:00 pm to 1:30 pm,Way To Slams Tennis Academy,Tennis (Clay Courts),Not Booked,150,04 Oct 10:00
2026-10-04,Sun,1:30 am to 2:00 am,Way To Slams Tennis Academy,Tennis (Clay Courts),Not Booked,300,04 Oct 00:09
2026-10-04,Sun,1:30 pm to 2:00 pm,Way To Slams Tennis Academy,Tennis (Clay Courts),Not Booked,150,04 Oct 10:00
2026-10-04,Sun,2:00 am to 2:30 am,Way To Slams Tennis Academy,Tennis (Clay Courts),Not Booked,300,04 Oct 00:09
2026-10-04,Sun,2:00 pm to 2:30 pm,Way To Slams Tennis Academy,Tennis (Clay Courts),Not Booked,150,04 Oct 10:00
2026-10-04,Sun,2:30 am to 3:00 am,Way To Slams Tennis Academy,Tennis (Clay Courts),Not Booked,300,04 Oct 00:09
2026-10-04,Sun,2:30 pm to 3:00 pm,Way To Slams Tennis Academy,Tennis (Clay Courts),Not Booked,150,04 Oct 10:00
2026-10-04,Sun,3:00 am to 3:30 am,Way To Slams Tennis Academy,Tennis (Clay Courts),Not Booked,300,04 Oct 00:09
2026-10-04,Sun,3:00 pm to 3:30 pm,Way To Slams Tennis Academy,Tennis (Clay Courts),Not Booked,150,04 Oct 10:00
2026-10-04,Sun,3:30 am to 4:00 am,Way To Slams Tennis Academy,Tennis (Clay Courts),Not Booked,300,04 Oct 00:09
2026-10-04,Sun,3:30 pm to 4:00 pm,Way To Slams Tennis Academy,Tennis (Clay Courts),Not Booked,150,04 Oct 10:00
2026-10-04,Sun,4:00 am to 4:30 am,Way To Slams Tennis Academy,Tennis (Clay Courts),Not Booked,300,04 Oct 00:09
2026-10-04,Sun,4:00 pm to 4:30 pm,Way To Slams Tennis Academy,Tennis (Clay Courts),Not Booked,150,04 Oct 16:25
2026-10-04,Sun,4:30 am to 5:00 am,Way To Slams Tennis Academy,Tennis (Clay Courts),Not Booked,300,04 Oct 00:09
2026-10-04,Sun,4:30 pm to 5:00 pm,Way To Slams Tennis Academy,Tennis (Clay Courts),Not Booked,400,04 Oct 16:25
2026-10-04,Sun,5:00 am to 5:30 am,Way To Slams Tennis Academy,Tennis (Clay Courts),Not Booked,300,04 Oct 00:09
2026-10-04,Sun,5:00 pm to 5:30 pm,Way To Slams Tennis Academy,Tennis (Clay Courts),Not Booked,400,04 Oct 16:25
2026-10-04,Sun,5:30 am to 6:00 am,Way To Slams Tennis Academy,Tennis (Clay Courts),Not Booked,300,04 Oct 00:09
2026-10-04,Sun,5:30 pm to 6:00 pm,Way To Slams Tennis Academy,Tennis (Clay Courts),Not Booked,400,04 Oct 16:25
2026-10-04,Sun,6:00 am to 6:30 am,Way To Slams Tennis Academy,Tennis (Clay Courts),Not Booked,300,04 Oct 00:09
2026-10-04,Sun,6:00 pm to 6:30 pm,Way To Slams Tennis Academy,Tennis (Clay Courts),Not Booked,400,04 Oct 16:25
2026-10-04,Sun,6:30 am to 7:00 am,Way To Slams Tennis Academy,Tennis (Clay Courts),Not Booked,300,04 Oct 00:09
2026-10-04,Sun,6:30 pm to 7:00 pm,Way To Slams Tennis Academy,Tennis (Clay Courts),Not Booked,400,04 Oct 16:25
2026-10-04,Sun,7:00 pm to 7:30 pm,Way To Slams Tennis Academy,Tennis (Clay Courts),Not Booked,400,04 Oct 16:25
2026-10-04,Sun,7:30 pm to 8:00 pm,Way To Slams Tennis Academy,Tennis (Clay Courts),Not Booked,300,04 Oct 16:25
2026-10-04,Sun,8:00 pm to 8:30 pm,Way To Slams Tennis Academy,Tennis (Clay Courts),Not Booked,300,04 Oct 16:25
2026-10-04,Sun,8:30 pm to 9:00 pm,Way To Slams Tennis Academy,Tennis (Clay Courts),Not Booked,300,04 Oct 16:25
2026-10-04,Sun,9:00 am to 9:30 am,Way To Slams Tennis Academy,Tennis (Clay Courts),Not Booked,150,04 Oct 07:46
2026-10-04,Sun,9:00 pm to 9:30 pm,Way To Slams Tennis Academy,Tennis (Clay Courts),Not Booked,300,04 Oct 16:25
2026-10-04,Sun,9:30 am to 10:00 am,Way To Slams Tennis Academy,Tennis (Clay Courts),Not Booked,150,04 Oct 07:46
2026-10-04,Sun,9:30 pm to 10:00 pm,Way To Slams Tennis Academy,Tennis (Clay Courts),Not Booked,300,04 Oct 16:25
2026-10-05,Mon,10:00 am to 11:00 am,Apex Sports Academy | Noida,Tennis (Clay Courts),Filling Fast,400,05 Oct 10:43
2026-10-05,Mon,11:00 am to 12:00 pm,Apex Sports Academy | Noida,Tennis (Clay Courts),Filling Fast,400,05 Oct 11:26
2026-10-05,Mon,12:00 pm to 1:00 pm,Apex Sports Academy | Noida,Tennis (Clay Courts),Filling Fast,400,05 Oct 12:34
2026-10-05,Mon,1:00 pm to 2:00 pm,Apex Sports Academy | Noida,Tennis (Clay Courts),Filling Fast,400,05 Oct 13:26
2026-10-05,Mon,2:00 pm to 3:00 pm,Apex Sports Academy | Noida,Tennis (Clay Courts),Filling Fast,400,05 Oct 14:27
2026-10-05,Mon,3:00 pm to 4:00 pm,Apex Sports Academy | Noida,Tennis (Clay Courts),Filling Fast,400,05 Oct 15:26
2026-10-05,Mon,8:00 pm to 9:00 pm,Apex Sports Academy | Noida,Tennis (Clay Courts),Filling Fast,400,05 Oct 20:28
2026-10-05,Mon,9:00 am to 10:00 am,Apex Sports Academy | Noida,Tennis (Clay Courts),Filling Fast,400,05 Oct 09:29
2026-10-05,Mon,10:00 am to 10:30 am,Global Sports Complex | Noida,Tennis Court,Not Booked,300,05 Oct 10:00
2026-10-05,Mon,10:30 am to 11:00 am,Global Sports Complex | Noida,Tennis Court,Not Booked,300,05 Oct 10:43
2026-10-05,Mon,11:00 am to 11:30 am,Global Sports Complex | Noida,Tennis Court,Not Booked,300,05 Oct 11:26
2026-10-05,Mon,11:30 am to 12:00 pm,Global Sports Complex | Noida,Tennis Court,Not Booked,300,05 Oct 11:26
2026-10-05,Mon,12:00 pm to 12:30 pm,Global Sports Complex | Noida,Tennis Court,Not Booked,300,05 Oct 12:08
2026-10-05,Mon,12:30 pm to 1:00 pm,Global Sports Complex | Noida,Tennis Court,Not Booked,300,05 Oct 12:34
2026-10-05,Mon,1:00 pm to 1:30 pm,Global Sports Complex | Noida,Tennis Court,Not Booked,300,05 Oct 13:26
2026-10-05,Mon,1:30 pm to 2:00 pm,Global Sports Complex | Noida,Tennis Court,Not Booked,300,05 Oct 13:26
2026-10-05,Mon,2:00 pm to 2:30 pm,Global Sports Complex | Noida,Tennis Court,Not Booked,300,05 Oct 14:27
2026-10-05,Mon,2:30 pm to 3:00 pm,Global Sports Complex | Noida,Tennis Court,Not Booked,300,05 Oct 14:27
2026-10-05,Mon,3:00 pm to 3:30 pm,Global Sports Complex | Noida,Tennis Court,Filling Fast,300,05 Oct 15:26
2026-10-05,Mon,3:30 pm to 4:00 pm,Global Sports Complex | Noida,Tennis Court,Filling Fast,300,05 Oct 15:26
2026-10-05,Mon,4:00 pm to 4:30 pm,Global Sports Complex | Noida,Tennis Court,Filling Fast,300,05 Oct 16:25
2026-10-05,Mon,4:30 pm to 5:00 pm,Global Sports Complex | Noida,Tennis Court,Filling Fast,300,05 Oct 16:58
2026-10-05,Mon,6:00 am to 7:00 am,Indrayu Jeta Sports | Noida,Tennis (Acrylic Court),Booked,222,05 Oct 06:57
2026-10-05,Mon,6:00 pm to 7:00 pm,Indrayu Jeta Sports | Noida,Tennis (Acrylic Court),Booked,222,05 Oct 18:32
2026-10-05,Mon,7:00 pm to 8:00 pm,Indrayu Jeta Sports | Noida,Tennis (Acrylic Court),Booked,222,05 Oct 19:28
2026-10-05,Mon,8:00 pm to 9:00 pm,Indrayu Jeta Sports | Noida,Tennis (Acrylic Court),Booked,222,05 Oct 20:28
2026-10-05,Mon,10:00 pm to 10:30 pm,Spodium Arena | Sector 29,Tennis Court (Clay),Not Booked,199,05 Oct 22:26
2026-10-05,Mon,10:30 pm to 11:00 pm,Spodium Arena | Sector 29,Tennis Court (Clay),Not Booked,199,05 Oct 22:57
2026-10-05,Mon,11:00 pm to 11:30 pm,Spodium Arena | Sector 29,Tennis Court (Clay),Not Booked,199,05 Oct 23:25
2026-10-05,Mon,11:30 pm to 12:00 am,Spodium Arena | Sector 29,Tennis Court (Clay),Not Booked,199,05 Oct 23:25
2026-10-05,Mon,2:00 pm to 2:30 pm,Spodium Arena | Sector 29,Tennis Court (Clay),Not Booked,199,05 Oct 14:27
2026-10-05,Mon,2:30 pm to 3:00 pm,Spodium Arena | Sector 29,Tennis Court (Clay),Not Booked,199,05 Oct 14:27
2026-10-05,Mon,3:00 pm to 3:30 pm,Spodium Arena | Sector 29,Tennis Court (Clay),Not Booked,199,05 Oct 15:26
2026-10-05,Mon,3:30 pm to 4:00 pm,Spodium Arena | Sector 29,Tennis Court (Clay),Not Booked,199,05 Oct 15:26
2026-10-05,Mon,4:00 pm to 4:30 pm,Spodium Arena | Sector 29,Tennis Court (Clay),Not Booked,199,05 Oct 16:25
2026-10-05,Mon,4:30 pm to 5:00 pm,Spodium Arena | Sector 29,Tennis Court (Clay),Not Booked,199,05 Oct 16:58
2026-10-05,Mon,5:00 am to 5:30 am,Spodium Arena | Sector 29,Tennis Court (Clay),Not Booked,199,05 Oct 05:22
2026-10-05,Mon,5:00 pm to 5:30 pm,Spodium Arena | Sector 29,Tennis Court (Clay),Not Booked,199,05 Oct 17:26
2026-10-05,Mon,5:30 am to 6:00 am,Spodium Arena | Sector 29,Tennis Court (Clay),Not Booked,199,05 Oct 05:22
2026-10-05,Mon,6:00 am to 6:30 am,Spodium Arena | Sector 29,Tennis Court (Clay),Not Booked,199,05 Oct 06:07
2026-10-05,Mon,6:30 am to 7:00 am,Spodium Arena | Sector 29,Tennis Court (Clay),Not Booked,199,05 Oct 06:57
2026-10-05,Mon,7:00 am to 7:30 am,Spodium Arena | Sector 29,Tennis Court (Clay),Not Booked,199,05 Oct 07:23
2026-10-05,Mon,7:30 am to 8:00 am,Spodium Arena | Sector 29,Tennis Court (Clay),Not Booked,199,05 Oct 07:58
2026-10-05,Mon,7:30 pm to 8:00 pm,Spodium Arena | Sector 29,Tennis Court (Clay),Not Booked,199,05 Oct 19:28
2026-10-05,Mon,8:00 pm to 8:30 pm,Spodium Arena | Sector 29,Tennis Court (Clay),Not Booked,199,05 Oct 20:28
2026-10-05,Mon,8:30 pm to 9:00 pm,Spodium Arena | Sector 29,Tennis Court (Clay),Not Booked,199,05 Oct 20:28
2026-10-05,Mon,9:00 pm to 9:30 pm,Spodium Arena | Sector 29,Tennis Court (Clay),Not Booked,199,05 Oct 21:26
2026-10-05,Mon,9:30 pm to 10:00 pm,Spodium Arena | Sector 29,Tennis Court (Clay),Not Booked,199,05 Oct 21:26
2026-10-05,Mon,10:00 am to 10:30 am,Way To Slams Tennis Academy,Tennis (Clay Courts),Not Booked,150,05 Oct 10:00
2026-10-05,Mon,10:00 pm to 10:30 pm,Way To Slams Tennis Academy,Tennis (Clay Courts),Not Booked,300,05 Oct 22:26
2026-10-05,Mon,10:30 am to 11:00 am,Way To Slams Tennis Academy,Tennis (Clay Courts),Not Booked,150,05 Oct 10:43
2026-10-05,Mon,10:30 pm to 11:00 pm,Way To Slams Tennis Academy,Tennis (Clay Courts),Not Booked,300,05 Oct 22:57
2026-10-05,Mon,11:00 am to 11:30 am,Way To Slams Tennis Academy,Tennis (Clay Courts),Not Booked,150,05 Oct 11:26
2026-10-05,Mon,11:00 pm to 11:30 pm,Way To Slams Tennis Academy,Tennis (Clay Courts),Not Booked,300,05 Oct 23:25
2026-10-05,Mon,11:30 am to 12:00 pm,Way To Slams Tennis Academy,Tennis (Clay Courts),Not Booked,150,05 Oct 11:26
2026-10-05,Mon,11:30 pm to 12:00 am,Way To Slams Tennis Academy,Tennis (Clay Courts),Not Booked,300,05 Oct 23:25
2026-10-05,Mon,12:00 pm to 12:30 pm,Way To Slams Tennis Academy,Tennis (Clay Courts),Not Booked,150,05 Oct 12:08
2026-10-05,Mon,12:30 pm to 1:00 pm,Way To Slams Tennis Academy,Tennis (Clay Courts),Not Booked,150,05 Oct 12:34
2026-10-05,Mon,1:00 pm to 1:30 pm,Way To Slams Tennis Academy,Tennis (Clay Courts),Not Booked,150,05 Oct 13:26
2026-10-05,Mon,1:30 pm to 2:00 pm,Way To Slams Tennis Academy,Tennis (Clay Courts),Not Booked,150,05 Oct 13:26
2026-10-05,Mon,2:00 pm to 2:30 pm,Way To Slams Tennis Academy,Tennis (Clay Courts),Not Booked,150,05 Oct 14:27
2026-10-05,Mon,2:30 am to 3:00 am,Way To Slams Tennis Academy,Tennis (Clay Courts),Not Booked,300,05 Oct 02:44
2026-10-05,Mon,2:30 pm to 3:00 pm,Way To Slams Tennis Academy,Tennis (Clay Courts),Not Booked,150,05 Oct 14:27
2026-10-05,Mon,3:00 am to 3:30 am,Way To Slams Tennis Academy,Tennis (Clay Courts),Not Booked,300,05 Oct 03:26
2026-10-05,Mon,3:00 pm to 3:30 pm,Way To Slams Tennis Academy,Tennis (Clay Courts),Not Booked,150,05 Oct 15:26
2026-10-05,Mon,3:30 am to 4:00 am,Way To Slams Tennis Academy,Tennis (Clay Courts),Not Booked,300,05 Oct 03:56
2026-10-05,Mon,3:30 pm to 4:00 pm,Way To Slams Tennis Academy,Tennis (Clay Courts),Not Booked,150,05 Oct 15:26
2026-10-05,Mon,4:00 am to 4:30 am,Way To Slams Tennis Academy,Tennis (Clay Courts),Not Booked,300,05 Oct 04:23
2026-10-05,Mon,4:00 pm to 4:30 pm,Way To Slams Tennis Academy,Tennis (Clay Courts),Not Booked,150,05 Oct 16:25
2026-10-05,Mon,4:30 am to 5:00 am,Way To Slams Tennis Academy,Tennis (Clay Courts),Not Booked,300,05 Oct 04:54
2026-10-05,Mon,5:00 am to 5:30 am,Way To Slams Tennis Academy,Tennis (Clay Courts),Not Booked,300,05 Oct 05:22
2026-10-05,Mon,5:30 am to 6:00 am,Way To Slams Tennis Academy,Tennis (Clay Courts),Not Booked,300,05 Oct 05:22
2026-10-05,Mon,6:00 am to 6:30 am,Way To Slams Tennis Academy,Tennis (Clay Courts),Not Booked,300,05 Oct 06:07
2026-10-05,Mon,6:30 am to 7:00 am,Way To Slams Tennis Academy,Tennis (Clay Courts),Not Booked,300,05 Oct 06:57
2026-10-05,Mon,7:30 pm to 8:00 pm,Way To Slams Tennis Academy,Tennis (Clay Courts),Not Booked,300,05 Oct 19:28
2026-10-05,Mon,8:00 pm to 8:30 pm,Way To Slams Tennis Academy,Tennis (Clay Courts),Not Booked,300,05 Oct 20:28
2026-10-05,Mon,8:30 pm to 9:00 pm,Way To Slams Tennis Academy,Tennis (Clay Courts),Not Booked,300,05 Oct 20:28
2026-10-05,Mon,9:00 am to 9:30 am,Way To Slams Tennis Academy,Tennis (Clay Courts),Not Booked,150,05 Oct 09:29
2026-10-05,Mon,9:00 pm to 9:30 pm,Way To Slams Tennis Academy,Tennis (Clay Courts),Not Booked,300,05 Oct 21:26
2026-10-05,Mon,9:30 am to 10:00 am,Way To Slams Tennis Academy,Tennis (Clay Courts),Not Booked,150,05 Oct 09:29
2026-10-05,Mon,9:30 pm to 10:00 pm,Way To Slams Tennis Academy,Tennis (Clay Courts),Not Booked,300,05 Oct 21:26
2026-10-06,Tue,10:00 am to 11:00 am,Apex Sports Academy | Noida,Tennis (Clay Courts),Filling Fast,400,06 Oct 10:57
2026-10-06,Tue,11:00 am to 12:00 pm,Apex Sports Academy | Noida,Tennis (Clay Courts),Filling Fast,400,06 Oct 11:25
2026-10-06,Tue,12:00 pm to 1:00 pm,Apex Sports Academy | Noida,Tennis (Clay Courts),Filling Fast,400,06 Oct 12:59
2026-10-06,Tue,1:00 pm to 2:00 pm,Apex Sports Academy | Noida,Tennis (Clay Courts),Filling Fast,400,06 Oct 13:25
2026-10-06,Tue,2:00 pm to 3:00 pm,Apex Sports Academy | Noida,Tennis (Clay Courts),Filling Fast,400,06 Oct 14:59
2026-10-06,Tue,3:00 pm to 4:00 pm,Apex Sports Academy | Noida,Tennis (Clay Courts),Filling Fast,400,06 Oct 15:58
2026-10-06,Tue,9:00 am to 10:00 am,Apex Sports Academy | Noida,Tennis (Clay Courts),Filling Fast,400,06 Oct 09:58
2026-10-06,Tue,10:00 am to 10:30 am,Global Sports Complex | Noida,Tennis Court,Not Booked,300,06 Oct 10:25
2026-10-06,Tue,10:30 am to 11:00 am,Global Sports Complex | Noida,Tennis Court,Not Booked,300,06 Oct 10:57
2026-10-06,Tue,11:00 am to 11:30 am,Global Sports Complex | Noida,Tennis Court,Not Booked,300,06 Oct 11:25
2026-10-06,Tue,11:30 am to 12:00 pm,Global Sports Complex | Noida,Tennis Court,Not Booked,300,06 Oct 11:25
2026-10-06,Tue,12:00 pm to 12:30 pm,Global Sports Complex | Noida,Tennis Court,Not Booked,300,06 Oct 12:29
2026-10-06,Tue,12:30 pm to 1:00 pm,Global Sports Complex | Noida,Tennis Court,Not Booked,300,06 Oct 12:59
2026-10-06,Tue,1:00 pm to 1:30 pm,Global Sports Complex | Noida,Tennis Court,Not Booked,300,06 Oct 13:25
2026-10-06,Tue,1:30 pm to 2:00 pm,Global Sports Complex | Noida,Tennis Court,Not Booked,300,06 Oct 13:25
2026-10-06,Tue,2:00 pm to 2:30 pm,Global Sports Complex | Noida,Tennis Court,Not Booked,300,06 Oct 14:25
2026-10-06,Tue,2:30 pm to 3:00 pm,Global Sports Complex | Noida,Tennis Court,Not Booked,300,06 Oct 14:59
2026-10-06,Tue,3:00 pm to 3:30 pm,Global Sports Complex | Noida,Tennis Court,Filling Fast,300,06 Oct 15:26
2026-10-06,Tue,3:30 pm to 4:00 pm,Global Sports Complex | Noida,Tennis Court,Filling Fast,300,06 Oct 15:58
2026-10-06,Tue,4:00 pm to 4:30 pm,Global Sports Complex | Noida,Tennis Court,Filling Fast,300,06 Oct 16:25
2026-10-06,Tue,4:30 pm to 5:00 pm,Global Sports Complex | Noida,Tennis Court,Filling Fast,300,06 Oct 16:57
2026-10-06,Tue,6:00 am to 7:00 am,Indrayu Jeta Sports | Noida,Tennis (Acrylic Court),Booked,222,06 Oct 06:57
2026-10-06,Tue,6:00 pm to 7:00 pm,Indrayu Jeta Sports | Noida,Tennis (Acrylic Court),Not Booked,222,06 Oct 18:28
2026-10-06,Tue,7:00 pm to 8:00 pm,Indrayu Jeta Sports | Noida,Tennis (Acrylic Court),Not Booked,222,06 Oct 19:34
2026-10-06,Tue,8:00 pm to 9:00 pm,Indrayu Jeta Sports | Noida,Tennis (Acrylic Court),Booked,222,06 Oct 20:58
2026-10-06,Tue,10:00 pm to 10:30 pm,Spodium Arena | Sector 29,Tennis Court (Clay),Not Booked,199,06 Oct 22:26
2026-10-06,Tue,10:30 pm to 11:00 pm,Spodium Arena | Sector 29,Tennis Court (Clay),Not Booked,199,06 Oct 22:56
2026-10-06,Tue,11:00 pm to 11:30 pm,Spodium Arena | Sector 29,Tennis Court (Clay),Not Booked,199,06 Oct 23:24
2026-10-06,Tue,11:30 pm to 12:00 am,Spodium Arena | Sector 29,Tennis Court (Clay),Not Booked,199,06 Oct 23:24
2026-10-06,Tue,2:00 pm to 2:30 pm,Spodium Arena | Sector 29,Tennis Court (Clay),Not Booked,199,06 Oct 14:25
2026-10-06,Tue,2:30 pm to 3:00 pm,Spodium Arena | Sector 29,Tennis Court (Clay),Not Booked,199,06 Oct 14:59
2026-10-06,Tue,3:00 pm to 3:30 pm,Spodium Arena | Sector 29,Tennis Court (Clay),Not Booked,199,06 Oct 15:26
2026-10-06,Tue,3:30 pm to 4:00 pm,Spodium Arena | Sector 29,Tennis Court (Clay),Not Booked,199,06 Oct 15:58
2026-10-06,Tue,4:00 pm to 4:30 pm,Spodium Arena | Sector 29,Tennis Court (Clay),Not Booked,199,06 Oct 16:25
2026-10-06,Tue,4:30 pm to 5:00 pm,Spodium Arena | Sector 29,Tennis Court (Clay),Not Booked,199,06 Oct 16:57
2026-10-06,Tue,5:00 am to 5:30 am,Spodium Arena | Sector 29,Tennis Court (Clay),Not Booked,199,06 Oct 05:21
2026-10-06,Tue,5:00 pm to 5:30 pm,Spodium Arena | Sector 29,Tennis Court (Clay),Not Booked,199,06 Oct 17:25
2026-10-06,Tue,5:30 am to 6:00 am,Spodium Arena | Sector 29,Tennis Court (Clay),Not Booked,199,06 Oct 05:21
2026-10-06,Tue,5:30 pm to 6:00 pm,Spodium Arena | Sector 29,Tennis Court (Clay),Not Booked,199,06 Oct 17:25
2026-10-06,Tue,6:00 am to 6:30 am,Spodium Arena | Sector 29,Tennis Court (Clay),Not Booked,199,06 Oct 06:29
2026-10-06,Tue,6:00 pm to 6:30 pm,Spodium Arena | Sector 29,Tennis Court (Clay),Not Booked,199,06 Oct 18:28
2026-10-06,Tue,6:30 am to 7:00 am,Spodium Arena | Sector 29,Tennis Court (Clay),Not Booked,199,06 Oct 06:57
2026-10-06,Tue,6:30 pm to 7:00 pm,Spodium Arena | Sector 29,Tennis Court (Clay),Not Booked,199,06 Oct 18:28
2026-10-06,Tue,7:00 am to 7:30 am,Spodium Arena | Sector 29,Tennis Court (Clay),Not Booked,199,06 Oct 07:22
2026-10-06,Tue,7:00 pm to 7:30 pm,Spodium Arena | Sector 29,Tennis Court (Clay),Not Booked,199,06 Oct 19:00
2026-10-06,Tue,7:30 am to 8:00 am,Spodium Arena | Sector 29,Tennis Court (Clay),Not Booked,199,06 Oct 07:57
2026-10-06,Tue,7:30 pm to 8:00 pm,Spodium Arena | Sector 29,Tennis Court (Clay),Not Booked,199,06 Oct 19:34
2026-10-06,Tue,8:00 pm to 8:30 pm,Spodium Arena | Sector 29,Tennis Court (Clay),Not Booked,199,06 Oct 20:26
2026-10-06,Tue,8:30 pm to 9:00 pm,Spodium Arena | Sector 29,Tennis Court (Clay),Booked,199,06 Oct 20:58
2026-10-06,Tue,9:00 pm to 9:30 pm,Spodium Arena | Sector 29,Tennis Court (Clay),Booked,199,06 Oct 21:26
2026-10-06,Tue,9:30 pm to 10:00 pm,Spodium Arena | Sector 29,Tennis Court (Clay),Not Booked,199,06 Oct 21:26
2026-10-06,Tue,10:00 am to 10:30 am,Way To Slams Tennis Academy,Tennis (Clay Courts),Not Booked,150,06 Oct 10:25
2026-10-06,Tue,10:00 pm to 10:30 pm,Way To Slams Tennis Academy,Tennis (Clay Courts),Not Booked,300,06 Oct 22:26
2026-10-06,Tue,10:30 am to 11:00 am,Way To Slams Tennis Academy,Tennis (Clay Courts),Not Booked,150,06 Oct 10:57
2026-10-06,Tue,10:30 pm to 11:00 pm,Way To Slams Tennis Academy,Tennis (Clay Courts),Not Booked,300,06 Oct 22:56
2026-10-06,Tue,11:00 am to 11:30 am,Way To Slams Tennis Academy,Tennis (Clay Courts),Not Booked,150,06 Oct 11:25
2026-10-06,Tue,11:00 pm to 11:30 pm,Way To Slams Tennis Academy,Tennis (Clay Courts),Not Booked,300,06 Oct 23:24
2026-10-06,Tue,11:30 am to 12:00 pm,Way To Slams Tennis Academy,Tennis (Clay Courts),Not Booked,150,06 Oct 11:25
2026-10-06,Tue,11:30 pm to 12:00 am,Way To Slams Tennis Academy,Tennis (Clay Courts),Not Booked,300,06 Oct 23:24
2026-10-06,Tue,12:00 am to 12:30 am,Way To Slams Tennis Academy,Tennis (Clay Courts),Not Booked,300,06 Oct 00:03
2026-10-06,Tue,12:00 pm to 12:30 pm,Way To Slams Tennis Academy,Tennis (Clay Courts),Not Booked,150,06 Oct 12:29
2026-10-06,Tue,12:30 am to 1:00 am,Way To Slams Tennis Academy,Tennis (Clay Courts),Not Booked,300,06 Oct 00:03
2026-10-06,Tue,12:30 pm to 1:00 pm,Way To Slams Tennis Academy,Tennis (Clay Courts),Not Booked,150,06 Oct 12:59
2026-10-06,Tue,1:00 am to 1:30 am,Way To Slams Tennis Academy,Tennis (Clay Courts),Not Booked,300,06 Oct 00:03
2026-10-06,Tue,1:00 pm to 1:30 pm,Way To Slams Tennis Academy,Tennis (Clay Courts),Not Booked,150,06 Oct 13:25
2026-10-06,Tue,1:30 am to 2:00 am,Way To Slams Tennis Academy,Tennis (Clay Courts),Not Booked,300,06 Oct 00:03
2026-10-06,Tue,1:30 pm to 2:00 pm,Way To Slams Tennis Academy,Tennis (Clay Courts),Not Booked,150,06 Oct 13:25
2026-10-06,Tue,2:00 am to 2:30 am,Way To Slams Tennis Academy,Tennis (Clay Courts),Not Booked,300,06 Oct 00:03
2026-10-06,Tue,2:00 pm to 2:30 pm,Way To Slams Tennis Academy,Tennis (Clay Courts),Not Booked,150,06 Oct 14:25
2026-10-06,Tue,2:30 am to 3:00 am,Way To Slams Tennis Academy,Tennis (Clay Courts),Not Booked,300,06 Oct 00:03
2026-10-06,Tue,2:30 pm to 3:00 pm,Way To Slams Tennis Academy,Tennis (Clay Courts),Not Booked,150,06 Oct 14:59
2026-10-06,Tue,3:00 am to 3:30 am,Way To Slams Tennis Academy,Tennis (Clay Courts),Not Booked,300,06 Oct 03:25
2026-10-06,Tue,3:00 pm to 3:30 pm,Way To Slams Tennis Academy,Tennis (Clay Courts),Not Booked,150,06 Oct 15:26
2026-10-06,Tue,3:30 am to 4:00 am,Way To Slams Tennis Academy,Tennis (Clay Courts),Not Booked,300,06 Oct 03:56
2026-10-06,Tue,3:30 pm to 4:00 pm,Way To Slams Tennis Academy,Tennis (Clay Courts),Not Booked,150,06 Oct 15:58
2026-10-06,Tue,4:00 am to 4:30 am,Way To Slams Tennis Academy,Tennis (Clay Courts),Not Booked,300,06 Oct 04:23
2026-10-06,Tue,4:00 pm to 4:30 pm,Way To Slams Tennis Academy,Tennis (Clay Courts),Not Booked,150,06 Oct 16:25
2026-10-06,Tue,4:30 am to 5:00 am,Way To Slams Tennis Academy,Tennis (Clay Courts),Not Booked,300,06 Oct 04:54
2026-10-06,Tue,5:00 am to 5:30 am,Way To Slams Tennis Academy,Tennis (Clay Courts),Not Booked,300,06 Oct 05:21
2026-10-06,Tue,5:30 am to 6:00 am,Way To Slams Tennis Academy,Tennis (Clay Courts),Not Booked,300,06 Oct 05:21
2026-10-06,Tue,6:00 am to 6:30 am,Way To Slams Tennis Academy,Tennis (Clay Courts),Not Booked,300,06 Oct 06:29
2026-10-06,Tue,6:30 am to 7:00 am,Way To Slams Tennis Academy,Tennis (Clay Courts),Not Booked,300,06 Oct 06:57
2026-10-06,Tue,7:30 pm to 8:00 pm,Way To Slams Tennis Academy,Tennis (Clay Courts),Not Booked,300,06 Oct 19:34
2026-10-06,Tue,8:00 pm to 8:30 pm,Way To Slams Tennis Academy,Tennis (Clay Courts),Not Booked,300,06 Oct 20:26
2026-10-06,Tue,8:30 pm to 9:00 pm,Way To Slams Tennis Academy,Tennis (Clay Courts),Not Booked,300,06 Oct 20:58
2026-10-06,Tue,9:00 am to 9:30 am,Way To Slams Tennis Academy,Tennis (Clay Courts),Not Booked,150,06 Oct 09:26
2026-10-06,Tue,9:00 pm to 9:30 pm,Way To Slams Tennis Academy,Tennis (Clay Courts),Not Booked,300,06 Oct 21:26
2026-10-06,Tue,9:30 am to 10:00 am,Way To Slams Tennis Academy,Tennis (Clay Courts),Not Booked,150,06 Oct 09:58
2026-10-06,Tue,9:30 pm to 10:00 pm,Way To Slams Tennis Academy,Tennis (Clay Courts),Not Booked,300,06 Oct 21:26
2026-10-07,Wed,10:00 am to 11:00 am,Apex Sports Academy | Noida,Tennis (Clay Courts),Filling Fast,400,07 Oct 10:59
2026-10-07,Wed,11:00 am to 12:00 pm,Apex Sports Academy | Noida,Tennis (Clay Courts),Filling Fast,400,07 Oct 11:25
2026-10-07,Wed,12:00 pm to 1:00 pm,Apex Sports Academy | Noida,Tennis (Clay Courts),Filling Fast,400,07 Oct 12:29
2026-10-07,Wed,1:00 pm to 2:00 pm,Apex Sports Academy | Noida,Tennis (Clay Courts),Filling Fast,400,07 Oct 13:25
2026-10-07,Wed,2:00 pm to 3:00 pm,Apex Sports Academy | Noida,Tennis (Clay Courts),Filling Fast,400,07 Oct 14:26
2026-10-07,Wed,3:00 pm to 4:00 pm,Apex Sports Academy | Noida,Tennis (Clay Courts),Filling Fast,400,07 Oct 15:59
2026-10-07,Wed,8:00 pm to 9:00 pm,Apex Sports Academy | Noida,Tennis (Clay Courts),Filling Fast,400,07 Oct 20:00
2026-10-07,Wed,9:00 am to 10:00 am,Apex Sports Academy | Noida,Tennis (Clay Courts),Filling Fast,400,07 Oct 09:26
2026-10-07,Wed,10:00 am to 10:30 am,Global Sports Complex | Noida,Tennis Court,Not Booked,300,07 Oct 10:26
2026-10-07,Wed,10:30 am to 11:00 am,Global Sports Complex | Noida,Tennis Court,Not Booked,300,07 Oct 10:59
2026-10-07,Wed,11:00 am to 11:30 am,Global Sports Complex | Noida,Tennis Court,Not Booked,300,07 Oct 11:25
2026-10-07,Wed,11:30 am to 12:00 pm,Global Sports Complex | Noida,Tennis Court,Not Booked,300,07 Oct 11:25
2026-10-07,Wed,12:00 pm to 12:30 pm,Global Sports Complex | Noida,Tennis Court,Not Booked,300,07 Oct 12:29
2026-10-07,Wed,12:30 pm to 1:00 pm,Global Sports Complex | Noida,Tennis Court,Not Booked,300,07 Oct 12:29
2026-10-07,Wed,1:00 pm to 1:30 pm,Global Sports Complex | Noida,Tennis Court,Not Booked,300,07 Oct 13:25
2026-10-07,Wed,1:30 pm to 2:00 pm,Global Sports Complex | Noida,Tennis Court,Not Booked,300,07 Oct 13:25
2026-10-07,Wed,2:00 pm to 2:30 pm,Global Sports Complex | Noida,Tennis Court,Not Booked,300,07 Oct 14:26
2026-10-07,Wed,2:30 pm to 3:00 pm,Global Sports Complex | Noida,Tennis Court,Not Booked,300,07 Oct 14:26
2026-10-07,Wed,3:00 pm to 3:30 pm,Global Sports Complex | Noida,Tennis Court,Filling Fast,300,07 Oct 15:26
2026-10-07,Wed,3:30 pm to 4:00 pm,Global Sports Complex | Noida,Tennis Court,Filling Fast,300,07 Oct 15:59
2026-10-07,Wed,4:00 pm to 4:30 pm,Global Sports Complex | Noida,Tennis Court,Filling Fast,300,07 Oct 16:26
2026-10-07,Wed,4:30 pm to 5:00 pm,Global Sports Complex | Noida,Tennis Court,Filling Fast,300,07 Oct 16:58
2026-10-07,Wed,6:00 am to 7:00 am,Indrayu Jeta Sports | Noida,Tennis (Acrylic Court),Not Booked,222,07 Oct 06:58
2026-10-07,Wed,6:00 pm to 7:00 pm,Indrayu Jeta Sports | Noida,Tennis (Acrylic Court),Booked,222,07 Oct 18:33
2026-10-07,Wed,7:00 pm to 8:00 pm,Indrayu Jeta Sports | Noida,Tennis (Acrylic Court),Booked,222,07 Oct 19:26
2026-10-07,Wed,8:00 pm to 9:00 pm,Indrayu Jeta Sports | Noida,Tennis (Acrylic Court),Booked,222,07 Oct 20:00
2026-10-07,Wed,10:00 pm to 10:30 pm,Spodium Arena | Sector 29,Tennis Court (Clay),Not Booked,199,07 Oct 22:01
2026-10-07,Wed,10:30 pm to 11:00 pm,Spodium Arena | Sector 29,Tennis Court (Clay),Not Booked,199,07 Oct 22:59
2026-10-07,Wed,11:00 pm to 11:30 pm,Spodium Arena | Sector 29,Tennis Court (Clay),Not Booked,199,07 Oct 22:59
2026-10-07,Wed,11:30 pm to 12:00 am,Spodium Arena | Sector 29,Tennis Court (Clay),Not Booked,199,07 Oct 23:30
2026-10-07,Wed,2:00 pm to 2:30 pm,Spodium Arena | Sector 29,Tennis Court (Clay),Not Booked,199,07 Oct 14:26
2026-10-07,Wed,2:30 pm to 3:00 pm,Spodium Arena | Sector 29,Tennis Court (Clay),Not Booked,199,07 Oct 14:26
2026-10-07,Wed,3:00 pm to 3:30 pm,Spodium Arena | Sector 29,Tennis Court (Clay),Not Booked,199,07 Oct 15:26
2026-10-07,Wed,3:30 pm to 4:00 pm,Spodium Arena | Sector 29,Tennis Court (Clay),Not Booked,199,07 Oct 15:59
2026-10-07,Wed,4:00 pm to 4:30 pm,Spodium Arena | Sector 29,Tennis Court (Clay),Not Booked,199,07 Oct 16:26
2026-10-07,Wed,4:30 pm to 5:00 pm,Spodium Arena | Sector 29,Tennis Court (Clay),Not Booked,199,07 Oct 16:58
2026-10-07,Wed,5:00 am to 5:30 am,Spodium Arena | Sector 29,Tennis Court (Clay),Not Booked,199,07 Oct 05:23
2026-10-07,Wed,5:00 pm to 5:30 pm,Spodium Arena | Sector 29,Tennis Court (Clay),Not Booked,199,07 Oct 17:25
2026-10-07,Wed,5:30 am to 6:00 am,Spodium Arena | Sector 29,Tennis Court (Clay),Not Booked,199,07 Oct 05:23
2026-10-07,Wed,6:00 am to 6:30 am,Spodium Arena | Sector 29,Tennis Court (Clay),Not Booked,199,07 Oct 06:08
2026-10-07,Wed,6:30 am to 7:00 am,Spodium Arena | Sector 29,Tennis Court (Clay),Not Booked,199,07 Oct 06:58
2026-10-07,Wed,7:00 am to 7:30 am,Spodium Arena | Sector 29,Tennis Court (Clay),Not Booked,199,07 Oct 07:24
2026-10-07,Wed,7:30 am to 8:00 am,Spodium Arena | Sector 29,Tennis Court (Clay),Not Booked,199,07 Oct 07:58
2026-10-07,Wed,7:30 pm to 8:00 pm,Spodium Arena | Sector 29,Tennis Court (Clay),Not Booked,199,07 Oct 19:26
2026-10-07,Wed,8:00 pm to 8:30 pm,Spodium Arena | Sector 29,Tennis Court (Clay),Not Booked,199,07 Oct 20:00
2026-10-07,Wed,8:30 pm to 9:00 pm,Spodium Arena | Sector 29,Tennis Court (Clay),Not Booked,199,07 Oct 20:00
2026-10-07,Wed,9:00 pm to 9:30 pm,Spodium Arena | Sector 29,Tennis Court (Clay),Not Booked,199,07 Oct 21:09
2026-10-07,Wed,9:30 pm to 10:00 pm,Spodium Arena | Sector 29,Tennis Court (Clay),Not Booked,199,07 Oct 21:30
2026-10-07,Wed,10:00 am to 10:30 am,Way To Slams Tennis Academy,Tennis (Clay Courts),Not Booked,150,07 Oct 10:26
2026-10-07,Wed,10:00 pm to 10:30 pm,Way To Slams Tennis Academy,Tennis (Clay Courts),Not Booked,300,07 Oct 22:01
2026-10-07,Wed,10:30 am to 11:00 am,Way To Slams Tennis Academy,Tennis (Clay Courts),Not Booked,150,07 Oct 10:59
2026-10-07,Wed,10:30 pm to 11:00 pm,Way To Slams Tennis Academy,Tennis (Clay Courts),Not Booked,300,07 Oct 22:59
2026-10-07,Wed,11:00 am to 11:30 am,Way To Slams Tennis Academy,Tennis (Clay Courts),Not Booked,150,07 Oct 11:25
2026-10-07,Wed,11:00 pm to 11:30 pm,Way To Slams Tennis Academy,Tennis (Clay Courts),Not Booked,300,07 Oct 22:59
2026-10-07,Wed,11:30 am to 12:00 pm,Way To Slams Tennis Academy,Tennis (Clay Courts),Not Booked,150,07 Oct 11:25
2026-10-07,Wed,11:30 pm to 12:00 am,Way To Slams Tennis Academy,Tennis (Clay Courts),Not Booked,300,07 Oct 23:30
2026-10-07,Wed,12:00 am to 12:30 am,Way To Slams Tennis Academy,Tennis (Clay Courts),Not Booked,300,07 Oct 00:26
2026-10-07,Wed,12:00 pm to 12:30 pm,Way To Slams Tennis Academy,Tennis (Clay Courts),Not Booked,150,07 Oct 12:29
2026-10-07,Wed,12:30 am to 1:00 am,Way To Slams Tennis Academy,Tennis (Clay Courts),Not Booked,300,07 Oct 00:57
2026-10-07,Wed,12:30 pm to 1:00 pm,Way To Slams Tennis Academy,Tennis (Clay Courts),Not Booked,150,07 Oct 12:29
2026-10-07,Wed,1:00 am to 1:30 am,Way To Slams Tennis Academy,Tennis (Clay Courts),Not Booked,300,07 Oct 01:24
2026-10-07,Wed,1:00 pm to 1:30 pm,Way To Slams Tennis Academy,Tennis (Clay Courts),Not Booked,150,07 Oct 13:25
2026-10-07,Wed,1:30 am to 2:00 am,Way To Slams Tennis Academy,Tennis (Clay Courts),Not Booked,300,07 Oct 01:58
2026-10-07,Wed,1:30 pm to 2:00 pm,Way To Slams Tennis Academy,Tennis (Clay Courts),Not Booked,150,07 Oct 13:25
2026-10-07,Wed,2:00 am to 2:30 am,Way To Slams Tennis Academy,Tennis (Clay Courts),Not Booked,300,07 Oct 02:24
2026-10-07,Wed,2:00 pm to 2:30 pm,Way To Slams Tennis Academy,Tennis (Clay Courts),Not Booked,150,07 Oct 14:26
2026-10-07,Wed,2:30 am to 3:00 am,Way To Slams Tennis Academy,Tennis (Clay Courts),Not Booked,300,07 Oct 02:56
2026-10-07,Wed,2:30 pm to 3:00 pm,Way To Slams Tennis Academy,Tennis (Clay Courts),Not Booked,150,07 Oct 14:26
2026-10-07,Wed,3:00 am to 3:30 am,Way To Slams Tennis Academy,Tennis (Clay Courts),Not Booked,300,07 Oct 03:23
2026-10-07,Wed,3:00 pm to 3:30 pm,Way To Slams Tennis Academy,Tennis (Clay Courts),Not Booked,150,07 Oct 15:26
2026-10-07,Wed,3:30 am to 4:00 am,Way To Slams Tennis Academy,Tennis (Clay Courts),Not Booked,300,07 Oct 03:57
2026-10-07,Wed,3:30 pm to 4:00 pm,Way To Slams Tennis Academy,Tennis (Clay Courts),Not Booked,150,07 Oct 15:59
2026-10-07,Wed,4:00 am to 4:30 am,Way To Slams Tennis Academy,Tennis (Clay Courts),Not Booked,300,07 Oct 04:23
2026-10-07,Wed,4:00 pm to 4:30 pm,Way To Slams Tennis Academy,Tennis (Clay Courts),Not Booked,150,07 Oct 16:26
2026-10-07,Wed,4:30 am to 5:00 am,Way To Slams Tennis Academy,Tennis (Clay Courts),Not Booked,300,07 Oct 04:56
2026-10-07,Wed,5:00 am to 5:30 am,Way To Slams Tennis Academy,Tennis (Clay Courts),Not Booked,300,07 Oct 05:23
2026-10-07,Wed,5:30 am to 6:00 am,Way To Slams Tennis Academy,Tennis (Clay Courts),Not Booked,300,07 Oct 05:23
2026-10-07,Wed,6:00 am to 6:30 am,Way To Slams Tennis Academy,Tennis (Clay Courts),Not Booked,300,07 Oct 06:08
2026-10-07,Wed,6:30 am to 7:00 am,Way To Slams Tennis Academy,Tennis (Clay Courts),Not Booked,300,07 Oct 06:58
2026-10-07,Wed,7:30 pm to 8:00 pm,Way To Slams Tennis Academy,Tennis (Clay Courts),Not Booked,300,07 Oct 19:26
2026-10-07,Wed,8:00 pm to 8:30 pm,Way To Slams Tennis Academy,Tennis (Clay Courts),Not Booked,300,07 Oct 20:00
2026-10-07,Wed,8:30 pm to 9:00 pm,Way To Slams Tennis Academy,Tennis (Clay Courts),Not Booked,300,07 Oct 20:00
2026-10-07,Wed,9:00 am to 9:30 am,Way To Slams Tennis Academy,Tennis (Clay Courts),Not Booked,150,07 Oct 09:26
2026-10-07,Wed,9:00 pm to 9:30 pm,Way To Slams Tennis Academy,Tennis (Clay Courts),Not Booked,300,07 Oct 21:09
2026-10-07,Wed,9:30 am to 10:00 am,Way To Slams Tennis Academy,Tennis (Clay Courts),Not Booked,150,07 Oct 09:26
2026-10-07,Wed,9:30 pm to 10:00 pm,Way To Slams Tennis Academy,Tennis (Clay Courts),Not Booked,300,07 Oct 21:30
2026-10-08,Thu,10:00 am to 11:00 am,Apex Sports Academy | Noida,Tennis (Clay Courts),Filling Fast,400,08 Oct 10:58
2026-10-08,Thu,11:00 am to 12:00 pm,Apex Sports Academy | Noida,Tennis (Clay Courts),Filling Fast,400,08 Oct 11:25
2026-10-08,Thu,12:00 pm to 1:00 pm,Apex Sports Academy | Noida,Tennis (Clay Courts),Filling Fast,400,08 Oct 12:32
2026-10-08,Thu,1:00 pm to 2:00 pm,Apex Sports Academy | Noida,Tennis (Clay Courts),Filling Fast,400,08 Oct 13:27
2026-10-08,Thu,2:00 pm to 3:00 pm,Apex Sports Academy | Noida,Tennis (Clay Courts),Filling Fast,400,08 Oct 14:27
2026-10-08,Thu,3:00 pm to 4:00 pm,Apex Sports Academy | Noida,Tennis (Clay Courts),Filling Fast,400,08 Oct 15:00
2026-10-08,Thu,8:00 pm to 9:00 pm,Apex Sports Academy | Noida,Tennis (Clay Courts),Filling Fast,400,08 Oct 15:00
2026-10-08,Thu,9:00 am to 10:00 am,Apex Sports Academy | Noida,Tennis (Clay Courts),Filling Fast,400,08 Oct 09:59
2026-10-08,Thu,10:00 am to 10:30 am,Global Sports Complex | Noida,Tennis Court,Not Booked,300,08 Oct 10:26
2026-10-08,Thu,10:30 am to 11:00 am,Global Sports Complex | Noida,Tennis Court,Not Booked,300,08 Oct 10:58
2026-10-08,Thu,11:00 am to 11:30 am,Global Sports Complex | Noida,Tennis Court,Not Booked,300,08 Oct 11:25
2026-10-08,Thu,11:30 am to 12:00 pm,Global Sports Complex | Noida,Tennis Court,Not Booked,300,08 Oct 11:25
2026-10-08,Thu,12:00 pm to 12:30 pm,Global Sports Complex | Noida,Tennis Court,Not Booked,300,08 Oct 12:05
2026-10-08,Thu,12:30 pm to 1:00 pm,Global Sports Complex | Noida,Tennis Court,Not Booked,300,08 Oct 12:32
2026-10-08,Thu,1:00 pm to 1:30 pm,Global Sports Complex | Noida,Tennis Court,Not Booked,300,08 Oct 13:27
2026-10-08,Thu,1:30 pm to 2:00 pm,Global Sports Complex | Noida,Tennis Court,Not Booked,300,08 Oct 13:27
2026-10-08,Thu,2:00 pm to 2:30 pm,Global Sports Complex | Noida,Tennis Court,Not Booked,300,08 Oct 14:27
2026-10-08,Thu,2:30 pm to 3:00 pm,Global Sports Complex | Noida,Tennis Court,Not Booked,300,08 Oct 14:27
2026-10-08,Thu,3:00 pm to 3:30 pm,Global Sports Complex | Noida,Tennis Court,Filling Fast,300,08 Oct 15:00
2026-10-08,Thu,3:30 pm to 4:00 pm,Global Sports Complex | Noida,Tennis Court,Filling Fast,300,08 Oct 15:00
2026-10-08,Thu,4:00 pm to 4:30 pm,Global Sports Complex | Noida,Tennis Court,Filling Fast,300,08 Oct 15:00
2026-10-08,Thu,4:30 pm to 5:00 pm,Global Sports Complex | Noida,Tennis Court,Filling Fast,300,08 Oct 15:00
2026-10-08,Thu,6:00 am to 7:00 am,Indrayu Jeta Sports | Noida,Tennis (Acrylic Court),Booked,222,08 Oct 06:58
2026-10-08,Thu,6:00 pm to 7:00 pm,Indrayu Jeta Sports | Noida,Tennis (Acrylic Court),Booked,222,08 Oct 15:00
2026-10-08,Thu,7:00 pm to 8:00 pm,Indrayu Jeta Sports | Noida,Tennis (Acrylic Court),Booked,222,08 Oct 15:00
2026-10-08,Thu,8:00 pm to 9:00 pm,Indrayu Jeta Sports | Noida,Tennis (Acrylic Court),Booked,222,08 Oct 15:00
2026-10-08,Thu,10:00 pm to 10:30 pm,Spodium Arena | Sector 29,Tennis Court (Clay),Not Booked,199,08 Oct 15:00
2026-10-08,Thu,10:30 pm to 11:00 pm,Spodium Arena | Sector 29,Tennis Court (Clay),Not Booked,199,08 Oct 15:00
2026-10-08,Thu,11:00 pm to 11:30 pm,Spodium Arena | Sector 29,Tennis Court (Clay),Not Booked,199,08 Oct 15:00
2026-10-08,Thu,11:30 pm to 12:00 am,Spodium Arena | Sector 29,Tennis Court (Clay),Not Booked,199,08 Oct 15:00
2026-10-08,Thu,2:00 pm to 2:30 pm,Spodium Arena | Sector 29,Tennis Court (Clay),Not Booked,199,08 Oct 14:27
2026-10-08,Thu,2:30 pm to 3:00 pm,Spodium Arena | Sector 29,Tennis Court (Clay),Not Booked,199,08 Oct 14:27
2026-10-08,Thu,3:00 pm to 3:30 pm,Spodium Arena | Sector 29,Tennis Court (Clay),Not Booked,199,08 Oct 15:00
2026-10-08,Thu,3:30 pm to 4:00 pm,Spodium Arena | Sector 29,Tennis Court (Clay),Not Booked,199,08 Oct 15:00
2026-10-08,Thu,4:00 pm to 4:30 pm,Spodium Arena | Sector 29,Tennis Court (Clay),Not Booked,199,08 Oct 15:00
2026-10-08,Thu,4:30 pm to 5:00 pm,Spodium Arena | Sector 29,Tennis Court (Clay),Not Booked,199,08 Oct 15:00
2026-10-08,Thu,5:00 am to 5:30 am,Spodium Arena | Sector 29,Tennis Court (Clay),Not Booked,199,08 Oct 05:23
2026-10-08,Thu,5:00 pm to 5:30 pm,Spodium Arena | Sector 29,Tennis Court (Clay),Not Booked,199,08 Oct 15:00
2026-10-08,Thu,5:30 am to 6:00 am,Spodium Arena | Sector 29,Tennis Court (Clay),Not Booked,199,08 Oct 05:23
2026-10-08,Thu,6:00 am to 6:30 am,Spodium Arena | Sector 29,Tennis Court (Clay),Not Booked,199,08 Oct 06:07
2026-10-08,Thu,6:30 am to 7:00 am,Spodium Arena | Sector 29,Tennis Court (Clay),Not Booked,199,08 Oct 06:58
2026-10-08,Thu,7:00 am to 7:30 am,Spodium Arena | Sector 29,Tennis Court (Clay),Not Booked,199,08 Oct 07:26
2026-10-08,Thu,7:30 am to 8:00 am,Spodium Arena | Sector 29,Tennis Court (Clay),Not Booked,199,08 Oct 07:56
2026-10-08,Thu,7:30 pm to 8:00 pm,Spodium Arena | Sector 29,Tennis Court (Clay),Not Booked,199,08 Oct 15:00
2026-10-08,Thu,8:00 pm to 8:30 pm,Spodium Arena | Sector 29,Tennis Court (Clay),Not Booked,199,08 Oct 15:00
2026-10-08,Thu,8:30 pm to 9:00 pm,Spodium Arena | Sector 29,Tennis Court (Clay),Not Booked,199,08 Oct 15:00
2026-10-08,Thu,9:00 pm to 9:30 pm,Spodium Arena | Sector 29,Tennis Court (Clay),Not Booked,199,08 Oct 15:00
2026-10-08,Thu,9:30 pm to 10:00 pm,Spodium Arena | Sector 29,Tennis Court (Clay),Not Booked,199,08 Oct 15:00
2026-10-08,Thu,10:00 am to 10:30 am,Way To Slams Tennis Academy,Tennis (Clay Courts),Not Booked,150,08 Oct 10:26
2026-10-08,Thu,10:00 pm to 10:30 pm,Way To Slams Tennis Academy,Tennis (Clay Courts),Not Booked,300,08 Oct 15:00
2026-10-08,Thu,10:30 am to 11:00 am,Way To Slams Tennis Academy,Tennis (Clay Courts),Not Booked,150,08 Oct 10:58
2026-10-08,Thu,10:30 pm to 11:00 pm,Way To Slams Tennis Academy,Tennis (Clay Courts),Not Booked,300,08 Oct 15:00
2026-10-08,Thu,11:00 am to 11:30 am,Way To Slams Tennis Academy,Tennis (Clay Courts),Not Booked,150,08 Oct 11:25
2026-10-08,Thu,11:00 pm to 11:30 pm,Way To Slams Tennis Academy,Tennis (Clay Courts),Not Booked,300,08 Oct 15:00
2026-10-08,Thu,11:30 am to 12:00 pm,Way To Slams Tennis Academy,Tennis (Clay Courts),Not Booked,150,08 Oct 11:25
2026-10-08,Thu,11:30 pm to 12:00 am,Way To Slams Tennis Academy,Tennis (Clay Courts),Not Booked,300,08 Oct 15:00
2026-10-08,Thu,12:00 am to 12:30 am,Way To Slams Tennis Academy,Tennis (Clay Courts),Not Booked,300,08 Oct 00:02
2026-10-08,Thu,12:00 pm to 12:30 pm,Way To Slams Tennis Academy,Tennis (Clay Courts),Not Booked,150,08 Oct 12:05
2026-10-08,Thu,12:30 am to 1:00 am,Way To Slams Tennis Academy,Tennis (Clay Courts),Not Booked,300,08 Oct 00:30
2026-10-08,Thu,12:30 pm to 1:00 pm,Way To Slams Tennis Academy,Tennis (Clay Courts),Not Booked,150,08 Oct 12:32
2026-10-08,Thu,1:00 am to 1:30 am,Way To Slams Tennis Academy,Tennis (Clay Courts),Not Booked,300,08 Oct 01:25
2026-10-08,Thu,1:00 pm to 1:30 pm,Way To Slams Tennis Academy,Tennis (Clay Courts),Not Booked,150,08 Oct 13:27
2026-10-08,Thu,1:30 am to 2:00 am,Way To Slams Tennis Academy,Tennis (Clay Courts),Not Booked,300,08 Oct 01:59
2026-10-08,Thu,1:30 pm to 2:00 pm,Way To Slams Tennis Academy,Tennis (Clay Courts),Not Booked,150,08 Oct 13:27
2026-10-08,Thu,2:00 am to 2:30 am,Way To Slams Tennis Academy,Tennis (Clay Courts),Not Booked,300,08 Oct 02:27
2026-10-08,Thu,2:00 pm to 2:30 pm,Way To Slams Tennis Academy,Tennis (Clay Courts),Not Booked,150,08 Oct 14:27
2026-10-08,Thu,2:30 am to 3:00 am,Way To Slams Tennis Academy,Tennis (Clay Courts),Not Booked,300,08 Oct 02:58
2026-10-08,Thu,2:30 pm to 3:00 pm,Way To Slams Tennis Academy,Tennis (Clay Courts),Not Booked,150,08 Oct 14:27
2026-10-08,Thu,3:00 am to 3:30 am,Way To Slams Tennis Academy,Tennis (Clay Courts),Not Booked,300,08 Oct 03:25
2026-10-08,Thu,3:00 pm to 3:30 pm,Way To Slams Tennis Academy,Tennis (Clay Courts),Not Booked,150,08 Oct 15:00
2026-10-08,Thu,3:30 am to 4:00 am,Way To Slams Tennis Academy,Tennis (Clay Courts),Not Booked,300,08 Oct 03:55
2026-10-08,Thu,3:30 pm to 4:00 pm,Way To Slams Tennis Academy,Tennis (Clay Courts),Not Booked,150,08 Oct 15:00
2026-10-08,Thu,4:00 am to 4:30 am,Way To Slams Tennis Academy,Tennis (Clay Courts),Not Booked,300,08 Oct 04:24
2026-10-08,Thu,4:00 pm to 4:30 pm,Way To Slams Tennis Academy,Tennis (Clay Courts),Not Booked,150,08 Oct 15:00
2026-10-08,Thu,4:30 am to 5:00 am,Way To Slams Tennis Academy,Tennis (Clay Courts),Not Booked,300,08 Oct 04:54
2026-10-08,Thu,5:00 am to 5:30 am,Way To Slams Tennis Academy,Tennis (Clay Courts),Not Booked,300,08 Oct 05:23
2026-10-08,Thu,5:30 am to 6:00 am,Way To Slams Tennis Academy,Tennis (Clay Courts),Not Booked,300,08 Oct 05:23
2026-10-08,Thu,6:00 am to 6:30 am,Way To Slams Tennis Academy,Tennis (Clay Courts),Not Booked,300,08 Oct 06:07
2026-10-08,Thu,6:30 am to 7:00 am,Way To Slams Tennis Academy,Tennis (Clay Courts),Not Booked,300,08 Oct 06:58
2026-10-08,Thu,7:30 pm to 8:00 pm,Way To Slams Tennis Academy,Tennis (Clay Courts),Not Booked,300,08 Oct 15:00
2026-10-08,Thu,8:00 pm to 8:30 pm,Way To Slams Tennis Academy,Tennis (Clay Courts),Not Booked,300,08 Oct 15:00
2026-10-08,Thu,8:30 pm to 9:00 pm,Way To Slams Tennis Academy,Tennis (Clay Courts),Not Booked,300,08 Oct 15:00
2026-10-08,Thu,9:00 am to 9:30 am,Way To Slams Tennis Academy,Tennis (Clay Courts),Not Booked,150,08 Oct 09:26
2026-10-08,Thu,9:00 pm to 9:30 pm,Way To Slams Tennis Academy,Tennis (Clay Courts),Not Booked,300,08 Oct 15:00
2026-10-08,Thu,9:30 am to 10:00 am,Way To Slams Tennis Academy,Tennis (Clay Courts),Not Booked,150,08 Oct 09:59
2026-10-08,Thu,9:30 pm to 10:00 pm,Way To Slams Tennis Academy,Tennis (Clay Courts),Not Booked,300,08 Oct 15:00
